filename,camera,epoch,time_utc,gap_minutes,wave_height_m,wave_period_s,brightness,sharpness,label_method
1734714000.Fri.Dec.20_17_00_00.GMT.2024.CACO03.c2.timex.jpg,c2,1734714000,2024-12-20T17:00:00+00:00,0.0,1.7191925941366626,5.361930294906166,103.08147914113562,3.552839633273602,adcp linear at epoch+300s
1734715800.Fri.Dec.20_17_30_00.GMT.2024.CACO03.c2.timex.jpg,c2,1734715800,2024-12-20T17:30:00+00:00,30.0,1.8001719014555881,5.594405594405594,92.08665556066175,4.214846629467824,adcp linear at epoch+300s
1734717600.Fri.Dec.20_18_00_00.GMT.2024.CACO03.c2.timex.jpg,c2,1734717600,2024-12-20T18:00:00+00:00,0.0,1.862394450214741,5.594405594405594,124.27175564236111,3.450900553363499,adcp linear at epoch+300s
1734719400.Fri.Dec.20_18_30_00.GMT.2024.CACO03.c2.timex.jpg,c2,1734719400,2024-12-20T18:30:00+00:00,30.0,1.8308332061750288,5.847953216374269,144.97140203737746,3.161486403833841,adcp linear at epoch+300s
1734721200.Fri.Dec.20_19_00_00.GMT.2024.CACO03.c2.timex.jpg,c2,1734721200,2024-12-20T19:00:00+00:00,0.0,1.8213020414597414,5.847953216374269,111.7858296313317,5.196748464720339,adcp linear at epoch+300s
1734723000.Fri.Dec.20_19_30_00.GMT.2024.CACO03.c2.timex.jpg,c2,1734723000,2024-12-20T19:30:00+00:00,30.0,1.9219212733665787,5.847953216374269,124.71331507863562,4.654440486307374,adcp linear at epoch+300s
1734724800.Fri.Dec.20_20_00_00.GMT.2024.CACO03.c2.timex.jpg,c2,1734724800,2024-12-20T20:00:00+00:00,0.0,1.987704729502831,5.847953216374269,106.78895080167484,2.524720418753161,adcp linear at epoch+300s
1734726600.Fri.Dec.20_20_30_00.GMT.2024.CACO03.c2.timex.jpg,c2,1734726600,2024-12-20T20:30:00+00:00,30.0,1.8793093067861573,6.125574272588055,53.94346149918301,1.8989160017393,adcp linear at epoch+300s
1734728400.Fri.Dec.20_21_00_00.GMT.2024.CACO03.c2.timex.jpg,c2,1734728400,2024-12-20T21:00:00+00:00,0.0,1.8283341178987034,6.125574272588055,9.805338541666666,0.5462558486744882,adcp linear at epoch+300s
1734730200.Fri.Dec.20_21_30_00.GMT.2024.CACO03.c2.timex.jpg,c2,1734730200,2024-12-20T21:30:00+00:00,30.0,2.064460098157348,6.430868167202571,0.6230787888071896,0.6951018668763063,adcp linear at epoch+300s
1734732000.Fri.Dec.20_22_00_00.GMT.2024.CACO03.c2.timex.jpg,c2,1734732000,2024-12-20T22:00:00+00:00,0.0,2.268748209013279,6.430868167202571,3.1913807189542485e-06,6.382761437908497e-05,adcp linear at epoch+300s
1734733800.Fri.Dec.20_22_30_00.GMT.2024.CACO03.c2.timex.jpg,c2,1734733800,2024-12-20T22:30:00+00:00,30.0,2.3138469728556434,6.430868167202571,3.1913807189542485e-06,6.382761437908497e-05,adcp linear at epoch+300s
1734735600.Fri.Dec.20_23_00_00.GMT.2024.CACO03.c2.timex.jpg,c2,1734735600,2024-12-20T23:00:00+00:00,0.0,2.34346188417813,6.430868167202571,3.1913807189542485e-06,6.382761437908497e-05,adcp linear at epoch+300s
1734737400.Fri.Dec.20_23_30_00.GMT.2024.CACO03.c2.timex.jpg,c2,1734737400,2024-12-20T23:30:00+00:00,30.0,2.295657532901228,6.768189509306261,3.1913807189542485e-06,6.382761437908497e-05,adcp linear at epoch+300s
1734739200.Sat.Dec.21_00_00_00.GMT.2024.CACO03.c2.timex.jpg,c2,1734739200,2024-12-21T00:00:00+00:00,0.0,2.2625204338081413,6.768189509306261,3.1913807189542485e-06,6.382761437908497e-05,adcp linear at epoch+300s
1734741000.Sat.Dec.21_00_30_00.GMT.2024.CACO03.c2.timex.jpg,c2,1734741000,2024-12-21T00:30:00+00:00,30.0,2.3027195956341315,6.430868167202571,3.1913807189542485e-06,6.382761437908497e-05,adcp linear at epoch+300s
1734742800.Sat.Dec.21_01_00_00.GMT.2024.CACO03.c2.timex.jpg,c2,1734742800,2024-12-21T01:00:00+00:00,0.0,2.40559959043235,6.430868167202571,3.1913807189542485e-06,6.382761437908497e-05,adcp linear at epoch+300s
1734744600.Sat.Dec.21_01_30_00.GMT.2024.CACO03.c2.timex.jpg,c2,1734744600,2024-12-21T01:30:00+00:00,30.0,2.821883750091712,7.561436672967865,3.1913807189542485e-06,6.382761437908497e-05,adcp linear at epoch+300s
1734746400.Sat.Dec.21_02_00_00.GMT.2024.CACO03.c2.timex.jpg,c2,1734746400,2024-12-21T02:00:00+00:00,0.0,3.2012587341903544,7.561436672967865,3.1913807189542485e-06,6.382761437908497e-05,adcp linear at epoch+300s
1734748200.Sat.Dec.21_02_30_00.GMT.2024.CACO03.c2.timex.jpg,c2,1734748200,2024-12-21T02:30:00+00:00,30.0,3.3960878404853982,8.032128514056225,3.1913807189542485e-06,6.382761437908497e-05,adcp linear at epoch+300s
1734750000.Sat.Dec.21_03_00_00.GMT.2024.CACO03.c2.timex.jpg,c2,1734750000,2024-12-21T03:00:00+00:00,0.0,3.5228995963848377,8.032128514056225,3.1913807189542485e-06,6.382761437908497e-05,adcp linear at epoch+300s
1734780600.Sat.Dec.21_11_30_00.GMT.2024.CACO03.c2.timex.jpg,c2,1734780600,2024-12-21T11:30:00+00:00,30.0,2.570145926446144,8.032128514056225,0.9374170241013072,0.241794959672508,adcp linear at epoch+300s
1734782400.Sat.Dec.21_12_00_00.GMT.2024.CACO03.c2.timex.jpg,c2,1734782400,2024-12-21T12:00:00+00:00,0.0,2.526045305894321,8.032128514056225,32.96620966094771,1.0682700163398693,adcp linear at epoch+300s
1734784200.Sat.Dec.21_12_30_00.GMT.2024.CACO03.c2.timex.jpg,c2,1734784200,2024-12-21T12:30:00+00:00,30.0,2.5714640183752246,8.565310492505352,152.6992857689951,2.9199920773908463,adcp linear at epoch+300s
1734786000.Sat.Dec.21_13_00_00.GMT.2024.CACO03.c2.timex.jpg,c2,1734786000,2024-12-21T13:00:00+00:00,0.0,2.594884897774468,8.565310492505352,147.74497038398692,2.8936376358586946,adcp linear at epoch+300s
1734787800.Sat.Dec.21_13_30_00.GMT.2024.CACO03.c2.timex.jpg,c2,1734787800,2024-12-21T13:30:00+00:00,30.0,2.508316611765408,9.174311926605505,152.51034645629085,2.9374744346922066,adcp linear at epoch+300s
1734789600.Sat.Dec.21_14_00_00.GMT.2024.CACO03.c2.timex.jpg,c2,1734789600,2024-12-21T14:00:00+00:00,0.0,2.4206599813889054,9.174311926605505,142.35224864685458,2.846822616418345,adcp linear at epoch+300s
1734791400.Sat.Dec.21_14_30_00.GMT.2024.CACO03.c2.timex.jpg,c2,1734791400,2024-12-21T14:30:00+00:00,30.0,2.327561629175193,9.174311926605505,137.2030547896242,2.738332240226773,adcp linear at epoch+300s
1734793200.Sat.Dec.21_15_00_00.GMT.2024.CACO03.c2.timex.jpg,c2,1734793200,2024-12-21T15:00:00+00:00,0.0,2.279489038364239,9.174311926605505,131.6754142412173,2.6924130474672183,adcp linear at epoch+300s
1734795000.Sat.Dec.21_15_30_00.GMT.2024.CACO03.c2.timex.jpg,c2,1734795000,2024-12-21T15:30:00+00:00,30.0,2.4565452545670796,9.876543209876544,145.09891046262254,29.51789709620232,adcp linear at epoch+300s
1734796800.Sat.Dec.21_16_00_00.GMT.2024.CACO03.c2.timex.jpg,c2,1734796800,2024-12-21T16:00:00+00:00,0.0,2.5984761320732703,9.876543209876544,104.75208078022877,19.23896550489534,adcp linear at epoch+300s
1734798600.Sat.Dec.21_16_30_00.GMT.2024.CACO03.c2.timex.jpg,c2,1734798600,2024-12-21T16:30:00+00:00,30.0,2.5647803160962117,9.876543209876544,140.71466822406046,30.86724806606981,adcp linear at epoch+300s
1734800400.Sat.Dec.21_17_00_00.GMT.2024.CACO03.c2.timex.jpg,c2,1734800400,2024-12-21T17:00:00+00:00,0.0,2.5213934967374,9.876543209876544,131.9840367136438,25.45610572987352,adcp linear at epoch+300s
1734802200.Sat.Dec.21_17_30_00.GMT.2024.CACO03.c2.timex.jpg,c2,1734802200,2024-12-21T17:30:00+00:00,30.0,2.429551660469823,9.174311926605505,132.82133693321077,28.00088044562188,adcp linear at epoch+300s
1734804000.Sat.Dec.21_18_00_00.GMT.2024.CACO03.c2.timex.jpg,c2,1734804000,2024-12-21T18:00:00+00:00,0.0,2.3648193072899044,9.174311926605505,131.60134867749184,26.1779441613502,adcp linear at epoch+300s
1734805800.Sat.Dec.21_18_30_00.GMT.2024.CACO03.c2.timex.jpg,c2,1734805800,2024-12-21T18:30:00+00:00,30.0,2.4356343695482825,9.876543209876544,114.74034926470588,19.40455847822508,adcp linear at epoch+300s
1734807600.Sat.Dec.21_19_00_00.GMT.2024.CACO03.c2.timex.jpg,c2,1734807600,2024-12-21T19:00:00+00:00,0.0,2.493131940421598,9.876543209876544,123.29721647773692,20.26571319509517,adcp linear at epoch+300s
1734809400.Sat.Dec.21_19_30_00.GMT.2024.CACO03.c2.timex.jpg,c2,1734809400,2024-12-21T19:30:00+00:00,30.0,2.484042054369601,9.876543209876544,122.55290990093954,18.76050602125284,adcp linear at epoch+300s
1734811200.Sat.Dec.21_20_00_00.GMT.2024.CACO03.c2.timex.jpg,c2,1734811200,2024-12-21T20:00:00+00:00,0.0,2.45977705870183,9.876543209876544,116.40408305249184,18.099724318879424,adcp linear at epoch+300s
1734813000.Sat.Dec.21_20_30_00.GMT.2024.CACO03.c2.timex.jpg,c2,1734813000,2024-12-21T20:30:00+00:00,30.0,2.3596365149551883,9.876543209876544,86.522563061683,10.973361539751073,adcp linear at epoch+300s
1734814800.Sat.Dec.21_21_00_00.GMT.2024.CACO03.c2.timex.jpg,c2,1734814800,2024-12-21T21:00:00+00:00,0.0,2.2914657850230853,9.876543209876544,83.14043351715686,12.008211411498502,adcp linear at epoch+300s
1734816600.Sat.Dec.21_21_30_00.GMT.2024.CACO03.c2.timex.jpg,c2,1734816600,2024-12-21T21:30:00+00:00,30.0,2.3831441241636737,9.876543209876544,2.5780867034313726,0.1835203459518591,adcp linear at epoch+300s
1734818400.Sat.Dec.21_22_00_00.GMT.2024.CACO03.c2.timex.jpg,c2,1734818400,2024-12-21T22:00:00+00:00,0.0,2.424870980045662,9.876543209876544,0.0,0.0,adcp linear at epoch+300s
1734820200.Sat.Dec.21_22_30_00.GMT.2024.CACO03.c2.timex.jpg,c2,1734820200,2024-12-21T22:30:00+00:00,30.0,2.2168404196346483,9.876543209876544,0.0,0.0,adcp linear at epoch+300s
1734822000.Sat.Dec.21_23_00_00.GMT.2024.CACO03.c2.timex.jpg,c2,1734822000,2024-12-21T23:00:00+00:00,0.0,2.0401286646886914,9.876543209876544,0.0,0.0,adcp linear at epoch+300s
1734823800.Sat.Dec.21_23_30_00.GMT.2024.CACO03.c2.timex.jpg,c2,1734823800,2024-12-21T23:30:00+00:00,30.0,2.0200109370680166,9.876543209876544,0.0,0.0,adcp linear at epoch+300s
1734825600.Sun.Dec.22_00_00_00.GMT.2024.CACO03.c2.timex.jpg,c2,1734825600,2024-12-22T00:00:00+00:00,0.0,1.989583603971686,9.876543209876544,0.0,0.0,adcp linear at epoch+300s
1734827400.Sun.Dec.22_00_30_00.GMT.2024.CACO03.c2.timex.jpg,c2,1734827400,2024-12-22T00:30:00+00:00,30.0,1.9076082434970785,9.876543209876544,0.0,0.0,adcp linear at epoch+300s
1734829200.Sun.Dec.22_01_00_00.GMT.2024.CACO03.c2.timex.jpg,c2,1734829200,2024-12-22T01:00:00+00:00,0.0,1.8420504534619422,9.876543209876544,0.0,0.0,adcp linear at epoch+300s
1734831000.Sun.Dec.22_01_30_00.GMT.2024.CACO03.c2.timex.jpg,c2,1734831000,2024-12-22T01:30:00+00:00,30.0,1.8585805156241628,9.174311926605505,0.0,0.0,adcp linear at epoch+300s
1734832800.Sun.Dec.22_02_00_00.GMT.2024.CACO03.c2.timex.jpg,c2,1734832800,2024-12-22T02:00:00+00:00,0.0,1.8616194123292316,9.174311926605505,0.0,0.0,adcp linear at epoch+300s
1734834600.Sun.Dec.22_02_30_00.GMT.2024.CACO03.c2.timex.jpg,c2,1734834600,2024-12-22T02:30:00+00:00,30.0,1.7972024817485392,9.876543209876544,0.0,0.0,adcp linear at epoch+300s
1734836400.Sun.Dec.22_03_00_00.GMT.2024.CACO03.c2.timex.jpg,c2,1734836400,2024-12-22T03:00:00+00:00,0.0,1.7416322781861233,9.876543209876544,0.0,0.0,adcp linear at epoch+300s
1734867000.Sun.Dec.22_11_30_00.GMT.2024.CACO03.c2.timex.jpg,c2,1734867000,2024-12-22T11:30:00+00:00,30.0,1.4720396493245276,6.430868167202571,1.699075137867647,0.6949263318416385,adcp linear at epoch+300s
1734868800.Sun.Dec.22_12_00_00.GMT.2024.CACO03.c2.timex.jpg,c2,1734868800,2024-12-22T12:00:00+00:00,0.0,1.4328302528754429,6.430868167202571,60.86876723345589,31.88145532427352,adcp linear at epoch+300s
1734870600.Sun.Dec.22_12_30_00.GMT.2024.CACO03.c2.timex.jpg,c2,1734870600,2024-12-22T12:30:00+00:00,30.0,1.3037224577561017,6.125574272588055,186.67597592422385,210.2263762217176,adcp linear at epoch+300s
1734872400.Sun.Dec.22_13_00_00.GMT.2024.CACO03.c2.timex.jpg,c2,1734872400,2024-12-22T13:00:00+00:00,0.0,1.2007352840883136,6.125574272588055,193.41610179227945,152.57361630892538,adcp linear at epoch+300s
1734874200.Sun.Dec.22_13_30_00.GMT.2024.CACO03.c2.timex.jpg,c2,1734874200,2024-12-22T13:30:00+00:00,30.0,1.2283512176782916,6.430868167202571,157.5631606158088,157.43829291461347,adcp linear at epoch+300s
1734876000.Sun.Dec.22_14_00_00.GMT.2024.CACO03.c2.timex.jpg,c2,1734876000,2024-12-22T14:00:00+00:00,0.0,1.2429172090851117,6.430868167202571,139.7033803104575,116.32546982541535,adcp linear at epoch+300s
1734877800.Sun.Dec.22_14_30_00.GMT.2024.CACO03.c2.timex.jpg,c2,1734877800,2024-12-22T14:30:00+00:00,30.0,1.1922334895761437,5.847953216374269,152.79883131638073,119.27547696957834,adcp linear at epoch+300s
1734879600.Sun.Dec.22_15_00_00.GMT.2024.CACO03.c2.timex.jpg,c2,1734879600,2024-12-22T15:00:00+00:00,0.0,1.1519908493153956,5.847953216374269,141.3798157935049,73.34028391899386,adcp linear at epoch+300s
1734881400.Sun.Dec.22_15_30_00.GMT.2024.CACO03.c2.timex.jpg,c2,1734881400,2024-12-22T15:30:00+00:00,30.0,1.1639536052957475,6.430868167202571,145.13477200776143,77.3563581727551,adcp linear at epoch+300s
1734883200.Sun.Dec.22_16_00_00.GMT.2024.CACO03.c2.timex.jpg,c2,1734883200,2024-12-22T16:00:00+00:00,0.0,1.1883501489554238,6.430868167202571,150.26342294730392,85.84182088853476,adcp linear at epoch+300s
1734885000.Sun.Dec.22_16_30_00.GMT.2024.CACO03.c2.timex.jpg,c2,1734885000,2024-12-22T16:30:00+00:00,30.0,1.2749156310117211,5.847953216374269,125.88162530637256,56.591844586571554,adcp linear at epoch+300s
1734886800.Sun.Dec.22_17_00_00.GMT.2024.CACO03.c2.timex.jpg,c2,1734886800,2024-12-22T17:00:00+00:00,0.0,1.3439793760353613,5.847953216374269,122.82476766748366,48.127907193747454,adcp linear at epoch+300s
1734888600.Sun.Dec.22_17_30_00.GMT.2024.CACO03.c2.timex.jpg,c2,1734888600,2024-12-22T17:30:00+00:00,30.0,1.3255344358957148,6.125574272588055,97.81885403901144,41.28805700093579,adcp linear at epoch+300s
1734890400.Sun.Dec.22_18_00_00.GMT.2024.CACO03.c2.timex.jpg,c2,1734890400,2024-12-22T18:00:00+00:00,0.0,1.3259109290260196,6.125574272588055,178.17035271139707,113.47795701676714,adcp linear at epoch+300s
1734892200.Sun.Dec.22_18_30_00.GMT.2024.CACO03.c2.timex.jpg,c2,1734892200,2024-12-22T18:30:00+00:00,30.0,1.4203945885060807,6.430868167202571,106.84423508986929,41.943403956514175,adcp linear at epoch+300s
1734894000.Sun.Dec.22_19_00_00.GMT.2024.CACO03.c2.timex.jpg,c2,1734894000,2024-12-22T19:00:00+00:00,0.0,1.5014312342404241,6.430868167202571,119.83028237336602,52.75248282233461,adcp linear at epoch+300s
1734895800.Sun.Dec.22_19_30_00.GMT.2024.CACO03.c2.timex.jpg,c2,1734895800,2024-12-22T19:30:00+00:00,30.0,1.5152328112461795,6.430868167202571,137.62728502859477,76.24055659216398,adcp linear at epoch+300s
1734897600.Sun.Dec.22_20_00_00.GMT.2024.CACO03.c2.timex.jpg,c2,1734897600,2024-12-22T20:00:00+00:00,0.0,1.5084148087561589,6.430868167202571,110.93725107230392,63.66692135071143,adcp linear at epoch+300s
1734899400.Sun.Dec.22_20_30_00.GMT.2024.CACO03.c2.timex.jpg,c2,1734899400,2024-12-22T20:30:00+00:00,30.0,1.3984989087872597,6.125574272588055,99.87837328941994,53.44377713396128,adcp linear at epoch+300s
1734901200.Sun.Dec.22_21_00_00.GMT.2024.CACO03.c2.timex.jpg,c2,1734901200,2024-12-22T21:00:00+00:00,0.0,1.3094706956039655,6.125574272588055,96.35486877042484,54.17168324986406,adcp linear at epoch+300s
1734903000.Sun.Dec.22_21_30_00.GMT.2024.CACO03.c2.timex.jpg,c2,1734903000,2024-12-22T21:30:00+00:00,30.0,1.3248809163486952,5.847953216374269,4.701299530228758,0.6104951746221682,adcp linear at epoch+300s
1734904800.Sun.Dec.22_22_00_00.GMT.2024.CACO03.c2.timex.jpg,c2,1734904800,2024-12-22T22:00:00+00:00,0.0,1.349184696463213,5.847953216374269,0.0,0.0,adcp linear at epoch+300s
1734906600.Sun.Dec.22_22_30_00.GMT.2024.CACO03.c2.timex.jpg,c2,1734906600,2024-12-22T22:30:00+00:00,30.0,1.417956273426672,6.125574272588055,0.0,0.0,adcp linear at epoch+300s
1734908400.Sun.Dec.22_23_00_00.GMT.2024.CACO03.c2.timex.jpg,c2,1734908400,2024-12-22T23:00:00+00:00,0.0,1.4666325947891,6.125574272588055,0.0001148897058823,0.0010340073529411,adcp linear at epoch+300s
1734910200.Sun.Dec.22_23_30_00.GMT.2024.CACO03.c2.timex.jpg,c2,1734910200,2024-12-22T23:30:00+00:00,30.0,1.4148326381463723,5.847953216374269,0.0001659517973856,0.0012637867647058,adcp linear at epoch+300s
1734912000.Mon.Dec.23_00_00_00.GMT.2024.CACO03.c2.timex.jpg,c2,1734912000,2024-12-23T00:00:00+00:00,0.0,1.3904654010714785,5.847953216374269,0.0,0.0,adcp linear at epoch+300s
1734913800.Mon.Dec.23_00_30_00.GMT.2024.CACO03.c2.timex.jpg,c2,1734913800,2024-12-23T00:30:00+00:00,30.0,1.5032617618357529,5.847953216374269,0.0,0.0,adcp linear at epoch+300s
1734915600.Mon.Dec.23_01_00_00.GMT.2024.CACO03.c2.timex.jpg,c2,1734915600,2024-12-23T01:00:00+00:00,0.0,1.5871623292068189,5.847953216374269,0.0,0.0,adcp linear at epoch+300s
1734917400.Mon.Dec.23_01_30_00.GMT.2024.CACO03.c2.timex.jpg,c2,1734917400,2024-12-23T01:30:00+00:00,30.0,1.526583929611844,5.361930294906166,0.0,0.0,adcp linear at epoch+300s
1734919200.Mon.Dec.23_02_00_00.GMT.2024.CACO03.c2.timex.jpg,c2,1734919200,2024-12-23T02:00:00+00:00,0.0,1.4620481478608303,5.361930294906166,0.0,0.0,adcp linear at epoch+300s
1734921000.Mon.Dec.23_02_30_00.GMT.2024.CACO03.c2.timex.jpg,c2,1734921000,2024-12-23T02:30:00+00:00,30.0,1.3777254553296219,6.125574272588055,0.0,0.0,adcp linear at epoch+300s
1734922800.Mon.Dec.23_03_00_00.GMT.2024.CACO03.c2.timex.jpg,c2,1734922800,2024-12-23T03:00:00+00:00,0.0,1.3046208537138702,6.125574272588055,0.0,0.0,adcp linear at epoch+300s
1734953400.Mon.Dec.23_11_30_00.GMT.2024.CACO03.c2.timex.jpg,c2,1734953400,2024-12-23T11:30:00+00:00,30.0,1.275476730929666,6.125574272588055,1.0960733251633987,0.3397863041285677,adcp linear at epoch+300s
1734955200.Mon.Dec.23_12_00_00.GMT.2024.CACO03.c2.timex.jpg,c2,1734955200,2024-12-23T12:00:00+00:00,0.0,1.1681264157274347,6.125574272588055,50.98954184538399,19.147526907031693,adcp linear at epoch+300s
1734957000.Mon.Dec.23_12_30_00.GMT.2024.CACO03.c2.timex.jpg,c2,1734957000,2024-12-23T12:30:00+00:00,30.0,1.0921462291300423,6.430868167202571,143.26293785743465,146.11921915392216,adcp linear at epoch+300s
1734958800.Mon.Dec.23_13_00_00.GMT.2024.CACO03.c2.timex.jpg,c2,1734958800,2024-12-23T13:00:00+00:00,0.0,1.0262384243176657,6.430868167202571,142.23624195772058,133.76492940509246,adcp linear at epoch+300s
1734960600.Mon.Dec.23_13_30_00.GMT.2024.CACO03.c2.timex.jpg,c2,1734960600,2024-12-23T13:30:00+00:00,30.0,1.0106925284303676,6.430868167202571,141.48362502553104,139.1914530231746,adcp linear at epoch+300s
1734962400.Mon.Dec.23_14_00_00.GMT.2024.CACO03.c2.timex.jpg,c2,1734962400,2024-12-23T14:00:00+00:00,0.0,0.9886307809760253,6.430868167202571,122.2467320261438,99.96277773512176,adcp linear at epoch+300s
1734964200.Mon.Dec.23_14_30_00.GMT.2024.CACO03.c2.timex.jpg,c2,1734964200,2024-12-23T14:30:00+00:00,30.0,0.9339897756864612,6.125574272588055,141.97793798508988,147.71065128378683,adcp linear at epoch+300s
1734966000.Mon.Dec.23_15_00_00.GMT.2024.CACO03.c2.timex.jpg,c2,1734966000,2024-12-23T15:00:00+00:00,0.0,0.8878978142276774,6.125574272588055,143.6431876787173,158.50385119668633,adcp linear at epoch+300s
1734967800.Mon.Dec.23_15_30_00.GMT.2024.CACO03.c2.timex.jpg,c2,1734967800,2024-12-23T15:30:00+00:00,30.0,0.8845510719227951,6.125574272588055,136.66355826184642,144.179888778446,adcp linear at epoch+300s
1734969600.Mon.Dec.23_16_00_00.GMT.2024.CACO03.c2.timex.jpg,c2,1734969600,2024-12-23T16:00:00+00:00,0.0,0.8768791739316747,6.125574272588055,138.6152662888072,153.1667701770466,adcp linear at epoch+300s
1734971400.Mon.Dec.23_16_30_00.GMT.2024.CACO03.c2.timex.jpg,c2,1734971400,2024-12-23T16:30:00+00:00,30.0,0.8475814975093637,6.125574272588055,138.09409147773692,155.69071084863631,adcp linear at epoch+300s
1734973200.Mon.Dec.23_17_00_00.GMT.2024.CACO03.c2.timex.jpg,c2,1734973200,2024-12-23T17:00:00+00:00,0.0,0.8308600747230469,6.125574272588055,121.4926917381536,200.1298185610304,adcp linear at epoch+300s
1734975000.Mon.Dec.23_17_30_00.GMT.2024.CACO03.c2.timex.jpg,c2,1734975000,2024-12-23T17:30:00+00:00,30.0,0.8770199201167003,6.768189509306261,138.48485051572712,233.15234596891523,adcp linear at epoch+300s
1734976800.Mon.Dec.23_18_00_00.GMT.2024.CACO03.c2.timex.jpg,c2,1734976800,2024-12-23T18:00:00+00:00,0.0,0.9095509734947687,6.768189509306261,127.57595805249184,201.30891918083944,adcp linear at epoch+300s
1734978600.Mon.Dec.23_18_30_00.GMT.2024.CACO03.c2.timex.jpg,c2,1734978600,2024-12-23T18:30:00+00:00,30.0,0.8739380667949115,6.125574272588055,124.66644327001634,231.6022241707619,adcp linear at epoch+300s
1734980400.Mon.Dec.23_19_00_00.GMT.2024.CACO03.c2.timex.jpg,c2,1734980400,2024-12-23T19:00:00+00:00,0.0,0.8422165544819697,6.125574272588055,126.9846271190768,157.0984520327353,adcp linear at epoch+300s
1734982200.Mon.Dec.23_19_30_00.GMT.2024.CACO03.c2.timex.jpg,c2,1734982200,2024-12-23T19:30:00+00:00,30.0,0.8299520141036052,6.430868167202571,114.5449920853758,108.06357868407568,adcp linear at epoch+300s
1734984000.Mon.Dec.23_20_00_00.GMT.2024.CACO03.c2.timex.jpg,c2,1734984000,2024-12-23T20:00:00+00:00,0.0,0.8212815418975082,6.430868167202571,108.1556915083742,124.21590025211376,adcp linear at epoch+300s
1734985800.Mon.Dec.23_20_30_00.GMT.2024.CACO03.c2.timex.jpg,c2,1734985800,2024-12-23T20:30:00+00:00,30.0,0.8305814105527504,5.847953216374269,105.2360249438317,78.87227907661105,adcp linear at epoch+300s
1734987600.Mon.Dec.23_21_00_00.GMT.2024.CACO03.c2.timex.jpg,c2,1734987600,2024-12-23T21:00:00+00:00,0.0,0.8338073609394262,5.847953216374269,97.41607945261438,86.41266963634574,adcp linear at epoch+300s
1734989400.Mon.Dec.23_21_30_00.GMT.2024.CACO03.c2.timex.jpg,c2,1734989400,2024-12-23T21:30:00+00:00,30.0,0.8066637199832708,5.847953216374269,6.081721686070262,1.2436555282457191,adcp linear at epoch+300s
1734991200.Mon.Dec.23_22_00_00.GMT.2024.CACO03.c2.timex.jpg,c2,1734991200,2024-12-23T22:00:00+00:00,0.0,0.7792656121692547,5.847953216374269,0.0,0.0,adcp linear at epoch+300s
1734993000.Mon.Dec.23_22_30_00.GMT.2024.CACO03.c2.timex.jpg,c2,1734993000,2024-12-23T22:30:00+00:00,30.0,0.7505951700659353,5.847953216374269,0.0,0.0,adcp linear at epoch+300s
1734994800.Mon.Dec.23_23_00_00.GMT.2024.CACO03.c2.timex.jpg,c2,1734994800,2024-12-23T23:00:00+00:00,0.0,0.7187669865185286,5.847953216374269,0.0,0.0,adcp linear at epoch+300s
1734996600.Mon.Dec.23_23_30_00.GMT.2024.CACO03.c2.timex.jpg,c2,1734996600,2024-12-23T23:30:00+00:00,30.0,0.6711500957506842,6.125574272588055,0.0,0.0,adcp linear at epoch+300s
1734998400.Tue.Dec.24_00_00_00.GMT.2024.CACO03.c2.timex.jpg,c2,1734998400,2024-12-24T00:00:00+00:00,0.0,0.6297257658301529,6.125574272588055,0.0,0.0,adcp linear at epoch+300s
1735000200.Tue.Dec.24_00_30_00.GMT.2024.CACO03.c2.timex.jpg,c2,1735000200,2024-12-24T00:30:00+00:00,30.0,0.6192642401461881,6.125574272588055,0.0,0.0,adcp linear at epoch+300s
1735002000.Tue.Dec.24_01_00_00.GMT.2024.CACO03.c2.timex.jpg,c2,1735002000,2024-12-24T01:00:00+00:00,0.0,0.609000739762505,6.125574272588055,0.0,0.0,adcp linear at epoch+300s
1735003800.Tue.Dec.24_01_30_00.GMT.2024.CACO03.c2.timex.jpg,c2,1735003800,2024-12-24T01:30:00+00:00,30.0,0.5997273658802311,10.6951871657754,0.0,0.0,adcp linear at epoch+300s
1735005600.Tue.Dec.24_02_00_00.GMT.2024.CACO03.c2.timex.jpg,c2,1735005600,2024-12-24T02:00:00+00:00,0.0,0.5902933578057854,10.6951871657754,0.0002680759803921,0.0014871834150326,adcp linear at epoch+300s
1735007400.Tue.Dec.24_02_30_00.GMT.2024.CACO03.c2.timex.jpg,c2,1735007400,2024-12-24T02:30:00+00:00,30.0,0.5800561787704804,10.6951871657754,0.0,0.0,adcp linear at epoch+300s
1735009200.Tue.Dec.24_03_00_00.GMT.2024.CACO03.c2.timex.jpg,c2,1735009200,2024-12-24T03:00:00+00:00,0.0,0.5604675892562045,10.6951871657754,0.0,0.0,adcp linear at epoch+300s
1735039800.Tue.Dec.24_11_30_00.GMT.2024.CACO03.c2.timex.jpg,c2,1735039800,2024-12-24T11:30:00+00:00,30.0,0.6244926230587218,4.597701149425287,0.9697903901143792,0.1429866197357835,adcp linear at epoch+300s
1735041600.Tue.Dec.24_12_00_00.GMT.2024.CACO03.c2.timex.jpg,c2,1735041600,2024-12-24T12:00:00+00:00,0.0,0.8130896615533179,4.597701149425287,28.24435444750817,12.255092539166627,adcp linear at epoch+300s
1735043400.Tue.Dec.24_12_30_00.GMT.2024.CACO03.c2.timex.jpg,c2,1735043400,2024-12-24T12:30:00+00:00,30.0,0.6678997888288389,5.361930294906166,143.50704976000816,247.51682581882807,adcp linear at epoch+300s
1735045200.Tue.Dec.24_13_00_00.GMT.2024.CACO03.c2.timex.jpg,c2,1735045200,2024-12-24T13:00:00+00:00,0.0,0.5539620562827555,5.361930294906166,178.07432725694446,244.07531715832687,adcp linear at epoch+300s
1735047000.Tue.Dec.24_13_30_00.GMT.2024.CACO03.c2.timex.jpg,c2,1735047000,2024-12-24T13:30:00+00:00,30.0,0.5962850246286502,5.361930294906166,148.5667253880719,279.0761356268104,adcp linear at epoch+300s
1735048800.Tue.Dec.24_14_00_00.GMT.2024.CACO03.c2.timex.jpg,c2,1735048800,2024-12-24T14:00:00+00:00,0.0,0.628727401784825,5.361930294906166,134.4015522875817,222.9777798786071,adcp linear at epoch+300s
1735660800.Tue.Dec.31_16_00_00.GMT.2024.CACO03.c2.timex.jpg,c2,1735660800,2024-12-31T16:00:00+00:00,0.0,0.8124599383252118,9.876543209876544,102.26785258374184,10.564909418856828,adcp linear at epoch+300s
1735662600.Tue.Dec.31_16_30_00.GMT.2024.CACO03.c2.timex.jpg,c2,1735662600,2024-12-31T16:30:00+00:00,30.0,0.8016518819331727,9.876543209876544,155.98687065972223,29.298629570895447,adcp linear at epoch+300s
1735664400.Tue.Dec.31_17_00_00.GMT.2024.CACO03.c2.timex.jpg,c2,1735664400,2024-12-31T17:00:00+00:00,0.0,0.796732157501705,9.876543209876544,135.00227864583334,49.68517675157991,adcp linear at epoch+300s
1735666200.Tue.Dec.31_17_30_00.GMT.2024.CACO03.c2.timex.jpg,c2,1735666200,2024-12-31T17:30:00+00:00,30.0,0.821254092873094,9.876543209876544,130.2284326491013,47.43240553934809,adcp linear at epoch+300s
1735668000.Tue.Dec.31_18_00_00.GMT.2024.CACO03.c2.timex.jpg,c2,1735668000,2024-12-31T18:00:00+00:00,0.0,0.833872006976597,9.876543209876544,116.73685789419936,36.97956238610206,adcp linear at epoch+300s
1735669800.Tue.Dec.31_18_30_00.GMT.2024.CACO03.c2.timex.jpg,c2,1735669800,2024-12-31T18:30:00+00:00,30.0,0.7869698147406693,9.876543209876544,108.34862004697712,31.52964150240025,adcp linear at epoch+300s
1735671600.Tue.Dec.31_19_00_00.GMT.2024.CACO03.c2.timex.jpg,c2,1735671600,2024-12-31T19:00:00+00:00,0.0,0.7589050186838745,9.876543209876544,98.04026565053104,21.60401221844096,adcp linear at epoch+300s
1735673400.Tue.Dec.31_19_30_00.GMT.2024.CACO03.c2.timex.jpg,c2,1735673400,2024-12-31T19:30:00+00:00,30.0,0.8250272035227447,9.876543209876544,95.1924306832108,30.91329624592873,adcp linear at epoch+300s
1735675200.Tue.Dec.31_20_00_00.GMT.2024.CACO03.c2.timex.jpg,c2,1735675200,2024-12-31T20:00:00+00:00,0.0,0.8731244946777184,9.876543209876544,94.29810049019608,21.030452115669465,adcp linear at epoch+300s
1735677000.Tue.Dec.31_20_30_00.GMT.2024.CACO03.c2.timex.jpg,c2,1735677000,2024-12-31T20:30:00+00:00,30.0,0.8310973174132092,9.174311926605505,100.16826873978758,15.901654234302818,adcp linear at epoch+300s
1735678800.Tue.Dec.31_21_00_00.GMT.2024.CACO03.c2.timex.jpg,c2,1735678800,2024-12-31T21:00:00+00:00,0.0,0.7979838198157546,9.174311926605505,87.0328839869281,9.434023178434972,adcp linear at epoch+300s
1735680600.Tue.Dec.31_21_30_00.GMT.2024.CACO03.c2.timex.jpg,c2,1735680600,2024-12-31T21:30:00+00:00,30.0,0.8094387205535734,7.561436672967865,11.58615132250817,1.0162824229614775,adcp linear at epoch+300s
1735682400.Tue.Dec.31_22_00_00.GMT.2024.CACO03.c2.timex.jpg,c2,1735682400,2024-12-31T22:00:00+00:00,0.0,0.8123964017621415,7.561436672967865,9.574142156862743e-06,0.0001914828431372,adcp linear at epoch+300s
1735684200.Tue.Dec.31_22_30_00.GMT.2024.CACO03.c2.timex.jpg,c2,1735684200,2024-12-31T22:30:00+00:00,30.0,0.7728679853244572,9.174311926605505,6.382761437908497e-06,0.0001276552287581,adcp linear at epoch+300s
1735686000.Tue.Dec.31_23_00_00.GMT.2024.CACO03.c2.timex.jpg,c2,1735686000,2024-12-31T23:00:00+00:00,0.0,0.73960028072611,9.174311926605505,9.574142156862743e-06,0.0001914828431372,adcp linear at epoch+300s
1735687800.Tue.Dec.31_23_30_00.GMT.2024.CACO03.c2.timex.jpg,c2,1735687800,2024-12-31T23:30:00+00:00,30.0,0.7376361353244476,9.174311926605505,9.574142156862743e-06,0.0001914828431372,adcp linear at epoch+300s
1735689600.Wed.Jan.01_00_00_00.GMT.2025.CACO03.c2.timex.jpg,c2,1735689600,2025-01-01T00:00:00+00:00,0.0,0.7336016181900373,9.174311926605505,9.574142156862743e-06,0.0001914828431372,adcp linear at epoch+300s
1735691400.Wed.Jan.01_00_30_00.GMT.2025.CACO03.c2.timex.jpg,c2,1735691400,2025-01-01T00:30:00+00:00,30.0,0.719215242391888,8.565310492505352,1.2765522875816994e-05,0.0002553104575163,adcp linear at epoch+300s
1735693200.Wed.Jan.01_01_00_00.GMT.2025.CACO03.c2.timex.jpg,c2,1735693200,2025-01-01T01:00:00+00:00,0.0,0.7081826276327017,8.565310492505352,1.2765522875816994e-05,0.0002553104575163,adcp linear at epoch+300s
1735695000.Wed.Jan.01_01_30_00.GMT.2025.CACO03.c2.timex.jpg,c2,1735695000,2025-01-01T01:30:00+00:00,30.0,0.7139188180683305,8.565310492505352,1.2765522875816994e-05,0.0002553104575163,adcp linear at epoch+300s
1735696800.Wed.Jan.01_02_00_00.GMT.2025.CACO03.c2.timex.jpg,c2,1735696800,2025-01-01T02:00:00+00:00,0.0,0.7107354834759716,8.565310492505352,1.2765522875816994e-05,0.0002553104575163,adcp linear at epoch+300s
1735698600.Wed.Jan.01_02_30_00.GMT.2025.CACO03.c2.timex.jpg,c2,1735698600,2025-01-01T02:30:00+00:00,30.0,0.6629545237436749,7.561436672967865,1.2765522875816994e-05,0.0002553104575163,adcp linear at epoch+300s
1735700400.Wed.Jan.01_03_00_00.GMT.2025.CACO03.c2.timex.jpg,c2,1735700400,2025-01-01T03:00:00+00:00,0.0,0.6266333273625273,7.561436672967865,1.2765522875816994e-05,0.0002553104575163,adcp linear at epoch+300s
1735731000.Wed.Jan.01_11_30_00.GMT.2025.CACO03.c2.timex.jpg,c2,1735731000,2025-01-01T11:30:00+00:00,30.0,2.0743580961454913,6.430868167202571,1.2765522875816994e-05,0.0002553104575163,adcp linear at epoch+300s
1735732800.Wed.Jan.01_12_00_00.GMT.2025.CACO03.c2.timex.jpg,c2,1735732800,2025-01-01T12:00:00+00:00,0.0,1.9608734095456646,6.430868167202571,14.871993719362743,0.6527522457135353,adcp linear at epoch+300s
1735734600.Wed.Jan.01_12_30_00.GMT.2025.CACO03.c2.timex.jpg,c2,1735734600,2025-01-01T12:30:00+00:00,30.0,1.988931997889046,6.768189509306261,48.75042764501634,1.720052081337091,adcp linear at epoch+300s
1735736400.Wed.Jan.01_13_00_00.GMT.2025.CACO03.c2.timex.jpg,c2,1735736400,2025-01-01T13:00:00+00:00,0.0,2.020734752277057,6.768189509306261,178.33616408803104,6.97644432699458,adcp linear at epoch+300s
1735738200.Wed.Jan.01_13_30_00.GMT.2025.CACO03.c2.timex.jpg,c2,1735738200,2025-01-01T13:30:00+00:00,30.0,2.0712583368882145,7.142857142857142,159.5065167994281,6.539726101821,adcp linear at epoch+300s
1735740000.Wed.Jan.01_14_00_00.GMT.2025.CACO03.c2.timex.jpg,c2,1735740000,2025-01-01T14:00:00+00:00,0.0,2.101163898421476,7.142857142857142,112.45392603656046,3.775511818595369,adcp linear at epoch+300s
1735741800.Wed.Jan.01_14_30_00.GMT.2025.CACO03.c2.timex.jpg,c2,1735741800,2025-01-01T14:30:00+00:00,30.0,2.0279793445652596,7.561436672967865,105.44905918096406,3.5370072009109306,adcp linear at epoch+300s
1735743600.Wed.Jan.01_15_00_00.GMT.2025.CACO03.c2.timex.jpg,c2,1735743600,2025-01-01T15:00:00+00:00,0.0,1.9425605491794087,7.561436672967865,146.84820835886438,5.07491441522416,adcp linear at epoch+300s
1735745400.Wed.Jan.01_15_30_00.GMT.2025.CACO03.c2.timex.jpg,c2,1735745400,2025-01-01T15:30:00+00:00,30.0,1.7959705461453854,6.768189509306261,141.0612042994281,4.381369970452757,adcp linear at epoch+300s
1735747200.Wed.Jan.01_16_00_00.GMT.2025.CACO03.c2.timex.jpg,c2,1735747200,2025-01-01T16:00:00+00:00,0.0,1.661999303561265,6.768189509306261,139.30107166564542,4.600997622669309,adcp linear at epoch+300s
1735749000.Wed.Jan.01_16_30_00.GMT.2025.CACO03.c2.timex.jpg,c2,1735749000,2025-01-01T16:30:00+00:00,30.0,1.5911218632266584,8.565310492505352,159.62498723447712,5.383182688389641,adcp linear at epoch+300s
1735750800.Wed.Jan.01_17_00_00.GMT.2025.CACO03.c2.timex.jpg,c2,1735750800,2025-01-01T17:00:00+00:00,0.0,1.5364641768624028,8.565310492505352,116.36206214256536,3.753264736755425,adcp linear at epoch+300s
1735752600.Wed.Jan.01_17_30_00.GMT.2025.CACO03.c2.timex.jpg,c2,1735752600,2025-01-01T17:30:00+00:00,30.0,1.5629052603499007,8.565310492505352,164.40965520322712,4.8104255236607285,adcp linear at epoch+300s
1735754400.Wed.Jan.01_18_00_00.GMT.2025.CACO03.c2.timex.jpg,c2,1735754400,2025-01-01T18:00:00+00:00,0.0,1.5650099681089353,8.565310492505352,117.8892782373366,3.797733360406472,adcp linear at epoch+300s
1735756200.Wed.Jan.01_18_30_00.GMT.2025.CACO03.c2.timex.jpg,c2,1735756200,2025-01-01T18:30:00+00:00,30.0,1.445432797225653,8.032128514056225,146.40346711601308,4.747733653261362,adcp linear at epoch+300s
1735758000.Wed.Jan.01_19_00_00.GMT.2025.CACO03.c2.timex.jpg,c2,1735758000,2025-01-01T19:00:00+00:00,0.0,1.3431376892149578,8.032128514056225,123.12832861008988,3.683574557350215,adcp linear at epoch+300s
1735759800.Wed.Jan.01_19_30_00.GMT.2025.CACO03.c2.timex.jpg,c2,1735759800,2025-01-01T19:30:00+00:00,30.0,1.3272528955671956,8.565310492505352,148.38699001736111,4.856601520668127,adcp linear at epoch+300s
1735761600.Wed.Jan.01_20_00_00.GMT.2025.CACO03.c2.timex.jpg,c2,1735761600,2025-01-01T20:00:00+00:00,0.0,1.3140080207725715,8.565310492505352,131.0968998927696,4.787893590803275,adcp linear at epoch+300s
1735763400.Wed.Jan.01_20_30_00.GMT.2025.CACO03.c2.timex.jpg,c2,1735763400,2025-01-01T20:30:00+00:00,30.0,1.3139627402436371,8.032128514056225,98.40378944546568,3.272405126948416,adcp linear at epoch+300s
1735765200.Wed.Jan.01_21_00_00.GMT.2025.CACO03.c2.timex.jpg,c2,1735765200,2025-01-01T21:00:00+00:00,0.0,1.297264530599021,8.032128514056225,57.13874527675654,2.039145167540331,adcp linear at epoch+300s
1735767000.Wed.Jan.01_21_30_00.GMT.2025.CACO03.c2.timex.jpg,c2,1735767000,2025-01-01T21:30:00+00:00,30.0,1.1973016753759964,8.032128514056225,9.198890037785947,0.5850822085006931,adcp linear at epoch+300s
1735768800.Wed.Jan.01_22_00_00.GMT.2025.CACO03.c2.timex.jpg,c2,1735768800,2025-01-01T22:00:00+00:00,0.0,1.1121937935513793,8.032128514056225,1.2765522875816994e-05,0.0002553104575163,adcp linear at epoch+300s
1735770600.Wed.Jan.01_22_30_00.GMT.2025.CACO03.c2.timex.jpg,c2,1735770600,2025-01-01T22:30:00+00:00,30.0,1.101360778718801,7.561436672967865,1.2765522875816994e-05,0.0002553104575163,adcp linear at epoch+300s
1735772400.Wed.Jan.01_23_00_00.GMT.2025.CACO03.c2.timex.jpg,c2,1735772400,2025-01-01T23:00:00+00:00,0.0,1.084492047581237,7.561436672967865,1.2765522875816994e-05,0.0002553104575163,adcp linear at epoch+300s
1735774200.Wed.Jan.01_23_30_00.GMT.2025.CACO03.c2.timex.jpg,c2,1735774200,2025-01-01T23:30:00+00:00,30.0,1.0374447349187448,7.561436672967865,1.2765522875816994e-05,0.0002553104575163,adcp linear at epoch+300s
1735776000.Thu.Jan.02_00_00_00.GMT.2025.CACO03.c2.timex.jpg,c2,1735776000,2025-01-02T00:00:00+00:00,0.0,0.991830081396923,7.561436672967865,1.2765522875816994e-05,0.0002553104575163,adcp linear at epoch+300s
1735777800.Thu.Jan.02_00_30_00.GMT.2025.CACO03.c2.timex.jpg,c2,1735777800,2025-01-02T00:30:00+00:00,30.0,0.9533787235784522,7.142857142857142,1.2765522875816994e-05,0.0002553104575163,adcp linear at epoch+300s
1735779600.Thu.Jan.02_01_00_00.GMT.2025.CACO03.c2.timex.jpg,c2,1735779600,2025-01-02T01:00:00+00:00,0.0,0.9233459018413057,7.142857142857142,1.2765522875816994e-05,0.0002553104575163,adcp linear at epoch+300s
1735781400.Thu.Jan.02_01_30_00.GMT.2025.CACO03.c2.timex.jpg,c2,1735781400,2025-01-02T01:30:00+00:00,30.0,0.9354057605107804,7.561436672967865,9.574142156862743e-06,0.0001914828431372,adcp linear at epoch+300s
1735783200.Thu.Jan.02_02_00_00.GMT.2025.CACO03.c2.timex.jpg,c2,1735783200,2025-01-02T02:00:00+00:00,0.0,0.9488917054628214,7.561436672967865,6.382761437908497e-06,0.0001276552287581,adcp linear at epoch+300s
1735785000.Thu.Jan.02_02_30_00.GMT.2025.CACO03.c2.timex.jpg,c2,1735785000,2025-01-02T02:30:00+00:00,30.0,0.9695080818276934,7.142857142857142,6.382761437908497e-06,0.0001276552287581,adcp linear at epoch+300s
1735786800.Thu.Jan.02_03_00_00.GMT.2025.CACO03.c2.timex.jpg,c2,1735786800,2025-01-02T03:00:00+00:00,0.0,0.9826050488999121,7.142857142857142,3.1913807189542485e-06,6.382761437908497e-05,adcp linear at epoch+300s
1735817400.Thu.Jan.02_11_30_00.GMT.2025.CACO03.c2.timex.jpg,c2,1735817400,2025-01-02T11:30:00+00:00,30.0,0.8316918582631417,10.6951871657754,2.068965737336601,0.4205250447235083,adcp linear at epoch+300s
1735819200.Thu.Jan.02_12_00_00.GMT.2025.CACO03.c2.timex.jpg,c2,1735819200,2025-01-02T12:00:00+00:00,0.0,0.8507087187819754,10.6951871657754,80.55253012663398,10.460175906818954,adcp linear at epoch+300s
1735821000.Thu.Jan.02_12_30_00.GMT.2025.CACO03.c2.timex.jpg,c2,1735821000,2025-01-02T12:30:00+00:00,30.0,0.9135132089182425,6.125574272588055,170.85356987847223,74.91851913841904,adcp linear at epoch+300s
1735822800.Thu.Jan.02_13_00_00.GMT.2025.CACO03.c2.timex.jpg,c2,1735822800,2025-01-02T13:00:00+00:00,0.0,0.9727023046090778,6.125574272588055,155.05438751021242,70.60715819201612,adcp linear at epoch+300s
1735824600.Thu.Jan.02_13_30_00.GMT.2025.CACO03.c2.timex.jpg,c2,1735824600,2025-01-02T13:30:00+00:00,30.0,1.0138144280727546,6.768189509306261,149.20050487642973,62.99049510088667,adcp linear at epoch+300s
1735826400.Thu.Jan.02_14_00_00.GMT.2025.CACO03.c2.timex.jpg,c2,1735826400,2025-01-02T14:00:00+00:00,0.0,1.0549905636918662,6.768189509306261,145.51652177798204,52.71310320966465,adcp linear at epoch+300s
1735828200.Thu.Jan.02_14_30_00.GMT.2025.CACO03.c2.timex.jpg,c2,1735828200,2025-01-02T14:30:00+00:00,30.0,1.0964867600881538,6.768189509306261,147.3484094158497,50.55263373845563,adcp linear at epoch+300s
1735830000.Thu.Jan.02_15_00_00.GMT.2025.CACO03.c2.timex.jpg,c2,1735830000,2025-01-02T15:00:00+00:00,0.0,1.1256810677537434,6.768189509306261,146.53574984681373,51.82213800129354,adcp linear at epoch+300s
1735831800.Thu.Jan.02_15_30_00.GMT.2025.CACO03.c2.timex.jpg,c2,1735831800,2025-01-02T15:30:00+00:00,30.0,1.0933659317658446,9.876543209876544,144.86308657577615,49.54405321307559,adcp linear at epoch+300s
1735833600.Thu.Jan.02_16_00_00.GMT.2025.CACO03.c2.timex.jpg,c2,1735833600,2025-01-02T16:00:00+00:00,0.0,1.0591861366865032,9.876543209876544,143.29560163909315,49.71117044430153,adcp linear at epoch+300s
1735835400.Thu.Jan.02_16_30_00.GMT.2025.CACO03.c2.timex.jpg,c2,1735835400,2025-01-02T16:30:00+00:00,30.0,1.0156830461499482,9.876543209876544,140.37509574142155,45.12646800759072,adcp linear at epoch+300s
1735837200.Thu.Jan.02_17_00_00.GMT.2025.CACO03.c2.timex.jpg,c2,1735837200,2025-01-02T17:00:00+00:00,0.0,0.9753055272836803,9.876543209876544,136.3659237132353,52.08067755638251,adcp linear at epoch+300s
1735839000.Thu.Jan.02_17_30_00.GMT.2025.CACO03.c2.timex.jpg,c2,1735839000,2025-01-02T17:30:00+00:00,30.0,0.9505558667688468,9.876543209876544,129.73958652471404,47.0800970849042,adcp linear at epoch+300s
1735840800.Thu.Jan.02_18_00_00.GMT.2025.CACO03.c2.timex.jpg,c2,1735840800,2025-01-02T18:00:00+00:00,0.0,0.9215441458413587,9.876543209876544,121.92548764297386,36.46523077135853,adcp linear at epoch+300s
1735842600.Thu.Jan.02_18_30_00.GMT.2025.CACO03.c2.timex.jpg,c2,1735842600,2025-01-02T18:30:00+00:00,30.0,0.8712221228505966,10.6951871657754,115.39479294321896,33.51322159942738,adcp linear at epoch+300s
1735844400.Thu.Jan.02_19_00_00.GMT.2025.CACO03.c2.timex.jpg,c2,1735844400,2025-01-02T19:00:00+00:00,0.0,0.8264349451359874,10.6951871657754,109.50499451082516,33.93009195469737,adcp linear at epoch+300s
1735846200.Thu.Jan.02_19_30_00.GMT.2025.CACO03.c2.timex.jpg,c2,1735846200,2025-01-02T19:30:00+00:00,30.0,0.8093219938021422,10.6951871657754,109.15625319138071,43.09615298867445,adcp linear at epoch+300s
1735848000.Thu.Jan.02_20_00_00.GMT.2025.CACO03.c2.timex.jpg,c2,1735848000,2025-01-02T20:00:00+00:00,0.0,0.787205267544266,10.6951871657754,107.67575571895424,43.5387113014582,adcp linear at epoch+300s
1735849800.Thu.Jan.02_20_30_00.GMT.2025.CACO03.c2.timex.jpg,c2,1735849800,2025-01-02T20:30:00+00:00,30.0,0.7400696666662345,11.661807580174926,107.46476077410132,18.326299485863288,adcp linear at epoch+300s
1735851600.Thu.Jan.02_21_00_00.GMT.2025.CACO03.c2.timex.jpg,c2,1735851600,2025-01-02T21:00:00+00:00,0.0,0.7076819109617196,11.661807580174926,93.61129940257354,10.724305064437116,adcp linear at epoch+300s
1735853400.Thu.Jan.02_21_30_00.GMT.2025.CACO03.c2.timex.jpg,c2,1735853400,2025-01-02T21:30:00+00:00,30.0,0.7490333811247869,12.82051282051282,16.21847554125817,1.157411628319659,adcp linear at epoch+300s
1735855200.Thu.Jan.02_22_00_00.GMT.2025.CACO03.c2.timex.jpg,c2,1735855200,2025-01-02T22:00:00+00:00,0.0,0.7802582551280676,12.82051282051282,0.0083805657679738,0.112358939739848,adcp linear at epoch+300s
1735857000.Thu.Jan.02_22_30_00.GMT.2025.CACO03.c2.timex.jpg,c2,1735857000,2025-01-02T22:30:00+00:00,30.0,0.7608501483324154,6.430868167202571,3.1913807189542485e-06,6.382761437908497e-05,adcp linear at epoch+300s
1735858800.Thu.Jan.02_23_00_00.GMT.2025.CACO03.c2.timex.jpg,c2,1735858800,2025-01-02T23:00:00+00:00,0.0,0.7402979691348885,6.430868167202571,1.2765522875816994e-05,0.000204248366013,adcp linear at epoch+300s
1735860600.Thu.Jan.02_23_30_00.GMT.2025.CACO03.c2.timex.jpg,c2,1735860600,2025-01-02T23:30:00+00:00,30.0,0.7140254279279886,6.125574272588055,3.1913807189542485e-06,6.382761437908497e-05,adcp linear at epoch+300s
1735862400.Fri.Jan.03_00_00_00.GMT.2025.CACO03.c2.timex.jpg,c2,1735862400,2025-01-03T00:00:00+00:00,0.0,0.7020170144831727,6.125574272588055,3.1913807189542485e-06,6.382761437908497e-05,adcp linear at epoch+300s
1735864200.Fri.Jan.03_00_30_00.GMT.2025.CACO03.c2.timex.jpg,c2,1735864200,2025-01-03T00:30:00+00:00,30.0,0.7613292398487768,5.361930294906166,3.1913807189542485e-06,6.382761437908497e-05,adcp linear at epoch+300s
1735866000.Fri.Jan.03_01_00_00.GMT.2025.CACO03.c2.timex.jpg,c2,1735866000,2025-01-03T01:00:00+00:00,0.0,0.8137163115875061,5.361930294906166,3.1913807189542485e-06,6.382761437908497e-05,adcp linear at epoch+300s
1735867800.Fri.Jan.03_01_30_00.GMT.2025.CACO03.c2.timex.jpg,c2,1735867800,2025-01-03T01:30:00+00:00,30.0,0.8314776151918621,5.594405594405594,6.382761437908497e-06,0.0001276552287581,adcp linear at epoch+300s
1735869600.Fri.Jan.03_02_00_00.GMT.2025.CACO03.c2.timex.jpg,c2,1735869600,2025-01-03T02:00:00+00:00,0.0,0.851830769321731,5.594405594405594,3.1913807189542485e-06,6.382761437908497e-05,adcp linear at epoch+300s
1735871400.Fri.Jan.03_02_30_00.GMT.2025.CACO03.c2.timex.jpg,c2,1735871400,2025-01-03T02:30:00+00:00,30.0,0.885143176079164,4.767580452920143,3.1913807189542485e-06,6.382761437908497e-05,adcp linear at epoch+300s
1735873200.Fri.Jan.03_03_00_00.GMT.2025.CACO03.c2.timex.jpg,c2,1735873200,2025-01-03T03:00:00+00:00,0.0,0.9169437267675419,4.767580452920143,3.1913807189542485e-06,6.382761437908497e-05,adcp linear at epoch+300s
1735903800.Fri.Jan.03_11_30_00.GMT.2025.CACO03.c2.timex.jpg,c2,1735903800,2025-01-03T11:30:00+00:00,30.0,0.6324069666194545,12.82051282051282,1.83843954248366,0.6624253171996308,adcp linear at epoch+300s
1735905600.Fri.Jan.03_12_00_00.GMT.2025.CACO03.c2.timex.jpg,c2,1735905600,2025-01-03T12:00:00+00:00,0.0,0.6163307966027439,12.82051282051282,80.80305989583333,11.608838811118911,adcp linear at epoch+300s
1735907400.Fri.Jan.03_12_30_00.GMT.2025.CACO03.c2.timex.jpg,c2,1735907400,2025-01-03T12:30:00+00:00,30.0,0.6246996715003521,6.125574272588055,168.1318550857843,51.31651619422888,adcp linear at epoch+300s
1735909200.Fri.Jan.03_13_00_00.GMT.2025.CACO03.c2.timex.jpg,c2,1735909200,2025-01-03T13:00:00+00:00,0.0,0.6393476384030978,6.125574272588055,153.60752719056373,67.84060379856801,adcp linear at epoch+300s
1735911000.Fri.Jan.03_13_30_00.GMT.2025.CACO03.c2.timex.jpg,c2,1735911000,2025-01-03T13:30:00+00:00,30.0,0.6853910653315306,6.768189509306261,149.74501187193627,61.27996068153772,adcp linear at epoch+300s
1735912800.Fri.Jan.03_14_00_00.GMT.2025.CACO03.c2.timex.jpg,c2,1735912800,2025-01-03T14:00:00+00:00,0.0,0.7316486045782101,6.768189509306261,150.0939733966503,58.95632276087306,adcp linear at epoch+300s
1735914600.Fri.Jan.03_14_30_00.GMT.2025.CACO03.c2.timex.jpg,c2,1735914600,2025-01-03T14:30:00+00:00,30.0,0.7789767054161237,6.430868167202571,149.44784645629085,55.17447592394382,adcp linear at epoch+300s
1735916400.Fri.Jan.03_15_00_00.GMT.2025.CACO03.c2.timex.jpg,c2,1735916400,2025-01-03T15:00:00+00:00,0.0,0.814414084185874,6.430868167202571,148.19200942095588,55.0551904762024,adcp linear at epoch+300s
1735918200.Fri.Jan.03_15_30_00.GMT.2025.CACO03.c2.timex.jpg,c2,1735918200,2025-01-03T15:30:00+00:00,30.0,0.7903978526148073,5.847953216374269,148.2133278441585,53.45216383194189,adcp linear at epoch+300s
1735920000.Fri.Jan.03_16_00_00.GMT.2025.CACO03.c2.timex.jpg,c2,1735920000,2025-01-03T16:00:00+00:00,0.0,0.7687343711967359,5.847953216374269,147.61395143995097,55.31742417944242,adcp linear at epoch+300s
1735921800.Fri.Jan.03_16_30_00.GMT.2025.CACO03.c2.timex.jpg,c2,1735921800,2025-01-03T16:30:00+00:00,30.0,0.7588346405436409,6.125574272588055,145.60408369076796,51.702425383142455,adcp linear at epoch+300s
1735923600.Fri.Jan.03_17_00_00.GMT.2025.CACO03.c2.timex.jpg,c2,1735923600,2025-01-03T17:00:00+00:00,0.0,0.7495856572598928,6.125574272588055,125.9995468239379,37.11589170161222,adcp linear at epoch+300s
1735925400.Fri.Jan.03_17_30_00.GMT.2025.CACO03.c2.timex.jpg,c2,1735925400,2025-01-03T17:30:00+00:00,30.0,0.7435904108228789,6.430868167202571,135.2964537377451,45.70269086206221,adcp linear at epoch+300s
1735927200.Fri.Jan.03_18_00_00.GMT.2025.CACO03.c2.timex.jpg,c2,1735927200,2025-01-03T18:00:00+00:00,0.0,0.7352509856316688,6.430868167202571,122.8142329197304,32.900731540275224,adcp linear at epoch+300s
1735929000.Fri.Jan.03_18_30_00.GMT.2025.CACO03.c2.timex.jpg,c2,1735929000,2025-01-03T18:30:00+00:00,30.0,0.7151906666694774,6.125574272588055,120.84251493566175,35.05077413090005,adcp linear at epoch+300s
1735930800.Fri.Jan.03_19_00_00.GMT.2025.CACO03.c2.timex.jpg,c2,1735930800,2025-01-03T19:00:00+00:00,0.0,0.6823984085049548,6.125574272588055,108.06621157577614,27.67095510650717,adcp linear at epoch+300s
1735932600.Fri.Jan.03_19_30_00.GMT.2025.CACO03.c2.timex.jpg,c2,1735932600,2025-01-03T19:30:00+00:00,30.0,0.5859464543287768,6.125574272588055,108.69959533292484,45.94623784380531,adcp linear at epoch+300s
1735934400.Fri.Jan.03_20_00_00.GMT.2025.CACO03.c2.timex.jpg,c2,1735934400,2025-01-03T20:00:00+00:00,0.0,0.5070529720664294,6.125574272588055,108.10146675857844,50.770995559643104,adcp linear at epoch+300s
1735936200.Fri.Jan.03_20_30_00.GMT.2025.CACO03.c2.timex.jpg,c2,1735936200,2025-01-03T20:30:00+00:00,30.0,0.5159518493732349,5.361930294906166,106.84424466401144,23.287916555903315,adcp linear at epoch+300s
1735938000.Fri.Jan.03_21_00_00.GMT.2025.CACO03.c2.timex.jpg,c2,1735938000,2025-01-03T21:00:00+00:00,0.0,0.5252762539125742,5.361930294906166,96.08020578022877,11.898556958697649,adcp linear at epoch+300s
1735939800.Fri.Jan.03_21_30_00.GMT.2025.CACO03.c2.timex.jpg,c2,1735939800,2025-01-03T21:30:00+00:00,30.0,0.5367282946145817,16.0,17.059340533088236,1.3657258443308076,adcp linear at epoch+300s
1735941600.Fri.Jan.03_22_00_00.GMT.2025.CACO03.c2.timex.jpg,c2,1735941600,2025-01-03T22:00:00+00:00,0.0,0.5436286916772778,16.0,0.00048828125,0.0076880332085215,adcp linear at epoch+300s
1735943400.Fri.Jan.03_22_30_00.GMT.2025.CACO03.c2.timex.jpg,c2,1735943400,2025-01-03T22:30:00+00:00,30.0,0.5277708705434174,16.0,3.1913807189542485e-06,6.382761437908497e-05,adcp linear at epoch+300s
1735945200.Fri.Jan.03_23_00_00.GMT.2025.CACO03.c2.timex.jpg,c2,1735945200,2025-01-03T23:00:00+00:00,0.0,0.5180984314817432,16.0,3.1913807189542485e-06,6.382761437908497e-05,adcp linear at epoch+300s
1735947000.Fri.Jan.03_23_30_00.GMT.2025.CACO03.c2.timex.jpg,c2,1735947000,2025-01-03T23:30:00+00:00,30.0,0.5393529027809992,5.148005148005149,3.1913807189542485e-06,6.382761437908497e-05,adcp linear at epoch+300s
1735948800.Sat.Jan.04_00_00_00.GMT.2025.CACO03.c2.timex.jpg,c2,1735948800,2025-01-04T00:00:00+00:00,0.0,0.5569004116936762,5.148005148005149,3.1913807189542485e-06,6.382761437908497e-05,adcp linear at epoch+300s
1735950600.Sat.Jan.04_00_30_00.GMT.2025.CACO03.c2.timex.jpg,c2,1735950600,2025-01-04T00:30:00+00:00,30.0,0.5559131086734573,14.234875444839856,3.1913807189542485e-06,6.382761437908497e-05,adcp linear at epoch+300s
1735952400.Sat.Jan.04_01_00_00.GMT.2025.CACO03.c2.timex.jpg,c2,1735952400,2025-01-04T01:00:00+00:00,0.0,0.5621596603515593,14.234875444839856,3.1913807189542485e-06,6.382761437908497e-05,adcp linear at epoch+300s
1735954200.Sat.Jan.04_01_30_00.GMT.2025.CACO03.c2.timex.jpg,c2,1735954200,2025-01-04T01:30:00+00:00,30.0,0.6045754855212659,14.234875444839856,3.1913807189542485e-06,6.382761437908497e-05,adcp linear at epoch+300s
1735956000.Sat.Jan.04_02_00_00.GMT.2025.CACO03.c2.timex.jpg,c2,1735956000,2025-01-04T02:00:00+00:00,0.0,0.6397870082395138,14.234875444839856,3.1913807189542485e-06,6.382761437908497e-05,adcp linear at epoch+300s
1735957800.Sat.Jan.04_02_30_00.GMT.2025.CACO03.c2.timex.jpg,c2,1735957800,2025-01-04T02:30:00+00:00,30.0,0.6389770187004682,14.234875444839856,3.1913807189542485e-06,6.382761437908497e-05,adcp linear at epoch+300s
1735959600.Sat.Jan.04_03_00_00.GMT.2025.CACO03.c2.timex.jpg,c2,1735959600,2025-01-04T03:00:00+00:00,0.0,0.6267110897047876,14.234875444839856,3.1913807189542485e-06,6.382761437908497e-05,adcp linear at epoch+300s
1735990200.Sat.Jan.04_11_30_00.GMT.2025.CACO03.c2.timex.jpg,c2,1735990200,2025-01-04T11:30:00+00:00,30.0,0.6471373454372962,16.0,1.0920138888888888,0.232380386551593,adcp linear at epoch+300s
1735992000.Sat.Jan.04_12_00_00.GMT.2025.CACO03.c2.timex.jpg,c2,1735992000,2025-01-04T12:00:00+00:00,0.0,0.6679588032578205,16.0,52.16919424019608,6.515656714182935,adcp linear at epoch+300s
1735993800.Sat.Jan.04_12_30_00.GMT.2025.CACO03.c2.timex.jpg,c2,1735993800,2025-01-04T12:30:00+00:00,30.0,0.6518845817148982,16.0,174.37241498161765,49.124961228244175,adcp linear at epoch+300s
1735995600.Sat.Jan.04_13_00_00.GMT.2025.CACO03.c2.timex.jpg,c2,1735995600,2025-01-04T13:00:00+00:00,0.0,0.6355385515943338,16.0,163.29432508680554,43.03039951166394,adcp linear at epoch+300s
1735997400.Sat.Jan.04_13_30_00.GMT.2025.CACO03.c2.timex.jpg,c2,1735997400,2025-01-04T13:30:00+00:00,30.0,0.6178334785855595,14.234875444839856,154.66686453227123,38.536783155033646,adcp linear at epoch+300s
1735999200.Sat.Jan.04_14_00_00.GMT.2025.CACO03.c2.timex.jpg,c2,1735999200,2025-01-04T14:00:00+00:00,0.0,0.6038961410897778,14.234875444839856,163.1447546466503,43.36070898243351,adcp linear at epoch+300s
1736001000.Sat.Jan.04_14_30_00.GMT.2025.CACO03.c2.timex.jpg,c2,1736001000,2025-01-04T14:30:00+00:00,30.0,0.6087974811589606,14.234875444839856,154.64691521139707,36.60276232210216,adcp linear at epoch+300s
1736002800.Sat.Jan.04_15_00_00.GMT.2025.CACO03.c2.timex.jpg,c2,1736002800,2025-01-04T15:00:00+00:00,0.0,0.6305002769665689,14.234875444839856,168.59491485396242,43.98983225060006,adcp linear at epoch+300s
1736004600.Sat.Jan.04_15_30_00.GMT.2025.CACO03.c2.timex.jpg,c2,1736004600,2025-01-04T15:30:00+00:00,30.0,0.7362103514663054,16.0,172.59195325265523,45.82926428746299,adcp linear at epoch+300s
1736006400.Sat.Jan.04_16_00_00.GMT.2025.CACO03.c2.timex.jpg,c2,1736006400,2025-01-04T16:00:00+00:00,0.0,0.8298651038471354,16.0,154.25048828125,40.30895869959739,adcp linear at epoch+300s
1736008200.Sat.Jan.04_16_30_00.GMT.2025.CACO03.c2.timex.jpg,c2,1736008200,2025-01-04T16:30:00+00:00,30.0,0.8632432456334336,14.234875444839856,143.13107319750816,31.28835043481844,adcp linear at epoch+300s
1736010000.Sat.Jan.04_17_00_00.GMT.2025.CACO03.c2.timex.jpg,c2,1736010000,2025-01-04T17:00:00+00:00,0.0,0.9036706419981974,14.234875444839856,123.15121400122548,26.86606163188025,adcp linear at epoch+300s
1736011800.Sat.Jan.04_17_30_00.GMT.2025.CACO03.c2.timex.jpg,c2,1736011800,2025-01-04T17:30:00+00:00,30.0,0.9793443112552886,14.234875444839856,111.52372153288398,18.93751055380836,adcp linear at epoch+300s
1736013600.Sat.Jan.04_18_00_00.GMT.2025.CACO03.c2.timex.jpg,c2,1736013600,2025-01-04T18:00:00+00:00,0.0,1.0358105722000812,14.234875444839856,141.10125612745097,20.71614873382281,adcp linear at epoch+300s
1736015400.Sat.Jan.04_18_30_00.GMT.2025.CACO03.c2.timex.jpg,c2,1736015400,2025-01-04T18:30:00+00:00,30.0,0.9962397915833799,14.234875444839856,143.82323261335785,27.945991861870628,adcp linear at epoch+300s
1736017200.Sat.Jan.04_19_00_00.GMT.2025.CACO03.c2.timex.jpg,c2,1736017200,2025-01-04T19:00:00+00:00,0.0,0.9705791575653755,14.234875444839856,154.21874680861927,30.830574080855342,adcp linear at epoch+300s
1736019000.Sat.Jan.04_19_30_00.GMT.2025.CACO03.c2.timex.jpg,c2,1736019000,2025-01-04T19:30:00+00:00,30.0,1.0144692565408546,6.125574272588055,132.8005291309232,28.824261255421945,adcp linear at epoch+300s
1736020800.Sat.Jan.04_20_00_00.GMT.2025.CACO03.c2.timex.jpg,c2,1736020800,2025-01-04T20:00:00+00:00,0.0,1.056235025088782,6.125574272588055,131.36185151143792,34.56150311183998,adcp linear at epoch+300s
1736022600.Sat.Jan.04_20_30_00.GMT.2025.CACO03.c2.timex.jpg,c2,1736022600,2025-01-04T20:30:00+00:00,30.0,1.0873791414989493,14.234875444839856,116.39359298406865,23.73525581521192,adcp linear at epoch+300s
1736024400.Sat.Jan.04_21_00_00.GMT.2025.CACO03.c2.timex.jpg,c2,1736024400,2025-01-04T21:00:00+00:00,0.0,1.1223213972447195,14.234875444839856,99.77477468852123,12.56398052672023,adcp linear at epoch+300s
1736026200.Sat.Jan.04_21_30_00.GMT.2025.CACO03.c2.timex.jpg,c2,1736026200,2025-01-04T21:30:00+00:00,30.0,1.1762543496685036,14.234875444839856,18.936753216911764,1.5433102232453824,adcp linear at epoch+300s
1736028000.Sat.Jan.04_22_00_00.GMT.2025.CACO03.c2.timex.jpg,c2,1736028000,2025-01-04T22:00:00+00:00,0.0,1.2114423070851932,14.234875444839856,0.0002265880310457,0.0043466598873813,adcp linear at epoch+300s
1736029800.Sat.Jan.04_22_30_00.GMT.2025.CACO03.c2.timex.jpg,c2,1736029800,2025-01-04T22:30:00+00:00,30.0,1.1529052894664098,14.234875444839856,3.1913807189542485e-06,6.382761437908497e-05,adcp linear at epoch+300s
1736031600.Sat.Jan.04_23_00_00.GMT.2025.CACO03.c2.timex.jpg,c2,1736031600,2025-01-04T23:00:00+00:00,0.0,1.0952975400709932,14.234875444839856,3.1913807189542485e-06,6.382761437908497e-05,adcp linear at epoch+300s
1736033400.Sat.Jan.04_23_30_00.GMT.2025.CACO03.c2.timex.jpg,c2,1736033400,2025-01-04T23:30:00+00:00,30.0,1.0423361317924094,5.847953216374269,3.1913807189542485e-06,6.382761437908497e-05,adcp linear at epoch+300s
1736035200.Sun.Jan.05_00_00_00.GMT.2025.CACO03.c2.timex.jpg,c2,1736035200,2025-01-05T00:00:00+00:00,0.0,1.0066193620206294,5.847953216374269,3.1913807189542485e-06,6.382761437908497e-05,adcp linear at epoch+300s
1736037000.Sun.Jan.05_00_30_00.GMT.2025.CACO03.c2.timex.jpg,c2,1736037000,2025-01-05T00:30:00+00:00,30.0,1.0571257847828692,14.234875444839856,3.1913807189542485e-06,6.382761437908497e-05,adcp linear at epoch+300s
1736038800.Sun.Jan.05_01_00_00.GMT.2025.CACO03.c2.timex.jpg,c2,1736038800,2025-01-05T01:00:00+00:00,0.0,1.0816993237751622,14.234875444839856,3.1913807189542485e-06,6.382761437908497e-05,adcp linear at epoch+300s
1736040600.Sun.Jan.05_01_30_00.GMT.2025.CACO03.c2.timex.jpg,c2,1736040600,2025-01-05T01:30:00+00:00,30.0,0.9766084439177224,14.234875444839856,3.1913807189542485e-06,6.382761437908497e-05,adcp linear at epoch+300s
1736042400.Sun.Jan.05_02_00_00.GMT.2025.CACO03.c2.timex.jpg,c2,1736042400,2025-01-05T02:00:00+00:00,0.0,0.8868646162033116,14.234875444839856,3.1913807189542485e-06,6.382761437908497e-05,adcp linear at epoch+300s
1736044200.Sun.Jan.05_02_30_00.GMT.2025.CACO03.c2.timex.jpg,c2,1736044200,2025-01-05T02:30:00+00:00,30.0,0.8738560492040461,14.234875444839856,3.1913807189542485e-06,6.382761437908497e-05,adcp linear at epoch+300s
1736046000.Sun.Jan.05_03_00_00.GMT.2025.CACO03.c2.timex.jpg,c2,1736046000,2025-01-05T03:00:00+00:00,0.0,0.8624771596921657,14.234875444839856,3.1913807189542485e-06,6.382761437908497e-05,adcp linear at epoch+300s
1736076600.Sun.Jan.05_11_30_00.GMT.2025.CACO03.c2.timex.jpg,c2,1736076600,2025-01-05T11:30:00+00:00,30.0,0.8193219742247377,12.82051282051282,0.9915300755718954,0.0388359114698936,adcp linear at epoch+300s
1736078400.Sun.Jan.05_12_00_00.GMT.2025.CACO03.c2.timex.jpg,c2,1736078400,2025-01-05T12:00:00+00:00,0.0,0.8737891679245999,12.82051282051282,53.13699640012255,6.289509234472609,adcp linear at epoch+300s
1736080200.Sun.Jan.05_12_30_00.GMT.2025.CACO03.c2.timex.jpg,c2,1736080200,2025-01-05T12:30:00+00:00,30.0,0.8348564924200756,14.234875444839856,139.4611226000817,37.40809780494473,adcp linear at epoch+300s
1736082000.Sun.Jan.05_13_00_00.GMT.2025.CACO03.c2.timex.jpg,c2,1736082000,2025-01-05T13:00:00+00:00,0.0,0.7982145924602686,14.234875444839856,179.61348868974673,56.55507357272575,adcp linear at epoch+300s
1736083800.Sun.Jan.05_13_30_00.GMT.2025.CACO03.c2.timex.jpg,c2,1736083800,2025-01-05T13:30:00+00:00,30.0,0.7730265702240476,12.82051282051282,182.2637931474673,55.62670738011913,adcp linear at epoch+300s
1736085600.Sun.Jan.05_14_00_00.GMT.2025.CACO03.c2.timex.jpg,c2,1736085600,2025-01-05T14:00:00+00:00,0.0,0.7485159852698914,12.82051282051282,132.27980749591504,28.399940500897383,adcp linear at epoch+300s
1736087400.Sun.Jan.05_14_30_00.GMT.2025.CACO03.c2.timex.jpg,c2,1736087400,2025-01-05T14:30:00+00:00,30.0,0.7273925867260583,12.82051282051282,182.04291130514707,56.687174312297095,adcp linear at epoch+300s
1736089200.Sun.Jan.05_15_00_00.GMT.2025.CACO03.c2.timex.jpg,c2,1736089200,2025-01-05T15:00:00+00:00,0.0,0.7210289562452847,12.82051282051282,165.0343998927696,43.89703883046785,adcp linear at epoch+300s
1736091000.Sun.Jan.05_15_30_00.GMT.2025.CACO03.c2.timex.jpg,c2,1736091000,2025-01-05T15:30:00+00:00,30.0,0.7884641660798076,12.82051282051282,156.53108723958334,39.304594758798565,adcp linear at epoch+300s
1736092800.Sun.Jan.05_16_00_00.GMT.2025.CACO03.c2.timex.jpg,c2,1736092800,2025-01-05T16:00:00+00:00,0.0,0.8532498365768759,12.82051282051282,119.75682955473856,24.58170236829884,adcp linear at epoch+300s
1736094600.Sun.Jan.05_16_30_00.GMT.2025.CACO03.c2.timex.jpg,c2,1736094600,2025-01-05T16:30:00+00:00,30.0,0.9047878103866707,12.82051282051282,159.9390956903595,47.61593646473354,adcp linear at epoch+300s
1736096400.Sun.Jan.05_17_00_00.GMT.2025.CACO03.c2.timex.jpg,c2,1736096400,2025-01-05T17:00:00+00:00,0.0,0.9497522209175825,12.82051282051282,171.40687870200162,46.219241472467765,adcp linear at epoch+300s
1736098200.Sun.Jan.05_17_30_00.GMT.2025.CACO03.c2.timex.jpg,c2,1736098200,2025-01-05T17:30:00+00:00,30.0,0.9618488150540789,12.82051282051282,166.51477609272877,28.18624792274588,adcp linear at epoch+300s
1736100000.Sun.Jan.05_18_00_00.GMT.2025.CACO03.c2.timex.jpg,c2,1736100000,2025-01-05T18:00:00+00:00,0.0,0.9667324291425686,12.82051282051282,157.58818423202615,36.00348817276025,adcp linear at epoch+300s
1736101800.Sun.Jan.05_18_30_00.GMT.2025.CACO03.c2.timex.jpg,c2,1736101800,2025-01-05T18:30:00+00:00,30.0,0.9355511429910245,12.82051282051282,158.8707363153595,10.154826572334615,adcp linear at epoch+300s
1736103600.Sun.Jan.05_19_00_00.GMT.2025.CACO03.c2.timex.jpg,c2,1736103600,2025-01-05T19:00:00+00:00,0.0,0.9050116993722863,12.82051282051282,133.45851205065358,9.18490201072623,adcp linear at epoch+300s
1736105400.Sun.Jan.05_19_30_00.GMT.2025.CACO03.c2.timex.jpg,c2,1736105400,2025-01-05T19:30:00+00:00,30.0,0.877681468417578,12.82051282051282,154.37639144199346,12.481464459765824,adcp linear at epoch+300s
1736107200.Sun.Jan.05_20_00_00.GMT.2025.CACO03.c2.timex.jpg,c2,1736107200,2025-01-05T20:00:00+00:00,0.0,0.847417767663797,12.82051282051282,147.44824537888073,11.695111416523757,adcp linear at epoch+300s
1736109000.Sun.Jan.05_20_30_00.GMT.2025.CACO03.c2.timex.jpg,c2,1736109000,2025-01-05T20:30:00+00:00,30.0,0.8024867179146518,4.950495049504951,148.3791424121732,11.622682951634228,adcp linear at epoch+300s
1736110800.Sun.Jan.05_21_00_00.GMT.2025.CACO03.c2.timex.jpg,c2,1736110800,2025-01-05T21:00:00+00:00,0.0,0.7704020475465889,4.950495049504951,84.11371527777777,5.029676509884309,adcp linear at epoch+300s
1736112600.Sun.Jan.05_21_30_00.GMT.2025.CACO03.c2.timex.jpg,c2,1736112600,2025-01-05T21:30:00+00:00,30.0,0.8025492740839373,5.594405594405594,13.509510314542483,0.8100521998971941,adcp linear at epoch+300s
1736114400.Sun.Jan.05_22_00_00.GMT.2025.CACO03.c2.timex.jpg,c2,1736114400,2025-01-05T22:00:00+00:00,0.0,0.8488826113057919,5.594405594405594,3.1913807189542485e-06,6.382761437908497e-05,adcp linear at epoch+300s
1736116200.Sun.Jan.05_22_30_00.GMT.2025.CACO03.c2.timex.jpg,c2,1736116200,2025-01-05T22:30:00+00:00,30.0,0.9661465019501779,5.594405594405594,3.1913807189542485e-06,6.382761437908497e-05,adcp linear at epoch+300s
1736118000.Sun.Jan.05_23_00_00.GMT.2025.CACO03.c2.timex.jpg,c2,1736118000,2025-01-05T23:00:00+00:00,0.0,1.0849850937136287,5.594405594405594,3.1913807189542485e-06,6.382761437908497e-05,adcp linear at epoch+300s
1736119800.Sun.Jan.05_23_30_00.GMT.2025.CACO03.c2.timex.jpg,c2,1736119800,2025-01-05T23:30:00+00:00,30.0,1.2116971910724033,7.142857142857142,3.1913807189542485e-06,6.382761437908497e-05,adcp linear at epoch+300s
1736121600.Mon.Jan.06_00_00_00.GMT.2025.CACO03.c2.timex.jpg,c2,1736121600,2025-01-06T00:00:00+00:00,0.0,1.3387792112070032,7.142857142857142,3.1913807189542485e-06,6.382761437908497e-05,adcp linear at epoch+300s
1736123400.Mon.Jan.06_00_30_00.GMT.2025.CACO03.c2.timex.jpg,c2,1736123400,2025-01-06T00:30:00+00:00,30.0,1.4677108452207293,6.768189509306261,3.1913807189542485e-06,6.382761437908497e-05,adcp linear at epoch+300s
1736125200.Mon.Jan.06_01_00_00.GMT.2025.CACO03.c2.timex.jpg,c2,1736125200,2025-01-06T01:00:00+00:00,0.0,1.584242318199248,6.768189509306261,3.1913807189542485e-06,6.382761437908497e-05,adcp linear at epoch+300s
1736127000.Mon.Jan.06_01_30_00.GMT.2025.CACO03.c2.timex.jpg,c2,1736127000,2025-01-06T01:30:00+00:00,30.0,1.63877298600173,7.561436672967865,3.1913807189542485e-06,6.382761437908497e-05,adcp linear at epoch+300s
1736128800.Mon.Jan.06_02_00_00.GMT.2025.CACO03.c2.timex.jpg,c2,1736128800,2025-01-06T02:00:00+00:00,0.0,1.7023503163013263,7.561436672967865,3.1913807189542485e-06,6.382761437908497e-05,adcp linear at epoch+300s
1736130600.Mon.Jan.06_02_30_00.GMT.2025.CACO03.c2.timex.jpg,c2,1736130600,2025-01-06T02:30:00+00:00,30.0,1.8111609590864959,8.032128514056225,3.1913807189542485e-06,6.382761437908497e-05,adcp linear at epoch+300s
1736132400.Mon.Jan.06_03_00_00.GMT.2025.CACO03.c2.timex.jpg,c2,1736132400,2025-01-06T03:00:00+00:00,0.0,1.9071499063529507,8.032128514056225,3.1913807189542485e-06,6.382761437908497e-05,adcp linear at epoch+300s
1736163000.Mon.Jan.06_11_30_00.GMT.2025.CACO03.c2.timex.jpg,c2,1736163000,2025-01-06T11:30:00+00:00,30.0,1.1043830433064223,6.125574272588055,0.9994893790849672,0.0090316073939008,adcp linear at epoch+300s
1736164800.Mon.Jan.06_12_00_00.GMT.2025.CACO03.c2.timex.jpg,c2,1736164800,2025-01-06T12:00:00+00:00,0.0,0.9989071372594339,6.125574272588055,33.74158752042484,1.2535104933285726,adcp linear at epoch+300s
1736166600.Mon.Jan.06_12_30_00.GMT.2025.CACO03.c2.timex.jpg,c2,1736166600,2025-01-06T12:30:00+00:00,30.0,0.8959658370765972,6.125574272588055,183.818155126634,6.004046376407709,adcp linear at epoch+300s
1736168400.Mon.Jan.06_13_00_00.GMT.2025.CACO03.c2.timex.jpg,c2,1736168400,2025-01-06T13:00:00+00:00,0.0,0.8085851077295279,6.125574272588055,165.1861883425245,10.895323243296597,adcp linear at epoch+300s
1736170200.Mon.Jan.06_13_30_00.GMT.2025.CACO03.c2.timex.jpg,c2,1736170200,2025-01-06T13:30:00+00:00,30.0,0.7990072325612959,5.594405594405594,161.74796070772058,8.234762969166338,adcp linear at epoch+300s
1736172000.Mon.Jan.06_14_00_00.GMT.2025.CACO03.c2.timex.jpg,c2,1736172000,2025-01-06T14:00:00+00:00,0.0,0.7915735107591559,5.594405594405594,165.35330180249184,15.253871087521969,adcp linear at epoch+300s
1736173800.Mon.Jan.06_14_30_00.GMT.2025.CACO03.c2.timex.jpg,c2,1736173800,2025-01-06T14:30:00+00:00,30.0,0.7948605557874757,5.847953216374269,167.29344426572712,11.273980009259946,adcp linear at epoch+300s
1736175600.Mon.Jan.06_15_00_00.GMT.2025.CACO03.c2.timex.jpg,c2,1736175600,2025-01-06T15:00:00+00:00,0.0,0.794805828499981,5.847953216374269,153.74406084048204,12.014393092780445,adcp linear at epoch+300s
1736177400.Mon.Jan.06_15_30_00.GMT.2025.CACO03.c2.timex.jpg,c2,1736177400,2025-01-06T15:30:00+00:00,30.0,0.7780422396334142,5.847953216374269,157.59960299223857,7.882795794098061,adcp linear at epoch+300s
1736179200.Mon.Jan.06_16_00_00.GMT.2025.CACO03.c2.timex.jpg,c2,1736179200,2025-01-06T16:00:00+00:00,0.0,0.7581353756994784,5.847953216374269,174.28894761029412,10.251504814188362,adcp linear at epoch+300s
1736181000.Mon.Jan.06_16_30_00.GMT.2025.CACO03.c2.timex.jpg,c2,1736181000,2025-01-06T16:30:00+00:00,30.0,0.7225121364286973,5.594405594405594,162.42078354779412,5.9230026679564745,adcp linear at epoch+300s
1736182800.Mon.Jan.06_17_00_00.GMT.2025.CACO03.c2.timex.jpg,c2,1736182800,2025-01-06T17:00:00+00:00,0.0,0.6837868254977366,5.594405594405594,146.32433044832516,10.6706932229526,adcp linear at epoch+300s
1736184600.Mon.Jan.06_17_30_00.GMT.2025.CACO03.c2.timex.jpg,c2,1736184600,2025-01-06T17:30:00+00:00,30.0,0.6295511562658787,5.361930294906166,152.61292062397877,6.7550601355365165,adcp linear at epoch+300s
1736186400.Mon.Jan.06_18_00_00.GMT.2025.CACO03.c2.timex.jpg,c2,1736186400,2025-01-06T18:00:00+00:00,0.0,0.5802215705725348,5.361930294906166,158.17701950571896,13.270348252253632,adcp linear at epoch+300s
1736188200.Mon.Jan.06_18_30_00.GMT.2025.CACO03.c2.timex.jpg,c2,1736188200,2025-01-06T18:30:00+00:00,30.0,0.5554224025717609,5.361930294906166,140.54619842728758,6.277854241597221,adcp linear at epoch+300s
1736190000.Mon.Jan.06_19_00_00.GMT.2025.CACO03.c2.timex.jpg,c2,1736190000,2025-01-06T19:00:00+00:00,0.0,0.5327800004536792,5.361930294906166,144.205078125,13.986014885661836,adcp linear at epoch+300s
1736191800.Mon.Jan.06_19_30_00.GMT.2025.CACO03.c2.timex.jpg,c2,1736191800,2025-01-06T19:30:00+00:00,30.0,0.520921427749059,5.361930294906166,121.85392731311276,11.303377150715209,adcp linear at epoch+300s
1736193600.Mon.Jan.06_20_00_00.GMT.2025.CACO03.c2.timex.jpg,c2,1736193600,2025-01-06T20:00:00+00:00,0.0,0.5069483776785142,5.361930294906166,136.89773858762254,14.550216056529672,adcp linear at epoch+300s
1736195400.Mon.Jan.06_20_30_00.GMT.2025.CACO03.c2.timex.jpg,c2,1736195400,2025-01-06T20:30:00+00:00,30.0,0.4824029407783468,6.125574272588055,137.02820861417484,14.301863092610052,adcp linear at epoch+300s
1736197200.Mon.Jan.06_21_00_00.GMT.2025.CACO03.c2.timex.jpg,c2,1736197200,2025-01-06T21:00:00+00:00,0.0,0.4586083840920361,6.125574272588055,93.60933670343135,7.105588406885829,adcp linear at epoch+300s
1736199000.Mon.Jan.06_21_30_00.GMT.2025.CACO03.c2.timex.jpg,c2,1736199000,2025-01-06T21:30:00+00:00,30.0,0.43856822847500926,5.594405594405594,19.91281147875817,1.1183300093678887,adcp linear at epoch+300s
1736200800.Mon.Jan.06_22_00_00.GMT.2025.CACO03.c2.timex.jpg,c2,1736200800,2025-01-06T22:00:00+00:00,0.0,0.4340803610307839,5.594405594405594,0.0020743974673202,0.0316648774972214,adcp linear at epoch+300s
1736202600.Mon.Jan.06_22_30_00.GMT.2025.CACO03.c2.timex.jpg,c2,1736202600,2025-01-06T22:30:00+00:00,30.0,0.5073539344505658,4.597701149425287,2.5531045751633988e-05,0.0003638174019607,adcp linear at epoch+300s
1736204400.Mon.Jan.06_23_00_00.GMT.2025.CACO03.c2.timex.jpg,c2,1736204400,2025-01-06T23:00:00+00:00,0.0,0.5599576435456328,4.597701149425287,0.0,0.0,adcp linear at epoch+300s
1736206200.Mon.Jan.06_23_30_00.GMT.2025.CACO03.c2.timex.jpg,c2,1736206200,2025-01-06T23:30:00+00:00,30.0,0.5092120310171265,5.594405594405594,3.1913807189542485e-06,6.382761437908497e-05,adcp linear at epoch+300s
1736208000.Tue.Jan.07_00_00_00.GMT.2025.CACO03.c2.timex.jpg,c2,1736208000,2025-01-07T00:00:00+00:00,0.0,0.460495334973804,5.594405594405594,0.0,0.0,adcp linear at epoch+300s
1736209800.Tue.Jan.07_00_30_00.GMT.2025.CACO03.c2.timex.jpg,c2,1736209800,2025-01-07T00:30:00+00:00,30.0,0.42192322135640015,5.361930294906166,0.0,0.0,adcp linear at epoch+300s
1736211600.Tue.Jan.07_01_00_00.GMT.2025.CACO03.c2.timex.jpg,c2,1736211600,2025-01-07T01:00:00+00:00,0.0,0.3917683107935455,5.361930294906166,0.0,0.0,adcp linear at epoch+300s
1736213400.Tue.Jan.07_01_30_00.GMT.2025.CACO03.c2.timex.jpg,c2,1736213400,2025-01-07T01:30:00+00:00,30.0,0.4036994155034368,5.361930294906166,0.0,0.0,adcp linear at epoch+300s
1736215200.Tue.Jan.07_02_00_00.GMT.2025.CACO03.c2.timex.jpg,c2,1736215200,2025-01-07T02:00:00+00:00,0.0,0.40755345914356256,5.361930294906166,0.0,0.0,adcp linear at epoch+300s
1736217000.Tue.Jan.07_02_30_00.GMT.2025.CACO03.c2.timex.jpg,c2,1736217000,2025-01-07T02:30:00+00:00,30.0,0.371022197434861,5.148005148005149,0.0,0.0,adcp linear at epoch+300s
1736218800.Tue.Jan.07_03_00_00.GMT.2025.CACO03.c2.timex.jpg,c2,1736218800,2025-01-07T03:00:00+00:00,0.0,0.3376781672462102,5.148005148005149,3.1913807189542485e-06,6.382761437908497e-05,adcp linear at epoch+300s
1736249400.Tue.Jan.07_11_30_00.GMT.2025.CACO03.c2.timex.jpg,c2,1736249400,2025-01-07T11:30:00+00:00,30.0,1.2984517469561194,5.847953216374269,0.0896426930147058,0.445066763592976,adcp linear at epoch+300s
1736251200.Tue.Jan.07_12_00_00.GMT.2025.CACO03.c2.timex.jpg,c2,1736251200,2025-01-07T12:00:00+00:00,0.0,1.3165461598185497,5.847953216374269,22.24092690461601,0.8704841718287087,adcp linear at epoch+300s
1736253000.Tue.Jan.07_12_30_00.GMT.2025.CACO03.c2.timex.jpg,c2,1736253000,2025-01-07T12:30:00+00:00,30.0,1.2849373817420506,6.430868167202571,126.63947291156046,2.8345325053530064,adcp linear at epoch+300s
1736254800.Tue.Jan.07_13_00_00.GMT.2025.CACO03.c2.timex.jpg,c2,1736254800,2025-01-07T13:00:00+00:00,0.0,1.2606483560953172,6.430868167202571,158.76067835988562,3.4430230394921777,adcp linear at epoch+300s
1736256600.Tue.Jan.07_13_30_00.GMT.2025.CACO03.c2.timex.jpg,c2,1736256600,2025-01-07T13:30:00+00:00,30.0,1.2729580925974124,6.125574272588055,159.55503855187908,3.442624700344929,adcp linear at epoch+300s
1736258400.Tue.Jan.07_14_00_00.GMT.2025.CACO03.c2.timex.jpg,c2,1736258400,2025-01-07T14:00:00+00:00,0.0,1.2922802605330053,6.125574272588055,165.62304049223857,3.8389137746573896,adcp linear at epoch+300s
1736260200.Tue.Jan.07_14_30_00.GMT.2025.CACO03.c2.timex.jpg,c2,1736260200,2025-01-07T14:30:00+00:00,30.0,1.3466645856360855,6.430868167202571,170.5766793045343,4.193263531729322,adcp linear at epoch+300s
1736262000.Tue.Jan.07_15_00_00.GMT.2025.CACO03.c2.timex.jpg,c2,1736262000,2025-01-07T15:00:00+00:00,0.0,1.387178941416458,6.430868167202571,193.75966669219773,3.916860559412495,adcp linear at epoch+300s
1736263800.Tue.Jan.07_15_30_00.GMT.2025.CACO03.c2.timex.jpg,c2,1736263800,2025-01-07T15:30:00+00:00,30.0,1.3583434505832912,6.768189509306261,164.84992213031046,3.470865233490705,adcp linear at epoch+300s
1736265600.Tue.Jan.07_16_00_00.GMT.2025.CACO03.c2.timex.jpg,c2,1736265600,2025-01-07T16:00:00+00:00,0.0,1.3350217455207738,6.768189509306261,158.25418390012254,3.4558812167532564,adcp linear at epoch+300s
1736267400.Tue.Jan.07_16_30_00.GMT.2025.CACO03.c2.timex.jpg,c2,1736267400,2025-01-07T16:30:00+00:00,30.0,1.3392689693115036,6.768189509306261,175.00082975898692,4.423280610823917,adcp linear at epoch+300s
1736269200.Tue.Jan.07_17_00_00.GMT.2025.CACO03.c2.timex.jpg,c2,1736269200,2025-01-07T17:00:00+00:00,0.0,1.3425775901783707,6.768189509306261,133.18298100490196,2.991836270659028,adcp linear at epoch+300s
1736271000.Tue.Jan.07_17_30_00.GMT.2025.CACO03.c2.timex.jpg,c2,1736271000,2025-01-07T17:30:00+00:00,30.0,1.3411931964259256,6.768189509306261,151.022074780433,3.5419235470569035,adcp linear at epoch+300s
1736272800.Tue.Jan.07_18_00_00.GMT.2025.CACO03.c2.timex.jpg,c2,1736272800,2025-01-07T18:00:00+00:00,0.0,1.34453467094883,6.768189509306261,139.27960643892973,3.1801752471430875,adcp linear at epoch+300s
1736274600.Tue.Jan.07_18_30_00.GMT.2025.CACO03.c2.timex.jpg,c2,1736274600,2025-01-07T18:30:00+00:00,30.0,1.3715054868484833,7.142857142857142,165.27719694648692,4.209894139965604,adcp linear at epoch+300s
1736276400.Tue.Jan.07_19_00_00.GMT.2025.CACO03.c2.timex.jpg,c2,1736276400,2025-01-07T19:00:00+00:00,0.0,1.3918069687742491,7.142857142857142,172.95123570261438,4.36284004096377,adcp linear at epoch+300s
1736278200.Tue.Jan.07_19_30_00.GMT.2025.CACO03.c2.timex.jpg,c2,1736278200,2025-01-07T19:30:00+00:00,30.0,1.3787617808305785,6.768189509306261,149.96090239481208,3.769191539019195,adcp linear at epoch+300s
1736280000.Tue.Jan.07_20_00_00.GMT.2025.CACO03.c2.timex.jpg,c2,1736280000,2025-01-07T20:00:00+00:00,0.0,1.3627214113910329,6.768189509306261,136.7333314185049,3.638093435248447,adcp linear at epoch+300s
1736281800.Tue.Jan.07_20_30_00.GMT.2025.CACO03.c2.timex.jpg,c2,1736281800,2025-01-07T20:30:00+00:00,30.0,1.331705134472112,5.594405594405594,120.31080856821896,16.805622405063552,adcp linear at epoch+300s
1736283600.Tue.Jan.07_21_00_00.GMT.2025.CACO03.c2.timex.jpg,c2,1736283600,2025-01-07T21:00:00+00:00,0.0,1.3121208104729218,5.594405594405594,125.03850081699346,18.05430525026204,adcp linear at epoch+300s
1736285400.Tue.Jan.07_21_30_00.GMT.2025.CACO03.c2.timex.jpg,c2,1736285400,2025-01-07T21:30:00+00:00,30.0,1.3496962510723836,6.768189509306261,23.816607306985293,1.5883437984547542,adcp linear at epoch+300s
1736287200.Tue.Jan.07_22_00_00.GMT.2025.CACO03.c2.timex.jpg,c2,1736287200,2025-01-07T22:00:00+00:00,0.0,1.3776142111283887,6.768189509306261,0.0842269199346405,0.335605596364489,adcp linear at epoch+300s
1736289000.Tue.Jan.07_22_30_00.GMT.2025.CACO03.c2.timex.jpg,c2,1736289000,2025-01-07T22:30:00+00:00,30.0,1.357244768467111,7.142857142857142,0.0,0.0,adcp linear at epoch+300s
1736290800.Tue.Jan.07_23_00_00.GMT.2025.CACO03.c2.timex.jpg,c2,1736290800,2025-01-07T23:00:00+00:00,0.0,1.353026952206235,7.142857142857142,0.0,0.0,adcp linear at epoch+300s
1736292600.Tue.Jan.07_23_30_00.GMT.2025.CACO03.c2.timex.jpg,c2,1736292600,2025-01-07T23:30:00+00:00,30.0,1.4295672679473679,7.142857142857142,0.0,0.0,adcp linear at epoch+300s
1736294400.Wed.Jan.08_00_00_00.GMT.2025.CACO03.c2.timex.jpg,c2,1736294400,2025-01-08T00:00:00+00:00,0.0,1.4926313897780938,7.142857142857142,0.0,0.0,adcp linear at epoch+300s
1736296200.Wed.Jan.08_00_30_00.GMT.2025.CACO03.c2.timex.jpg,c2,1736296200,2025-01-08T00:30:00+00:00,30.0,1.4883145420567865,7.142857142857142,0.0,0.0,adcp linear at epoch+300s
1736298000.Wed.Jan.08_01_00_00.GMT.2025.CACO03.c2.timex.jpg,c2,1736298000,2025-01-08T01:00:00+00:00,0.0,1.4905216203907166,7.142857142857142,0.0,0.0,adcp linear at epoch+300s
1736299800.Wed.Jan.08_01_30_00.GMT.2025.CACO03.c2.timex.jpg,c2,1736299800,2025-01-08T01:30:00+00:00,30.0,1.5253483290008356,8.565310492505352,0.0,0.0,adcp linear at epoch+300s
1736301600.Wed.Jan.08_02_00_00.GMT.2025.CACO03.c2.timex.jpg,c2,1736301600,2025-01-08T02:00:00+00:00,0.0,1.5446597711959253,8.565310492505352,0.0,0.0,adcp linear at epoch+300s
1736303400.Wed.Jan.08_02_30_00.GMT.2025.CACO03.c2.timex.jpg,c2,1736303400,2025-01-08T02:30:00+00:00,30.0,1.4863948813158694,7.142857142857142,0.0,0.0,adcp linear at epoch+300s
1736305200.Wed.Jan.08_03_00_00.GMT.2025.CACO03.c2.timex.jpg,c2,1736305200,2025-01-08T03:00:00+00:00,0.0,1.4457113537249475,7.142857142857142,0.0,0.0,adcp linear at epoch+300s
1736335800.Wed.Jan.08_11_30_00.GMT.2025.CACO03.c2.timex.jpg,c2,1736335800,2025-01-08T11:30:00+00:00,30.0,1.209435256766374,6.430868167202571,1.1790364583333333,0.2849711495516438,adcp linear at epoch+300s
1736337600.Wed.Jan.08_12_00_00.GMT.2025.CACO03.c2.timex.jpg,c2,1736337600,2025-01-08T12:00:00+00:00,0.0,1.1845905505460836,6.430868167202571,65.86078239889706,5.930682457263868,adcp linear at epoch+300s
1736339400.Wed.Jan.08_12_30_00.GMT.2025.CACO03.c2.timex.jpg,c2,1736339400,2025-01-08T12:30:00+00:00,30.0,1.1905160014231364,6.768189509306261,195.585813036152,29.22749276983931,adcp linear at epoch+300s
1736341200.Wed.Jan.08_13_00_00.GMT.2025.CACO03.c2.timex.jpg,c2,1736341200,2025-01-08T13:00:00+00:00,0.0,1.1872546561561066,6.768189509306261,171.63714639501634,47.27455120752966,adcp linear at epoch+300s
1736343000.Wed.Jan.08_13_30_00.GMT.2025.CACO03.c2.timex.jpg,c2,1736343000,2025-01-08T13:30:00+00:00,30.0,1.1380593301686648,6.768189509306261,132.17544934640523,49.24426776919067,adcp linear at epoch+300s
1736344800.Wed.Jan.08_14_00_00.GMT.2025.CACO03.c2.timex.jpg,c2,1736344800,2025-01-08T14:00:00+00:00,0.0,1.0988908959882109,6.768189509306261,148.8104287939134,47.65838047799034,adcp linear at epoch+300s
1736346600.Wed.Jan.08_14_30_00.GMT.2025.CACO03.c2.timex.jpg,c2,1736346600,2025-01-08T14:30:00+00:00,30.0,1.1098569208426965,6.430868167202571,126.46675219566994,31.67347999389874,adcp linear at epoch+300s
1736348400.Wed.Jan.08_15_00_00.GMT.2025.CACO03.c2.timex.jpg,c2,1736348400,2025-01-08T15:00:00+00:00,0.0,1.1264473024380008,6.430868167202571,127.19798049428104,28.65682718646772,adcp linear at epoch+300s
1736350200.Wed.Jan.08_15_30_00.GMT.2025.CACO03.c2.timex.jpg,c2,1736350200,2025-01-08T15:30:00+00:00,30.0,1.1711594677373987,6.768189509306261,142.09368617238562,32.041222794143835,adcp linear at epoch+300s
1736352000.Wed.Jan.08_16_00_00.GMT.2025.CACO03.c2.timex.jpg,c2,1736352000,2025-01-08T16:00:00+00:00,0.0,1.2094157475091283,6.768189509306261,128.74345447814542,25.51107718265317,adcp linear at epoch+300s
1736353800.Wed.Jan.08_16_30_00.GMT.2025.CACO03.c2.timex.jpg,c2,1736353800,2025-01-08T16:30:00+00:00,30.0,1.2153925996425168,7.142857142857142,126.77245136335785,25.78419427260813,adcp linear at epoch+300s
1736355600.Wed.Jan.08_17_00_00.GMT.2025.CACO03.c2.timex.jpg,c2,1736355600,2025-01-08T17:00:00+00:00,0.0,1.221133442581312,7.142857142857142,136.93267782373366,29.3977604162495,adcp linear at epoch+300s
1736357400.Wed.Jan.08_17_30_00.GMT.2025.CACO03.c2.timex.jpg,c2,1736357400,2025-01-08T17:30:00+00:00,30.0,1.2256942395471402,7.561436672967865,205.99772454554736,18.17651496625496,adcp linear at epoch+300s
1736359200.Wed.Jan.08_18_00_00.GMT.2025.CACO03.c2.timex.jpg,c2,1736359200,2025-01-08T18:00:00+00:00,0.0,1.2308301084692483,7.561436672967865,187.8488657832925,16.96632396400273,adcp linear at epoch+300s
1736361000.Wed.Jan.08_18_30_00.GMT.2025.CACO03.c2.timex.jpg,c2,1736361000,2025-01-08T18:30:00+00:00,30.0,1.2388413371727562,7.142857142857142,175.90847439236111,13.926549188441644,adcp linear at epoch+300s
1736362800.Wed.Jan.08_19_00_00.GMT.2025.CACO03.c2.timex.jpg,c2,1736362800,2025-01-08T19:00:00+00:00,0.0,1.2431776559503915,7.142857142857142,149.96486928104576,18.344236909454537,adcp linear at epoch+300s
1736364600.Wed.Jan.08_19_30_00.GMT.2025.CACO03.c2.timex.jpg,c2,1736364600,2025-01-08T19:30:00+00:00,30.0,1.2291394250986618,6.125574272588055,110.2807776756536,16.33878901329792,adcp linear at epoch+300s
1736366400.Wed.Jan.08_20_00_00.GMT.2025.CACO03.c2.timex.jpg,c2,1736366400,2025-01-08T20:00:00+00:00,0.0,1.2242316437220737,6.125574272588055,127.74086945976308,16.015880227501412,adcp linear at epoch+300s
1736368200.Wed.Jan.08_20_30_00.GMT.2025.CACO03.c2.timex.jpg,c2,1736368200,2025-01-08T20:30:00+00:00,30.0,1.2649761097211938,7.142857142857142,110.46192044526144,13.923751449364962,adcp linear at epoch+300s
1736370000.Wed.Jan.08_21_00_00.GMT.2025.CACO03.c2.timex.jpg,c2,1736370000,2025-01-08T21:00:00+00:00,0.0,1.2949897536291213,7.142857142857142,106.42843009599672,11.47195727405852,adcp linear at epoch+300s
1736371800.Wed.Jan.08_21_30_00.GMT.2025.CACO03.c2.timex.jpg,c2,1736371800,2025-01-08T21:30:00+00:00,30.0,1.2713492870810854,6.768189509306261,34.97592103247549,2.133530509319629,adcp linear at epoch+300s
1736373600.Wed.Jan.08_22_00_00.GMT.2025.CACO03.c2.timex.jpg,c2,1736373600,2025-01-08T22:00:00+00:00,0.0,1.2383865286362765,6.768189509306261,0.2620985243055556,1.1631178502886987,adcp linear at epoch+300s
1736375400.Wed.Jan.08_22_30_00.GMT.2025.CACO03.c2.timex.jpg,c2,1736375400,2025-01-08T22:30:00+00:00,30.0,1.1588123107076038,7.142857142857142,0.0,0.0,adcp linear at epoch+300s
1736377200.Wed.Jan.08_23_00_00.GMT.2025.CACO03.c2.timex.jpg,c2,1736377200,2025-01-08T23:00:00+00:00,0.0,1.0872280010114541,7.142857142857142,0.0,0.0,adcp linear at epoch+300s
1736379000.Wed.Jan.08_23_30_00.GMT.2025.CACO03.c2.timex.jpg,c2,1736379000,2025-01-08T23:30:00+00:00,30.0,1.0555932324779191,6.768189509306261,0.0,0.0,adcp linear at epoch+300s
1736380800.Thu.Jan.09_00_00_00.GMT.2025.CACO03.c2.timex.jpg,c2,1736380800,2025-01-09T00:00:00+00:00,0.0,1.028292292380704,6.768189509306261,0.0,0.0,adcp linear at epoch+300s
1736382600.Thu.Jan.09_00_30_00.GMT.2025.CACO03.c2.timex.jpg,c2,1736382600,2025-01-09T00:30:00+00:00,30.0,1.0226604944650868,7.142857142857142,0.0,0.0,adcp linear at epoch+300s
1736384400.Thu.Jan.09_01_00_00.GMT.2025.CACO03.c2.timex.jpg,c2,1736384400,2025-01-09T01:00:00+00:00,0.0,1.0339220630061203,7.142857142857142,0.0,0.0,adcp linear at epoch+300s
1736386200.Thu.Jan.09_01_30_00.GMT.2025.CACO03.c2.timex.jpg,c2,1736386200,2025-01-09T01:30:00+00:00,30.0,1.129650463830409,6.768189509306261,0.0,0.0,adcp linear at epoch+300s
1736388000.Thu.Jan.09_02_00_00.GMT.2025.CACO03.c2.timex.jpg,c2,1736388000,2025-01-09T02:00:00+00:00,0.0,1.2206836799971366,6.768189509306261,0.0,0.0,adcp linear at epoch+300s
1736389800.Thu.Jan.09_02_30_00.GMT.2025.CACO03.c2.timex.jpg,c2,1736389800,2025-01-09T02:30:00+00:00,30.0,1.28824097287606,7.142857142857142,0.0,0.0,adcp linear at epoch+300s
1736391600.Thu.Jan.09_03_00_00.GMT.2025.CACO03.c2.timex.jpg,c2,1736391600,2025-01-09T03:00:00+00:00,0.0,1.3464185894037437,7.142857142857142,0.0,0.0,adcp linear at epoch+300s
1736422200.Thu.Jan.09_11_30_00.GMT.2025.CACO03.c2.timex.jpg,c2,1736422200,2025-01-09T11:30:00+00:00,30.0,1.312848044527119,6.768189509306261,1.0000510620915033,0.0011680453431372,adcp linear at epoch+300s
1736424000.Thu.Jan.09_12_00_00.GMT.2025.CACO03.c2.timex.jpg,c2,1736424000,2025-01-09T12:00:00+00:00,0.0,1.267371420976987,6.768189509306261,45.5584756689134,3.004812570184302,adcp linear at epoch+300s
1736425800.Thu.Jan.09_12_30_00.GMT.2025.CACO03.c2.timex.jpg,c2,1736425800,2025-01-09T12:30:00+00:00,30.0,1.2761338658288413,6.430868167202571,182.2386514501634,23.38856974751708,adcp linear at epoch+300s
1736427600.Thu.Jan.09_13_00_00.GMT.2025.CACO03.c2.timex.jpg,c2,1736427600,2025-01-09T13:00:00+00:00,0.0,1.2801490510937912,6.430868167202571,154.8982172947304,21.64916470259704,adcp linear at epoch+300s
1736429400.Thu.Jan.09_13_30_00.GMT.2025.CACO03.c2.timex.jpg,c2,1736429400,2025-01-09T13:30:00+00:00,30.0,1.2604279384242205,4.291845493562232,157.90492557700162,29.86527512595901,adcp linear at epoch+300s
1736431200.Thu.Jan.09_14_00_00.GMT.2025.CACO03.c2.timex.jpg,c2,1736431200,2025-01-09T14:00:00+00:00,0.0,1.254819112386056,4.291845493562232,164.27431512969773,76.42026206918354,adcp linear at epoch+300s
1736433000.Thu.Jan.09_14_30_00.GMT.2025.CACO03.c2.timex.jpg,c2,1736433000,2025-01-09T14:30:00+00:00,30.0,1.3197717195049226,6.430868167202571,172.20624936172385,94.54028574034923,adcp linear at epoch+300s
1736434800.Thu.Jan.09_15_00_00.GMT.2025.CACO03.c2.timex.jpg,c2,1736434800,2025-01-09T15:00:00+00:00,0.0,1.3664107664410707,6.430868167202571,142.51866319444446,91.46860612386456,adcp linear at epoch+300s
1736436600.Thu.Jan.09_15_30_00.GMT.2025.CACO03.c2.timex.jpg,c2,1736436600,2025-01-09T15:30:00+00:00,30.0,1.3214820124636264,7.142857142857142,139.92046440972223,52.556498809934055,adcp linear at epoch+300s
1736438400.Thu.Jan.09_16_00_00.GMT.2025.CACO03.c2.timex.jpg,c2,1736438400,2025-01-09T16:00:00+00:00,0.0,1.2993568374626607,7.142857142857142,123.37122459660948,29.221050025580706,adcp linear at epoch+300s
1736440200.Thu.Jan.09_16_30_00.GMT.2025.CACO03.c2.timex.jpg,c2,1736440200,2025-01-09T16:30:00+00:00,30.0,1.3912495573440875,6.430868167202571,164.8215922436683,30.063725032445447,adcp linear at epoch+300s
1736442000.Thu.Jan.09_17_00_00.GMT.2025.CACO03.c2.timex.jpg,c2,1736442000,2025-01-09T17:00:00+00:00,0.0,1.475458737195712,6.430868167202571,139.40366498161765,19.199106971000155,adcp linear at epoch+300s
1736443800.Thu.Jan.09_17_30_00.GMT.2025.CACO03.c2.timex.jpg,c2,1736443800,2025-01-09T17:30:00+00:00,30.0,1.5212502168983248,7.142857142857142,157.7822584763072,21.878264568337737,adcp linear at epoch+300s
1736445600.Thu.Jan.09_18_00_00.GMT.2025.CACO03.c2.timex.jpg,c2,1736445600,2025-01-09T18:00:00+00:00,0.0,1.570537915847424,7.142857142857142,133.5650594873366,14.628347481089982,adcp linear at epoch+300s
1736447400.Thu.Jan.09_18_30_00.GMT.2025.CACO03.c2.timex.jpg,c2,1736447400,2025-01-09T18:30:00+00:00,30.0,1.6373067110289552,7.142857142857142,129.24435763888889,12.166516030113304,adcp linear at epoch+300s
1736449200.Thu.Jan.09_19_00_00.GMT.2025.CACO03.c2.timex.jpg,c2,1736449200,2025-01-09T19:00:00+00:00,0.0,1.6824811739596497,7.142857142857142,157.6381644454657,18.941789213078938,adcp linear at epoch+300s
1736451000.Thu.Jan.09_19_30_00.GMT.2025.CACO03.c2.timex.jpg,c2,1736451000,2025-01-09T19:30:00+00:00,30.0,1.6196839756361596,6.768189509306261,129.3209188623366,10.992972447293765,adcp linear at epoch+300s
1736452800.Thu.Jan.09_20_00_00.GMT.2025.CACO03.c2.timex.jpg,c2,1736452800,2025-01-09T20:00:00+00:00,0.0,1.5756111788458167,6.768189509306261,128.63492519403596,10.492091274550726,adcp linear at epoch+300s
1736454600.Thu.Jan.09_20_30_00.GMT.2025.CACO03.c2.timex.jpg,c2,1736454600,2025-01-09T20:30:00+00:00,30.0,1.6251603897212101,7.142857142857142,105.1567893433415,13.799281033769294,adcp linear at epoch+300s
1736456400.Thu.Jan.09_21_00_00.GMT.2025.CACO03.c2.timex.jpg,c2,1736456400,2025-01-09T21:00:00+00:00,0.0,1.67921421093292,7.142857142857142,100.80331520629085,10.551867015267373,adcp linear at epoch+300s
1736458200.Thu.Jan.09_21_30_00.GMT.2025.CACO03.c2.timex.jpg,c2,1736458200,2025-01-09T21:30:00+00:00,30.0,1.7557910838262145,7.561436672967865,41.87985089869281,2.477159055968292,adcp linear at epoch+300s
1736460000.Thu.Jan.09_22_00_00.GMT.2025.CACO03.c2.timex.jpg,c2,1736460000,2025-01-09T22:00:00+00:00,0.0,1.812764068958621,7.561436672967865,0.8234272875816994,1.236423859536569,adcp linear at epoch+300s
1736461800.Thu.Jan.09_22_30_00.GMT.2025.CACO03.c2.timex.jpg,c2,1736461800,2025-01-09T22:30:00+00:00,30.0,1.7717176152865883,7.561436672967865,0.0,0.0,adcp linear at epoch+300s
1736463600.Thu.Jan.09_23_00_00.GMT.2025.CACO03.c2.timex.jpg,c2,1736463600,2025-01-09T23:00:00+00:00,0.0,1.7434888383606029,7.561436672967865,0.0,0.0,adcp linear at epoch+300s
1736465400.Thu.Jan.09_23_30_00.GMT.2025.CACO03.c2.timex.jpg,c2,1736465400,2025-01-09T23:30:00+00:00,30.0,1.7793484451648545,7.561436672967865,0.0,0.0,adcp linear at epoch+300s
1736467200.Fri.Jan.10_00_00_00.GMT.2025.CACO03.c2.timex.jpg,c2,1736467200,2025-01-10T00:00:00+00:00,0.0,1.825916954628742,7.561436672967865,0.0,0.0,adcp linear at epoch+300s
1736469000.Fri.Jan.10_00_30_00.GMT.2025.CACO03.c2.timex.jpg,c2,1736469000,2025-01-10T00:30:00+00:00,30.0,1.9260299773908098,7.561436672967865,0.0,0.0,adcp linear at epoch+300s
1736470800.Fri.Jan.10_01_00_00.GMT.2025.CACO03.c2.timex.jpg,c2,1736470800,2025-01-10T01:00:00+00:00,0.0,1.9829624915750843,7.561436672967865,0.0,0.0,adcp linear at epoch+300s
1736472600.Fri.Jan.10_01_30_00.GMT.2025.CACO03.c2.timex.jpg,c2,1736472600,2025-01-10T01:30:00+00:00,30.0,1.8239924628703907,7.561436672967865,0.0,0.0,adcp linear at epoch+300s
1736474400.Fri.Jan.10_02_00_00.GMT.2025.CACO03.c2.timex.jpg,c2,1736474400,2025-01-10T02:00:00+00:00,0.0,1.7083133999139013,7.561436672967865,0.0,0.0,adcp linear at epoch+300s
1736476200.Fri.Jan.10_02_30_00.GMT.2025.CACO03.c2.timex.jpg,c2,1736476200,2025-01-10T02:30:00+00:00,30.0,1.8090891656984318,7.561436672967865,0.0,0.0,adcp linear at epoch+300s
1736478000.Fri.Jan.10_03_00_00.GMT.2025.CACO03.c2.timex.jpg,c2,1736478000,2025-01-10T03:00:00+00:00,0.0,1.884757724438857,7.561436672967865,0.0,0.0,adcp linear at epoch+300s
1736508600.Fri.Jan.10_11_30_00.GMT.2025.CACO03.c2.timex.jpg,c2,1736508600,2025-01-10T11:30:00+00:00,30.0,1.9069044098105516,7.142857142857142,1.7358972886029411,0.3368534250339656,adcp linear at epoch+300s
1736510400.Fri.Jan.10_12_00_00.GMT.2025.CACO03.c2.timex.jpg,c2,1736510400,2025-01-10T12:00:00+00:00,0.0,1.866834827144435,7.142857142857142,93.98012088950163,9.222388066130849,adcp linear at epoch+300s
1736512200.Fri.Jan.10_12_30_00.GMT.2025.CACO03.c2.timex.jpg,c2,1736512200,2025-01-10T12:30:00+00:00,30.0,1.7163142077329319,7.142857142857142,148.24071627348857,88.71715107522853,adcp linear at epoch+300s
1736514000.Fri.Jan.10_13_00_00.GMT.2025.CACO03.c2.timex.jpg,c2,1736514000,2025-01-10T13:00:00+00:00,0.0,1.5987565429165518,7.142857142857142,137.92453022875816,78.38317536372764,adcp linear at epoch+300s
1736515800.Fri.Jan.10_13_30_00.GMT.2025.CACO03.c2.timex.jpg,c2,1736515800,2025-01-10T13:30:00+00:00,30.0,1.646013651075787,7.142857142857142,129.61325891033496,65.52337045019554,adcp linear at epoch+300s
1736517600.Fri.Jan.10_14_00_00.GMT.2025.CACO03.c2.timex.jpg,c2,1736517600,2025-01-10T14:00:00+00:00,0.0,1.6857714654260558,7.142857142857142,132.20449410232845,50.65859663491064,adcp linear at epoch+300s
1736519400.Fri.Jan.10_14_30_00.GMT.2025.CACO03.c2.timex.jpg,c2,1736519400,2025-01-10T14:30:00+00:00,30.0,1.688032810731493,7.561436672967865,128.4441508374183,42.35179317499136,adcp linear at epoch+300s
1736521200.Fri.Jan.10_15_00_00.GMT.2025.CACO03.c2.timex.jpg,c2,1736521200,2025-01-10T15:00:00+00:00,0.0,1.6752899696103856,7.561436672967865,132.49478847528596,38.56872333636567,adcp linear at epoch+300s
1736523000.Fri.Jan.10_15_30_00.GMT.2025.CACO03.c2.timex.jpg,c2,1736523000,2025-01-10T15:30:00+00:00,30.0,1.5875261963565543,6.768189509306261,127.92775671466504,32.51087124603634,adcp linear at epoch+300s
1736524800.Fri.Jan.10_16_00_00.GMT.2025.CACO03.c2.timex.jpg,c2,1736524800,2025-01-10T16:00:00+00:00,0.0,1.5250661220008956,6.768189509306261,132.31956252553104,29.49326852292842,adcp linear at epoch+300s
1736526600.Fri.Jan.10_16_30_00.GMT.2025.CACO03.c2.timex.jpg,c2,1736526600,2025-01-10T16:30:00+00:00,30.0,1.5891245421360998,7.561436672967865,136.47233392054738,29.23509932241628,adcp linear at epoch+300s
1736528400.Fri.Jan.10_17_00_00.GMT.2025.CACO03.c2.timex.jpg,c2,1736528400,2025-01-10T17:00:00+00:00,0.0,1.6087993039871111,7.561436672967865,139.45658764808007,31.369057002318726,adcp linear at epoch+300s
1736530200.Fri.Jan.10_17_30_00.GMT.2025.CACO03.c2.timex.jpg,c2,1736530200,2025-01-10T17:30:00+00:00,30.0,1.4065557744171575,6.768189509306261,135.93935419219773,29.549341211223645,adcp linear at epoch+300s
1736532000.Fri.Jan.10_18_00_00.GMT.2025.CACO03.c2.timex.jpg,c2,1736532000,2025-01-10T18:00:00+00:00,0.0,1.2338284183092085,6.768189509306261,132.02593954248366,27.17143746175843,adcp linear at epoch+300s
1736533800.Fri.Jan.10_18_30_00.GMT.2025.CACO03.c2.timex.jpg,c2,1736533800,2025-01-10T18:30:00+00:00,30.0,1.2086819295112818,6.430868167202571,120.8505508323121,28.17130350443273,adcp linear at epoch+300s
1736535600.Fri.Jan.10_19_00_00.GMT.2025.CACO03.c2.timex.jpg,c2,1736535600,2025-01-10T19:00:00+00:00,0.0,1.1789467043866884,6.430868167202571,109.2592454299428,34.544586742126455,adcp linear at epoch+300s
1736537400.Fri.Jan.10_19_30_00.GMT.2025.CACO03.c2.timex.jpg,c2,1736537400,2025-01-10T19:30:00+00:00,30.0,1.1262677976287603,6.768189509306261,100.40622127757354,26.54598133090092,adcp linear at epoch+300s
1736539200.Fri.Jan.10_20_00_00.GMT.2025.CACO03.c2.timex.jpg,c2,1736539200,2025-01-10T20:00:00+00:00,0.0,1.0718145756799142,6.768189509306261,97.99749476613562,18.747899999622195,adcp linear at epoch+300s
1736541000.Fri.Jan.10_20_30_00.GMT.2025.CACO03.c2.timex.jpg,c2,1736541000,2025-01-10T20:30:00+00:00,30.0,1.0084897777764794,6.430868167202571,96.92437704248366,18.80674585988904,adcp linear at epoch+300s
1736542800.Fri.Jan.10_21_00_00.GMT.2025.CACO03.c2.timex.jpg,c2,1736542800,2025-01-10T21:00:00+00:00,0.0,0.9552379001269126,6.430868167202571,97.19765816482844,16.170432389951227,adcp linear at epoch+300s
1736544600.Fri.Jan.10_21_30_00.GMT.2025.CACO03.c2.timex.jpg,c2,1736544600,2025-01-10T21:30:00+00:00,30.0,0.9523506237466854,6.125574272588055,52.1914222069036,3.693439154130155,adcp linear at epoch+300s
1736546400.Fri.Jan.10_22_00_00.GMT.2025.CACO03.c2.timex.jpg,c2,1736546400,2025-01-10T22:00:00+00:00,0.0,0.96337722326841,6.125574272588055,0.9879046670751634,0.5287447658809983,adcp linear at epoch+300s
1736548200.Fri.Jan.10_22_30_00.GMT.2025.CACO03.c2.timex.jpg,c2,1736548200,2025-01-10T22:30:00+00:00,30.0,1.0439732022998933,5.594405594405594,3.1913807189542485e-06,6.382761437908497e-05,adcp linear at epoch+300s
1736550000.Fri.Jan.10_23_00_00.GMT.2025.CACO03.c2.timex.jpg,c2,1736550000,2025-01-10T23:00:00+00:00,0.0,1.1018989820841103,5.594405594405594,3.1913807189542485e-06,6.382761437908497e-05,adcp linear at epoch+300s
1736551800.Fri.Jan.10_23_30_00.GMT.2025.CACO03.c2.timex.jpg,c2,1736551800,2025-01-10T23:30:00+00:00,30.0,1.0464737656319973,5.594405594405594,3.1913807189542485e-06,6.382761437908497e-05,adcp linear at epoch+300s
1736553600.Sat.Jan.11_00_00_00.GMT.2025.CACO03.c2.timex.jpg,c2,1736553600,2025-01-11T00:00:00+00:00,0.0,0.9868460794318432,5.594405594405594,3.1913807189542485e-06,6.382761437908497e-05,adcp linear at epoch+300s
1736555400.Sat.Jan.11_00_30_00.GMT.2025.CACO03.c2.timex.jpg,c2,1736555400,2025-01-11T00:30:00+00:00,30.0,0.9062060444914835,6.125574272588055,3.1913807189542485e-06,6.382761437908497e-05,adcp linear at epoch+300s
1736557200.Sat.Jan.11_01_00_00.GMT.2025.CACO03.c2.timex.jpg,c2,1736557200,2025-01-11T01:00:00+00:00,0.0,0.8501160313266937,6.125574272588055,3.1913807189542485e-06,6.382761437908497e-05,adcp linear at epoch+300s
1736559000.Sat.Jan.11_01_30_00.GMT.2025.CACO03.c2.timex.jpg,c2,1736559000,2025-01-11T01:30:00+00:00,30.0,0.9167761270397526,5.594405594405594,3.1913807189542485e-06,6.382761437908497e-05,adcp linear at epoch+300s
1736560800.Sat.Jan.11_02_00_00.GMT.2025.CACO03.c2.timex.jpg,c2,1736560800,2025-01-11T02:00:00+00:00,0.0,0.9591567488362829,5.594405594405594,3.1913807189542485e-06,6.382761437908497e-05,adcp linear at epoch+300s
1736562600.Sat.Jan.11_02_30_00.GMT.2025.CACO03.c2.timex.jpg,c2,1736562600,2025-01-11T02:30:00+00:00,30.0,0.880140001050169,5.847953216374269,3.1913807189542485e-06,6.382761437908497e-05,adcp linear at epoch+300s
1736564400.Sat.Jan.11_03_00_00.GMT.2025.CACO03.c2.timex.jpg,c2,1736564400,2025-01-11T03:00:00+00:00,0.0,0.8081414057985732,5.847953216374269,3.1913807189542485e-06,6.382761437908497e-05,adcp linear at epoch+300s
1736595000.Sat.Jan.11_11_30_00.GMT.2025.CACO03.c2.timex.jpg,c2,1736595000,2025-01-11T11:30:00+00:00,30.0,0.6476455475504763,5.847953216374269,0.6249872344771242,1.7276762855053454,adcp linear at epoch+300s
1736596800.Sat.Jan.11_12_00_00.GMT.2025.CACO03.c2.timex.jpg,c2,1736596800,2025-01-11T12:00:00+00:00,0.0,0.6471375199564089,5.847953216374269,24.12740630106209,1.92333657704168,adcp linear at epoch+300s
1736598600.Sat.Jan.11_12_30_00.GMT.2025.CACO03.c2.timex.jpg,c2,1736598600,2025-01-11T12:30:00+00:00,30.0,0.6448437322266426,6.125574272588055,121.80780547896242,21.766259827278343,adcp linear at epoch+300s
1736600400.Sat.Jan.11_13_00_00.GMT.2025.CACO03.c2.timex.jpg,c2,1736600400,2025-01-11T13:00:00+00:00,0.0,0.6429410140402472,6.125574272588055,164.91216681985293,34.89499790753327,adcp linear at epoch+300s
1736602200.Sat.Jan.11_13_30_00.GMT.2025.CACO03.c2.timex.jpg,c2,1736602200,2025-01-11T13:30:00+00:00,30.0,0.6429936435707057,5.594405594405594,144.97369664011438,21.711495164356432,adcp linear at epoch+300s
1736604000.Sat.Jan.11_14_00_00.GMT.2025.CACO03.c2.timex.jpg,c2,1736604000,2025-01-11T14:00:00+00:00,0.0,0.645540189298101,5.594405594405594,140.64165581597223,18.291397299891408,adcp linear at epoch+300s
1736605800.Sat.Jan.11_14_30_00.GMT.2025.CACO03.c2.timex.jpg,c2,1736605800,2025-01-11T14:30:00+00:00,30.0,0.6605563160101809,5.847953216374269,130.27703418607027,23.13139790264217,adcp linear at epoch+300s
1736607600.Sat.Jan.11_15_00_00.GMT.2025.CACO03.c2.timex.jpg,c2,1736607600,2025-01-11T15:00:00+00:00,0.0,0.6616929080874859,5.847953216374269,168.68334482230392,25.83309043604152,adcp linear at epoch+300s
1736609400.Sat.Jan.11_15_30_00.GMT.2025.CACO03.c2.timex.jpg,c2,1736609400,2025-01-11T15:30:00+00:00,30.0,0.5934318269909152,6.125574272588055,142.78317759395424,16.15060979384289,adcp linear at epoch+300s
1736611200.Sat.Jan.11_16_00_00.GMT.2025.CACO03.c2.timex.jpg,c2,1736611200,2025-01-11T16:00:00+00:00,0.0,0.5392952857526914,6.125574272588055,149.9729913449755,20.064085422411,adcp linear at epoch+300s
1736613000.Sat.Jan.11_16_30_00.GMT.2025.CACO03.c2.timex.jpg,c2,1736613000,2025-01-11T16:30:00+00:00,30.0,0.5557814438062014,5.594405594405594,139.01235383476308,16.331271688189243,adcp linear at epoch+300s
1736614800.Sat.Jan.11_17_00_00.GMT.2025.CACO03.c2.timex.jpg,c2,1736614800,2025-01-11T17:00:00+00:00,0.0,0.5687836451764962,5.594405594405594,122.3135116676879,12.72521254586422,adcp linear at epoch+300s
1736616600.Sat.Jan.11_17_30_00.GMT.2025.CACO03.c2.timex.jpg,c2,1736616600,2025-01-11T17:30:00+00:00,30.0,0.5643660631307142,5.594405594405594,160.86079516441993,13.463021454488644,adcp linear at epoch+300s
1736618400.Sat.Jan.11_18_00_00.GMT.2025.CACO03.c2.timex.jpg,c2,1736618400,2025-01-11T18:00:00+00:00,0.0,0.561722277598456,5.594405594405594,123.96770960988562,8.543016606767644,adcp linear at epoch+300s
1736620200.Sat.Jan.11_18_30_00.GMT.2025.CACO03.c2.timex.jpg,c2,1736620200,2025-01-11T18:30:00+00:00,30.0,0.567947474633817,5.847953216374269,193.3757212520425,3.698206741229611,adcp linear at epoch+300s
1736622000.Sat.Jan.11_19_00_00.GMT.2025.CACO03.c2.timex.jpg,c2,1736622000,2025-01-11T19:00:00+00:00,0.0,0.5725151746265636,5.847953216374269,160.1700399560866,57.11408225575109,adcp linear at epoch+300s
1736623800.Sat.Jan.11_19_30_00.GMT.2025.CACO03.c2.timex.jpg,c2,1736623800,2025-01-11T19:30:00+00:00,30.0,0.5687953894062392,5.847953216374269,146.65596915849673,47.79390655818073,adcp linear at epoch+300s
1736625600.Sat.Jan.11_20_00_00.GMT.2025.CACO03.c2.timex.jpg,c2,1736625600,2025-01-11T20:00:00+00:00,0.0,0.5573815088815512,5.847953216374269,141.81640944138073,65.60787554114982,adcp linear at epoch+300s
1736627400.Sat.Jan.11_20_30_00.GMT.2025.CACO03.c2.timex.jpg,c2,1736627400,2025-01-11T20:30:00+00:00,30.0,0.5074971518350462,14.234875444839856,113.52323963439542,39.71732320812614,adcp linear at epoch+300s
1736629200.Sat.Jan.11_21_00_00.GMT.2025.CACO03.c2.timex.jpg,c2,1736629200,2025-01-11T21:00:00+00:00,0.0,0.517052095774162,14.234875444839856,71.01374846813725,11.473389631008429,adcp linear at epoch+300s
1736631000.Sat.Jan.11_21_30_00.GMT.2025.CACO03.c2.timex.jpg,c2,1736631000,2025-01-11T21:30:00+00:00,30.0,0.8238035446413825,4.291845493562232,10.355293224060455,0.887462341615852,adcp linear at epoch+300s
1736632800.Sat.Jan.11_22_00_00.GMT.2025.CACO03.c2.timex.jpg,c2,1736632800,2025-01-11T22:00:00+00:00,0.0,1.109640010320317,4.291845493562232,0.0017520680147058,0.0286330674438007,adcp linear at epoch+300s
1736634600.Sat.Jan.11_22_30_00.GMT.2025.CACO03.c2.timex.jpg,c2,1736634600,2025-01-11T22:30:00+00:00,30.0,1.2909015600578209,5.148005148005149,0.000555300245098,0.004321129493464,adcp linear at epoch+300s
1736636400.Sat.Jan.11_23_00_00.GMT.2025.CACO03.c2.timex.jpg,c2,1736636400,2025-01-11T23:00:00+00:00,0.0,1.4687367065009487,5.148005148005149,3.1913807189542485e-06,6.382761437908497e-05,adcp linear at epoch+300s
1736638200.Sat.Jan.11_23_30_00.GMT.2025.CACO03.c2.timex.jpg,c2,1736638200,2025-01-11T23:30:00+00:00,30.0,1.6294398364721945,5.847953216374269,0.0009797538807189,0.0074359170751633,adcp linear at epoch+300s
1736640000.Sun.Jan.12_00_00_00.GMT.2025.CACO03.c2.timex.jpg,c2,1736640000,2025-01-12T00:00:00+00:00,0.0,1.7659022364896746,5.847953216374269,3.1913807189542485e-06,6.382761437908497e-05,adcp linear at epoch+300s
1736641800.Sun.Jan.12_00_30_00.GMT.2025.CACO03.c2.timex.jpg,c2,1736641800,2025-01-12T00:30:00+00:00,30.0,1.7811609867383262,6.125574272588055,3.1913807189542485e-06,6.382761437908497e-05,adcp linear at epoch+300s
1736643600.Sun.Jan.12_01_00_00.GMT.2025.CACO03.c2.timex.jpg,c2,1736643600,2025-01-12T01:00:00+00:00,0.0,1.7824216639824153,6.125574272588055,3.1913807189542485e-06,6.382761437908497e-05,adcp linear at epoch+300s
1736645400.Sun.Jan.12_01_30_00.GMT.2025.CACO03.c2.timex.jpg,c2,1736645400,2025-01-12T01:30:00+00:00,30.0,1.7136919762036928,6.125574272588055,6.382761437908497e-06,0.0001276552287581,adcp linear at epoch+300s
1736647200.Sun.Jan.12_02_00_00.GMT.2025.CACO03.c2.timex.jpg,c2,1736647200,2025-01-12T02:00:00+00:00,0.0,1.6582982871324594,6.125574272588055,3.1913807189542485e-06,6.382761437908497e-05,adcp linear at epoch+300s
1736649000.Sun.Jan.12_02_30_00.GMT.2025.CACO03.c2.timex.jpg,c2,1736649000,2025-01-12T02:30:00+00:00,30.0,1.6695845915986705,5.847953216374269,3.1913807189542485e-06,6.382761437908497e-05,adcp linear at epoch+300s
1736650800.Sun.Jan.12_03_00_00.GMT.2025.CACO03.c2.timex.jpg,c2,1736650800,2025-01-12T03:00:00+00:00,0.0,1.678903549149549,5.847953216374269,3.1913807189542485e-06,6.382761437908497e-05,adcp linear at epoch+300s
1736681400.Sun.Jan.12_11_30_00.GMT.2025.CACO03.c2.timex.jpg,c2,1736681400,2025-01-12T11:30:00+00:00,30.0,1.812421748711754,7.142857142857142,0.1651699091094771,0.8296919473085618,adcp linear at epoch+300s
1736683200.Sun.Jan.12_12_00_00.GMT.2025.CACO03.c2.timex.jpg,c2,1736683200,2025-01-12T12:00:00+00:00,0.0,1.8038098709393,7.142857142857142,16.812573401756534,4.872070307570502,adcp linear at epoch+300s
1736685000.Sun.Jan.12_12_30_00.GMT.2025.CACO03.c2.timex.jpg,c2,1736685000,2025-01-12T12:30:00+00:00,30.0,1.8068848159577457,6.768189509306261,100.55612681270424,145.9383762217356,adcp linear at epoch+300s
1736686800.Sun.Jan.12_13_00_00.GMT.2025.CACO03.c2.timex.jpg,c2,1736686800,2025-01-12T13:00:00+00:00,0.0,1.7938852227722457,6.768189509306261,158.2281103196487,296.39573749006274,adcp linear at epoch+300s
1736688600.Sun.Jan.12_13_30_00.GMT.2025.CACO03.c2.timex.jpg,c2,1736688600,2025-01-12T13:30:00+00:00,30.0,1.7005129385670166,6.768189509306261,143.72362004697712,254.88636889365628,adcp linear at epoch+300s
1736690400.Sun.Jan.12_14_00_00.GMT.2025.CACO03.c2.timex.jpg,c2,1736690400,2025-01-12T14:00:00+00:00,0.0,1.6166692181784417,6.768189509306261,131.13701235702615,174.20397069143652,adcp linear at epoch+300s
1736692200.Sun.Jan.12_14_30_00.GMT.2025.CACO03.c2.timex.jpg,c2,1736692200,2025-01-12T14:30:00+00:00,30.0,1.5804683168731375,7.142857142857142,153.08944163602942,110.55213119661931,adcp linear at epoch+300s
1736694000.Sun.Jan.12_15_00_00.GMT.2025.CACO03.c2.timex.jpg,c2,1736694000,2025-01-12T15:00:00+00:00,0.0,1.5494853743851507,7.142857142857142,130.63253484987746,47.96754284814338,adcp linear at epoch+300s
1736695800.Sun.Jan.12_15_30_00.GMT.2025.CACO03.c2.timex.jpg,c2,1736695800,2025-01-12T15:30:00+00:00,30.0,1.544592225983751,6.768189509306261,131.3875772314134,43.68616164661013,adcp linear at epoch+300s
1736697600.Sun.Jan.12_16_00_00.GMT.2025.CACO03.c2.timex.jpg,c2,1736697600,2025-01-12T16:00:00+00:00,0.0,1.5401281574243222,6.768189509306261,139.94082861008988,44.31289253346287,adcp linear at epoch+300s
1736699400.Sun.Jan.12_16_30_00.GMT.2025.CACO03.c2.timex.jpg,c2,1736699400,2025-01-12T16:30:00+00:00,30.0,1.5378094880747482,6.430868167202571,152.51678027982027,49.083459060181625,adcp linear at epoch+300s
1736701200.Sun.Jan.12_17_00_00.GMT.2025.CACO03.c2.timex.jpg,c2,1736701200,2025-01-12T17:00:00+00:00,0.0,1.5169664384110386,6.430868167202571,129.22687525531046,33.38264399528341,adcp linear at epoch+300s
1736703000.Sun.Jan.12_17_30_00.GMT.2025.CACO03.c2.timex.jpg,c2,1736703000,2025-01-12T17:30:00+00:00,30.0,1.4035014871766527,6.430868167202571,121.3070810355392,30.442539118738623,adcp linear at epoch+300s
1736704800.Sun.Jan.12_18_00_00.GMT.2025.CACO03.c2.timex.jpg,c2,1736704800,2025-01-12T18:00:00+00:00,0.0,1.3104865559730006,6.430868167202571,146.2160437091503,48.28182388127062,adcp linear at epoch+300s
1736706600.Sun.Jan.12_18_30_00.GMT.2025.CACO03.c2.timex.jpg,c2,1736706600,2025-01-12T18:30:00+00:00,30.0,1.3197217249230166,6.430868167202571,132.4900620404412,41.49091680102146,adcp linear at epoch+300s
1736708400.Sun.Jan.12_19_00_00.GMT.2025.CACO03.c2.timex.jpg,c2,1736708400,2025-01-12T19:00:00+00:00,0.0,1.326282133765226,6.430868167202571,138.53915505004085,45.38702133961849,adcp linear at epoch+300s
1736710200.Sun.Jan.12_19_30_00.GMT.2025.CACO03.c2.timex.jpg,c2,1736710200,2025-01-12T19:30:00+00:00,30.0,1.3194687420684004,6.768189509306261,139.47916666666666,44.21860454821812,adcp linear at epoch+300s
1736712000.Sun.Jan.12_20_00_00.GMT.2025.CACO03.c2.timex.jpg,c2,1736712000,2025-01-12T20:00:00+00:00,0.0,1.3101355187258261,6.768189509306261,138.94182112949346,39.74203750509603,adcp linear at epoch+300s
1736713800.Sun.Jan.12_20_30_00.GMT.2025.CACO03.c2.timex.jpg,c2,1736713800,2025-01-12T20:30:00+00:00,30.0,1.288203137154507,6.430868167202571,145.42062078737746,28.155956151428505,adcp linear at epoch+300s
1736715600.Sun.Jan.12_21_00_00.GMT.2025.CACO03.c2.timex.jpg,c2,1736715600,2025-01-12T21:00:00+00:00,0.0,1.2767059013254585,6.430868167202571,112.8735000510621,19.415118769928384,adcp linear at epoch+300s
1736717400.Sun.Jan.12_21_30_00.GMT.2025.CACO03.c2.timex.jpg,c2,1736717400,2025-01-12T21:30:00+00:00,30.0,1.3173843942077628,6.768189509306261,77.3544411254085,7.861104117866114,adcp linear at epoch+300s
1736719200.Sun.Jan.12_22_00_00.GMT.2025.CACO03.c2.timex.jpg,c2,1736719200,2025-01-12T22:00:00+00:00,0.0,1.3517042354886672,6.768189509306261,1.2559232026143792,0.2330601314258033,adcp linear at epoch+300s
1736721000.Sun.Jan.12_22_30_00.GMT.2025.CACO03.c2.timex.jpg,c2,1736721000,2025-01-12T22:30:00+00:00,30.0,1.354230818762574,6.768189509306261,0.0,0.0,adcp linear at epoch+300s
1736722800.Sun.Jan.12_23_00_00.GMT.2025.CACO03.c2.timex.jpg,c2,1736722800,2025-01-12T23:00:00+00:00,0.0,1.3454198205322165,6.768189509306261,0.0,0.0,adcp linear at epoch+300s
1736724600.Sun.Jan.12_23_30_00.GMT.2025.CACO03.c2.timex.jpg,c2,1736724600,2025-01-12T23:30:00+00:00,30.0,1.2799209147805388,6.125574272588055,0.0,0.0,adcp linear at epoch+300s
1736726400.Mon.Jan.13_00_00_00.GMT.2025.CACO03.c2.timex.jpg,c2,1736726400,2025-01-13T00:00:00+00:00,0.0,1.2235769900011562,6.125574272588055,0.0,0.0,adcp linear at epoch+300s
1736728200.Mon.Jan.13_00_30_00.GMT.2025.CACO03.c2.timex.jpg,c2,1736728200,2025-01-13T00:30:00+00:00,30.0,1.2130079700832488,6.768189509306261,0.0,0.0,adcp linear at epoch+300s
1736730000.Mon.Jan.13_01_00_00.GMT.2025.CACO03.c2.timex.jpg,c2,1736730000,2025-01-13T01:00:00+00:00,0.0,1.2025820836768488,6.768189509306261,0.0,0.0,adcp linear at epoch+300s
1736731800.Mon.Jan.13_01_30_00.GMT.2025.CACO03.c2.timex.jpg,c2,1736731800,2025-01-13T01:30:00+00:00,30.0,1.1928718648279848,6.768189509306261,0.0,0.0,adcp linear at epoch+300s
1736733600.Mon.Jan.13_02_00_00.GMT.2025.CACO03.c2.timex.jpg,c2,1736733600,2025-01-13T02:00:00+00:00,0.0,1.1871854265984783,6.768189509306261,0.0,0.0,adcp linear at epoch+300s
1736735400.Mon.Jan.13_02_30_00.GMT.2025.CACO03.c2.timex.jpg,c2,1736735400,2025-01-13T02:30:00+00:00,30.0,1.201617891465759,6.768189509306261,0.0,0.0,adcp linear at epoch+300s
1736737200.Mon.Jan.13_03_00_00.GMT.2025.CACO03.c2.timex.jpg,c2,1736737200,2025-01-13T03:00:00+00:00,0.0,1.2147835909458202,6.768189509306261,0.0,0.0,adcp linear at epoch+300s
1736767800.Mon.Jan.13_11_30_00.GMT.2025.CACO03.c2.timex.jpg,c2,1736767800,2025-01-13T11:30:00+00:00,30.0,1.2039588111174393,9.876543209876544,1.285724315767974,0.3883942231562012,adcp linear at epoch+300s
1736769600.Mon.Jan.13_12_00_00.GMT.2025.CACO03.c2.timex.jpg,c2,1736769600,2025-01-13T12:00:00+00:00,0.0,1.2812025863421719,9.876543209876544,89.29738562091504,8.289868289736154,adcp linear at epoch+300s
1736771400.Mon.Jan.13_12_30_00.GMT.2025.CACO03.c2.timex.jpg,c2,1736771400,2025-01-13T12:30:00+00:00,30.0,1.2835052133371454,9.876543209876544,138.95038998672385,18.35095249782068,adcp linear at epoch+300s
1736773200.Mon.Jan.13_13_00_00.GMT.2025.CACO03.c2.timex.jpg,c2,1736773200,2025-01-13T13:00:00+00:00,0.0,1.2784111322022047,9.876543209876544,150.92242391748366,49.2848925704688,adcp linear at epoch+300s
1736775000.Mon.Jan.13_13_30_00.GMT.2025.CACO03.c2.timex.jpg,c2,1736775000,2025-01-13T13:30:00+00:00,30.0,1.2363335104176936,9.876543209876544,147.79482613357845,46.06332253803788,adcp linear at epoch+300s
1736776800.Mon.Jan.13_14_00_00.GMT.2025.CACO03.c2.timex.jpg,c2,1736776800,2025-01-13T14:00:00+00:00,0.0,1.1932480270190604,9.876543209876544,122.55799696180556,36.21619610832474,adcp linear at epoch+300s
1736778600.Mon.Jan.13_14_30_00.GMT.2025.CACO03.c2.timex.jpg,c2,1736778600,2025-01-13T14:30:00+00:00,30.0,1.145123235549819,10.6951871657754,143.57385493259804,21.825472621540072,adcp linear at epoch+300s
1736780400.Mon.Jan.13_15_00_00.GMT.2025.CACO03.c2.timex.jpg,c2,1736780400,2025-01-13T15:00:00+00:00,0.0,1.1143384868685806,10.6951871657754,137.74340341605392,17.253640754051048,adcp linear at epoch+300s
1736782200.Mon.Jan.13_15_30_00.GMT.2025.CACO03.c2.timex.jpg,c2,1736782200,2025-01-13T15:30:00+00:00,30.0,1.1702539521273583,11.661807580174926,146.41098600898692,15.890925458853651,adcp linear at epoch+300s
1736784000.Mon.Jan.13_16_00_00.GMT.2025.CACO03.c2.timex.jpg,c2,1736784000,2025-01-13T16:00:00+00:00,0.0,1.2046810913877188,11.661807580174926,152.35214013991012,16.681553472625826,adcp linear at epoch+300s
1736785800.Mon.Jan.13_16_30_00.GMT.2025.CACO03.c2.timex.jpg,c2,1736785800,2025-01-13T16:30:00+00:00,30.0,1.1316666006559932,11.661807580174926,135.81534352022058,15.596422405243736,adcp linear at epoch+300s
1736787600.Mon.Jan.13_17_00_00.GMT.2025.CACO03.c2.timex.jpg,c2,1736787600,2025-01-13T17:00:00+00:00,0.0,1.0647061794830588,11.661807580174926,132.72639654820262,17.593137077440073,adcp linear at epoch+300s
1736789400.Mon.Jan.13_17_30_00.GMT.2025.CACO03.c2.timex.jpg,c2,1736789400,2025-01-13T17:30:00+00:00,30.0,1.0280161061040807,9.174311926605505,151.88721022263073,17.056915079667863,adcp linear at epoch+300s
1736791200.Mon.Jan.13_18_00_00.GMT.2025.CACO03.c2.timex.jpg,c2,1736791200,2025-01-13T18:00:00+00:00,0.0,1.0042420320796939,9.174311926605505,126.92425257863562,8.846909305216121,adcp linear at epoch+300s
1736793000.Mon.Jan.13_18_30_00.GMT.2025.CACO03.c2.timex.jpg,c2,1736793000,2025-01-13T18:30:00+00:00,30.0,1.0450479548282632,11.661807580174926,159.57261029411765,15.834711858211714,adcp linear at epoch+300s
1736794800.Mon.Jan.13_19_00_00.GMT.2025.CACO03.c2.timex.jpg,c2,1736794800,2025-01-13T19:00:00+00:00,0.0,1.0680626169624603,11.661807580174926,137.39581737642973,13.422317591322152,adcp linear at epoch+300s
1736796600.Mon.Jan.13_19_30_00.GMT.2025.CACO03.c2.timex.jpg,c2,1736796600,2025-01-13T19:30:00+00:00,30.0,1.0021209760247964,11.661807580174926,140.05089294832516,13.201111104070891,adcp linear at epoch+300s
1736798400.Mon.Jan.13_20_00_00.GMT.2025.CACO03.c2.timex.jpg,c2,1736798400,2025-01-13T20:00:00+00:00,0.0,0.9488550369771135,11.661807580174926,143.1975688061683,14.397278716886124,adcp linear at epoch+300s
1736800200.Mon.Jan.13_20_30_00.GMT.2025.CACO03.c2.timex.jpg,c2,1736800200,2025-01-13T20:30:00+00:00,30.0,0.9589676073793352,11.661807580174926,130.46200661254085,12.67350211121698,adcp linear at epoch+300s
1736802000.Mon.Jan.13_21_00_00.GMT.2025.CACO03.c2.timex.jpg,c2,1736802000,2025-01-13T21:00:00+00:00,0.0,0.9587102750110791,11.661807580174926,119.23994076797386,11.297024869405504,adcp linear at epoch+300s
1736803800.Mon.Jan.13_21_30_00.GMT.2025.CACO03.c2.timex.jpg,c2,1736803800,2025-01-13T21:30:00+00:00,30.0,0.9066034287904339,11.661807580174926,28.45657807393791,1.6161662262300542,adcp linear at epoch+300s
1736805600.Mon.Jan.13_22_00_00.GMT.2025.CACO03.c2.timex.jpg,c2,1736805600,2025-01-13T22:00:00+00:00,0.0,0.8709978213190961,11.661807580174926,0.981515522875817,0.1893031288738349,adcp linear at epoch+300s
1736807400.Mon.Jan.13_22_30_00.GMT.2025.CACO03.c2.timex.jpg,c2,1736807400,2025-01-13T22:30:00+00:00,30.0,0.9178984075942958,11.661807580174926,3.1913807189542485e-06,6.382761437908497e-05,adcp linear at epoch+300s
1736809200.Mon.Jan.13_23_00_00.GMT.2025.CACO03.c2.timex.jpg,c2,1736809200,2025-01-13T23:00:00+00:00,0.0,0.9605742785655266,11.661807580174926,9.574142156862743e-06,0.0001404207516339,adcp linear at epoch+300s
1736811000.Mon.Jan.13_23_30_00.GMT.2025.CACO03.c2.timex.jpg,c2,1736811000,2025-01-13T23:30:00+00:00,30.0,0.9821265730169136,10.6951871657754,3.1913807189542485e-06,6.382761437908497e-05,adcp linear at epoch+300s
1736812800.Tue.Jan.14_00_00_00.GMT.2025.CACO03.c2.timex.jpg,c2,1736812800,2025-01-14T00:00:00+00:00,0.0,1.0064490323149156,10.6951871657754,3.1913807189542485e-06,6.382761437908497e-05,adcp linear at epoch+300s
1736814600.Tue.Jan.14_00_30_00.GMT.2025.CACO03.c2.timex.jpg,c2,1736814600,2025-01-14T00:30:00+00:00,30.0,1.0446223158459913,10.6951871657754,3.1913807189542485e-06,6.382761437908497e-05,adcp linear at epoch+300s
1736816400.Tue.Jan.14_01_00_00.GMT.2025.CACO03.c2.timex.jpg,c2,1736816400,2025-01-14T01:00:00+00:00,0.0,1.0793690189783027,10.6951871657754,3.1913807189542485e-06,6.382761437908497e-05,adcp linear at epoch+300s
1736818200.Tue.Jan.14_01_30_00.GMT.2025.CACO03.c2.timex.jpg,c2,1736818200,2025-01-14T01:30:00+00:00,30.0,1.0969828201167926,11.661807580174926,3.1913807189542485e-06,6.382761437908497e-05,adcp linear at epoch+300s
1736820000.Tue.Jan.14_02_00_00.GMT.2025.CACO03.c2.timex.jpg,c2,1736820000,2025-01-14T02:00:00+00:00,0.0,1.1071448321156372,11.661807580174926,0.0010882608251633,0.006274254493464,adcp linear at epoch+300s
1736821800.Tue.Jan.14_02_30_00.GMT.2025.CACO03.c2.timex.jpg,c2,1736821800,2025-01-14T02:30:00+00:00,30.0,1.0800478984162565,11.661807580174926,3.1913807189542485e-06,6.382761437908497e-05,adcp linear at epoch+300s
1736823600.Tue.Jan.14_03_00_00.GMT.2025.CACO03.c2.timex.jpg,c2,1736823600,2025-01-14T03:00:00+00:00,0.0,1.0715064824905156,11.661807580174926,3.1913807189542485e-06,6.382761437908497e-05,adcp linear at epoch+300s
1736854200.Tue.Jan.14_11_30_00.GMT.2025.CACO03.c2.timex.jpg,c2,1736854200,2025-01-14T11:30:00+00:00,30.0,0.8578642233655875,11.661807580174926,2.6607370812908497,0.4149273416763684,adcp linear at epoch+300s
1736856000.Tue.Jan.14_12_00_00.GMT.2025.CACO03.c2.timex.jpg,c2,1736856000,2025-01-14T12:00:00+00:00,0.0,0.8896761384081938,11.661807580174926,106.53331163194444,15.46661194635072,adcp linear at epoch+300s
1736857800.Tue.Jan.14_12_30_00.GMT.2025.CACO03.c2.timex.jpg,c2,1736857800,2025-01-14T12:30:00+00:00,30.0,0.9660345159133488,11.661807580174926,169.62650952308007,64.03031368491702,adcp linear at epoch+300s
1736859600.Tue.Jan.14_13_00_00.GMT.2025.CACO03.c2.timex.jpg,c2,1736859600,2025-01-14T13:00:00+00:00,0.0,1.0301546293210886,11.661807580174926,155.37241498161765,67.16775063759717,adcp linear at epoch+300s
1736861400.Tue.Jan.14_13_30_00.GMT.2025.CACO03.c2.timex.jpg,c2,1736861400,2025-01-14T13:30:00+00:00,30.0,1.0330834222417524,11.661807580174926,144.00965711805554,61.21690265474104,adcp linear at epoch+300s
1736863200.Tue.Jan.14_14_00_00.GMT.2025.CACO03.c2.timex.jpg,c2,1736863200,2025-01-14T14:00:00+00:00,0.0,1.0392593010421756,11.661807580174926,140.1283509497549,53.174396043086766,adcp linear at epoch+300s
1736865000.Tue.Jan.14_14_30_00.GMT.2025.CACO03.c2.timex.jpg,c2,1736865000,2025-01-14T14:30:00+00:00,30.0,1.061670609241395,11.661807580174926,158.94489762050654,40.38484685524572,adcp linear at epoch+300s
1736866800.Tue.Jan.14_15_00_00.GMT.2025.CACO03.c2.timex.jpg,c2,1736866800,2025-01-14T15:00:00+00:00,0.0,1.0686904920314766,11.661807580174926,125.17061440461602,37.55158425864438,adcp linear at epoch+300s
1736868600.Tue.Jan.14_15_30_00.GMT.2025.CACO03.c2.timex.jpg,c2,1736868600,2025-01-14T15:30:00+00:00,30.0,0.9987532477758704,9.876543209876544,117.0329669628268,27.398610819480453,adcp linear at epoch+300s
1736870400.Tue.Jan.14_16_00_00.GMT.2025.CACO03.c2.timex.jpg,c2,1736870400,2025-01-14T16:00:00+00:00,0.0,0.9399542991615355,9.876543209876544,118.81333295036764,31.71341699158357,adcp linear at epoch+300s
1736872200.Tue.Jan.14_16_30_00.GMT.2025.CACO03.c2.timex.jpg,c2,1736872200,2025-01-14T16:30:00+00:00,30.0,0.9368468287535567,11.661807580174926,136.14981617647058,28.76582684740568,adcp linear at epoch+300s
1736874000.Tue.Jan.14_17_00_00.GMT.2025.CACO03.c2.timex.jpg,c2,1736874000,2025-01-14T17:00:00+00:00,0.0,0.9232236503018529,11.661807580174926,140.66903147977942,33.861120331266505,adcp linear at epoch+300s
1736875800.Tue.Jan.14_17_30_00.GMT.2025.CACO03.c2.timex.jpg,c2,1736875800,2025-01-14T17:30:00+00:00,30.0,0.8570219316315236,9.876543209876544,138.79742391748366,35.22268496263877,adcp linear at epoch+300s
1736877600.Tue.Jan.14_18_00_00.GMT.2025.CACO03.c2.timex.jpg,c2,1736877600,2025-01-14T18:00:00+00:00,0.0,0.7988253174363555,9.876543209876544,136.8035896650327,28.52475862976853,adcp linear at epoch+300s
1736879400.Tue.Jan.14_18_30_00.GMT.2025.CACO03.c2.timex.jpg,c2,1736879400,2025-01-14T18:30:00+00:00,30.0,0.7806542256169937,9.876543209876544,114.95306755514706,18.81678601981401,adcp linear at epoch+300s
1736881200.Tue.Jan.14_19_00_00.GMT.2025.CACO03.c2.timex.jpg,c2,1736881200,2025-01-14T19:00:00+00:00,0.0,0.7670674428143615,9.876543209876544,111.4517112183415,17.25948159129104,adcp linear at epoch+300s
1736883000.Tue.Jan.14_19_30_00.GMT.2025.CACO03.c2.timex.jpg,c2,1736883000,2025-01-14T19:30:00+00:00,30.0,0.7764022050953777,11.661807580174926,106.64988957822712,14.879834114519834,adcp linear at epoch+300s
1736884800.Tue.Jan.14_20_00_00.GMT.2025.CACO03.c2.timex.jpg,c2,1736884800,2025-01-14T20:00:00+00:00,0.0,0.7724437553915978,11.661807580174926,106.33708001429738,13.974730198312752,adcp linear at epoch+300s
1736886600.Tue.Jan.14_20_30_00.GMT.2025.CACO03.c2.timex.jpg,c2,1736886600,2025-01-14T20:30:00+00:00,30.0,0.7020192457638375,10.6951871657754,110.22400939542484,14.550094614666907,adcp linear at epoch+300s
1736888400.Tue.Jan.14_21_00_00.GMT.2025.CACO03.c2.timex.jpg,c2,1736888400,2025-01-14T21:00:00+00:00,0.0,0.6410293550946853,10.6951871657754,106.63115617340686,11.955157560939398,adcp linear at epoch+300s
1736890200.Tue.Jan.14_21_30_00.GMT.2025.CACO03.c2.timex.jpg,c2,1736890200,2025-01-14T21:30:00+00:00,30.0,0.6272125592185738,10.6951871657754,54.21761386846405,5.070050454423869,adcp linear at epoch+300s
1736892000.Tue.Jan.14_22_00_00.GMT.2025.CACO03.c2.timex.jpg,c2,1736892000,2025-01-14T22:00:00+00:00,0.0,0.6271899073564522,10.6951871657754,0.9996968188316994,0.0039732689034338,adcp linear at epoch+300s
1736893800.Tue.Jan.14_22_30_00.GMT.2025.CACO03.c2.timex.jpg,c2,1736893800,2025-01-14T22:30:00+00:00,30.0,0.6961379755642805,11.661807580174926,2.2339665032679737e-05,0.0003510518790849,adcp linear at epoch+300s
1736895600.Tue.Jan.14_23_00_00.GMT.2025.CACO03.c2.timex.jpg,c2,1736895600,2025-01-14T23:00:00+00:00,0.0,0.7637486330660875,11.661807580174926,3.1913807189542485e-06,6.382761437908497e-05,adcp linear at epoch+300s
1736897400.Tue.Jan.14_23_30_00.GMT.2025.CACO03.c2.timex.jpg,c2,1736897400,2025-01-14T23:30:00+00:00,30.0,0.8246722370377888,5.594405594405594,3.1913807189542485e-06,6.382761437908497e-05,adcp linear at epoch+300s
1736899200.Wed.Jan.15_00_00_00.GMT.2025.CACO03.c2.timex.jpg,c2,1736899200,2025-01-15T00:00:00+00:00,0.0,0.8818666904764371,5.594405594405594,0.0,0.0,adcp linear at epoch+300s
1736901000.Wed.Jan.15_00_30_00.GMT.2025.CACO03.c2.timex.jpg,c2,1736901000,2025-01-15T00:30:00+00:00,30.0,0.9204153912498202,4.024144869215292,0.0,0.0,adcp linear at epoch+300s
1736902800.Wed.Jan.15_01_00_00.GMT.2025.CACO03.c2.timex.jpg,c2,1736902800,2025-01-15T01:00:00+00:00,0.0,0.9653672960253709,4.024144869215292,0.000137229370915,0.0008744383169934,adcp linear at epoch+300s
1736904600.Wed.Jan.15_01_30_00.GMT.2025.CACO03.c2.timex.jpg,c2,1736904600,2025-01-15T01:30:00+00:00,30.0,1.042335220811759,5.594405594405594,0.0,0.0,adcp linear at epoch+300s
1736906400.Wed.Jan.15_02_00_00.GMT.2025.CACO03.c2.timex.jpg,c2,1736906400,2025-01-15T02:00:00+00:00,0.0,1.0983547629468322,5.594405594405594,0.0,0.0,adcp linear at epoch+300s
1736908200.Wed.Jan.15_02_30_00.GMT.2025.CACO03.c2.timex.jpg,c2,1736908200,2025-01-15T02:30:00+00:00,30.0,1.0496323918253305,5.148005148005149,0.0,0.0,adcp linear at epoch+300s
1736910000.Wed.Jan.15_03_00_00.GMT.2025.CACO03.c2.timex.jpg,c2,1736910000,2025-01-15T03:00:00+00:00,0.0,1.0052798368956046,5.148005148005149,0.0,0.0,adcp linear at epoch+300s
1736940600.Wed.Jan.15_11_30_00.GMT.2025.CACO03.c2.timex.jpg,c2,1736940600,2025-01-15T11:30:00+00:00,30.0,0.8737762646195725,6.125574272588055,1.0042732587826797,0.031195746273155,adcp linear at epoch+300s
1736942400.Wed.Jan.15_12_00_00.GMT.2025.CACO03.c2.timex.jpg,c2,1736942400,2025-01-15T12:00:00+00:00,0.0,0.8858405316534403,6.125574272588055,51.42735460069444,6.041434090722809,adcp linear at epoch+300s
1736944200.Wed.Jan.15_12_30_00.GMT.2025.CACO03.c2.timex.jpg,c2,1736944200,2025-01-15T12:30:00+00:00,30.0,1.057472592469333,6.125574272588055,190.15131931678923,54.029911954805534,adcp linear at epoch+300s
1736946000.Wed.Jan.15_13_00_00.GMT.2025.CACO03.c2.timex.jpg,c2,1736946000,2025-01-15T13:00:00+00:00,0.0,1.202340593181009,6.125574272588055,191.42286113664213,37.03077786191525,adcp linear at epoch+300s
1736947800.Wed.Jan.15_13_30_00.GMT.2025.CACO03.c2.timex.jpg,c2,1736947800,2025-01-15T13:30:00+00:00,30.0,1.2133882933716025,6.430868167202571,184.46525862949343,51.184759252170885,adcp linear at epoch+300s
1736949600.Wed.Jan.15_14_00_00.GMT.2025.CACO03.c2.timex.jpg,c2,1736949600,2025-01-15T14:00:00+00:00,0.0,1.218388976044329,6.430868167202571,167.5899969362745,39.0521789729058,adcp linear at epoch+300s
1736951400.Wed.Jan.15_14_30_00.GMT.2025.CACO03.c2.timex.jpg,c2,1736951400,2025-01-15T14:30:00+00:00,30.0,1.1931545711277203,5.847953216374269,158.1555415134804,38.10116292912019,adcp linear at epoch+300s
1736953200.Wed.Jan.15_15_00_00.GMT.2025.CACO03.c2.timex.jpg,c2,1736953200,2025-01-15T15:00:00+00:00,0.0,1.1747548966649999,5.847953216374269,166.23164317810458,41.44534123268268,adcp linear at epoch+300s
1736955000.Wed.Jan.15_15_30_00.GMT.2025.CACO03.c2.timex.jpg,c2,1736955000,2025-01-15T15:30:00+00:00,30.0,1.1905288744717226,6.125574272588055,141.55179930044935,31.445882957307266,adcp linear at epoch+300s
1736956800.Wed.Jan.15_16_00_00.GMT.2025.CACO03.c2.timex.jpg,c2,1736956800,2025-01-15T16:00:00+00:00,0.0,1.1986371109486949,6.125574272588055,87.96333741830065,13.353080262550762,adcp linear at epoch+300s
1736958600.Wed.Jan.15_16_30_00.GMT.2025.CACO03.c2.timex.jpg,c2,1736958600,2025-01-15T16:30:00+00:00,30.0,1.1684166407769156,6.430868167202571,134.06171492034315,20.7314673258303,adcp linear at epoch+300s
1736960400.Wed.Jan.15_17_00_00.GMT.2025.CACO03.c2.timex.jpg,c2,1736960400,2025-01-15T17:00:00+00:00,0.0,1.1339323515195177,6.430868167202571,158.93842869178923,28.220284306135778,adcp linear at epoch+300s
1736962200.Wed.Jan.15_17_30_00.GMT.2025.CACO03.c2.timex.jpg,c2,1736962200,2025-01-15T17:30:00+00:00,30.0,1.078128966834026,5.847953216374269,133.7262944240196,22.20497572688362,adcp linear at epoch+300s
1736964000.Wed.Jan.15_18_00_00.GMT.2025.CACO03.c2.timex.jpg,c2,1736964000,2025-01-15T18:00:00+00:00,0.0,1.0368855773816823,5.847953216374269,140.16689644607845,21.926381222690168,adcp linear at epoch+300s
1736965800.Wed.Jan.15_18_30_00.GMT.2025.CACO03.c2.timex.jpg,c2,1736965800,2025-01-15T18:30:00+00:00,30.0,1.068442164095078,5.594405594405594,121.7399662990196,18.49864062625772,adcp linear at epoch+300s
1736967600.Wed.Jan.15_19_00_00.GMT.2025.CACO03.c2.timex.jpg,c2,1736967600,2025-01-15T19:00:00+00:00,0.0,1.0959778870578891,5.594405594405594,112.962788500817,15.199437429885682,adcp linear at epoch+300s
1736969400.Wed.Jan.15_19_30_00.GMT.2025.CACO03.c2.timex.jpg,c2,1736969400,2025-01-15T19:30:00+00:00,30.0,1.103409291267777,6.125574272588055,105.44107115502452,15.050612106567277,adcp linear at epoch+300s
1736971200.Wed.Jan.15_20_00_00.GMT.2025.CACO03.c2.timex.jpg,c2,1736971200,2025-01-15T20:00:00+00:00,0.0,1.1144143630719139,6.125574272588055,108.38142105800654,16.177440767933113,adcp linear at epoch+300s
1736973000.Wed.Jan.15_20_30_00.GMT.2025.CACO03.c2.timex.jpg,c2,1736973000,2025-01-15T20:30:00+00:00,30.0,1.143287772847296,6.125574272588055,107.60158164828432,18.14741944318509,adcp linear at epoch+300s
1736974800.Wed.Jan.15_21_00_00.GMT.2025.CACO03.c2.timex.jpg,c2,1736974800,2025-01-15T21:00:00+00:00,0.0,1.1722749059382984,6.125574272588055,103.29846430759804,14.489206750245536,adcp linear at epoch+300s
1736976600.Wed.Jan.15_21_30_00.GMT.2025.CACO03.c2.timex.jpg,c2,1736976600,2025-01-15T21:30:00+00:00,30.0,1.2018306556074028,6.125574272588055,74.68137893178104,7.649206534663973,adcp linear at epoch+300s
1736978400.Wed.Jan.15_22_00_00.GMT.2025.CACO03.c2.timex.jpg,c2,1736978400,2025-01-15T22:00:00+00:00,0.0,1.2106475242557804,6.125574272588055,1.0159249897875815,0.0809174578744623,adcp linear at epoch+300s
1736980200.Wed.Jan.15_22_30_00.GMT.2025.CACO03.c2.timex.jpg,c2,1736980200,2025-01-15T22:30:00+00:00,30.0,1.1157699878005258,6.430868167202571,3.1913807189542485e-06,6.382761437908497e-05,adcp linear at epoch+300s
1736982000.Wed.Jan.15_23_00_00.GMT.2025.CACO03.c2.timex.jpg,c2,1736982000,2025-01-15T23:00:00+00:00,0.0,1.0402070048478715,6.430868167202571,0.0,0.0,adcp linear at epoch+300s
1736983800.Wed.Jan.15_23_30_00.GMT.2025.CACO03.c2.timex.jpg,c2,1736983800,2025-01-15T23:30:00+00:00,30.0,1.0612167894082183,5.847953216374269,0.0,0.0,adcp linear at epoch+300s
1736985600.Thu.Jan.16_00_00_00.GMT.2025.CACO03.c2.timex.jpg,c2,1736985600,2025-01-16T00:00:00+00:00,0.0,1.0952458438248753,5.847953216374269,0.0,0.0,adcp linear at epoch+300s
1736987400.Thu.Jan.16_00_30_00.GMT.2025.CACO03.c2.timex.jpg,c2,1736987400,2025-01-16T00:30:00+00:00,30.0,1.1943712475230823,6.430868167202571,0.0,0.0,adcp linear at epoch+300s
1736989200.Thu.Jan.16_01_00_00.GMT.2025.CACO03.c2.timex.jpg,c2,1736989200,2025-01-16T01:00:00+00:00,0.0,1.2648123891404859,6.430868167202571,0.0,0.0,adcp linear at epoch+300s
1736991000.Thu.Jan.16_01_30_00.GMT.2025.CACO03.c2.timex.jpg,c2,1736991000,2025-01-16T01:30:00+00:00,30.0,1.191832220353874,6.125574272588055,0.0,0.0,adcp linear at epoch+300s
1736992800.Thu.Jan.16_02_00_00.GMT.2025.CACO03.c2.timex.jpg,c2,1736992800,2025-01-16T02:00:00+00:00,0.0,1.1346447841267702,6.125574272588055,0.0,0.0,adcp linear at epoch+300s
1736994600.Thu.Jan.16_02_30_00.GMT.2025.CACO03.c2.timex.jpg,c2,1736994600,2025-01-16T02:30:00+00:00,30.0,1.1564210106972064,6.430868167202571,0.0,0.0,adcp linear at epoch+300s
1736996400.Thu.Jan.16_03_00_00.GMT.2025.CACO03.c2.timex.jpg,c2,1736996400,2025-01-16T03:00:00+00:00,0.0,1.1663610328471627,6.430868167202571,0.0,0.0,adcp linear at epoch+300s
1737027000.Thu.Jan.16_11_30_00.GMT.2025.CACO03.c2.timex.jpg,c2,1737027000,2025-01-16T11:30:00+00:00,30.0,0.7083085157457981,5.594405594405594,2.413922079248366,0.2789426300189461,adcp linear at epoch+300s
1737028800.Thu.Jan.16_12_00_00.GMT.2025.CACO03.c2.timex.jpg,c2,1737028800,2025-01-16T12:00:00+00:00,0.0,0.6720920772849608,5.594405594405594,84.74872983047386,13.16597969442691,adcp linear at epoch+300s
1737030600.Thu.Jan.16_12_30_00.GMT.2025.CACO03.c2.timex.jpg,c2,1737030600,2025-01-16T12:30:00+00:00,30.0,0.6525548724372322,5.361930294906166,183.2177542892157,41.910892072158425,adcp linear at epoch+300s
1737032400.Thu.Jan.16_13_00_00.GMT.2025.CACO03.c2.timex.jpg,c2,1737032400,2025-01-16T13:00:00+00:00,0.0,0.6268069437397875,5.361930294906166,168.84931576797385,41.462061761592665,adcp linear at epoch+300s
1737034200.Thu.Jan.16_13_30_00.GMT.2025.CACO03.c2.timex.jpg,c2,1737034200,2025-01-16T13:30:00+00:00,30.0,0.5700053957937615,6.125574272588055,175.49654373468138,47.40871103899997,adcp linear at epoch+300s
1737036000.Thu.Jan.16_14_00_00.GMT.2025.CACO03.c2.timex.jpg,c2,1737036000,2025-01-16T14:00:00+00:00,0.0,0.5266025030699921,6.125574272588055,122.70671530330884,41.36253842419778,adcp linear at epoch+300s
1737037800.Thu.Jan.16_14_30_00.GMT.2025.CACO03.c2.timex.jpg,c2,1737037800,2025-01-16T14:30:00+00:00,30.0,0.5501928864575057,5.594405594405594,94.07698248570262,20.162318052213408,adcp linear at epoch+300s
1737039600.Thu.Jan.16_15_00_00.GMT.2025.CACO03.c2.timex.jpg,c2,1737039600,2025-01-16T15:00:00+00:00,0.0,0.5634272640585787,5.594405594405594,184.5433900122549,35.70727305859614,adcp linear at epoch+300s
1737041400.Thu.Jan.16_15_30_00.GMT.2025.CACO03.c2.timex.jpg,c2,1737041400,2025-01-16T15:30:00+00:00,30.0,0.5248816127274479,5.361930294906166,131.4633469924428,50.11876398011016,adcp linear at epoch+300s
1737043200.Thu.Jan.16_16_00_00.GMT.2025.CACO03.c2.timex.jpg,c2,1737043200,2025-01-16T16:00:00+00:00,0.0,0.4869335995200246,5.361930294906166,107.81919232536764,24.3364443954274,adcp linear at epoch+300s
1737045000.Thu.Jan.16_16_30_00.GMT.2025.CACO03.c2.timex.jpg,c2,1737045000,2025-01-16T16:30:00+00:00,30.0,0.451973776931139,5.361930294906166,145.26257084865196,40.09398834295614,adcp linear at epoch+300s
1737046800.Thu.Jan.16_17_00_00.GMT.2025.CACO03.c2.timex.jpg,c2,1737046800,2025-01-16T17:00:00+00:00,0.0,0.42453092195920855,5.361930294906166,189.9773890676062,31.11643603901275,adcp linear at epoch+300s
1737048600.Thu.Jan.16_17_30_00.GMT.2025.CACO03.c2.timex.jpg,c2,1737048600,2025-01-16T17:30:00+00:00,30.0,0.4346729050720539,5.361930294906166,148.4504314746732,35.221536926001214,adcp linear at epoch+300s
1737050400.Thu.Jan.16_18_00_00.GMT.2025.CACO03.c2.timex.jpg,c2,1737050400,2025-01-16T18:00:00+00:00,0.0,0.4475330543854329,5.361930294906166,131.0618106617647,28.03105443625657,adcp linear at epoch+300s
1737052200.Thu.Jan.16_18_30_00.GMT.2025.CACO03.c2.timex.jpg,c2,1737052200,2025-01-16T18:30:00+00:00,30.0,0.4739840347014798,4.153686396677051,121.22004250919116,19.95961300558504,adcp linear at epoch+300s
1737054000.Thu.Jan.16_19_00_00.GMT.2025.CACO03.c2.timex.jpg,c2,1737054000,2025-01-16T19:00:00+00:00,0.0,0.4935855106628658,4.153686396677051,134.49507250816993,26.956262091793054,adcp linear at epoch+300s
1737055800.Thu.Jan.16_19_30_00.GMT.2025.CACO03.c2.timex.jpg,c2,1737055800,2025-01-16T19:30:00+00:00,30.0,0.47893946485094724,4.597701149425287,132.42341962826796,20.10794507855765,adcp linear at epoch+300s
1737057600.Thu.Jan.16_20_00_00.GMT.2025.CACO03.c2.timex.jpg,c2,1737057600,2025-01-16T20:00:00+00:00,0.0,0.4621566171725695,4.597701149425287,103.92372919219773,13.290347135969878,adcp linear at epoch+300s
1737059400.Thu.Jan.16_20_30_00.GMT.2025.CACO03.c2.timex.jpg,c2,1737059400,2025-01-16T20:30:00+00:00,30.0,0.4346897601618963,4.767580452920143,98.10846226511438,14.093829780026422,adcp linear at epoch+300s
1737061200.Thu.Jan.16_21_00_00.GMT.2025.CACO03.c2.timex.jpg,c2,1737061200,2025-01-16T21:00:00+00:00,0.0,0.4102369761957087,4.767580452920143,87.93430542790033,8.444763716702541,adcp linear at epoch+300s
1737063000.Thu.Jan.16_21_30_00.GMT.2025.CACO03.c2.timex.jpg,c2,1737063000,2025-01-16T21:30:00+00:00,30.0,0.4008545574519488,5.594405594405594,64.4855366625817,5.53669843287087,adcp linear at epoch+300s
1737064800.Thu.Jan.16_22_00_00.GMT.2025.CACO03.c2.timex.jpg,c2,1737064800,2025-01-16T22:00:00+00:00,0.0,0.39158470047612365,5.594405594405594,1.0355424070669934,0.0618808706738958,adcp linear at epoch+300s
1737066600.Thu.Jan.16_22_30_00.GMT.2025.CACO03.c2.timex.jpg,c2,1737066600,2025-01-16T22:30:00+00:00,30.0,0.38287765233997195,4.950495049504951,9.574142156862743e-06,0.0001914828431372,adcp linear at epoch+300s
1737068400.Thu.Jan.16_23_00_00.GMT.2025.CACO03.c2.timex.jpg,c2,1737068400,2025-01-16T23:00:00+00:00,0.0,0.37323663721580363,4.950495049504951,0.0003255208333333,0.0024828941993464,adcp linear at epoch+300s
1737070200.Thu.Jan.16_23_30_00.GMT.2025.CACO03.c2.timex.jpg,c2,1737070200,2025-01-16T23:30:00+00:00,30.0,0.35892578715155243,5.361930294906166,0.0002616932189542,0.0015829248366013,adcp linear at epoch+300s
1737072000.Fri.Jan.17_00_00_00.GMT.2025.CACO03.c2.timex.jpg,c2,1737072000,2025-01-17T00:00:00+00:00,0.0,0.346484480736014,5.361930294906166,9.574142156862743e-06,0.0001914828431372,adcp linear at epoch+300s
1737073800.Fri.Jan.17_00_30_00.GMT.2025.CACO03.c2.timex.jpg,c2,1737073800,2025-01-17T00:30:00+00:00,30.0,0.3433908925640393,5.148005148005149,0.0003574346405228,0.0028275633169934,adcp linear at epoch+300s
1737075600.Fri.Jan.17_01_00_00.GMT.2025.CACO03.c2.timex.jpg,c2,1737075600,2025-01-17T01:00:00+00:00,0.0,0.3401526507237358,5.148005148005149,0.0004308363970588,0.0037722120098039,adcp linear at epoch+300s
1737077400.Fri.Jan.17_01_30_00.GMT.2025.CACO03.c2.timex.jpg,c2,1737077400,2025-01-17T01:30:00+00:00,30.0,0.33619114054178806,10.6951871657754,0.0003606260212418,0.0025658700980392,adcp linear at epoch+300s
1737079200.Fri.Jan.17_02_00_00.GMT.2025.CACO03.c2.timex.jpg,c2,1737079200,2025-01-17T02:00:00+00:00,0.0,0.33132083959137404,10.6951871657754,4.7870710784313725e-05,0.0005170036764705,adcp linear at epoch+300s
1737081000.Fri.Jan.17_02_30_00.GMT.2025.CACO03.c2.timex.jpg,c2,1737081000,2025-01-17T02:30:00+00:00,30.0,0.32190658479862866,10.6951871657754,9.574142156862743e-06,0.0001914828431372,adcp linear at epoch+300s
1737082800.Fri.Jan.17_03_00_00.GMT.2025.CACO03.c2.timex.jpg,c2,1737082800,2025-01-17T03:00:00+00:00,0.0,0.3142962137315347,10.6951871657754,9.574142156862743e-06,0.0001914828431372,adcp linear at epoch+300s
1737113400.Fri.Jan.17_11_30_00.GMT.2025.CACO03.c2.timex.jpg,c2,1737113400,2025-01-17T11:30:00+00:00,30.0,0.32360423112025055,9.174311926605505,0.9994095945669934,0.0099028542792508,adcp linear at epoch+300s
1737115200.Fri.Jan.17_12_00_00.GMT.2025.CACO03.c2.timex.jpg,c2,1737115200,2025-01-17T12:00:00+00:00,0.0,0.33340909513595746,9.174311926605505,48.93569367851307,3.5770494738883567,adcp linear at epoch+300s
1737117000.Fri.Jan.17_12_30_00.GMT.2025.CACO03.c2.timex.jpg,c2,1737117000,2025-01-17T12:30:00+00:00,30.0,0.36593679967958304,10.6951871657754,190.69352213541663,25.826873691299244,adcp linear at epoch+300s
1737118800.Fri.Jan.17_13_00_00.GMT.2025.CACO03.c2.timex.jpg,c2,1737118800,2025-01-17T13:00:00+00:00,0.0,0.38532363841490636,10.6951871657754,109.32488574857028,45.45507613523507,adcp linear at epoch+300s
1737120600.Fri.Jan.17_13_30_00.GMT.2025.CACO03.c2.timex.jpg,c2,1737120600,2025-01-17T13:30:00+00:00,30.0,0.3390061481087181,10.6951871657754,128.30222056270424,22.738497181477296,adcp linear at epoch+300s
1737122400.Fri.Jan.17_14_00_00.GMT.2025.CACO03.c2.timex.jpg,c2,1737122400,2025-01-17T14:00:00+00:00,0.0,0.34968311646366784,10.6951871657754,184.453977098652,39.77271842874045,adcp linear at epoch+300s
1737124200.Fri.Jan.17_14_30_00.GMT.2025.CACO03.c2.timex.jpg,c2,1737124200,2025-01-17T14:30:00+00:00,30.0,0.6453323781243077,4.439511653718091,156.5100847630719,38.163401579366976,adcp linear at epoch+300s
1737126000.Fri.Jan.17_15_00_00.GMT.2025.CACO03.c2.timex.jpg,c2,1737126000,2025-01-17T15:00:00+00:00,0.0,0.908878283284023,4.439511653718091,104.32057100183825,25.833810226946497,adcp linear at epoch+300s
1737127800.Fri.Jan.17_15_30_00.GMT.2025.CACO03.c2.timex.jpg,c2,1737127800,2025-01-17T15:30:00+00:00,30.0,1.0119074059391153,4.950495049504951,133.26566648794935,42.464607149213606,adcp linear at epoch+300s
1737129600.Fri.Jan.17_16_00_00.GMT.2025.CACO03.c2.timex.jpg,c2,1737129600,2025-01-17T16:00:00+00:00,0.0,1.1101303175569708,4.950495049504951,110.34409147773692,36.45027808303015,adcp linear at epoch+300s
1737131400.Fri.Jan.17_16_30_00.GMT.2025.CACO03.c2.timex.jpg,c2,1737131400,2025-01-17T16:30:00+00:00,30.0,1.1843221739886425,5.847953216374269,150.86762791053923,101.26989800773482,adcp linear at epoch+300s
1737133200.Fri.Jan.17_17_00_00.GMT.2025.CACO03.c2.timex.jpg,c2,1737133200,2025-01-17T17:00:00+00:00,0.0,1.2399320014962427,5.847953216374269,92.90692018995098,247.88789407151475,adcp linear at epoch+300s
1737135000.Fri.Jan.17_17_30_00.GMT.2025.CACO03.c2.timex.jpg,c2,1737135000,2025-01-17T17:30:00+00:00,30.0,1.2026316843834854,5.847953216374269,130.766397314134,376.5222817879728,adcp linear at epoch+300s
1737136800.Fri.Jan.17_18_00_00.GMT.2025.CACO03.c2.timex.jpg,c2,1737136800,2025-01-17T18:00:00+00:00,0.0,1.1693835775121344,5.847953216374269,165.21253957312092,264.7152832438972,adcp linear at epoch+300s
1737138600.Fri.Jan.17_18_30_00.GMT.2025.CACO03.c2.timex.jpg,c2,1737138600,2025-01-17T18:30:00+00:00,30.0,1.156396521847815,5.594405594405594,153.51972592422385,193.2453756839504,adcp linear at epoch+300s
1737140400.Fri.Jan.17_19_00_00.GMT.2025.CACO03.c2.timex.jpg,c2,1737140400,2025-01-17T19:00:00+00:00,0.0,1.1596091419197578,5.594405594405594,116.10788781658496,149.42809146482017,adcp linear at epoch+300s
1737142200.Fri.Jan.17_19_30_00.GMT.2025.CACO03.c2.timex.jpg,c2,1737142200,2025-01-17T19:30:00+00:00,30.0,1.243820140673013,5.594405594405594,117.03558389501634,95.4096952512745,adcp linear at epoch+300s
1737144000.Fri.Jan.17_20_00_00.GMT.2025.CACO03.c2.timex.jpg,c2,1737144000,2025-01-17T20:00:00+00:00,0.0,1.2899682089721165,5.594405594405594,137.2499808517157,133.25750528267375,adcp linear at epoch+300s
1737145800.Fri.Jan.17_20_30_00.GMT.2025.CACO03.c2.timex.jpg,c2,1737145800,2025-01-17T20:30:00+00:00,30.0,1.145801625000464,5.594405594405594,133.9486538756127,125.02615760198606,adcp linear at epoch+300s
1737147600.Fri.Jan.17_21_00_00.GMT.2025.CACO03.c2.timex.jpg,c2,1737147600,2025-01-17T21:00:00+00:00,0.0,1.0128254407896708,5.594405594405594,136.49763199550654,103.84976888826338,adcp linear at epoch+300s
1737149400.Fri.Jan.17_21_30_00.GMT.2025.CACO03.c2.timex.jpg,c2,1737149400,2025-01-17T21:30:00+00:00,30.0,0.9358012553831769,5.361930294906166,88.0745729932598,35.213206333272595,adcp linear at epoch+300s
1737151200.Fri.Jan.17_22_00_00.GMT.2025.CACO03.c2.timex.jpg,c2,1737151200,2025-01-17T22:00:00+00:00,0.0,0.8626927414980685,5.361930294906166,1.9871897977941173,0.4846366735009666,adcp linear at epoch+300s
1737153000.Fri.Jan.17_22_30_00.GMT.2025.CACO03.c2.timex.jpg,c2,1737153000,2025-01-17T22:30:00+00:00,30.0,0.8091625852198882,5.148005148005149,1.5956903594771243e-05,0.0001787173202614,adcp linear at epoch+300s
1737154800.Fri.Jan.17_23_00_00.GMT.2025.CACO03.c2.timex.jpg,c2,1737154800,2025-01-17T23:00:00+00:00,0.0,0.754250658272778,5.148005148005149,0.0001212724673202,0.0010276245915032,adcp linear at epoch+300s
1737156600.Fri.Jan.17_23_30_00.GMT.2025.CACO03.c2.timex.jpg,c2,1737156600,2025-01-17T23:30:00+00:00,30.0,0.6924298779810186,5.148005148005149,0.0001563776552287,0.0012765522875816,adcp linear at epoch+300s
1737158400.Sat.Jan.18_00_00_00.GMT.2025.CACO03.c2.timex.jpg,c2,1737158400,2025-01-18T00:00:00+00:00,0.0,0.6291623122959621,5.148005148005149,0.0009542228349673,0.0893841911764705,adcp linear at epoch+300s
1737160200.Sat.Jan.18_00_30_00.GMT.2025.CACO03.c2.timex.jpg,c2,1737160200,2025-01-18T00:30:00+00:00,30.0,0.5586608196444202,5.148005148005149,0.0001627604166666,0.0012829350490196,adcp linear at epoch+300s
1737162000.Sat.Jan.18_01_00_00.GMT.2025.CACO03.c2.timex.jpg,c2,1737162000,2025-01-18T01:00:00+00:00,0.0,0.5066768248182084,5.148005148005149,0.0,0.0,adcp linear at epoch+300s
1737163800.Sat.Jan.18_01_30_00.GMT.2025.CACO03.c2.timex.jpg,c2,1737163800,2025-01-18T01:30:00+00:00,30.0,0.5472803191186476,4.767580452920143,0.0,0.0,adcp linear at epoch+300s
1737165600.Sat.Jan.18_02_00_00.GMT.2025.CACO03.c2.timex.jpg,c2,1737165600,2025-01-18T02:00:00+00:00,0.0,0.5763915692819678,4.767580452920143,0.0,0.0,adcp linear at epoch+300s
1737167400.Sat.Jan.18_02_30_00.GMT.2025.CACO03.c2.timex.jpg,c2,1737167400,2025-01-18T02:30:00+00:00,30.0,0.5480415987596929,4.950495049504951,0.0,0.0,adcp linear at epoch+300s
1737169200.Sat.Jan.18_03_00_00.GMT.2025.CACO03.c2.timex.jpg,c2,1737169200,2025-01-18T03:00:00+00:00,0.0,0.5232758791097168,4.950495049504951,0.0,0.0,adcp linear at epoch+300s
1737199800.Sat.Jan.18_11_30_00.GMT.2025.CACO03.c2.timex.jpg,c2,1737199800,2025-01-18T11:30:00+00:00,30.0,0.4434572149651921,5.361930294906166,1.0020169526143792,0.0345243564546884,adcp linear at epoch+300s
1737201600.Sat.Jan.18_12_00_00.GMT.2025.CACO03.c2.timex.jpg,c2,1737201600,2025-01-18T12:00:00+00:00,0.0,0.45900087152537167,5.361930294906166,51.591139450571895,20.30511832090581,adcp linear at epoch+300s
1737203400.Sat.Jan.18_12_30_00.GMT.2025.CACO03.c2.timex.jpg,c2,1737203400,2025-01-18T12:30:00+00:00,30.0,0.4780709567881206,5.361930294906166,134.04573886846404,124.7695570354139,adcp linear at epoch+300s
1737205200.Sat.Jan.18_13_00_00.GMT.2025.CACO03.c2.timex.jpg,c2,1737205200,2025-01-18T13:00:00+00:00,0.0,0.49764394135653844,5.361930294906166,172.908895654616,146.28640038652725,adcp linear at epoch+300s
1737207000.Sat.Jan.18_13_30_00.GMT.2025.CACO03.c2.timex.jpg,c2,1737207000,2025-01-18T13:30:00+00:00,30.0,0.5197314224533006,5.361930294906166,134.6422749438317,123.9925476725788,adcp linear at epoch+300s
1737208800.Sat.Jan.18_14_00_00.GMT.2025.CACO03.c2.timex.jpg,c2,1737208800,2025-01-18T14:00:00+00:00,0.0,0.5636451426672221,5.361930294906166,152.0627553104575,128.9966075368335,adcp linear at epoch+300s
1737210600.Sat.Jan.18_14_30_00.GMT.2025.CACO03.c2.timex.jpg,c2,1737210600,2025-01-18T14:30:00+00:00,30.0,0.7166900584669402,4.597701149425287,133.7606911254085,67.27006736280998,adcp linear at epoch+300s
1737212400.Sat.Jan.18_15_00_00.GMT.2025.CACO03.c2.timex.jpg,c2,1737212400,2025-01-18T15:00:00+00:00,0.0,0.8455289339075195,4.597701149425287,154.8960663041258,60.15191149658648,adcp linear at epoch+300s
1737214200.Sat.Jan.18_15_30_00.GMT.2025.CACO03.c2.timex.jpg,c2,1737214200,2025-01-18T15:30:00+00:00,30.0,0.8533376075524041,4.291845493562232,153.56490310968138,43.47079567209741,adcp linear at epoch+300s
1737216000.Sat.Jan.18_16_00_00.GMT.2025.CACO03.c2.timex.jpg,c2,1737216000,2025-01-18T16:00:00+00:00,0.0,0.871361341951281,4.291845493562232,145.84552440767973,35.137686322034725,adcp linear at epoch+300s
1737217800.Sat.Jan.18_16_30_00.GMT.2025.CACO03.c2.timex.jpg,c2,1737217800,2025-01-18T16:30:00+00:00,30.0,0.9404603801201199,4.767580452920143,156.52200776143792,37.01939851824499,adcp linear at epoch+300s
1737219600.Sat.Jan.18_17_00_00.GMT.2025.CACO03.c2.timex.jpg,c2,1737219600,2025-01-18T17:00:00+00:00,0.0,0.9949243787696379,4.767580452920143,134.26739621629903,28.91024579703006,adcp linear at epoch+300s
1737221400.Sat.Jan.18_17_30_00.GMT.2025.CACO03.c2.timex.jpg,c2,1737221400,2025-01-18T17:30:00+00:00,30.0,0.9762131798225517,4.950495049504951,137.91989953533496,30.13573265621595,adcp linear at epoch+300s
1737223200.Sat.Jan.18_18_00_00.GMT.2025.CACO03.c2.timex.jpg,c2,1737223200,2025-01-18T18:00:00+00:00,0.0,0.9603035153173276,4.950495049504951,167.26830895118465,42.08251828608353,adcp linear at epoch+300s
1737225000.Sat.Jan.18_18_30_00.GMT.2025.CACO03.c2.timex.jpg,c2,1737225000,2025-01-18T18:30:00+00:00,30.0,0.9584015230214138,4.950495049504951,126.29620800142972,23.957749353519866,adcp linear at epoch+300s
1737226800.Sat.Jan.18_19_00_00.GMT.2025.CACO03.c2.timex.jpg,c2,1737226800,2025-01-18T19:00:00+00:00,0.0,0.9578220359204291,4.950495049504951,176.17643229166666,51.31209455368952,adcp linear at epoch+300s
1737228600.Sat.Jan.18_19_30_00.GMT.2025.CACO03.c2.timex.jpg,c2,1737228600,2025-01-18T19:30:00+00:00,30.0,0.9638550747940895,5.361930294906166,162.9061797896242,45.2464097168573,adcp linear at epoch+300s
1737230400.Sat.Jan.18_20_00_00.GMT.2025.CACO03.c2.timex.jpg,c2,1737230400,2025-01-18T20:00:00+00:00,0.0,0.9732502069809463,5.361930294906166,134.80564810559642,28.89708313527838,adcp linear at epoch+300s
1737232200.Sat.Jan.18_20_30_00.GMT.2025.CACO03.c2.timex.jpg,c2,1737232200,2025-01-18T20:30:00+00:00,30.0,0.9994558057337863,5.594405594405594,114.0968647875817,22.58599058301208,adcp linear at epoch+300s
1737234000.Sat.Jan.18_21_00_00.GMT.2025.CACO03.c2.timex.jpg,c2,1737234000,2025-01-18T21:00:00+00:00,0.0,1.0365413353511646,5.594405594405594,46.34911471098856,4.656776408331525,adcp linear at epoch+300s
1737235800.Sat.Jan.18_21_30_00.GMT.2025.CACO03.c2.timex.jpg,c2,1737235800,2025-01-18T21:30:00+00:00,30.0,1.128026519291233,5.594405594405594,12.54080180249183,1.101986952403247,adcp linear at epoch+300s
1737237600.Sat.Jan.18_22_00_00.GMT.2025.CACO03.c2.timex.jpg,c2,1737237600,2025-01-18T22:00:00+00:00,0.0,1.2060579841630688,5.594405594405594,0.3545687806372549,1.5505099740733788,adcp linear at epoch+300s
1737239400.Sat.Jan.18_22_30_00.GMT.2025.CACO03.c2.timex.jpg,c2,1737239400,2025-01-18T22:30:00+00:00,30.0,1.216820853693739,5.847953216374269,6.382761437908497e-06,0.0001276552287581,adcp linear at epoch+300s
1737241200.Sat.Jan.18_23_00_00.GMT.2025.CACO03.c2.timex.jpg,c2,1737241200,2025-01-18T23:00:00+00:00,0.0,1.2539831191902993,5.847953216374269,6.382761437908497e-06,0.0001276552287581,adcp linear at epoch+300s
1737243000.Sat.Jan.18_23_30_00.GMT.2025.CACO03.c2.timex.jpg,c2,1737243000,2025-01-18T23:30:00+00:00,30.0,1.4231423645163088,6.125574272588055,6.382761437908497e-06,0.0001276552287581,adcp linear at epoch+300s
1737244800.Sun.Jan.19_00_00_00.GMT.2025.CACO03.c2.timex.jpg,c2,1737244800,2025-01-19T00:00:00+00:00,0.0,1.5679116182539061,6.125574272588055,6.382761437908497e-06,0.0001276552287581,adcp linear at epoch+300s
1737246600.Sun.Jan.19_00_30_00.GMT.2025.CACO03.c2.timex.jpg,c2,1737246600,2025-01-19T00:30:00+00:00,30.0,1.5907309140494403,6.125574272588055,9.574142156862743e-06,0.0001914828431372,adcp linear at epoch+300s
1737248400.Sun.Jan.19_01_00_00.GMT.2025.CACO03.c2.timex.jpg,c2,1737248400,2025-01-19T01:00:00+00:00,0.0,1.614751477328627,6.125574272588055,9.574142156862743e-06,0.0001914828431372,adcp linear at epoch+300s
1737250200.Sun.Jan.19_01_30_00.GMT.2025.CACO03.c2.timex.jpg,c2,1737250200,2025-01-19T01:30:00+00:00,30.0,1.6447783780260752,6.430868167202571,9.574142156862743e-06,0.0001914828431372,adcp linear at epoch+300s
1737252000.Sun.Jan.19_02_00_00.GMT.2025.CACO03.c2.timex.jpg,c2,1737252000,2025-01-19T02:00:00+00:00,0.0,1.6637978634532047,6.430868167202571,1.2765522875816994e-05,0.0002553104575163,adcp linear at epoch+300s
1737253800.Sun.Jan.19_02_30_00.GMT.2025.CACO03.c2.timex.jpg,c2,1737253800,2025-01-19T02:30:00+00:00,30.0,1.62778027252874,6.768189509306261,1.2765522875816994e-05,0.0002553104575163,adcp linear at epoch+300s
1737255600.Sun.Jan.19_03_00_00.GMT.2025.CACO03.c2.timex.jpg,c2,1737255600,2025-01-19T03:00:00+00:00,0.0,1.5851170310401639,6.768189509306261,1.2765522875816994e-05,0.0002553104575163,adcp linear at epoch+300s
1737286200.Sun.Jan.19_11_30_00.GMT.2025.CACO03.c2.timex.jpg,c2,1737286200,2025-01-19T11:30:00+00:00,30.0,1.0181082573054907,7.142857142857142,3.616204554738562,0.2696237926160496,adcp linear at epoch+300s
1737288000.Sun.Jan.19_12_00_00.GMT.2025.CACO03.c2.timex.jpg,c2,1737288000,2025-01-19T12:00:00+00:00,0.0,1.0429093878453801,7.142857142857142,138.68313419117646,14.457352408992472,adcp linear at epoch+300s
1737289800.Sun.Jan.19_12_30_00.GMT.2025.CACO03.c2.timex.jpg,c2,1737289800,2025-01-19T12:30:00+00:00,30.0,1.0237436168355065,7.142857142857142,149.39857792075162,56.70825617293728,adcp linear at epoch+300s
1737291600.Sun.Jan.19_13_00_00.GMT.2025.CACO03.c2.timex.jpg,c2,1737291600,2025-01-19T13:00:00+00:00,0.0,0.9991372136219503,7.142857142857142,142.3334769454657,72.41443207375063,adcp linear at epoch+300s
1737293400.Sun.Jan.19_13_30_00.GMT.2025.CACO03.c2.timex.jpg,c2,1737293400,2025-01-19T13:30:00+00:00,30.0,0.9473276493899818,6.768189509306261,142.14019416360293,69.45288915745986,adcp linear at epoch+300s
1737295200.Sun.Jan.19_14_00_00.GMT.2025.CACO03.c2.timex.jpg,c2,1737295200,2025-01-19T14:00:00+00:00,0.0,0.9090168341625805,6.768189509306261,143.3699161305147,66.31291218868074,adcp linear at epoch+300s
1737297000.Sun.Jan.19_14_30_00.GMT.2025.CACO03.c2.timex.jpg,c2,1737297000,2025-01-19T14:30:00+00:00,30.0,0.9381997639580153,6.430868167202571,143.69170623978758,57.40396123113928,adcp linear at epoch+300s
1737298800.Sun.Jan.19_15_00_00.GMT.2025.CACO03.c2.timex.jpg,c2,1737298800,2025-01-19T15:00:00+00:00,0.0,0.9491237432689991,6.430868167202571,130.43022046058007,40.5273933874669,adcp linear at epoch+300s
1737300600.Sun.Jan.19_15_30_00.GMT.2025.CACO03.c2.timex.jpg,c2,1737300600,2025-01-19T15:30:00+00:00,30.0,0.8687529701577281,6.768189509306261,131.8163743361928,36.079997380564365,adcp linear at epoch+300s
1737302400.Sun.Jan.19_16_00_00.GMT.2025.CACO03.c2.timex.jpg,c2,1737302400,2025-01-19T16:00:00+00:00,0.0,0.7981705369941203,6.768189509306261,134.71676176981208,34.965800715061114,adcp linear at epoch+300s
1737304200.Sun.Jan.19_16_30_00.GMT.2025.CACO03.c2.timex.jpg,c2,1737304200,2025-01-19T16:30:00+00:00,30.0,0.7765298035688285,6.430868167202571,139.2864998212827,32.152653105658494,adcp linear at epoch+300s
1737306000.Sun.Jan.19_17_00_00.GMT.2025.CACO03.c2.timex.jpg,c2,1737306000,2025-01-19T17:00:00+00:00,0.0,0.7630639107874291,6.430868167202571,138.7800883374183,24.610641406069167,adcp linear at epoch+300s
1737307800.Sun.Jan.19_17_30_00.GMT.2025.CACO03.c2.timex.jpg,c2,1737307800,2025-01-19T17:30:00+00:00,30.0,0.7904722212254907,6.768189509306261,132.7663366779003,21.102971740817825,adcp linear at epoch+300s
1737309600.Sun.Jan.19_18_00_00.GMT.2025.CACO03.c2.timex.jpg,c2,1737309600,2025-01-19T18:00:00+00:00,0.0,0.8172824849917392,6.768189509306261,139.75029679840685,23.40836588540649,adcp linear at epoch+300s
1737311400.Sun.Jan.19_18_30_00.GMT.2025.CACO03.c2.timex.jpg,c2,1737311400,2025-01-19T18:30:00+00:00,30.0,0.8411025153989214,6.430868167202571,144.9079701542075,22.53985714930748,adcp linear at epoch+300s
1737313200.Sun.Jan.19_19_00_00.GMT.2025.CACO03.c2.timex.jpg,c2,1737313200,2025-01-19T19:00:00+00:00,0.0,0.854432968240129,6.430868167202571,161.10724634906046,19.98923465713564,adcp linear at epoch+300s
1737315000.Sun.Jan.19_19_30_00.GMT.2025.CACO03.c2.timex.jpg,c2,1737315000,2025-01-19T19:30:00+00:00,30.0,0.815315533251463,9.876543209876544,120.40494472528594,18.60130150260397,adcp linear at epoch+300s
1737316800.Sun.Jan.19_20_00_00.GMT.2025.CACO03.c2.timex.jpg,c2,1737316800,2025-01-19T20:00:00+00:00,0.0,0.7896526168050515,9.876543209876544,175.96633731617646,30.0094543238402,adcp linear at epoch+300s
1737318600.Sun.Jan.19_20_30_00.GMT.2025.CACO03.c2.timex.jpg,c2,1737318600,2025-01-19T20:30:00+00:00,30.0,0.8312622930699126,9.174311926605505,113.64078137765524,15.730278754795505,adcp linear at epoch+300s
1737320400.Sun.Jan.19_21_00_00.GMT.2025.CACO03.c2.timex.jpg,c2,1737320400,2025-01-19T21:00:00+00:00,0.0,0.8854724974117377,9.174311926605505,99.90972222222224,17.686282462498085,adcp linear at epoch+300s
1737322200.Sun.Jan.19_21_30_00.GMT.2025.CACO03.c2.timex.jpg,c2,1737322200,2025-01-19T21:30:00+00:00,30.0,1.0026853421383828,9.876543209876544,21.18817018995098,1.6498289122942635,adcp linear at epoch+300s
1737324000.Sun.Jan.19_22_00_00.GMT.2025.CACO03.c2.timex.jpg,c2,1737324000,2025-01-19T22:00:00+00:00,0.0,1.0929169214315773,9.876543209876544,1.1674740859885622,0.2233934581211005,adcp linear at epoch+300s
1737325800.Sun.Jan.19_22_30_00.GMT.2025.CACO03.c2.timex.jpg,c2,1737325800,2025-01-19T22:30:00+00:00,30.0,1.04824217355752,9.876543209876544,3.1913807189542485e-06,6.382761437908497e-05,adcp linear at epoch+300s
1737327600.Sun.Jan.19_23_00_00.GMT.2025.CACO03.c2.timex.jpg,c2,1737327600,2025-01-19T23:00:00+00:00,0.0,1.0148569758414467,9.876543209876544,3.1913807189542485e-06,6.382761437908497e-05,adcp linear at epoch+300s
1737329400.Sun.Jan.19_23_30_00.GMT.2025.CACO03.c2.timex.jpg,c2,1737329400,2025-01-19T23:30:00+00:00,30.0,1.037919528915292,9.174311926605505,3.1913807189542485e-06,6.382761437908497e-05,adcp linear at epoch+300s
1737331200.Mon.Jan.20_00_00_00.GMT.2025.CACO03.c2.timex.jpg,c2,1737331200,2025-01-20T00:00:00+00:00,0.0,1.0583976777697826,9.174311926605505,3.1913807189542485e-06,6.382761437908497e-05,adcp linear at epoch+300s
1737333000.Mon.Jan.20_00_30_00.GMT.2025.CACO03.c2.timex.jpg,c2,1737333000,2025-01-20T00:30:00+00:00,30.0,1.0659538055274966,9.174311926605505,3.1913807189542485e-06,6.382761437908497e-05,adcp linear at epoch+300s
1737334800.Mon.Jan.20_01_00_00.GMT.2025.CACO03.c2.timex.jpg,c2,1737334800,2025-01-20T01:00:00+00:00,0.0,1.086198925589808,9.174311926605505,3.1913807189542485e-06,6.382761437908497e-05,adcp linear at epoch+300s
1737336600.Mon.Jan.20_01_30_00.GMT.2025.CACO03.c2.timex.jpg,c2,1737336600,2025-01-20T01:30:00+00:00,30.0,1.169889007175105,9.876543209876544,3.1913807189542485e-06,6.382761437908497e-05,adcp linear at epoch+300s
1737338400.Mon.Jan.20_02_00_00.GMT.2025.CACO03.c2.timex.jpg,c2,1737338400,2025-01-20T02:00:00+00:00,0.0,1.239044617885864,9.876543209876544,3.1913807189542485e-06,6.382761437908497e-05,adcp linear at epoch+300s
1737340200.Mon.Jan.20_02_30_00.GMT.2025.CACO03.c2.timex.jpg,c2,1737340200,2025-01-20T02:30:00+00:00,30.0,1.235527874223935,10.6951871657754,3.1913807189542485e-06,6.382761437908497e-05,adcp linear at epoch+300s
1737342000.Mon.Jan.20_03_00_00.GMT.2025.CACO03.c2.timex.jpg,c2,1737342000,2025-01-20T03:00:00+00:00,0.0,1.2559831655458633,10.6951871657754,3.1913807189542485e-06,6.382761437908497e-05,adcp linear at epoch+300s
1737372600.Mon.Jan.20_11_30_00.GMT.2025.CACO03.c2.timex.jpg,c2,1737372600,2025-01-20T11:30:00+00:00,30.0,2.126440444112646,8.032128514056225,1.0097145629084967,0.0481707005311557,adcp linear at epoch+300s
1737374400.Mon.Jan.20_12_00_00.GMT.2025.CACO03.c2.timex.jpg,c2,1737374400,2025-01-20T12:00:00+00:00,0.0,2.1251146138466632,8.032128514056225,45.73366332209967,13.289460629786218,adcp linear at epoch+300s
1737376200.Mon.Jan.20_12_30_00.GMT.2025.CACO03.c2.timex.jpg,c2,1737376200,2025-01-20T12:30:00+00:00,30.0,2.188073087506023,8.032128514056225,182.24150135314545,106.06645252639538,adcp linear at epoch+300s
1737378000.Mon.Jan.20_13_00_00.GMT.2025.CACO03.c2.timex.jpg,c2,1737378000,2025-01-20T13:00:00+00:00,0.0,2.242813132141843,8.032128514056225,152.972270092933,106.31949106998876,adcp linear at epoch+300s
1737379800.Mon.Jan.20_13_30_00.GMT.2025.CACO03.c2.timex.jpg,c2,1737379800,2025-01-20T13:30:00+00:00,30.0,2.2564610316599607,8.032128514056225,131.0471622242647,81.68651197139862,adcp linear at epoch+300s
1737381600.Mon.Jan.20_14_00_00.GMT.2025.CACO03.c2.timex.jpg,c2,1737381600,2025-01-20T14:00:00+00:00,0.0,2.2585960353337424,8.032128514056225,135.52164713541666,90.1157271470522,adcp linear at epoch+300s
1737383400.Mon.Jan.20_14_30_00.GMT.2025.CACO03.c2.timex.jpg,c2,1737383400,2025-01-20T14:30:00+00:00,30.0,2.203166559785845,7.561436672967865,177.41146471609477,57.50249381762831,adcp linear at epoch+300s
1737385200.Mon.Jan.20_15_00_00.GMT.2025.CACO03.c2.timex.jpg,c2,1737385200,2025-01-20T15:00:00+00:00,0.0,2.1437835440488135,7.561436672967865,132.4825399560866,107.93686043826582,adcp linear at epoch+300s
1737387000.Mon.Jan.20_15_30_00.GMT.2025.CACO03.c2.timex.jpg,c2,1737387000,2025-01-20T15:30:00+00:00,30.0,2.064632827366107,8.032128514056225,148.25996029922385,103.11510514347296,adcp linear at epoch+300s
1737388800.Mon.Jan.20_16_00_00.GMT.2025.CACO03.c2.timex.jpg,c2,1737388800,2025-01-20T16:00:00+00:00,0.0,1.999379161617175,8.032128514056225,146.27287581699346,82.5709050863076,adcp linear at epoch+300s
1737390600.Mon.Jan.20_16_30_00.GMT.2025.CACO03.c2.timex.jpg,c2,1737390600,2025-01-20T16:30:00+00:00,30.0,2.0036107505371143,8.032128514056225,147.58126531862746,69.65720466021578,adcp linear at epoch+300s
1737392400.Mon.Jan.20_17_00_00.GMT.2025.CACO03.c2.timex.jpg,c2,1737392400,2025-01-20T17:00:00+00:00,0.0,2.0121920272056286,8.032128514056225,147.2423406862745,57.78837373512425,adcp linear at epoch+300s
1737394200.Mon.Jan.20_17_30_00.GMT.2025.CACO03.c2.timex.jpg,c2,1737394200,2025-01-20T17:30:00+00:00,30.0,2.0425217426170184,8.565310492505352,146.27561721303104,49.56504991318426,adcp linear at epoch+300s
1737396000.Mon.Jan.20_18_00_00.GMT.2025.CACO03.c2.timex.jpg,c2,1737396000,2025-01-20T18:00:00+00:00,0.0,2.065665462831239,8.565310492505352,138.93240336499184,40.15518927033339,adcp linear at epoch+300s
1737397800.Mon.Jan.20_18_30_00.GMT.2025.CACO03.c2.timex.jpg,c2,1737397800,2025-01-20T18:30:00+00:00,30.0,2.052879207059619,7.561436672967865,124.94988255718954,16.356123827824632,adcp linear at epoch+300s
1737399600.Mon.Jan.20_19_00_00.GMT.2025.CACO03.c2.timex.jpg,c2,1737399600,2025-01-20T19:00:00+00:00,0.0,2.0169209460515507,7.561436672967865,117.27188968035132,14.844811327918096,adcp linear at epoch+300s
1737401400.Mon.Jan.20_19_30_00.GMT.2025.CACO03.c2.timex.jpg,c2,1737401400,2025-01-20T19:30:00+00:00,30.0,1.8651026588612452,8.032128514056225,97.33704171772877,13.126831852166028,adcp linear at epoch+300s
1737403200.Mon.Jan.20_20_00_00.GMT.2025.CACO03.c2.timex.jpg,c2,1737403200,2025-01-20T20:00:00+00:00,0.0,1.727922941553482,8.032128514056225,90.8080544066585,14.767038779937248,adcp linear at epoch+300s
1737405000.Mon.Jan.20_20_30_00.GMT.2025.CACO03.c2.timex.jpg,c2,1737405000,2025-01-20T20:30:00+00:00,30.0,1.6639360736584305,7.561436672967865,100.40408624387256,19.864560889772022,adcp linear at epoch+300s
1737406800.Mon.Jan.20_21_00_00.GMT.2025.CACO03.c2.timex.jpg,c2,1737406800,2025-01-20T21:00:00+00:00,0.0,1.5987352160113006,7.561436672967865,112.5787473192402,21.90226653044999,adcp linear at epoch+300s
1737408600.Mon.Jan.20_21_30_00.GMT.2025.CACO03.c2.timex.jpg,c2,1737408600,2025-01-20T21:30:00+00:00,30.0,1.5274644096037773,8.032128514056225,92.5775186376634,13.549434457637403,adcp linear at epoch+300s
1737410400.Mon.Jan.20_22_00_00.GMT.2025.CACO03.c2.timex.jpg,c2,1737410400,2025-01-20T22:00:00+00:00,0.0,1.4533919331004121,8.032128514056225,3.03155637254902,0.5246246934644924,adcp linear at epoch+300s
1737412200.Mon.Jan.20_22_30_00.GMT.2025.CACO03.c2.timex.jpg,c2,1737412200,2025-01-20T22:30:00+00:00,30.0,1.3653111061178378,8.032128514056225,0.0,0.0,adcp linear at epoch+300s
1737414000.Mon.Jan.20_23_00_00.GMT.2025.CACO03.c2.timex.jpg,c2,1737414000,2025-01-20T23:00:00+00:00,0.0,1.2888622586093166,8.032128514056225,0.0,0.0,adcp linear at epoch+300s
1737415800.Mon.Jan.20_23_30_00.GMT.2025.CACO03.c2.timex.jpg,c2,1737415800,2025-01-20T23:30:00+00:00,30.0,1.2705733084710624,6.768189509306261,0.0,0.0,adcp linear at epoch+300s
1737417600.Tue.Jan.21_00_00_00.GMT.2025.CACO03.c2.timex.jpg,c2,1737417600,2025-01-21T00:00:00+00:00,0.0,1.2430504383468493,6.768189509306261,0.0,0.0,adcp linear at epoch+300s
1737419400.Tue.Jan.21_00_30_00.GMT.2025.CACO03.c2.timex.jpg,c2,1737419400,2025-01-21T00:30:00+00:00,30.0,1.169357968292841,8.032128514056225,0.0,0.0,adcp linear at epoch+300s
1737421200.Tue.Jan.21_01_00_00.GMT.2025.CACO03.c2.timex.jpg,c2,1737421200,2025-01-21T01:00:00+00:00,0.0,1.103226587811817,8.032128514056225,0.0,0.0,adcp linear at epoch+300s
1737423000.Tue.Jan.21_01_30_00.GMT.2025.CACO03.c2.timex.jpg,c2,1737423000,2025-01-21T01:30:00+00:00,30.0,1.074900655195715,10.6951871657754,0.0,0.0,adcp linear at epoch+300s
1737424800.Tue.Jan.21_02_00_00.GMT.2025.CACO03.c2.timex.jpg,c2,1737424800,2025-01-21T02:00:00+00:00,0.0,1.0451189442891196,10.6951871657754,0.0,0.0,adcp linear at epoch+300s
1737426600.Tue.Jan.21_02_30_00.GMT.2025.CACO03.c2.timex.jpg,c2,1737426600,2025-01-21T02:30:00+00:00,30.0,1.008058341930056,10.6951871657754,0.0,0.0,adcp linear at epoch+300s
1737428400.Tue.Jan.21_03_00_00.GMT.2025.CACO03.c2.timex.jpg,c2,1737428400,2025-01-21T03:00:00+00:00,0.0,0.9762826949017878,10.6951871657754,0.0,0.0,adcp linear at epoch+300s
1737459000.Tue.Jan.21_11_30_00.GMT.2025.CACO03.c2.timex.jpg,c2,1737459000,2025-01-21T11:30:00+00:00,30.0,0.6591851499795985,10.6951871657754,3.5183121425653594,0.5521694370487162,adcp linear at epoch+300s
1737460800.Tue.Jan.21_12_00_00.GMT.2025.CACO03.c2.timex.jpg,c2,1737460800,2025-01-21T12:00:00+00:00,0.0,0.6292757590952449,10.6951871657754,105.04117200265524,16.937465043389572,adcp linear at epoch+300s
1737462600.Tue.Jan.21_12_30_00.GMT.2025.CACO03.c2.timex.jpg,c2,1737462600,2025-01-21T12:30:00+00:00,30.0,0.651617142057537,10.6951871657754,156.83369395935458,35.70679809464675,adcp linear at epoch+300s
1737464400.Tue.Jan.21_13_00_00.GMT.2025.CACO03.c2.timex.jpg,c2,1737464400,2025-01-21T13:00:00+00:00,0.0,0.6642777044999015,10.6951871657754,156.82469745710785,41.93690415333947,adcp linear at epoch+300s
1737466200.Tue.Jan.21_13_30_00.GMT.2025.CACO03.c2.timex.jpg,c2,1737466200,2025-01-21T13:30:00+00:00,30.0,0.6285341643426278,9.876543209876544,140.84303193933823,42.07134967810922,adcp linear at epoch+300s
1737468000.Tue.Jan.21_14_00_00.GMT.2025.CACO03.c2.timex.jpg,c2,1737468000,2025-01-21T14:00:00+00:00,0.0,0.5881285903790529,9.876543209876544,176.09109477124184,68.04792161627263,adcp linear at epoch+300s
1737469800.Tue.Jan.21_14_30_00.GMT.2025.CACO03.c2.timex.jpg,c2,1737469800,2025-01-21T14:30:00+00:00,30.0,0.524412847383972,10.6951871657754,181.74182368259804,62.199993540279344,adcp linear at epoch+300s
1737471600.Tue.Jan.21_15_00_00.GMT.2025.CACO03.c2.timex.jpg,c2,1737471600,2025-01-21T15:00:00+00:00,0.0,0.4759126066166951,10.6951871657754,146.27467575571896,38.96942006219147,adcp linear at epoch+300s
1737473400.Tue.Jan.21_15_30_00.GMT.2025.CACO03.c2.timex.jpg,c2,1737473400,2025-01-21T15:30:00+00:00,30.0,0.5034898769884377,9.876543209876544,160.57705269607845,45.13725078659476,adcp linear at epoch+300s
1737475200.Tue.Jan.21_16_00_00.GMT.2025.CACO03.c2.timex.jpg,c2,1737475200,2025-01-21T16:00:00+00:00,0.0,0.5148967242601398,9.876543209876544,139.17128140318627,43.58149690263229,adcp linear at epoch+300s
1737477000.Tue.Jan.21_16_30_00.GMT.2025.CACO03.c2.timex.jpg,c2,1737477000,2025-01-21T16:30:00+00:00,30.0,0.4454514560316382,10.6951871657754,159.475301904616,43.06551001430336,adcp linear at epoch+300s
1737478800.Tue.Jan.21_17_00_00.GMT.2025.CACO03.c2.timex.jpg,c2,1737478800,2025-01-21T17:00:00+00:00,0.0,0.3856885903420689,10.6951871657754,126.46116089665033,29.35165984370157,adcp linear at epoch+300s
1737480600.Tue.Jan.21_17_30_00.GMT.2025.CACO03.c2.timex.jpg,c2,1737480600,2025-01-21T17:30:00+00:00,30.0,0.37433773734716075,9.876543209876544,145.43075022977942,37.13575457756632,adcp linear at epoch+300s
1737482400.Tue.Jan.21_18_00_00.GMT.2025.CACO03.c2.timex.jpg,c2,1737482400,2025-01-21T18:00:00+00:00,0.0,0.3673865526722675,9.876543209876544,146.4982830371732,33.43234470787987,adcp linear at epoch+300s
1737484200.Tue.Jan.21_18_30_00.GMT.2025.CACO03.c2.timex.jpg,c2,1737484200,2025-01-21T18:30:00+00:00,30.0,0.38243370959744877,10.6951871657754,149.0963222528595,35.4465182552609,adcp linear at epoch+300s
1737486000.Tue.Jan.21_19_00_00.GMT.2025.CACO03.c2.timex.jpg,c2,1737486000,2025-01-21T19:00:00+00:00,0.0,0.39586045909380624,10.6951871657754,145.1374304279003,32.97010289116873,adcp linear at epoch+300s
1737487800.Tue.Jan.21_19_30_00.GMT.2025.CACO03.c2.timex.jpg,c2,1737487800,2025-01-21T19:30:00+00:00,30.0,0.4011851714460448,9.174311926605505,132.661234936683,29.51057517969032,adcp linear at epoch+300s
1737489600.Tue.Jan.21_20_00_00.GMT.2025.CACO03.c2.timex.jpg,c2,1737489600,2025-01-21T20:00:00+00:00,0.0,0.407648051091366,9.174311926605505,146.83398118361927,35.2362769210938,adcp linear at epoch+300s
1737491400.Tue.Jan.21_20_30_00.GMT.2025.CACO03.c2.timex.jpg,c2,1737491400,2025-01-21T20:30:00+00:00,30.0,0.41980176720209966,9.174311926605505,122.82363153594773,25.0505635686328,adcp linear at epoch+300s
1737493200.Tue.Jan.21_21_00_00.GMT.2025.CACO03.c2.timex.jpg,c2,1737493200,2025-01-21T21:00:00+00:00,0.0,0.4279236131430566,9.174311926605505,119.41080729166669,24.712924282616704,adcp linear at epoch+300s
1737495000.Tue.Jan.21_21_30_00.GMT.2025.CACO03.c2.timex.jpg,c2,1737495000,2025-01-21T21:30:00+00:00,30.0,0.41588610823513006,9.876543209876544,42.61332912071079,4.289789962678928,adcp linear at epoch+300s
1737496800.Tue.Jan.21_22_00_00.GMT.2025.CACO03.c2.timex.jpg,c2,1737496800,2025-01-21T22:00:00+00:00,0.0,0.4108356475347837,9.876543209876544,1.0183249080882353,0.1208384388906492,adcp linear at epoch+300s
1737498600.Tue.Jan.21_22_30_00.GMT.2025.CACO03.c2.timex.jpg,c2,1737498600,2025-01-21T22:30:00+00:00,30.0,0.4407204078723381,9.876543209876544,9.574142156862743e-06,0.0001914828431372,adcp linear at epoch+300s
1737500400.Tue.Jan.21_23_00_00.GMT.2025.CACO03.c2.timex.jpg,c2,1737500400,2025-01-21T23:00:00+00:00,0.0,0.4637760154750247,9.876543209876544,9.574142156862743e-06,0.0001914828431372,adcp linear at epoch+300s
1737502200.Tue.Jan.21_23_30_00.GMT.2025.CACO03.c2.timex.jpg,c2,1737502200,2025-01-21T23:30:00+00:00,30.0,0.4526858594033724,9.174311926605505,9.574142156862743e-06,0.0001914828431372,adcp linear at epoch+300s
1737504000.Wed.Jan.22_00_00_00.GMT.2025.CACO03.c2.timex.jpg,c2,1737504000,2025-01-22T00:00:00+00:00,0.0,0.44321809206529994,9.174311926605505,9.574142156862743e-06,0.0001914828431372,adcp linear at epoch+300s
1737505800.Wed.Jan.22_00_30_00.GMT.2025.CACO03.c2.timex.jpg,c2,1737505800,2025-01-22T00:30:00+00:00,30.0,0.4418622683951268,9.174311926605505,9.574142156862743e-06,0.0001914828431372,adcp linear at epoch+300s
1737507600.Wed.Jan.22_01_00_00.GMT.2025.CACO03.c2.timex.jpg,c2,1737507600,2025-01-22T01:00:00+00:00,0.0,0.44088085222488566,9.174311926605505,9.574142156862743e-06,0.0001914828431372,adcp linear at epoch+300s
1737509400.Wed.Jan.22_01_30_00.GMT.2025.CACO03.c2.timex.jpg,c2,1737509400,2025-01-22T01:30:00+00:00,30.0,0.44177147355430435,9.876543209876544,9.574142156862743e-06,0.0001914828431372,adcp linear at epoch+300s
1737511200.Wed.Jan.22_02_00_00.GMT.2025.CACO03.c2.timex.jpg,c2,1737511200,2025-01-22T02:00:00+00:00,0.0,0.4397218886980828,9.876543209876544,9.574142156862743e-06,0.0001914828431372,adcp linear at epoch+300s
1737513000.Wed.Jan.22_02_30_00.GMT.2025.CACO03.c2.timex.jpg,c2,1737513000,2025-01-22T02:30:00+00:00,30.0,0.42297127291366005,9.174311926605505,9.574142156862743e-06,0.0001914828431372,adcp linear at epoch+300s
1737514800.Wed.Jan.22_03_00_00.GMT.2025.CACO03.c2.timex.jpg,c2,1737514800,2025-01-22T03:00:00+00:00,0.0,0.40865144149915056,9.174311926605505,6.382761437908497e-06,0.0001276552287581,adcp linear at epoch+300s
1737545400.Wed.Jan.22_11_30_00.GMT.2025.CACO03.c2.timex.jpg,c2,1737545400,2025-01-22T11:30:00+00:00,30.0,0.7726265452519662,4.439511653718091,1.5119804432189543,0.055399177075349,adcp linear at epoch+300s
1737547200.Wed.Jan.22_12_00_00.GMT.2025.CACO03.c2.timex.jpg,c2,1737547200,2025-01-22T12:00:00+00:00,0.0,0.8075963219356171,4.439511653718091,67.10857396343954,17.297197045405635,adcp linear at epoch+300s
1737549000.Wed.Jan.22_12_30_00.GMT.2025.CACO03.c2.timex.jpg,c2,1737549000,2025-01-22T12:30:00+00:00,30.0,0.8839950651919195,4.291845493562232,176.7684206495098,57.57066205005287,adcp linear at epoch+300s
1737550800.Wed.Jan.22_13_00_00.GMT.2025.CACO03.c2.timex.jpg,c2,1737550800,2025-01-22T13:00:00+00:00,0.0,0.9253803650106202,4.291845493562232,139.32031888276143,54.38594989269606,adcp linear at epoch+300s
1737552600.Wed.Jan.22_13_30_00.GMT.2025.CACO03.c2.timex.jpg,c2,1737552600,2025-01-22T13:30:00+00:00,30.0,0.7916984476413116,5.148005148005149,164.74557036356208,84.03017105258327,adcp linear at epoch+300s
1737554400.Wed.Jan.22_14_00_00.GMT.2025.CACO03.c2.timex.jpg,c2,1737554400,2025-01-22T14:00:00+00:00,0.0,0.6896798835682797,5.148005148005149,110.95928436478758,52.3173116359428,adcp linear at epoch+300s
1737556200.Wed.Jan.22_14_30_00.GMT.2025.CACO03.c2.timex.jpg,c2,1737556200,2025-01-22T14:30:00+00:00,30.0,0.7459780859766303,5.361930294906166,149.80125676572712,74.15431021388243,adcp linear at epoch+300s
1737558000.Wed.Jan.22_15_00_00.GMT.2025.CACO03.c2.timex.jpg,c2,1737558000,2025-01-22T15:00:00+00:00,0.0,0.7932293662673249,5.361930294906166,134.43607345281862,80.52658693932717,adcp linear at epoch+300s
1737559800.Wed.Jan.22_15_30_00.GMT.2025.CACO03.c2.timex.jpg,c2,1737559800,2025-01-22T15:30:00+00:00,30.0,0.795246035969739,5.361930294906166,194.21768727022052,35.29739712448671,adcp linear at epoch+300s
1737561600.Wed.Jan.22_16_00_00.GMT.2025.CACO03.c2.timex.jpg,c2,1737561600,2025-01-22T16:00:00+00:00,0.0,0.8017685432703079,5.361930294906166,118.97290517769608,76.3315138307384,adcp linear at epoch+300s
1737563400.Wed.Jan.22_16_30_00.GMT.2025.CACO03.c2.timex.jpg,c2,1737563400,2025-01-22T16:30:00+00:00,30.0,0.8308202385616502,5.594405594405594,147.55991817299838,118.26813969356893,adcp linear at epoch+300s
1737565200.Wed.Jan.22_17_00_00.GMT.2025.CACO03.c2.timex.jpg,c2,1737565200,2025-01-22T17:00:00+00:00,0.0,0.8648648102474691,5.594405594405594,164.57257199754903,126.95909599265048,adcp linear at epoch+300s
1737567000.Wed.Jan.22_17_30_00.GMT.2025.CACO03.c2.timex.jpg,c2,1737567000,2025-01-22T17:30:00+00:00,30.0,0.9238737639056704,5.361930294906166,150.2145788654003,124.6697202931964,adcp linear at epoch+300s
1737568800.Wed.Jan.22_18_00_00.GMT.2025.CACO03.c2.timex.jpg,c2,1737568800,2025-01-22T18:00:00+00:00,0.0,0.9625867926797118,5.361930294906166,144.89918428308823,143.121090383836,adcp linear at epoch+300s
1737570600.Wed.Jan.22_18_30_00.GMT.2025.CACO03.c2.timex.jpg,c2,1737570600,2025-01-22T18:30:00+00:00,30.0,0.899820197032953,5.361930294906166,141.58086320465685,126.66048428951083,adcp linear at epoch+300s
1737572400.Wed.Jan.22_19_00_00.GMT.2025.CACO03.c2.timex.jpg,c2,1737572400,2025-01-22T19:00:00+00:00,0.0,0.835447159740505,5.361930294906166,126.56245851205064,98.01102920639616,adcp linear at epoch+300s
1737574200.Wed.Jan.22_19_30_00.GMT.2025.CACO03.c2.timex.jpg,c2,1737574200,2025-01-22T19:30:00+00:00,30.0,0.7630419142196116,5.361930294906166,142.3475796568627,111.09110434309235,adcp linear at epoch+300s
1737576000.Wed.Jan.22_20_00_00.GMT.2025.CACO03.c2.timex.jpg,c2,1737576000,2025-01-22T20:00:00+00:00,0.0,0.7000195307114596,5.361930294906166,134.08985013276143,101.32133373266366,adcp linear at epoch+300s
1737577800.Wed.Jan.22_20_30_00.GMT.2025.CACO03.c2.timex.jpg,c2,1737577800,2025-01-22T20:30:00+00:00,30.0,0.683911457267014,5.361930294906166,132.7756140216503,120.32253359082036,adcp linear at epoch+300s
1737579600.Wed.Jan.22_21_00_00.GMT.2025.CACO03.c2.timex.jpg,c2,1737579600,2025-01-22T21:00:00+00:00,0.0,0.6819228296248635,5.361930294906166,110.77757033803104,93.60510487682546,adcp linear at epoch+300s
1737581400.Wed.Jan.22_21_30_00.GMT.2025.CACO03.c2.timex.jpg,c2,1737581400,2025-01-22T21:30:00+00:00,30.0,0.7505314309941895,6.125574272588055,93.6359113306781,59.55130456111032,adcp linear at epoch+300s
1737583200.Wed.Jan.22_22_00_00.GMT.2025.CACO03.c2.timex.jpg,c2,1737583200,2025-01-22T22:00:00+00:00,0.0,0.81281769779544,6.125574272588055,4.5421038858251634,0.6740419421203522,adcp linear at epoch+300s
1737585000.Wed.Jan.22_22_30_00.GMT.2025.CACO03.c2.timex.jpg,c2,1737585000,2025-01-22T22:30:00+00:00,30.0,0.8434922917563127,5.847953216374269,0.0003765829248366,0.0023999183006535,adcp linear at epoch+300s
1737586800.Wed.Jan.22_23_00_00.GMT.2025.CACO03.c2.timex.jpg,c2,1737586800,2025-01-22T23:00:00+00:00,0.0,0.8743404811065719,5.847953216374269,0.0,0.0,adcp linear at epoch+300s
1737588600.Wed.Jan.22_23_30_00.GMT.2025.CACO03.c2.timex.jpg,c2,1737588600,2025-01-22T23:30:00+00:00,30.0,0.9060566474037639,6.125574272588055,0.0,0.0,adcp linear at epoch+300s
1737590400.Thu.Jan.23_00_00_00.GMT.2025.CACO03.c2.timex.jpg,c2,1737590400,2025-01-23T00:00:00+00:00,0.0,0.925901189846096,6.125574272588055,0.0,0.0,adcp linear at epoch+300s
1737592200.Thu.Jan.23_00_30_00.GMT.2025.CACO03.c2.timex.jpg,c2,1737592200,2025-01-23T00:30:00+00:00,30.0,0.8863876130141293,5.594405594405594,4.4679330065359474e-05,0.0006382761437908,adcp linear at epoch+300s
1737594000.Thu.Jan.23_01_00_00.GMT.2025.CACO03.c2.timex.jpg,c2,1737594000,2025-01-23T01:00:00+00:00,0.0,0.8475434892843696,5.594405594405594,7.659313725490196e-05,0.0006446589052287,adcp linear at epoch+300s
1737595800.Thu.Jan.23_01_30_00.GMT.2025.CACO03.c2.timex.jpg,c2,1737595800,2025-01-23T01:30:00+00:00,30.0,0.8120466310656457,5.847953216374269,0.0,0.0,adcp linear at epoch+300s
1737597600.Thu.Jan.23_02_00_00.GMT.2025.CACO03.c2.timex.jpg,c2,1737597600,2025-01-23T02:00:00+00:00,0.0,0.782483001047929,5.847953216374269,0.0,0.0,adcp linear at epoch+300s
1737599400.Thu.Jan.23_02_30_00.GMT.2025.CACO03.c2.timex.jpg,c2,1737599400,2025-01-23T02:30:00+00:00,30.0,0.7825855120352487,5.361930294906166,0.0,0.0,adcp linear at epoch+300s
1737601200.Thu.Jan.23_03_00_00.GMT.2025.CACO03.c2.timex.jpg,c2,1737601200,2025-01-23T03:00:00+00:00,0.0,0.7785983860437434,5.361930294906166,5.425347222222222e-05,0.0006063623366013,adcp linear at epoch+300s
1737631800.Thu.Jan.23_11_30_00.GMT.2025.CACO03.c2.timex.jpg,c2,1737631800,2025-01-23T11:30:00+00:00,30.0,0.7370841249846795,8.032128514056225,2.64752157373366,0.513422947263182,adcp linear at epoch+300s
1737633600.Thu.Jan.23_12_00_00.GMT.2025.CACO03.c2.timex.jpg,c2,1737633600,2025-01-23T12:00:00+00:00,0.0,0.7361267180854066,8.032128514056225,61.325674019607845,14.89404296702875,adcp linear at epoch+300s
1737635400.Thu.Jan.23_12_30_00.GMT.2025.CACO03.c2.timex.jpg,c2,1737635400,2025-01-23T12:30:00+00:00,30.0,0.7394567250369768,7.142857142857142,138.33240464154412,65.91089215984033,adcp linear at epoch+300s
1737637200.Thu.Jan.23_13_00_00.GMT.2025.CACO03.c2.timex.jpg,c2,1737637200,2025-01-23T13:00:00+00:00,0.0,0.7453313031029402,7.142857142857142,142.89775454452615,72.08573049763409,adcp linear at epoch+300s
1737639000.Thu.Jan.23_13_30_00.GMT.2025.CACO03.c2.timex.jpg,c2,1737639000,2025-01-23T13:30:00+00:00,30.0,0.7639287367408697,7.561436672967865,119.89209622651144,68.61558206071511,adcp linear at epoch+300s
1737640800.Thu.Jan.23_14_00_00.GMT.2025.CACO03.c2.timex.jpg,c2,1737640800,2025-01-23T14:00:00+00:00,0.0,0.7704575135453327,7.561436672967865,137.11008029513889,89.89847234118483,adcp linear at epoch+300s
1737642600.Thu.Jan.23_14_30_00.GMT.2025.CACO03.c2.timex.jpg,c2,1737642600,2025-01-23T14:30:00+00:00,30.0,0.7166430061824631,7.561436672967865,160.93496604370915,118.55818808083347,adcp linear at epoch+300s
1737644400.Thu.Jan.23_15_00_00.GMT.2025.CACO03.c2.timex.jpg,c2,1737644400,2025-01-23T15:00:00+00:00,0.0,0.6746038132627185,7.561436672967865,133.1637433619281,93.46865821015072,adcp linear at epoch+300s
1737646200.Thu.Jan.23_15_30_00.GMT.2025.CACO03.c2.timex.jpg,c2,1737646200,2025-01-23T15:30:00+00:00,30.0,0.6914411925585975,7.561436672967865,126.34884344362744,90.77488953519588,adcp linear at epoch+300s
1737648000.Thu.Jan.23_16_00_00.GMT.2025.CACO03.c2.timex.jpg,c2,1737648000,2025-01-23T16:00:00+00:00,0.0,0.7009049050254004,7.561436672967865,130.65288947610293,101.4028158968845,adcp linear at epoch+300s
1737649800.Thu.Jan.23_16_30_00.GMT.2025.CACO03.c2.timex.jpg,c2,1737649800,2025-01-23T16:30:00+00:00,30.0,0.673500283346822,7.142857142857142,138.19949320874184,115.1821789319148,adcp linear at epoch+300s
1737739800.Fri.Jan.24_17_30_00.GMT.2025.CACO03.c2.timex.jpg,c2,1737739800,2025-01-24T17:30:00+00:00,30.0,0.5225267136060059,11.661807580174926,123.67472809436276,72.58510749315309,adcp linear at epoch+300s
1737741600.Fri.Jan.24_18_00_00.GMT.2025.CACO03.c2.timex.jpg,c2,1737741600,2025-01-24T18:00:00+00:00,0.0,0.5221425034845509,11.661807580174926,119.72477213541669,261.6188550981016,adcp linear at epoch+300s
1737743400.Fri.Jan.24_18_30_00.GMT.2025.CACO03.c2.timex.jpg,c2,1737743400,2025-01-24T18:30:00+00:00,30.0,0.5005423833878864,9.876543209876544,123.5229013480392,424.3099734907428,adcp linear at epoch+300s
1737745200.Fri.Jan.24_19_00_00.GMT.2025.CACO03.c2.timex.jpg,c2,1737745200,2025-01-24T19:00:00+00:00,0.0,0.49239149660568426,9.876543209876544,117.24591184129902,439.25311798327056,adcp linear at epoch+300s
1737747000.Fri.Jan.24_19_30_00.GMT.2025.CACO03.c2.timex.jpg,c2,1737747000,2025-01-24T19:30:00+00:00,30.0,0.5514867763957939,9.876543209876544,110.49746604370915,462.79747921029553,adcp linear at epoch+300s
1737748800.Fri.Jan.24_20_00_00.GMT.2025.CACO03.c2.timex.jpg,c2,1737748800,2025-01-24T20:00:00+00:00,0.0,0.5980321894494742,9.876543209876544,106.92258029513889,515.6810300034151,adcp linear at epoch+300s
1737750600.Fri.Jan.24_20_30_00.GMT.2025.CACO03.c2.timex.jpg,c2,1737750600,2025-01-24T20:30:00+00:00,30.0,0.5818282688210082,9.876543209876544,104.25158930759804,502.3079280965612,adcp linear at epoch+300s
1737752400.Fri.Jan.24_21_00_00.GMT.2025.CACO03.c2.timex.jpg,c2,1737752400,2025-01-24T21:00:00+00:00,0.0,0.5700042348123348,9.876543209876544,100.56543607026144,409.3889165669138,adcp linear at epoch+300s
1737754200.Fri.Jan.24_21_30_00.GMT.2025.CACO03.c2.timex.jpg,c2,1737754200,2025-01-24T21:30:00+00:00,30.0,0.5800796339026238,9.876543209876544,84.49502782883987,118.42780859732429,adcp linear at epoch+300s
1737756000.Fri.Jan.24_22_00_00.GMT.2025.CACO03.c2.timex.jpg,c2,1737756000,2025-01-24T22:00:00+00:00,0.0,0.5854757780874693,9.876543209876544,7.735035615808823,2.3996949025366408,adcp linear at epoch+300s
1737757800.Fri.Jan.24_22_30_00.GMT.2025.CACO03.c2.timex.jpg,c2,1737757800,2025-01-24T22:30:00+00:00,30.0,0.5674756477450973,9.876543209876544,0.0,0.0,adcp linear at epoch+300s
1737759600.Fri.Jan.24_23_00_00.GMT.2025.CACO04.c2.timex.jpg,c2,1737759600,2025-01-24T23:00:00+00:00,0.0,0.552122247228205,9.876543209876544,0.0,0.0,adcp linear at epoch+300s
1737761400.Fri.Jan.24_23_30_00.GMT.2025.CACO04.c2.timex.jpg,c2,1737761400,2025-01-24T23:30:00+00:00,30.0,0.5500024958387121,9.174311926605505,0.0,0.0,adcp linear at epoch+300s
1737763200.Sat.Jan.25_00_00_00.GMT.2025.CACO04.c2.timex.jpg,c2,1737763200,2025-01-25T00:00:00+00:00,0.0,0.5346704714942918,9.174311926605505,0.0,0.0,adcp linear at epoch+300s
1737765000.Sat.Jan.25_00_30_00.GMT.2025.CACO04.c2.timex.jpg,c2,1737765000,2025-01-25T00:30:00+00:00,30.0,0.45327708237523545,9.174311926605505,0.0,0.0,adcp linear at epoch+300s
1737766800.Sat.Jan.25_01_00_00.GMT.2025.CACO04.c2.timex.jpg,c2,1737766800,2025-01-25T01:00:00+00:00,0.0,0.38602684826926764,9.174311926605505,3.1913807189542485e-06,6.382761437908497e-05,adcp linear at epoch+300s
1737768600.Sat.Jan.25_01_30_00.GMT.2025.CACO04.c2.timex.jpg,c2,1737768600,2025-01-25T01:30:00+00:00,30.0,0.38949238922874296,9.174311926605505,3.1913807189542485e-06,6.382761437908497e-05,adcp linear at epoch+300s
1737770400.Sat.Jan.25_02_00_00.GMT.2025.CACO04.c2.timex.jpg,c2,1737770400,2025-01-25T02:00:00+00:00,0.0,0.39884423350611153,9.174311926605505,0.0,0.0,adcp linear at epoch+300s
1737772200.Sat.Jan.25_02_30_00.GMT.2025.CACO04.c2.timex.jpg,c2,1737772200,2025-01-25T02:30:00+00:00,30.0,0.4376275943729465,5.361930294906166,0.0,0.0,adcp linear at epoch+300s
1737774000.Sat.Jan.25_03_00_00.GMT.2025.CACO04.c2.timex.jpg,c2,1737774000,2025-01-25T03:00:00+00:00,0.0,0.5032458747722609,5.361930294906166,1.914828431372549e-05,0.0001531862745098,adcp linear at epoch+300s
1737804600.Sat.Jan.25_11_30_00.GMT.2025.CACO04.c2.timex.jpg,c2,1737804600,2025-01-25T11:30:00+00:00,30.0,0.8632695202333494,5.594405594405594,5.758313546772876,2.1745046701724187,adcp linear at epoch+300s
1737806400.Sat.Jan.25_12_00_00.GMT.2025.CACO04.c2.timex.jpg,c2,1737806400,2025-01-25T12:00:00+00:00,0.0,0.824440491787565,5.594405594405594,147.21757557189542,411.4590798934026,adcp linear at epoch+300s
1737808200.Sat.Jan.25_12_30_00.GMT.2025.CACO04.c2.timex.jpg,c2,1737808200,2025-01-25T12:30:00+00:00,30.0,0.7947945741205986,5.361930294906166,145.2607102736928,976.0168099539962,adcp linear at epoch+300s
1737810000.Sat.Jan.25_13_00_00.GMT.2025.CACO04.c2.timex.jpg,c2,1737810000,2025-01-25T13:00:00+00:00,0.0,0.7661975183113706,5.361930294906166,128.0885129442402,851.9099979134098,adcp linear at epoch+300s
1737811800.Sat.Jan.25_13_30_00.GMT.2025.CACO04.c2.timex.jpg,c2,1737811800,2025-01-25T13:30:00+00:00,30.0,0.7428447717908343,4.950495049504951,122.96103643280227,765.6163858319647,adcp linear at epoch+300s
1737813600.Sat.Jan.25_14_00_00.GMT.2025.CACO04.c2.timex.jpg,c2,1737813600,2025-01-25T14:00:00+00:00,0.0,0.7208648349930166,4.950495049504951,121.6885435814951,659.3238942372182,adcp linear at epoch+300s
1737815400.Sat.Jan.25_14_30_00.GMT.2025.CACO04.c2.timex.jpg,c2,1737815400,2025-01-25T14:30:00+00:00,30.0,0.7057489468087911,5.148005148005149,122.3065225439134,573.9160295823611,adcp linear at epoch+300s
1737817200.Sat.Jan.25_15_00_00.GMT.2025.CACO04.c2.timex.jpg,c2,1737817200,2025-01-25T15:00:00+00:00,0.0,0.6846487077393223,5.148005148005149,123.85475707209967,497.8159403077631,adcp linear at epoch+300s
1737819000.Sat.Jan.25_15_30_00.GMT.2025.CACO04.c2.timex.jpg,c2,1737819000,2025-01-25T15:30:00+00:00,30.0,0.6336267142436374,5.148005148005149,124.98627387152776,443.92109248579993,adcp linear at epoch+300s
1737820800.Sat.Jan.25_16_00_00.GMT.2025.CACO04.c2.timex.jpg,c2,1737820800,2025-01-25T16:00:00+00:00,0.0,0.5923368366566188,5.148005148005149,126.4320108251634,405.9995909550753,adcp linear at epoch+300s
1737822600.Sat.Jan.25_16_30_00.GMT.2025.CACO04.c2.timex.jpg,c2,1737822600,2025-01-25T16:30:00+00:00,30.0,0.5997075386129327,5.361930294906166,126.2187148948121,369.4959719785127,adcp linear at epoch+300s
1737824400.Sat.Jan.25_17_00_00.GMT.2025.CACO04.c2.timex.jpg,c2,1737824400,2025-01-25T17:00:00+00:00,0.0,0.5979365023807508,5.361930294906166,127.48583346098856,349.20310006143103,adcp linear at epoch+300s
1737826200.Sat.Jan.25_17_30_00.GMT.2025.CACO04.c2.timex.jpg,c2,1737826200,2025-01-25T17:30:00+00:00,30.0,0.5504567752060899,5.361930294906166,128.06165109272877,347.29888551102493,adcp linear at epoch+300s
1737828000.Sat.Jan.25_18_00_00.GMT.2025.CACO04.c2.timex.jpg,c2,1737828000,2025-01-25T18:00:00+00:00,0.0,0.5070485800207304,5.361930294906166,127.70444942299837,357.8925704075671,adcp linear at epoch+300s
1737829800.Sat.Jan.25_18_30_00.GMT.2025.CACO04.c2.timex.jpg,c2,1737829800,2025-01-25T18:30:00+00:00,30.0,0.4839980447818773,4.597701149425287,121.28776999080884,369.7932685401633,adcp linear at epoch+300s
1737831600.Sat.Jan.25_19_00_00.GMT.2025.CACO04.c2.timex.jpg,c2,1737831600,2025-01-25T19:00:00+00:00,0.0,0.45095869043212383,4.597701149425287,112.02523424734476,362.0334409604319,adcp linear at epoch+300s
1737833400.Sat.Jan.25_19_30_00.GMT.2025.CACO04.c2.timex.jpg,c2,1737833400,2025-01-25T19:30:00+00:00,30.0,0.36797524052786856,5.361930294906166,104.92970983966504,390.0053944602884,adcp linear at epoch+300s
1737835200.Sat.Jan.25_20_00_00.GMT.2025.CACO04.c2.timex.jpg,c2,1737835200,2025-01-25T20:00:00+00:00,0.0,0.3070558135912067,5.361930294906166,100.10020935457516,447.65073886775855,adcp linear at epoch+300s
1737837000.Sat.Jan.25_20_30_00.GMT.2025.CACO04.c2.timex.jpg,c2,1737837000,2025-01-25T20:30:00+00:00,30.0,0.35645650149251207,4.153686396677051,91.9035883884804,320.4500671885922,adcp linear at epoch+300s
1737838800.Sat.Jan.25_21_00_00.GMT.2025.CACO04.c2.timex.jpg,c2,1737838800,2025-01-25T21:00:00+00:00,0.0,0.40129307400015446,4.153686396677051,94.25811248978758,158.06797552897078,adcp linear at epoch+300s
1737840600.Sat.Jan.25_21_30_00.GMT.2025.CACO04.c2.timex.jpg,c2,1737840600,2025-01-25T21:30:00+00:00,30.0,0.42330906953948183,4.153686396677051,86.01633348651961,120.92040701904284,adcp linear at epoch+300s
1737842400.Sat.Jan.25_22_00_00.GMT.2025.CACO04.c2.timex.jpg,c2,1737842400,2025-01-25T22:00:00+00:00,0.0,0.4230880276585541,4.153686396677051,7.997047972834967,2.251828654786392,adcp linear at epoch+300s
1737844200.Sat.Jan.25_22_30_00.GMT.2025.CACO04.c2.timex.jpg,c2,1737844200,2025-01-25T22:30:00+00:00,30.0,0.3116817986763507,8.032128514056225,3.1913807189542485e-06,6.382761437908497e-05,adcp linear at epoch+300s
1737846000.Sat.Jan.25_23_00_00.GMT.2025.CACO04.c2.timex.jpg,c2,1737846000,2025-01-25T23:00:00+00:00,0.0,0.2193532916175959,8.032128514056225,0.0,0.0,adcp linear at epoch+300s
1737847800.Sat.Jan.25_23_30_00.GMT.2025.CACO04.c2.timex.jpg,c2,1737847800,2025-01-25T23:30:00+00:00,30.0,0.22241339417608358,9.174311926605505,0.0,0.0,adcp linear at epoch+300s
1737849600.Sun.Jan.26_00_00_00.GMT.2025.CACO04.c2.timex.jpg,c2,1737849600,2025-01-26T00:00:00+00:00,0.0,0.23958109366543143,9.174311926605505,0.0,0.0,adcp linear at epoch+300s
1737851400.Sun.Jan.26_00_30_00.GMT.2025.CACO04.c2.timex.jpg,c2,1737851400,2025-01-26T00:30:00+00:00,30.0,0.3272867778090801,4.291845493562232,3.1913807189542485e-06,6.382761437908497e-05,adcp linear at epoch+300s
1737853200.Sun.Jan.26_01_00_00.GMT.2025.CACO04.c2.timex.jpg,c2,1737853200,2025-01-26T01:00:00+00:00,0.0,0.40170163188976915,4.291845493562232,0.0,0.0,adcp linear at epoch+300s
1737855000.Sun.Jan.26_01_30_00.GMT.2025.CACO04.c2.timex.jpg,c2,1737855000,2025-01-26T01:30:00+00:00,30.0,0.40966233565566024,8.565310492505352,0.0,0.0,adcp linear at epoch+300s
1737856800.Sun.Jan.26_02_00_00.GMT.2025.CACO04.c2.timex.jpg,c2,1737856800,2025-01-26T02:00:00+00:00,0.0,0.4130680888219609,8.565310492505352,3.1913807189542485e-06,6.382761437908497e-05,adcp linear at epoch+300s
1737858600.Sun.Jan.26_02_30_00.GMT.2025.CACO04.c2.timex.jpg,c2,1737858600,2025-01-26T02:30:00+00:00,30.0,0.3936990889903094,8.032128514056225,3.1913807189542485e-06,6.382761437908497e-05,adcp linear at epoch+300s
1737860400.Sun.Jan.26_03_00_00.GMT.2025.CACO04.c2.timex.jpg,c2,1737860400,2025-01-26T03:00:00+00:00,0.0,0.37517456012719724,8.032128514056225,3.1913807189542485e-06,6.382761437908497e-05,adcp linear at epoch+300s
1737891000.Sun.Jan.26_11_30_00.GMT.2025.CACO04.c2.timex.jpg,c2,1737891000,2025-01-26T11:30:00+00:00,30.0,0.2344963107816619,8.565310492505352,0.6500778696895425,0.9480634584059816,adcp linear at epoch+300s
1737892800.Sun.Jan.26_12_00_00.GMT.2025.CACO04.c2.timex.jpg,c2,1737892800,2025-01-26T12:00:00+00:00,0.0,0.24693774396604454,8.565310492505352,14.154504314746733,5.989707716506692,adcp linear at epoch+300s
1737894600.Sun.Jan.26_12_30_00.GMT.2025.CACO04.c2.timex.jpg,c2,1737894600,2025-01-26T12:30:00+00:00,30.0,0.32787546469985607,9.174311926605505,84.52899050245098,162.09281686917848,adcp linear at epoch+300s
1737896400.Sun.Jan.26_13_00_00.GMT.2025.CACO04.c2.timex.jpg,c2,1737896400,2025-01-26T13:00:00+00:00,0.0,0.39797649146986525,9.174311926605505,147.71658305249184,355.6549118529462,adcp linear at epoch+300s
1737898200.Sun.Jan.26_13_30_00.GMT.2025.CACO04.c2.timex.jpg,c2,1737898200,2025-01-26T13:30:00+00:00,30.0,0.41389404842086236,4.024144869215292,139.61314402062908,352.8647471221815,adcp linear at epoch+300s
1737900000.Sun.Jan.26_14_00_00.GMT.2025.CACO04.c2.timex.jpg,c2,1737900000,2025-01-26T14:00:00+00:00,0.0,0.43118031240805377,4.024144869215292,154.30834482230392,287.0858559366975,adcp linear at epoch+300s
1737901800.Sun.Jan.26_14_30_00.GMT.2025.CACO04.c2.timex.jpg,c2,1737901800,2025-01-26T14:30:00+00:00,30.0,0.45531011157621665,4.439511653718091,133.7710280075572,330.55651293062044,adcp linear at epoch+300s
1737903600.Sun.Jan.26_15_00_00.GMT.2025.CACO04.c2.timex.jpg,c2,1737903600,2025-01-26T15:00:00+00:00,0.0,0.4724388860742904,4.439511653718091,134.81445631638073,330.72932537915153,adcp linear at epoch+300s
1737905400.Sun.Jan.26_15_30_00.GMT.2025.CACO04.c2.timex.jpg,c2,1737905400,2025-01-26T15:30:00+00:00,30.0,0.45456253722191897,5.148005148005149,130.20654616013073,346.1366019029885,adcp linear at epoch+300s
1737907200.Sun.Jan.26_16_00_00.GMT.2025.CACO04.c2.timex.jpg,c2,1737907200,2025-01-26T16:00:00+00:00,0.0,0.42288656281829745,5.148005148005149,128.38492838541666,310.3201361486753,adcp linear at epoch+300s
1737909000.Sun.Jan.26_16_30_00.GMT.2025.CACO04.c2.timex.jpg,c2,1737909000,2025-01-26T16:30:00+00:00,30.0,0.3222124606584258,7.561436672967865,126.67064950980392,256.7257842298829,adcp linear at epoch+300s
1737910800.Sun.Jan.26_17_00_00.GMT.2025.CACO04.c2.timex.jpg,c2,1737910800,2025-01-26T17:00:00+00:00,0.0,0.23804491090810131,7.561436672967865,121.97094886131536,215.9759215539429,adcp linear at epoch+300s
1737912600.Sun.Jan.26_17_30_00.GMT.2025.CACO04.c2.timex.jpg,c2,1737912600,2025-01-26T17:30:00+00:00,30.0,0.2364101232055127,5.361930294906166,129.94162326388889,239.41352612502027,adcp linear at epoch+300s
1737914400.Sun.Jan.26_18_00_00.GMT.2025.CACO04.c2.timex.jpg,c2,1737914400,2025-01-26T18:00:00+00:00,0.0,0.23618073407897494,5.361930294906166,138.76669411254085,269.1803654589093,adcp linear at epoch+300s
1737916200.Sun.Jan.26_18_30_00.GMT.2025.CACO04.c2.timex.jpg,c2,1737916200,2025-01-26T18:30:00+00:00,30.0,0.24297833783269157,5.361930294906166,123.51824512357028,232.848021960726,adcp linear at epoch+300s
1737918000.Sun.Jan.26_19_00_00.GMT.2025.CACO04.c2.timex.jpg,c2,1737918000,2025-01-26T19:00:00+00:00,0.0,0.2577546228078892,5.361930294906166,110.05664700776144,195.5388324598545,adcp linear at epoch+300s
1737919800.Sun.Jan.26_19_30_00.GMT.2025.CACO04.c2.timex.jpg,c2,1737919800,2025-01-26T19:30:00+00:00,30.0,0.31242431389049197,5.361930294906166,119.93721277573528,186.26304581618643,adcp linear at epoch+300s
1737921600.Sun.Jan.26_20_00_00.GMT.2025.CACO04.c2.timex.jpg,c2,1737921600,2025-01-26T20:00:00+00:00,0.0,0.3567639459957557,5.361930294906166,114.8175519556781,290.4476789553686,adcp linear at epoch+300s
1737923400.Sun.Jan.26_20_30_00.GMT.2025.CACO04.c2.timex.jpg,c2,1737923400,2025-01-26T20:30:00+00:00,30.0,0.34945328321432473,5.594405594405594,98.11266212214052,370.1880090558609,adcp linear at epoch+300s
1737925200.Sun.Jan.26_21_00_00.GMT.2025.CACO04.c2.timex.jpg,c2,1737925200,2025-01-26T21:00:00+00:00,0.0,0.3477142255304512,5.594405594405594,93.11428653492646,236.51307402422395,adcp linear at epoch+300s
1737927000.Sun.Jan.26_21_30_00.GMT.2025.CACO04.c2.timex.jpg,c2,1737927000,2025-01-26T21:30:00+00:00,30.0,0.37383319333436527,5.847953216374269,82.74358851613562,76.67030797779162,adcp linear at epoch+300s
1737928800.Sun.Jan.26_22_00_00.GMT.2025.CACO04.c2.timex.jpg,c2,1737928800,2025-01-26T22:00:00+00:00,0.0,0.3992543578842984,5.847953216374269,9.16919424019608,2.42243667807704,adcp linear at epoch+300s
1737930600.Sun.Jan.26_22_30_00.GMT.2025.CACO04.c2.timex.jpg,c2,1737930600,2025-01-26T22:30:00+00:00,30.0,0.4211865061643269,5.594405594405594,3.1913807189542485e-06,6.382761437908497e-05,adcp linear at epoch+300s
1737932400.Sun.Jan.26_23_00_00.GMT.2025.CACO04.c2.timex.jpg,c2,1737932400,2025-01-26T23:00:00+00:00,0.0,0.4380394444578168,5.594405594405594,3.1913807189542485e-06,6.382761437908497e-05,adcp linear at epoch+300s
1737934200.Sun.Jan.26_23_30_00.GMT.2025.CACO04.c2.timex.jpg,c2,1737934200,2025-01-26T23:30:00+00:00,30.0,0.4294963328186134,5.594405594405594,3.1913807189542485e-06,6.382761437908497e-05,adcp linear at epoch+300s
1737936000.Mon.Jan.27_00_00_00.GMT.2025.CACO04.c2.timex.jpg,c2,1737936000,2025-01-27T00:00:00+00:00,0.0,0.4422164265530796,5.594405594405594,3.1913807189542485e-06,6.382761437908497e-05,adcp linear at epoch+300s
1737937800.Mon.Jan.27_00_30_00.GMT.2025.CACO04.c2.timex.jpg,c2,1737937800,2025-01-27T00:30:00+00:00,30.0,0.561252547155894,5.594405594405594,3.1913807189542485e-06,6.382761437908497e-05,adcp linear at epoch+300s
1737939600.Mon.Jan.27_01_00_00.GMT.2025.CACO04.c2.timex.jpg,c2,1737939600,2025-01-27T01:00:00+00:00,0.0,0.656469200108478,5.594405594405594,3.1913807189542485e-06,6.382761437908497e-05,adcp linear at epoch+300s
1737941400.Mon.Jan.27_01_30_00.GMT.2025.CACO04.c2.timex.jpg,c2,1737941400,2025-01-27T01:30:00+00:00,30.0,0.6325885148099097,6.125574272588055,3.1913807189542485e-06,6.382761437908497e-05,adcp linear at epoch+300s
1737943200.Mon.Jan.27_02_00_00.GMT.2025.CACO04.c2.timex.jpg,c2,1737943200,2025-01-27T02:00:00+00:00,0.0,0.6135568615795878,6.125574272588055,3.1913807189542485e-06,6.382761437908497e-05,adcp linear at epoch+300s
1737945000.Mon.Jan.27_02_30_00.GMT.2025.CACO04.c2.timex.jpg,c2,1737945000,2025-01-27T02:30:00+00:00,30.0,0.6187703686904965,5.847953216374269,3.1913807189542485e-06,6.382761437908497e-05,adcp linear at epoch+300s
1737946800.Mon.Jan.27_03_00_00.GMT.2025.CACO04.c2.timex.jpg,c2,1737946800,2025-01-27T03:00:00+00:00,0.0,0.607495821579229,5.847953216374269,3.1913807189542485e-06,6.382761437908497e-05,adcp linear at epoch+300s
1737977400.Mon.Jan.27_11_30_00.GMT.2025.CACO04.c2.timex.jpg,c2,1737977400,2025-01-27T11:30:00+00:00,30.0,0.316759947287602,7.561436672967865,4.947070950776144,1.1637976068348166,adcp linear at epoch+300s
1737979200.Mon.Jan.27_12_00_00.GMT.2025.CACO04.c2.timex.jpg,c2,1737979200,2025-01-27T12:00:00+00:00,0.0,0.23850018706372955,7.561436672967865,145.6835746017157,250.97330251118527,adcp linear at epoch+300s
1737981000.Mon.Jan.27_12_30_00.GMT.2025.CACO04.c2.timex.jpg,c2,1737981000,2025-01-27T12:30:00+00:00,30.0,0.23791293935419633,6.768189509306261,133.46583626940358,815.79588983344,adcp linear at epoch+300s
1737982800.Mon.Jan.27_13_00_00.GMT.2025.CACO04.c2.timex.jpg,c2,1737982800,2025-01-27T13:00:00+00:00,0.0,0.25092625501466204,6.768189509306261,130.56754557291666,813.7603109477702,adcp linear at epoch+300s
1737984600.Mon.Jan.27_13_30_00.GMT.2025.CACO04.c2.timex.jpg,c2,1737984600,2025-01-27T13:30:00+00:00,30.0,0.33194238752512273,7.142857142857142,131.08934270322712,753.1671784981908,adcp linear at epoch+300s
1737986400.Mon.Jan.27_14_00_00.GMT.2025.CACO04.c2.timex.jpg,c2,1737986400,2025-01-27T14:00:00+00:00,0.0,0.40028249326888354,7.142857142857142,130.69380935968138,632.5100059960265,adcp linear at epoch+300s
1737988200.Mon.Jan.27_14_30_00.GMT.2025.CACO04.c2.timex.jpg,c2,1737988200,2025-01-27T14:30:00+00:00,30.0,0.40524246517914464,7.561436672967865,131.37113842933007,564.0271963852473,adcp linear at epoch+300s
1737990000.Mon.Jan.27_15_00_00.GMT.2025.CACO04.c2.timex.jpg,c2,1737990000,2025-01-27T15:00:00+00:00,0.0,0.4070289399781843,7.561436672967865,133.3745883118873,466.4521111120728,adcp linear at epoch+300s
1737991800.Mon.Jan.27_15_30_00.GMT.2025.CACO04.c2.timex.jpg,c2,1737991800,2025-01-27T15:30:00+00:00,30.0,0.39294792922111643,7.142857142857142,134.6969464869281,412.0585010249316,adcp linear at epoch+300s
1737993600.Mon.Jan.27_16_00_00.GMT.2025.CACO04.c2.timex.jpg,c2,1737993600,2025-01-27T16:00:00+00:00,0.0,0.38107322260423093,7.142857142857142,135.87104587928923,386.5405814495409,adcp linear at epoch+300s
1737997200.Mon.Jan.27_17_00_00.GMT.2025.CACO04.c2.timex.jpg,c2,1737997200,2025-01-27T17:00:00+00:00,0.0,0.37784401225730696,7.561436672967865,137.38667726205065,319.96275938972417,adcp linear at epoch+300s
1737999000.Mon.Jan.27_17_30_00.GMT.2025.CACO04.c2.timex.jpg,c2,1737999000,2025-01-27T17:30:00+00:00,30.0,0.367743795251474,8.032128514056225,136.7055472579657,318.16840725979046,adcp linear at epoch+300s
1738000800.Mon.Jan.27_18_00_00.GMT.2025.CACO04.c2.timex.jpg,c2,1738000800,2025-01-27T18:00:00+00:00,0.0,0.3469727221131619,8.032128514056225,133.7068461499183,318.01448076672386,adcp linear at epoch+300s
1738002600.Mon.Jan.27_18_30_00.GMT.2025.CACO04.c2.timex.jpg,c2,1738002600,2025-01-27T18:30:00+00:00,30.0,0.2728473683124537,8.032128514056225,125.59008948631536,347.00160546664165,adcp linear at epoch+300s
1738004400.Mon.Jan.27_19_00_00.GMT.2025.CACO04.c2.timex.jpg,c2,1738004400,2025-01-27T19:00:00+00:00,0.0,0.2132235930139038,8.032128514056225,114.99663628472224,342.8501644013117,adcp linear at epoch+300s
1738006200.Mon.Jan.27_19_30_00.GMT.2025.CACO04.c2.timex.jpg,c2,1738006200,2025-01-27T19:30:00+00:00,30.0,0.22610771022614515,5.148005148005149,105.50144250408496,356.86218469246506,adcp linear at epoch+300s
1738008000.Mon.Jan.27_20_00_00.GMT.2025.CACO04.c2.timex.jpg,c2,1738008000,2025-01-27T20:00:00+00:00,0.0,0.26197279318984606,5.148005148005149,98.36256638071896,406.43723031166667,adcp linear at epoch+300s
1738009800.Mon.Jan.27_20_30_00.GMT.2025.CACO04.c2.timex.jpg,c2,1738009800,2025-01-27T20:30:00+00:00,30.0,0.4127427049108447,2.9962546816479403,93.7567497702206,439.2168308911256,adcp linear at epoch+300s
1738011600.Mon.Jan.27_21_00_00.GMT.2025.CACO04.c2.timex.jpg,c2,1738011600,2025-01-27T21:00:00+00:00,0.0,0.518658346235793,2.9962546816479403,91.58736404718135,383.4591311873026,adcp linear at epoch+300s
1738013400.Mon.Jan.27_21_30_00.GMT.2025.CACO04.c2.timex.jpg,c2,1738013400,2025-01-27T21:30:00+00:00,30.0,0.4003026355804895,5.361930294906166,82.19143816380719,140.45819174901675,adcp linear at epoch+300s
1738015200.Mon.Jan.27_22_00_00.GMT.2025.CACO04.c2.timex.jpg,c2,1738015200,2025-01-27T22:00:00+00:00,0.0,0.31973935039855567,5.361930294906166,12.833358864379084,3.673170693686895,adcp linear at epoch+300s
1738017000.Mon.Jan.27_22_30_00.GMT.2025.CACO04.c2.timex.jpg,c2,1738017000,2025-01-27T22:30:00+00:00,30.0,0.42813819258346963,3.902439024390244,3.1913807189542485e-06,6.382761437908497e-05,adcp linear at epoch+300s
1738018800.Mon.Jan.27_23_00_00.GMT.2025.CACO04.c2.timex.jpg,c2,1738018800,2025-01-27T23:00:00+00:00,0.0,0.5268835895619506,3.902439024390244,3.1913807189542485e-06,6.382761437908497e-05,adcp linear at epoch+300s
1738020600.Mon.Jan.27_23_30_00.GMT.2025.CACO04.c2.timex.jpg,c2,1738020600,2025-01-27T23:30:00+00:00,30.0,0.5773617605082665,4.291845493562232,3.1913807189542485e-06,6.382761437908497e-05,adcp linear at epoch+300s
1738022400.Tue.Jan.28_00_00_00.GMT.2025.CACO04.c2.timex.jpg,c2,1738022400,2025-01-28T00:00:00+00:00,0.0,0.6215146564005429,4.291845493562232,2.5531045751633988e-05,0.0003255208333333,adcp linear at epoch+300s
1738024200.Tue.Jan.28_00_30_00.GMT.2025.CACO04.c2.timex.jpg,c2,1738024200,2025-01-28T00:30:00+00:00,30.0,0.6340411770226221,4.597701149425287,3.1913807189542485e-06,6.382761437908497e-05,adcp linear at epoch+300s
1738026000.Tue.Jan.28_01_00_00.GMT.2025.CACO04.c2.timex.jpg,c2,1738026000,2025-01-28T01:00:00+00:00,0.0,0.6480899049552508,4.597701149425287,7.021037581699346e-05,0.0018956801470588,adcp linear at epoch+300s
1738027800.Tue.Jan.28_01_30_00.GMT.2025.CACO04.c2.timex.jpg,c2,1738027800,2025-01-28T01:30:00+00:00,30.0,0.6697496694406279,4.767580452920143,3.1913807189542485e-06,6.382761437908497e-05,adcp linear at epoch+300s
1738029600.Tue.Jan.28_02_00_00.GMT.2025.CACO04.c2.timex.jpg,c2,1738029600,2025-01-28T02:00:00+00:00,0.0,0.6870882949926403,4.767580452920143,1.5956903594771243e-05,0.0001148897058823,adcp linear at epoch+300s
1738031400.Tue.Jan.28_02_30_00.GMT.2025.CACO04.c2.timex.jpg,c2,1738031400,2025-01-28T02:30:00+00:00,30.0,0.6828212258778298,4.767580452920143,6.382761437908497e-05,0.0004978553921568,adcp linear at epoch+300s
1738033200.Tue.Jan.28_03_00_00.GMT.2025.CACO04.c2.timex.jpg,c2,1738033200,2025-01-28T03:00:00+00:00,0.0,0.6926189116038478,4.767580452920143,3.1913807189542485e-06,6.382761437908497e-05,adcp linear at epoch+300s
1738063800.Tue.Jan.28_11_30_00.GMT.2025.CACO04.c2.timex.jpg,c2,1738063800,2025-01-28T11:30:00+00:00,30.0,0.4733370513028935,4.597701149425287,3.9644352532679736,1.0261310246749633,adcp linear at epoch+300s
1738065600.Tue.Jan.28_12_00_00.GMT.2025.CACO04.c2.timex.jpg,c2,1738065600,2025-01-28T12:00:00+00:00,0.0,0.4707237326123863,4.597701149425287,119.19107115502452,234.3548879176906,adcp linear at epoch+300s
1738067400.Tue.Jan.28_12_30_00.GMT.2025.CACO04.c2.timex.jpg,c2,1738067400,2025-01-28T12:30:00+00:00,30.0,0.4646716863397839,5.594405594405594,116.5152069291258,320.0256069921063,adcp linear at epoch+300s
1738069200.Tue.Jan.28_13_00_00.GMT.2025.CACO04.c2.timex.jpg,c2,1738069200,2025-01-28T13:00:00+00:00,0.0,0.46151227419742585,5.594405594405594,131.42178564133988,245.02947680292928,adcp linear at epoch+300s
1738071000.Tue.Jan.28_13_30_00.GMT.2025.CACO04.c2.timex.jpg,c2,1738071000,2025-01-28T13:30:00+00:00,30.0,0.4728160327062893,5.148005148005149,151.1235543045343,240.36442880728472,adcp linear at epoch+300s
1738072800.Tue.Jan.28_14_00_00.GMT.2025.CACO04.c2.timex.jpg,c2,1738072800,2025-01-28T14:00:00+00:00,0.0,0.48320814375541793,5.148005148005149,130.71375548917484,222.3713246491714,adcp linear at epoch+300s
1738074600.Tue.Jan.28_14_30_00.GMT.2025.CACO04.c2.timex.jpg,c2,1738074600,2025-01-28T14:30:00+00:00,30.0,0.4890420175058727,7.561436672967865,135.69888684640523,512.7674273478644,adcp linear at epoch+300s
1738076400.Tue.Jan.28_15_00_00.GMT.2025.CACO04.c2.timex.jpg,c2,1738076400,2025-01-28T15:00:00+00:00,0.0,0.4989464730699044,7.561436672967865,135.0078316482843,444.5072190086205,adcp linear at epoch+300s
1738078200.Tue.Jan.28_15_30_00.GMT.2025.CACO04.c2.timex.jpg,c2,1738078200,2025-01-28T15:30:00+00:00,30.0,0.5292038377018211,8.565310492505352,133.34224685968138,376.3154766085596,adcp linear at epoch+300s
1738080000.Tue.Jan.28_16_00_00.GMT.2025.CACO04.c2.timex.jpg,c2,1738080000,2025-01-28T16:00:00+00:00,0.0,0.5600161445797935,8.565310492505352,135.19503804125816,340.1366982131456,adcp linear at epoch+300s
1738081800.Tue.Jan.28_16_30_00.GMT.2025.CACO04.c2.timex.jpg,c2,1738081800,2025-01-28T16:30:00+00:00,30.0,0.5936031626880445,9.174311926605505,76.68949780433006,70.03159524247721,adcp linear at epoch+300s
1738083600.Tue.Jan.28_17_00_00.GMT.2025.CACO04.c2.timex.jpg,c2,1738083600,2025-01-28T17:00:00+00:00,0.0,0.6283320137162178,9.174311926605505,146.7530477685866,197.4710116262667,adcp linear at epoch+300s
1738085400.Tue.Jan.28_17_30_00.GMT.2025.CACO04.c2.timex.jpg,c2,1738085400,2025-01-28T17:30:00+00:00,30.0,0.6687700293440022,2.386634844868735,185.2423087724673,279.81747831433177,adcp linear at epoch+300s
1738087200.Tue.Jan.28_18_00_00.GMT.2025.CACO04.c2.timex.jpg,c2,1738087200,2025-01-28T18:00:00+00:00,0.0,0.7025143685837089,2.386634844868735,118.71602136948528,163.21062909534737,adcp linear at epoch+300s
1738089000.Tue.Jan.28_18_30_00.GMT.2025.CACO04.c2.timex.jpg,c2,1738089000,2025-01-28T18:30:00+00:00,30.0,0.702790325883027,6.430868167202571,199.83203763276143,449.2353534852482,adcp linear at epoch+300s
1738090800.Tue.Jan.28_19_00_00.GMT.2025.CACO04.c2.timex.jpg,c2,1738090800,2025-01-28T19:00:00+00:00,0.0,0.7064342279079915,6.430868167202571,115.27896178002452,286.2058833704138,adcp linear at epoch+300s
1738092600.Tue.Jan.28_19_30_00.GMT.2025.CACO04.c2.timex.jpg,c2,1738092600,2025-01-28T19:30:00+00:00,30.0,0.7269178535611872,4.439511653718091,104.16328061172386,320.41311303847846,adcp linear at epoch+300s
1738094400.Tue.Jan.28_20_00_00.GMT.2025.CACO04.c2.timex.jpg,c2,1738094400,2025-01-28T20:00:00+00:00,0.0,0.7406941796900887,4.439511653718091,98.5759357128268,399.5972667722344,adcp linear at epoch+300s
1738096200.Tue.Jan.28_20_30_00.GMT.2025.CACO04.c2.timex.jpg,c2,1738096200,2025-01-28T20:30:00+00:00,30.0,0.720934008197518,7.142857142857142,94.64050053615196,376.2394075013168,adcp linear at epoch+300s
1738098000.Tue.Jan.28_21_00_00.GMT.2025.CACO04.c2.timex.jpg,c2,1738098000,2025-01-28T21:00:00+00:00,0.0,0.729120788853772,7.142857142857142,93.0751282935049,423.5395860080764,adcp linear at epoch+300s
1738099800.Tue.Jan.28_21_30_00.GMT.2025.CACO04.c2.timex.jpg,c2,1738099800,2025-01-28T21:30:00+00:00,30.0,0.8770423302541492,6.768189509306261,77.89314619076798,69.29629688929238,adcp linear at epoch+300s
1738101600.Tue.Jan.28_22_00_00.GMT.2025.CACO04.c2.timex.jpg,c2,1738101600,2025-01-28T22:00:00+00:00,0.0,0.9832056183084403,6.768189509306261,13.399873621323527,3.518736594968606,adcp linear at epoch+300s
1738103400.Tue.Jan.28_22_30_00.GMT.2025.CACO04.c2.timex.jpg,c2,1738103400,2025-01-28T22:30:00+00:00,30.0,0.8805776396323013,7.142857142857142,0.0002521190767973,0.0019914215686274,adcp linear at epoch+300s
1738105200.Tue.Jan.28_23_00_00.GMT.2025.CACO04.c2.timex.jpg,c2,1738105200,2025-01-28T23:00:00+00:00,0.0,0.7986496053741251,7.142857142857142,3.1913807189542485e-06,6.382761437908497e-05,adcp linear at epoch+300s
1738107000.Tue.Jan.28_23_30_00.GMT.2025.CACO04.c2.timex.jpg,c2,1738107000,2025-01-28T23:30:00+00:00,30.0,0.8202212932057634,7.142857142857142,3.1913807189542485e-06,6.382761437908497e-05,adcp linear at epoch+300s
1738108800.Wed.Jan.29_00_00_00.GMT.2025.CACO04.c2.timex.jpg,c2,1738108800,2025-01-29T00:00:00+00:00,0.0,0.8404796851676446,7.142857142857142,3.1913807189542485e-06,6.382761437908497e-05,adcp linear at epoch+300s
1738110600.Wed.Jan.29_00_30_00.GMT.2025.CACO04.c2.timex.jpg,c2,1738110600,2025-01-29T00:30:00+00:00,30.0,0.8541715977807405,7.142857142857142,3.1913807189542485e-06,6.382761437908497e-05,adcp linear at epoch+300s
1738112400.Wed.Jan.29_01_00_00.GMT.2025.CACO04.c2.timex.jpg,c2,1738112400,2025-01-29T01:00:00+00:00,0.0,0.8586467655688511,7.142857142857142,3.1913807189542485e-06,6.382761437908497e-05,adcp linear at epoch+300s
1738114200.Wed.Jan.29_01_30_00.GMT.2025.CACO04.c2.timex.jpg,c2,1738114200,2025-01-29T01:30:00+00:00,30.0,0.8170382092320356,6.768189509306261,3.1913807189542485e-06,6.382761437908497e-05,adcp linear at epoch+300s
1738116000.Wed.Jan.29_02_00_00.GMT.2025.CACO04.c2.timex.jpg,c2,1738116000,2025-01-29T02:00:00+00:00,0.0,0.7870574924625678,6.768189509306261,3.1913807189542485e-06,6.382761437908497e-05,adcp linear at epoch+300s
1738117800.Wed.Jan.29_02_30_00.GMT.2025.CACO04.c2.timex.jpg,c2,1738117800,2025-01-29T02:30:00+00:00,30.0,0.8152159735298383,6.125574272588055,3.1913807189542485e-06,6.382761437908497e-05,adcp linear at epoch+300s
1738119600.Wed.Jan.29_03_00_00.GMT.2025.CACO04.c2.timex.jpg,c2,1738119600,2025-01-29T03:00:00+00:00,0.0,0.8441039626423952,6.125574272588055,3.1913807189542485e-06,6.382761437908497e-05,adcp linear at epoch+300s
1738150200.Wed.Jan.29_11_30_00.GMT.2025.CACO04.c2.timex.jpg,c2,1738150200,2025-01-29T11:30:00+00:00,30.0,0.7359772244006515,4.767580452920143,3.789991191789216,0.9626831852430832,adcp linear at epoch+300s
1738152000.Wed.Jan.29_12_00_00.GMT.2025.CACO04.c2.timex.jpg,c2,1738152000,2025-01-29T12:00:00+00:00,0.0,0.858606661712727,4.767580452920143,96.85758144403594,88.28125310703949,adcp linear at epoch+300s
1738153800.Wed.Jan.29_12_30_00.GMT.2025.CACO04.c2.timex.jpg,c2,1738153800,2025-01-29T12:30:00+00:00,30.0,0.8264042926409294,4.767580452920143,151.04633246527777,275.1239116548336,adcp linear at epoch+300s
1738155600.Wed.Jan.29_13_00_00.GMT.2025.CACO04.c2.timex.jpg,c2,1738155600,2025-01-29T13:00:00+00:00,0.0,0.788410613680454,4.767580452920143,137.5708199295343,371.384157619053,adcp linear at epoch+300s
1738157400.Wed.Jan.29_13_30_00.GMT.2025.CACO04.c2.timex.jpg,c2,1738157400,2025-01-29T13:30:00+00:00,30.0,0.7214603852765894,4.950495049504951,147.18281186172385,347.3501582875541,adcp linear at epoch+300s
1738159200.Wed.Jan.29_14_00_00.GMT.2025.CACO04.c2.timex.jpg,c2,1738159200,2025-01-29T14:00:00+00:00,0.0,0.6635542347023426,4.950495049504951,99.69746029922386,126.04623307903306,adcp linear at epoch+300s
1738161000.Wed.Jan.29_14_30_00.GMT.2025.CACO04.c2.timex.jpg,c2,1738161000,2025-01-29T14:30:00+00:00,30.0,0.6508684732761852,4.950495049504951,185.61637688929736,377.1724697290092,adcp linear at epoch+300s
1738162800.Wed.Jan.29_15_00_00.GMT.2025.CACO04.c2.timex.jpg,c2,1738162800,2025-01-29T15:00:00+00:00,0.0,0.6487359687201718,4.950495049504951,130.93898718341504,154.09481906119868,adcp linear at epoch+300s
1738164600.Wed.Jan.29_15_30_00.GMT.2025.CACO04.c2.timex.jpg,c2,1738164600,2025-01-29T15:30:00+00:00,30.0,0.6993697485148782,5.594405594405594,126.74630438112744,125.37709354245172,adcp linear at epoch+300s
1738166400.Wed.Jan.29_16_00_00.GMT.2025.CACO04.c2.timex.jpg,c2,1738166400,2025-01-29T16:00:00+00:00,0.0,0.7375946490166736,5.594405594405594,128.3201433568219,126.30028325279312,adcp linear at epoch+300s
1738168200.Wed.Jan.29_16_30_00.GMT.2025.CACO04.c2.timex.jpg,c2,1738168200,2025-01-29T16:30:00+00:00,30.0,0.7137751530539138,5.594405594405594,178.87159479677288,267.89227014009805,adcp linear at epoch+300s
1738170000.Wed.Jan.29_17_00_00.GMT.2025.CACO04.c2.timex.jpg,c2,1738170000,2025-01-29T17:00:00+00:00,0.0,0.7006136461760526,5.594405594405594,136.80634701797385,278.63192867526914,adcp linear at epoch+300s
1738171800.Wed.Jan.29_17_30_00.GMT.2025.CACO04.c2.timex.jpg,c2,1738171800,2025-01-29T17:30:00+00:00,30.0,0.7407420847226849,6.768189509306261,134.8014418658088,262.4916997935049,adcp linear at epoch+300s
1738173600.Wed.Jan.29_18_00_00.GMT.2025.CACO04.c2.timex.jpg,c2,1738173600,2025-01-29T18:00:00+00:00,0.0,0.7698273138954183,6.768189509306261,133.13479434742646,257.76134787786674,adcp linear at epoch+300s
1738175400.Wed.Jan.29_18_30_00.GMT.2025.CACO04.c2.timex.jpg,c2,1738175400,2025-01-29T18:30:00+00:00,30.0,0.7436964961986574,8.032128514056225,128.37453724979576,294.73013797130824,adcp linear at epoch+300s
1738177200.Wed.Jan.29_19_00_00.GMT.2025.CACO04.c2.timex.jpg,c2,1738177200,2025-01-29T19:00:00+00:00,0.0,0.713676306986299,8.032128514056225,117.43127680759804,310.45520912670526,adcp linear at epoch+300s
1738179000.Wed.Jan.29_19_30_00.GMT.2025.CACO04.c2.timex.jpg,c2,1738179000,2025-01-29T19:30:00+00:00,30.0,0.6642092601959529,6.768189509306261,106.3202422896242,187.6912973356591,adcp linear at epoch+300s
1738180800.Wed.Jan.29_20_00_00.GMT.2025.CACO04.c2.timex.jpg,c2,1738180800,2025-01-29T20:00:00+00:00,0.0,0.6175693288581753,6.768189509306261,158.9282035079657,283.2896904650113,adcp linear at epoch+300s
1738182600.Wed.Jan.29_20_30_00.GMT.2025.CACO04.c2.timex.jpg,c2,1738182600,2025-01-29T20:30:00+00:00,30.0,0.5850649747832395,5.847953216374269,81.74324703839869,31.682846919816733,adcp linear at epoch+300s
1738184400.Wed.Jan.29_21_00_00.GMT.2025.CACO04.c2.timex.jpg,c2,1738184400,2025-01-29T21:00:00+00:00,0.0,0.5503396629313045,5.847953216374269,116.91240298202614,76.82300356382734,adcp linear at epoch+300s
1738186200.Wed.Jan.29_21_30_00.GMT.2025.CACO04.c2.timex.jpg,c2,1738186200,2025-01-29T21:30:00+00:00,30.0,0.5045095621943738,5.361930294906166,54.09259152879902,13.79548782295834,adcp linear at epoch+300s
1738188000.Wed.Jan.29_22_00_00.GMT.2025.CACO04.c2.timex.jpg,c2,1738188000,2025-01-29T22:00:00+00:00,0.0,0.47326402896359004,5.361930294906166,2.977953941993464,0.6550308745991767,adcp linear at epoch+300s
1738189800.Wed.Jan.29_22_30_00.GMT.2025.CACO04.c2.timex.jpg,c2,1738189800,2025-01-29T22:30:00+00:00,30.0,0.5149413332635403,9.174311926605505,0.0337679993872549,0.1668166592688527,adcp linear at epoch+300s
1738191600.Wed.Jan.29_23_00_00.GMT.2025.CACO04.c2.timex.jpg,c2,1738191600,2025-01-29T23:00:00+00:00,0.0,0.5548422663248531,9.174311926605505,3.1913807189542485e-06,6.382761437908497e-05,adcp linear at epoch+300s
1738193400.Wed.Jan.29_23_30_00.GMT.2025.CACO04.c2.timex.jpg,c2,1738193400,2025-01-29T23:30:00+00:00,30.0,0.5858613431929792,9.876543209876544,3.1913807189542485e-06,6.382761437908497e-05,adcp linear at epoch+300s
1738195200.Thu.Jan.30_00_00_00.GMT.2025.CACO04.c2.timex.jpg,c2,1738195200,2025-01-30T00:00:00+00:00,0.0,0.6359365201333234,9.876543209876544,3.1913807189542485e-06,6.382761437908497e-05,adcp linear at epoch+300s
1738197000.Thu.Jan.30_00_30_00.GMT.2025.CACO04.c2.timex.jpg,c2,1738197000,2025-01-30T00:30:00+00:00,30.0,0.7812921974347583,4.153686396677051,3.1913807189542485e-06,6.382761437908497e-05,adcp linear at epoch+300s
1738198800.Thu.Jan.30_01_00_00.GMT.2025.CACO04.c2.timex.jpg,c2,1738198800,2025-01-30T01:00:00+00:00,0.0,0.9056409053433792,4.153686396677051,3.1913807189542485e-06,6.382761437908497e-05,adcp linear at epoch+300s
1738200600.Thu.Jan.30_01_30_00.GMT.2025.CACO04.c2.timex.jpg,c2,1738200600,2025-01-30T01:30:00+00:00,30.0,0.9249547662879296,6.430868167202571,3.1913807189542485e-06,6.382761437908497e-05,adcp linear at epoch+300s
1738202400.Thu.Jan.30_02_00_00.GMT.2025.CACO04.c2.timex.jpg,c2,1738202400,2025-01-30T02:00:00+00:00,0.0,0.9401477486251111,6.430868167202571,3.1913807189542485e-06,6.382761437908497e-05,adcp linear at epoch+300s
1738204200.Thu.Jan.30_02_30_00.GMT.2025.CACO04.c2.timex.jpg,c2,1738204200,2025-01-30T02:30:00+00:00,30.0,0.9347363379254471,7.142857142857142,3.1913807189542485e-06,6.382761437908497e-05,adcp linear at epoch+300s
1738206000.Thu.Jan.30_03_00_00.GMT.2025.CACO04.c2.timex.jpg,c2,1738206000,2025-01-30T03:00:00+00:00,0.0,0.9223947672447469,7.142857142857142,3.1913807189542485e-06,6.382761437908497e-05,adcp linear at epoch+300s
1738236600.Thu.Jan.30_11_30_00.GMT.2025.CACO04.c2.timex.jpg,c2,1738236600,2025-01-30T11:30:00+00:00,30.0,1.3732693671860425,6.768189509306261,9.09252770118464,3.4341362612561874,adcp linear at epoch+300s
1738238400.Thu.Jan.30_12_00_00.GMT.2025.CACO04.c2.timex.jpg,c2,1738238400,2025-01-30T12:00:00+00:00,0.0,1.3678960555443542,6.768189509306261,161.83185572406046,385.557843456448,adcp linear at epoch+300s
1738240200.Thu.Jan.30_12_30_00.GMT.2025.CACO04.c2.timex.jpg,c2,1738240200,2025-01-30T12:30:00+00:00,30.0,1.3704456462520247,6.430868167202571,177.31371910743465,639.949978268912,adcp linear at epoch+300s
1738242000.Thu.Jan.30_13_00_00.GMT.2025.CACO04.c2.timex.jpg,c2,1738242000,2025-01-30T13:00:00+00:00,0.0,1.3686581727920604,6.430868167202571,140.84175219566993,717.391738773039,adcp linear at epoch+300s
1738243800.Thu.Jan.30_13_30_00.GMT.2025.CACO04.c2.timex.jpg,c2,1738243800,2025-01-30T13:30:00+00:00,30.0,1.3451853784939212,6.768189509306261,134.5709731158088,619.9112172718004,adcp linear at epoch+300s
1738245600.Thu.Jan.30_14_00_00.GMT.2025.CACO04.c2.timex.jpg,c2,1738245600,2025-01-30T14:00:00+00:00,0.0,1.3149504253156437,6.768189509306261,120.6295636744281,383.08085572155846,adcp linear at epoch+300s
1738247400.Thu.Jan.30_14_30_00.GMT.2025.CACO04.c2.timex.jpg,c2,1738247400,2025-01-30T14:30:00+00:00,30.0,1.2509046777366741,6.768189509306261,123.2329771752451,342.7883209993362,adcp linear at epoch+300s
1738249200.Thu.Jan.30_15_00_00.GMT.2025.CACO04.c2.timex.jpg,c2,1738249200,2025-01-30T15:00:00+00:00,0.0,1.1892705352669373,6.768189509306261,144.50600298713235,423.6279590969497,adcp linear at epoch+300s
1738251000.Thu.Jan.30_15_30_00.GMT.2025.CACO04.c2.timex.jpg,c2,1738251000,2025-01-30T15:30:00+00:00,30.0,1.1396944183433613,6.430868167202571,175.70948861315358,439.7039657621026,adcp linear at epoch+300s
1738252800.Thu.Jan.30_16_00_00.GMT.2025.CACO04.c2.timex.jpg,c2,1738252800,2025-01-30T16:00:00+00:00,0.0,1.0853306306527557,6.430868167202571,135.66619434232027,324.7993349673844,adcp linear at epoch+300s
1738254600.Thu.Jan.30_16_30_00.GMT.2025.CACO04.c2.timex.jpg,c2,1738254600,2025-01-30T16:30:00+00:00,30.0,1.0070284891270018,6.768189509306261,143.87768075980392,341.77884510689995,adcp linear at epoch+300s
1738256400.Thu.Jan.30_17_00_00.GMT.2025.CACO04.c2.timex.jpg,c2,1738256400,2025-01-30T17:00:00+00:00,0.0,0.9347283961053048,6.768189509306261,139.1518235549428,306.9192660476373,adcp linear at epoch+300s
1738258200.Thu.Jan.30_17_30_00.GMT.2025.CACO04.c2.timex.jpg,c2,1738258200,2025-01-30T17:30:00+00:00,30.0,0.8924385456038928,6.768189509306261,133.84807112949346,258.4862854454975,adcp linear at epoch+300s
1738260000.Thu.Jan.30_18_00_00.GMT.2025.CACO04.c2.timex.jpg,c2,1738260000,2025-01-30T18:00:00+00:00,0.0,0.8574465280661144,6.768189509306261,140.81090750102123,312.23118337969123,adcp linear at epoch+300s
1738261800.Thu.Jan.30_18_30_00.GMT.2025.CACO04.c2.timex.jpg,c2,1738261800,2025-01-30T18:30:00+00:00,30.0,0.858943675346505,6.430868167202571,133.13742085375816,369.8538784824028,adcp linear at epoch+300s
1738263600.Thu.Jan.30_19_00_00.GMT.2025.CACO04.c2.timex.jpg,c2,1738263600,2025-01-30T19:00:00+00:00,0.0,0.8544894030152983,6.430868167202571,120.2491574754902,358.65848379963364,adcp linear at epoch+300s
1738265400.Thu.Jan.30_19_30_00.GMT.2025.CACO04.c2.timex.jpg,c2,1738265400,2025-01-30T19:30:00+00:00,30.0,0.8202780326261062,6.125574272588055,109.87578827103758,400.3813604872415,adcp linear at epoch+300s
1738267200.Thu.Jan.30_20_00_00.GMT.2025.CACO04.c2.timex.jpg,c2,1738267200,2025-01-30T20:00:00+00:00,0.0,0.7848735217894326,6.125574272588055,101.91070835886438,418.2297525023238,adcp linear at epoch+300s
1738269000.Thu.Jan.30_20_30_00.GMT.2025.CACO04.c2.timex.jpg,c2,1738269000,2025-01-30T20:30:00+00:00,30.0,0.7435033087153514,6.125574272588055,93.773823657067,444.67331078007805,adcp linear at epoch+300s
1738270800.Thu.Jan.30_21_00_00.GMT.2025.CACO04.c2.timex.jpg,c2,1738270800,2025-01-30T21:00:00+00:00,0.0,0.704085942855115,6.125574272588055,91.81128089256536,395.04709955299415,adcp linear at epoch+300s
1738272600.Thu.Jan.30_21_30_00.GMT.2025.CACO04.c2.timex.jpg,c2,1738272600,2025-01-30T21:30:00+00:00,30.0,0.6744328130641029,6.125574272588055,81.1150652318219,95.20246962395096,adcp linear at epoch+300s
1738274400.Thu.Jan.30_22_00_00.GMT.2025.CACO04.c2.timex.jpg,c2,1738274400,2025-01-30T22:00:00+00:00,0.0,0.6482329109093143,6.125574272588055,18.12828073937909,4.9239685138117535,adcp linear at epoch+300s
1738276200.Thu.Jan.30_22_30_00.GMT.2025.CACO04.c2.timex.jpg,c2,1738276200,2025-01-30T22:30:00+00:00,30.0,0.6392991469356444,5.847953216374269,0.0175334456699346,0.2258061419446297,adcp linear at epoch+300s
1738278000.Thu.Jan.30_23_00_00.GMT.2025.CACO04.c2.timex.jpg,c2,1738278000,2025-01-30T23:00:00+00:00,0.0,0.6239021229383187,5.847953216374269,3.1913807189542485e-06,6.382761437908497e-05,adcp linear at epoch+300s
1738279800.Thu.Jan.30_23_30_00.GMT.2025.CACO04.c2.timex.jpg,c2,1738279800,2025-01-30T23:30:00+00:00,30.0,0.5761887988227142,5.361930294906166,3.1913807189542485e-06,6.382761437908497e-05,adcp linear at epoch+300s
1738281600.Fri.Jan.31_00_00_00.GMT.2025.CACO04.c2.timex.jpg,c2,1738281600,2025-01-31T00:00:00+00:00,0.0,0.5392875220487017,5.361930294906166,3.1913807189542485e-06,6.382761437908497e-05,adcp linear at epoch+300s
1738283400.Fri.Jan.31_00_30_00.GMT.2025.CACO04.c2.timex.jpg,c2,1738283400,2025-01-31T00:30:00+00:00,30.0,0.5564464819826487,5.148005148005149,3.1913807189542485e-06,6.382761437908497e-05,adcp linear at epoch+300s
1738285200.Fri.Jan.31_01_00_00.GMT.2025.CACO04.c2.timex.jpg,c2,1738285200,2025-01-31T01:00:00+00:00,0.0,0.5733064240533171,5.148005148005149,3.1913807189542485e-06,6.382761437908497e-05,adcp linear at epoch+300s
1738287000.Fri.Jan.31_01_30_00.GMT.2025.CACO04.c2.timex.jpg,c2,1738287000,2025-01-31T01:30:00+00:00,30.0,0.588671276807593,6.125574272588055,3.1913807189542485e-06,6.382761437908497e-05,adcp linear at epoch+300s
1738288800.Fri.Jan.31_02_00_00.GMT.2025.CACO04.c2.timex.jpg,c2,1738288800,2025-01-31T02:00:00+00:00,0.0,0.6052354602339772,6.125574272588055,3.1913807189542485e-06,6.382761437908497e-05,adcp linear at epoch+300s
1738290600.Fri.Jan.31_02_30_00.GMT.2025.CACO04.c2.timex.jpg,c2,1738290600,2025-01-31T02:30:00+00:00,30.0,0.6277962970209031,5.361930294906166,3.1913807189542485e-06,6.382761437908497e-05,adcp linear at epoch+300s
1738292400.Fri.Jan.31_03_00_00.GMT.2025.CACO04.c2.timex.jpg,c2,1738292400,2025-01-31T03:00:00+00:00,0.0,0.6389904497127433,5.361930294906166,3.1913807189542485e-06,6.382761437908497e-05,adcp linear at epoch+300s
1738323000.Fri.Jan.31_11_30_00.GMT.2025.CACO04.c2.timex.jpg,c2,1738323000,2025-01-31T11:30:00+00:00,30.0,0.5653080153523338,5.594405594405594,3.3454414317810457,0.7264667565821887,adcp linear at epoch+300s
1738324800.Fri.Jan.31_12_00_00.GMT.2025.CACO04.c2.timex.jpg,c2,1738324800,2025-01-31T12:00:00+00:00,0.0,0.568906059149618,5.594405594405594,66.37042994281046,30.053921066674302,adcp linear at epoch+300s
1738326600.Fri.Jan.31_12_30_00.GMT.2025.CACO04.c2.timex.jpg,c2,1738326600,2025-01-31T12:30:00+00:00,30.0,0.6647161305503196,4.767580452920143,152.61495991625816,155.0072149119641,adcp linear at epoch+300s
1738328400.Fri.Jan.31_13_00_00.GMT.2025.CACO04.c2.timex.jpg,c2,1738328400,2025-01-31T13:00:00+00:00,0.0,0.74886464649513,4.767580452920143,117.2856796364379,88.08322796047949,adcp linear at epoch+300s
1738330200.Fri.Jan.31_13_30_00.GMT.2025.CACO04.c2.timex.jpg,c2,1738330200,2025-01-31T13:30:00+00:00,30.0,0.7747053851604838,5.594405594405594,121.6469886131536,99.07854236639407,adcp linear at epoch+300s
1738332000.Fri.Jan.31_14_00_00.GMT.2025.CACO04.c2.timex.jpg,c2,1738332000,2025-01-31T14:00:00+00:00,0.0,0.802064185148434,5.594405594405594,137.7354824091095,124.21140472340691,adcp linear at epoch+300s
1738333800.Fri.Jan.31_14_30_00.GMT.2025.CACO04.c2.timex.jpg,c2,1738333800,2025-01-31T14:30:00+00:00,30.0,0.8370132917493659,6.125574272588055,128.02108864379085,99.133323097449,adcp linear at epoch+300s
1738335600.Fri.Jan.31_15_00_00.GMT.2025.CACO04.c2.timex.jpg,c2,1738335600,2025-01-31T15:00:00+00:00,0.0,0.8674702062241786,6.125574272588055,129.05752144607845,91.0009540426741,adcp linear at epoch+300s
1738337400.Fri.Jan.31_15_30_00.GMT.2025.CACO04.c2.timex.jpg,c2,1738337400,2025-01-31T15:30:00+00:00,30.0,0.8754661600683951,5.847953216374269,127.75119357638889,105.44569864459046,adcp linear at epoch+300s
1738339200.Fri.Jan.31_16_00_00.GMT.2025.CACO04.c2.timex.jpg,c2,1738339200,2025-01-31T16:00:00+00:00,0.0,0.8865059596882712,5.847953216374269,116.85160398794936,84.91531971562316,adcp linear at epoch+300s
1738341000.Fri.Jan.31_16_30_00.GMT.2025.CACO04.c2.timex.jpg,c2,1738341000,2025-01-31T16:30:00+00:00,30.0,0.912764988186445,6.430868167202571,134.1710675806781,115.09122176938088,adcp linear at epoch+300s
1738342800.Fri.Jan.31_17_00_00.GMT.2025.CACO04.c2.timex.jpg,c2,1738342800,2025-01-31T17:00:00+00:00,0.0,0.9376866878517699,6.430868167202571,123.43244485294116,93.59698283321464,adcp linear at epoch+300s
1738344600.Fri.Jan.31_17_30_00.GMT.2025.CACO04.c2.timex.jpg,c2,1738344600,2025-01-31T17:30:00+00:00,30.0,0.9559217433528495,6.125574272588055,115.37937219158496,77.60355071624477,adcp linear at epoch+300s
1738346400.Fri.Jan.31_18_00_00.GMT.2025.CACO04.c2.timex.jpg,c2,1738346400,2025-01-31T18:00:00+00:00,0.0,0.9568921018022651,6.125574272588055,115.22666143280227,89.32875356258037,adcp linear at epoch+300s
1738348200.Fri.Jan.31_18_30_00.GMT.2025.CACO04.c2.timex.jpg,c2,1738348200,2025-01-31T18:30:00+00:00,30.0,0.8715389749933603,6.125574272588055,139.57441342422385,126.16753033259693,adcp linear at epoch+300s
1738350000.Fri.Jan.31_19_00_00.GMT.2025.CACO04.c2.timex.jpg,c2,1738350000,2025-01-31T19:00:00+00:00,0.0,0.8044515273135195,6.125574272588055,123.21517246221406,99.78562186159388,adcp linear at epoch+300s
1738351800.Fri.Jan.31_19_30_00.GMT.2025.CACO04.c2.timex.jpg,c2,1738351800,2025-01-31T19:30:00+00:00,30.0,0.8286924752789987,6.430868167202571,108.16450929330064,76.99600401588333,adcp linear at epoch+300s
1738353600.Fri.Jan.31_20_00_00.GMT.2025.CACO04.c2.timex.jpg,c2,1738353600,2025-01-31T20:00:00+00:00,0.0,0.8342415703255973,6.430868167202571,122.26391761131536,102.1463180076175,adcp linear at epoch+300s
1738355400.Fri.Jan.31_20_30_00.GMT.2025.CACO04.c2.timex.jpg,c2,1738355400,2025-01-31T20:30:00+00:00,30.0,0.7463314007777935,6.430868167202571,115.18254059436276,94.51790312562883,adcp linear at epoch+300s
1738357200.Fri.Jan.31_21_00_00.GMT.2025.CACO04.c2.timex.jpg,c2,1738357200,2025-01-31T21:00:00+00:00,0.0,0.6786501931793293,6.430868167202571,111.27565550959967,79.91066648759575,adcp linear at epoch+300s
1738359000.Fri.Jan.31_21_30_00.GMT.2025.CACO04.c2.timex.jpg,c2,1738359000,2025-01-31T21:30:00+00:00,30.0,0.7121137953275639,6.430868167202571,45.08057278901144,13.729252725894357,adcp linear at epoch+300s
1738360800.Fri.Jan.31_22_00_00.GMT.2025.CACO04.c2.timex.jpg,c2,1738360800,2025-01-31T22:00:00+00:00,0.0,0.7337045062619744,6.430868167202571,3.464144837622549,0.5843769103368858,adcp linear at epoch+300s
1738362600.Fri.Jan.31_22_30_00.GMT.2025.CACO04.c2.timex.jpg,c2,1738362600,2025-01-31T22:30:00+00:00,30.0,0.6959307611272636,5.594405594405594,9.574142156862743e-06,0.0001914828431372,adcp linear at epoch+300s
1738364400.Fri.Jan.31_23_00_00.GMT.2025.CACO04.c2.timex.jpg,c2,1738364400,2025-01-31T23:00:00+00:00,0.0,0.6675497243378896,5.594405594405594,9.574142156862743e-06,0.0001914828431372,adcp linear at epoch+300s
1738366200.Fri.Jan.31_23_30_00.GMT.2025.CACO04.c2.timex.jpg,c2,1738366200,2025-01-31T23:30:00+00:00,30.0,0.6861322292751989,6.125574272588055,9.574142156862743e-06,0.0001914828431372,adcp linear at epoch+300s
1738368000.Sat.Feb.01_00_00_00.GMT.2025.CACO04.c2.timex.jpg,c2,1738368000,2025-02-01T00:00:00+00:00,0.0,0.6895820215223024,6.125574272588055,6.382761437908497e-06,0.0001276552287581,adcp linear at epoch+300s
1738369800.Sat.Feb.01_00_30_00.GMT.2025.CACO04.c2.timex.jpg,c2,1738369800,2025-02-01T00:30:00+00:00,30.0,0.617368250318377,5.847953216374269,6.382761437908497e-06,0.0001276552287581,adcp linear at epoch+300s
1738371600.Sat.Feb.01_01_00_00.GMT.2025.CACO04.c2.timex.jpg,c2,1738371600,2025-02-01T01:00:00+00:00,0.0,0.5522346833806794,5.847953216374269,6.382761437908497e-06,0.0001276552287581,adcp linear at epoch+300s
1738373400.Sat.Feb.01_01_30_00.GMT.2025.CACO04.c2.timex.jpg,c2,1738373400,2025-02-01T01:30:00+00:00,30.0,0.5225021377741194,6.125574272588055,9.574142156862743e-06,0.0001914828431372,adcp linear at epoch+300s
1738375200.Sat.Feb.01_02_00_00.GMT.2025.CACO04.c2.timex.jpg,c2,1738375200,2025-02-01T02:00:00+00:00,0.0,0.4960791697036784,6.125574272588055,6.382761437908497e-06,0.0001276552287581,adcp linear at epoch+300s
1738377000.Sat.Feb.01_02_30_00.GMT.2025.CACO04.c2.timex.jpg,c2,1738377000,2025-02-01T02:30:00+00:00,30.0,0.4862040893138323,7.142857142857142,6.382761437908497e-06,0.0001276552287581,adcp linear at epoch+300s
1738378800.Sat.Feb.01_03_00_00.GMT.2025.CACO04.c2.timex.jpg,c2,1738378800,2025-02-01T03:00:00+00:00,0.0,0.4874345498179094,7.142857142857142,6.382761437908497e-06,0.0001276552287581,adcp linear at epoch+300s
1738409400.Sat.Feb.01_11_30_00.GMT.2025.CACO04.c2.timex.jpg,c2,1738409400,2025-02-01T11:30:00+00:00,30.0,1.7364517276308118,5.847953216374269,1.816332848243464,0.2675334453032778,adcp linear at epoch+300s
1738411200.Sat.Feb.01_12_00_00.GMT.2025.CACO04.c2.timex.jpg,c2,1738411200,2025-02-01T12:00:00+00:00,0.0,1.9346911291663036,5.847953216374269,38.34512867647059,1.908563673931652,adcp linear at epoch+300s
1738413000.Sat.Feb.01_12_30_00.GMT.2025.CACO04.c2.timex.jpg,c2,1738413000,2025-02-01T12:30:00+00:00,30.0,2.172241452308527,6.430868167202571,142.87665632659315,10.682068118424128,adcp linear at epoch+300s
1738414800.Sat.Feb.01_13_00_00.GMT.2025.CACO04.c2.timex.jpg,c2,1738414800,2025-02-01T13:00:00+00:00,0.0,2.4081492507032536,6.430868167202571,150.86185151143792,5.71340099805504,adcp linear at epoch+300s
1738416600.Sat.Feb.01_13_30_00.GMT.2025.CACO04.c2.timex.jpg,c2,1738416600,2025-02-01T13:30:00+00:00,30.0,2.6358444253604945,7.142857142857142,124.2368866166258,3.135362339608464,adcp linear at epoch+300s
1738418400.Sat.Feb.01_14_00_00.GMT.2025.CACO04.c2.timex.jpg,c2,1738418400,2025-02-01T14:00:00+00:00,0.0,2.8396079901423916,7.142857142857142,70.7079567504085,1.7513435704577027,adcp linear at epoch+300s
1738420200.Sat.Feb.01_14_30_00.GMT.2025.CACO04.c2.timex.jpg,c2,1738420200,2025-02-01T14:30:00+00:00,30.0,2.9237135055475694,7.561436672967865,126.1664368872549,2.882642961555689,adcp linear at epoch+300s
1738422000.Sat.Feb.01_15_00_00.GMT.2025.CACO04.c2.timex.jpg,c2,1738422000,2025-02-01T15:00:00+00:00,0.0,3.0084612422039805,7.561436672967865,128.0226970996732,2.4840172914261136,adcp linear at epoch+300s
1738423800.Sat.Feb.01_15_30_00.GMT.2025.CACO04.c2.timex.jpg,c2,1738423800,2025-02-01T15:30:00+00:00,30.0,3.096420085116561,8.032128514056225,129.30743527879903,2.472212627455622,adcp linear at epoch+300s
1738425600.Sat.Feb.01_16_00_00.GMT.2025.CACO04.c2.timex.jpg,c2,1738425600,2025-02-01T16:00:00+00:00,0.0,3.162535543601808,8.032128514056225,160.1371878829657,3.088315008471769,adcp linear at epoch+300s
1738427400.Sat.Feb.01_16_30_00.GMT.2025.CACO04.c2.timex.jpg,c2,1738427400,2025-02-01T16:30:00+00:00,30.0,3.119434079950388,8.565310492505352,169.5465175653595,3.1969655527146403,adcp linear at epoch+300s
1738429200.Sat.Feb.01_17_00_00.GMT.2025.CACO04.c2.timex.jpg,c2,1738429200,2025-02-01T17:00:00+00:00,0.0,3.099388650229334,8.565310492505352,134.30730762357027,2.924060999962657,adcp linear at epoch+300s
1738431000.Sat.Feb.01_17_30_00.GMT.2025.CACO04.c2.timex.jpg,c2,1738431000,2025-02-01T17:30:00+00:00,30.0,3.1946233901601118,8.565310492505352,99.84476805044936,2.194418901624936,adcp linear at epoch+300s
1738432800.Sat.Feb.01_18_00_00.GMT.2025.CACO04.c2.timex.jpg,c2,1738432800,2025-02-01T18:00:00+00:00,0.0,3.251257107022032,8.565310492505352,159.5277011846405,3.205387687697364,adcp linear at epoch+300s
1738434600.Sat.Feb.01_18_30_00.GMT.2025.CACO04.c2.timex.jpg,c2,1738434600,2025-02-01T18:30:00+00:00,30.0,3.1148857085396657,8.032128514056225,220.45131548713235,3.128657144842034,adcp linear at epoch+300s
1738436400.Sat.Feb.01_19_00_00.GMT.2025.CACO04.c2.timex.jpg,c2,1738436400,2025-02-01T19:00:00+00:00,0.0,2.9625515077629982,8.032128514056225,121.54488038705064,2.421042047911102,adcp linear at epoch+300s
1738438200.Sat.Feb.01_19_30_00.GMT.2025.CACO04.c2.timex.jpg,c2,1738438200,2025-02-01T19:30:00+00:00,30.0,2.7304032955148285,8.565310492505352,120.94862515318628,2.4611863592127383,adcp linear at epoch+300s
1738440000.Sat.Feb.01_20_00_00.GMT.2025.CACO04.c2.timex.jpg,c2,1738440000,2025-02-01T20:00:00+00:00,0.0,2.5343641554877414,8.565310492505352,124.28979332618464,2.486870623056543,adcp linear at epoch+300s
1738441800.Sat.Feb.01_20_30_00.GMT.2025.CACO04.c2.timex.jpg,c2,1738441800,2025-02-01T20:30:00+00:00,30.0,2.518870376566072,8.032128514056225,107.76722707312092,2.1539777189619222,adcp linear at epoch+300s
1738443600.Sat.Feb.01_21_00_00.GMT.2025.CACO04.c2.timex.jpg,c2,1738443600,2025-02-01T21:00:00+00:00,0.0,2.4815223598614184,8.032128514056225,159.24604907066993,3.0438431412219664,adcp linear at epoch+300s
1738445400.Sat.Feb.01_21_30_00.GMT.2025.CACO04.c2.timex.jpg,c2,1738445400,2025-02-01T21:30:00+00:00,30.0,2.334903154241849,8.565310492505352,103.12987323835785,2.2469423833378794,adcp linear at epoch+300s
1738447200.Sat.Feb.01_22_00_00.GMT.2025.CACO04.c2.timex.jpg,c2,1738447200,2025-02-01T22:00:00+00:00,0.0,2.227498219799295,8.565310492505352,33.39674925959967,0.9833281772181198,adcp linear at epoch+300s
1738449000.Sat.Feb.01_22_30_00.GMT.2025.CACO04.c2.timex.jpg,c2,1738449000,2025-02-01T22:30:00+00:00,30.0,2.3161646412418224,8.032128514056225,0.0450622957516339,0.568496588879666,adcp linear at epoch+300s
1738450800.Sat.Feb.01_23_00_00.GMT.2025.CACO04.c2.timex.jpg,c2,1738450800,2025-02-01T23:00:00+00:00,0.0,2.353760278256516,8.032128514056225,0.0,0.0,adcp linear at epoch+300s
1738452600.Sat.Feb.01_23_30_00.GMT.2025.CACO04.c2.timex.jpg,c2,1738452600,2025-02-01T23:30:00+00:00,30.0,2.1360019931320395,8.032128514056225,0.0,0.0,adcp linear at epoch+300s
1738454400.Sun.Feb.02_00_00_00.GMT.2025.CACO04.c2.timex.jpg,c2,1738454400,2025-02-02T00:00:00+00:00,0.0,1.9754135446235286,8.032128514056225,0.0,0.0,adcp linear at epoch+300s
1738456200.Sun.Feb.02_00_30_00.GMT.2025.CACO04.c2.timex.jpg,c2,1738456200,2025-02-02T00:30:00+00:00,30.0,2.100674279194846,8.565310492505352,0.0,0.0,adcp linear at epoch+300s
1738458000.Sun.Feb.02_01_00_00.GMT.2025.CACO04.c2.timex.jpg,c2,1738458000,2025-02-02T01:00:00+00:00,0.0,2.2206835517519625,8.565310492505352,0.0,0.0,adcp linear at epoch+300s
1738459800.Sun.Feb.02_01_30_00.GMT.2025.CACO04.c2.timex.jpg,c2,1738459800,2025-02-02T01:30:00+00:00,30.0,2.3144355142380753,8.565310492505352,0.0,0.0,adcp linear at epoch+300s
1738461600.Sun.Feb.02_02_00_00.GMT.2025.CACO04.c2.timex.jpg,c2,1738461600,2025-02-02T02:00:00+00:00,0.0,2.383498823045581,8.565310492505352,0.0,0.0,adcp linear at epoch+300s
1738463400.Sun.Feb.02_02_30_00.GMT.2025.CACO04.c2.timex.jpg,c2,1738463400,2025-02-02T02:30:00+00:00,30.0,2.329118863460051,8.032128514056225,0.0,0.0,adcp linear at epoch+300s
1738465200.Sun.Feb.02_03_00_00.GMT.2025.CACO04.c2.timex.jpg,c2,1738465200,2025-02-02T03:00:00+00:00,0.0,2.2868780310391315,8.032128514056225,0.0,0.0,adcp linear at epoch+300s
1738495800.Sun.Feb.02_11_30_00.GMT.2025.CACO04.c2.timex.jpg,c2,1738495800,2025-02-02T11:30:00+00:00,30.0,1.6579199549968935,6.768189509306261,6.428726894403595,0.5211556553611476,adcp linear at epoch+300s
1738497600.Sun.Feb.02_12_00_00.GMT.2025.CACO04.c2.timex.jpg,c2,1738497600,2025-02-02T12:00:00+00:00,0.0,1.5324865929749476,6.768189509306261,99.5917458129085,8.180214014254599,adcp linear at epoch+300s
1738499400.Sun.Feb.02_12_30_00.GMT.2025.CACO04.c2.timex.jpg,c2,1738499400,2025-02-02T12:30:00+00:00,30.0,1.4248507258457164,7.142857142857142,150.39115476919935,15.562539560709585,adcp linear at epoch+300s
1738501200.Sun.Feb.02_13_00_00.GMT.2025.CACO04.c2.timex.jpg,c2,1738501200,2025-02-02T13:00:00+00:00,0.0,1.3259575846794065,7.142857142857142,137.36673751531862,14.601629397988171,adcp linear at epoch+300s
1738503000.Sun.Feb.02_13_30_00.GMT.2025.CACO04.c2.timex.jpg,c2,1738503000,2025-02-02T13:30:00+00:00,30.0,1.2707780733277028,6.768189509306261,140.7982058057598,15.194939108364212,adcp linear at epoch+300s
1738504800.Sun.Feb.02_14_00_00.GMT.2025.CACO04.c2.timex.jpg,c2,1738504800,2025-02-02T14:00:00+00:00,0.0,1.2231574526248266,6.768189509306261,136.2074684691585,13.761600651792564,adcp linear at epoch+300s
1738506600.Sun.Feb.02_14_30_00.GMT.2025.CACO04.c2.timex.jpg,c2,1738506600,2025-02-02T14:30:00+00:00,30.0,1.2133312851660887,6.768189509306261,144.75177759906046,18.28827417167229,adcp linear at epoch+300s
1738508400.Sun.Feb.02_15_00_00.GMT.2025.CACO04.c2.timex.jpg,c2,1738508400,2025-02-02T15:00:00+00:00,0.0,1.2097970809913359,6.768189509306261,147.31804981107027,16.345664818002028,adcp linear at epoch+300s
1738510200.Sun.Feb.02_15_30_00.GMT.2025.CACO04.c2.timex.jpg,c2,1738510200,2025-02-02T15:30:00+00:00,30.0,1.2377226932365082,7.561436672967865,159.57205818525327,21.55355133876485,adcp linear at epoch+300s
1738512000.Sun.Feb.02_16_00_00.GMT.2025.CACO04.c2.timex.jpg,c2,1738512000,2025-02-02T16:00:00+00:00,0.0,1.265910177309112,7.561436672967865,158.192973217933,33.08374501035471,adcp linear at epoch+300s
1738513800.Sun.Feb.02_16_30_00.GMT.2025.CACO04.c2.timex.jpg,c2,1738513800,2025-02-02T16:30:00+00:00,30.0,1.2954070205188715,7.561436672967865,141.19547845179738,15.704824527471356,adcp linear at epoch+300s
1738515600.Sun.Feb.02_17_00_00.GMT.2025.CACO04.c2.timex.jpg,c2,1738515600,2025-02-02T17:00:00+00:00,0.0,1.3185229548491033,7.561436672967865,135.3958620557598,13.197310304289326,adcp linear at epoch+300s
1738517400.Sun.Feb.02_17_30_00.GMT.2025.CACO04.c2.timex.jpg,c2,1738517400,2025-02-02T17:30:00+00:00,30.0,1.3097343447816958,6.125574272588055,136.88421989889707,14.420231354588491,adcp linear at epoch+300s
1738519200.Sun.Feb.02_18_00_00.GMT.2025.CACO04.c2.timex.jpg,c2,1738519200,2025-02-02T18:00:00+00:00,0.0,1.2970972990695708,6.125574272588055,134.9762433619281,14.164263013508265,adcp linear at epoch+300s
1738521000.Sun.Feb.02_18_30_00.GMT.2025.CACO04.c2.timex.jpg,c2,1738521000,2025-02-02T18:30:00+00:00,30.0,1.2652180751338582,8.032128514056225,124.7417151756536,11.990147222625824,adcp linear at epoch+300s
1738522800.Sun.Feb.02_19_00_00.GMT.2025.CACO04.c2.timex.jpg,c2,1738522800,2025-02-02T19:00:00+00:00,0.0,1.2308790377293117,8.032128514056225,127.33921185661764,11.717469749846266,adcp linear at epoch+300s
1738524600.Sun.Feb.02_19_30_00.GMT.2025.CACO04.c2.timex.jpg,c2,1738524600,2025-02-02T19:30:00+00:00,30.0,1.1842409329805985,8.032128514056225,132.84147135416666,12.449447352036064,adcp linear at epoch+300s
1738526400.Sun.Feb.02_20_00_00.GMT.2025.CACO04.c2.timex.jpg,c2,1738526400,2025-02-02T20:00:00+00:00,0.0,1.141014375322505,8.032128514056225,125.62650314031865,10.349851875569168,adcp linear at epoch+300s
1738528200.Sun.Feb.02_20_30_00.GMT.2025.CACO04.c2.timex.jpg,c2,1738528200,2025-02-02T20:30:00+00:00,30.0,1.1148455531175108,7.561436672967865,128.93508731617646,12.290067334142316,adcp linear at epoch+300s
1738530000.Sun.Feb.02_21_00_00.GMT.2025.CACO04.c2.timex.jpg,c2,1738530000,2025-02-02T21:00:00+00:00,0.0,1.0854634004267676,7.561436672967865,111.73416436887256,11.52813517575262,adcp linear at epoch+300s
1738531800.Sun.Feb.02_21_30_00.GMT.2025.CACO04.c2.timex.jpg,c2,1738531800,2025-02-02T21:30:00+00:00,30.0,1.0400145953072792,7.561436672967865,93.39024841707516,8.031728484017554,adcp linear at epoch+300s
1738533600.Sun.Feb.02_22_00_00.GMT.2025.CACO04.c2.timex.jpg,c2,1738533600,2025-02-02T22:00:00+00:00,0.0,0.9956666281848431,7.561436672967865,9.106180427900329,0.6681825600316543,adcp linear at epoch+300s
1738535400.Sun.Feb.02_22_30_00.GMT.2025.CACO04.c2.timex.jpg,c2,1738535400,2025-02-02T22:30:00+00:00,30.0,0.9568228510476658,7.142857142857142,0.0006797640931372,0.0038105085784313,adcp linear at epoch+300s
1738537200.Sun.Feb.02_23_00_00.GMT.2025.CACO04.c2.timex.jpg,c2,1738537200,2025-02-02T23:00:00+00:00,0.0,0.920583439957716,7.142857142857142,3.1913807189542485e-06,6.382761437908497e-05,adcp linear at epoch+300s
1738539000.Sun.Feb.02_23_30_00.GMT.2025.CACO04.c2.timex.jpg,c2,1738539000,2025-02-02T23:30:00+00:00,30.0,0.8973658591039035,6.768189509306261,3.1913807189542485e-06,6.382761437908497e-05,adcp linear at epoch+300s
1738540800.Mon.Feb.03_00_00_00.GMT.2025.CACO04.c2.timex.jpg,c2,1738540800,2025-02-03T00:00:00+00:00,0.0,0.8772253522941034,6.768189509306261,3.1913807189542485e-06,6.382761437908497e-05,adcp linear at epoch+300s
1738542600.Mon.Feb.03_00_30_00.GMT.2025.CACO04.c2.timex.jpg,c2,1738542600,2025-02-03T00:30:00+00:00,30.0,0.872470215704365,6.768189509306261,3.1913807189542485e-06,6.382761437908497e-05,adcp linear at epoch+300s
1738544400.Mon.Feb.03_01_00_00.GMT.2025.CACO04.c2.timex.jpg,c2,1738544400,2025-02-03T01:00:00+00:00,0.0,0.8691987347483539,6.768189509306261,0.0031115962009803,0.0090252246732026,adcp linear at epoch+300s
1738546200.Mon.Feb.03_01_30_00.GMT.2025.CACO04.c2.timex.jpg,c2,1738546200,2025-02-03T01:30:00+00:00,30.0,0.8733455319609789,7.561436672967865,0.0032264859068627,0.0139271854575163,adcp linear at epoch+300s
1738548000.Mon.Feb.03_02_00_00.GMT.2025.CACO04.c2.timex.jpg,c2,1738548000,2025-02-03T02:00:00+00:00,0.0,0.9036738072673047,7.561436672967865,0.0026073580473856,0.0154335171568627,adcp linear at epoch+300s
1738549800.Mon.Feb.03_02_30_00.GMT.2025.CACO04.c2.timex.jpg,c2,1738549800,2025-02-03T02:30:00+00:00,30.0,1.0649094730421358,7.142857142857142,1.2765522875816994e-05,0.000204248366013,adcp linear at epoch+300s
1738551600.Mon.Feb.03_03_00_00.GMT.2025.CACO04.c2.timex.jpg,c2,1738551600,2025-02-03T03:00:00+00:00,0.0,1.210789466197506,7.142857142857142,3.1913807189542485e-06,6.382761437908497e-05,adcp linear at epoch+300s
1738582200.Mon.Feb.03_11_30_00.GMT.2025.CACO04.c2.timex.jpg,c2,1738582200,2025-02-03T11:30:00+00:00,30.0,1.028810115591004,6.125574272588055,11.566476460375815,0.5944840134913951,adcp linear at epoch+300s
1738584000.Mon.Feb.03_12_00_00.GMT.2025.CACO04.c2.timex.jpg,c2,1738584000,2025-02-03T12:00:00+00:00,0.0,0.9970070728837681,6.125574272588055,202.7098524305556,11.671841950004891,adcp linear at epoch+300s
1738585800.Mon.Feb.03_12_30_00.GMT.2025.CACO04.c2.timex.jpg,c2,1738585800,2025-02-03T12:30:00+00:00,30.0,0.9601040360746624,6.125574272588055,182.53836677900327,21.06484244374852,adcp linear at epoch+300s
1738587600.Mon.Feb.03_13_00_00.GMT.2025.CACO04.c2.timex.jpg,c2,1738587600,2025-02-03T13:00:00+00:00,0.0,0.9210897827685206,6.125574272588055,196.4736136642157,26.402154996458364,adcp linear at epoch+300s
1738589400.Mon.Feb.03_13_30_00.GMT.2025.CACO04.c2.timex.jpg,c2,1738589400,2025-02-03T13:30:00+00:00,30.0,0.8715194469771991,5.847953216374269,151.1062091503268,21.8857226715404,adcp linear at epoch+300s
1738591200.Mon.Feb.03_14_00_00.GMT.2025.CACO04.c2.timex.jpg,c2,1738591200,2025-02-03T14:00:00+00:00,0.0,0.8330403295599393,5.847953216374269,145.20038360396242,10.608698416858234,adcp linear at epoch+300s
1738593000.Mon.Feb.03_14_30_00.GMT.2025.CACO04.c2.timex.jpg,c2,1738593000,2025-02-03T14:30:00+00:00,30.0,0.8500173040129894,5.594405594405594,158.21230660232845,12.194862466828267,adcp linear at epoch+300s
1738594800.Mon.Feb.03_15_00_00.GMT.2025.CACO04.c2.timex.jpg,c2,1738594800,2025-02-03T15:00:00+00:00,0.0,0.8638214992604151,5.594405594405594,142.9199537888072,14.318346185621875,adcp linear at epoch+300s
1738596600.Mon.Feb.03_15_30_00.GMT.2025.CACO04.c2.timex.jpg,c2,1738596600,2025-02-03T15:30:00+00:00,30.0,0.8617617984797197,5.847953216374269,198.8882569955065,17.04451931187484,adcp linear at epoch+300s
1738598400.Mon.Feb.03_16_00_00.GMT.2025.CACO04.c2.timex.jpg,c2,1738598400,2025-02-03T16:00:00+00:00,0.0,0.8459938045744236,5.847953216374269,146.48670151654412,24.021193833866285,adcp linear at epoch+300s
1738600200.Mon.Feb.03_16_30_00.GMT.2025.CACO04.c2.timex.jpg,c2,1738600200,2025-02-03T16:30:00+00:00,30.0,0.7616843450461251,5.594405594405594,171.3997172436683,24.22477835390568,adcp linear at epoch+300s
1738602000.Mon.Feb.03_17_00_00.GMT.2025.CACO04.c2.timex.jpg,c2,1738602000,2025-02-03T17:00:00+00:00,0.0,0.6885871437992617,5.594405594405594,149.5700795292075,12.311781736852025,adcp linear at epoch+300s
1738603800.Mon.Feb.03_17_30_00.GMT.2025.CACO04.c2.timex.jpg,c2,1738603800,2025-02-03T17:30:00+00:00,30.0,0.6715512339595732,5.847953216374269,149.65576491013073,16.423125827280387,adcp linear at epoch+300s
1738605600.Mon.Feb.03_18_00_00.GMT.2025.CACO04.c2.timex.jpg,c2,1738605600,2025-02-03T18:00:00+00:00,0.0,0.6568150352136037,5.847953216374269,142.56602966707516,14.447734354633033,adcp linear at epoch+300s
1738607400.Mon.Feb.03_18_30_00.GMT.2025.CACO04.c2.timex.jpg,c2,1738607400,2025-02-03T18:30:00+00:00,30.0,0.6535773919362307,5.847953216374269,138.1327614379085,25.063186140489,adcp linear at epoch+300s
1738609200.Mon.Feb.03_19_00_00.GMT.2025.CACO04.c2.timex.jpg,c2,1738609200,2025-02-03T19:00:00+00:00,0.0,0.6528959071611126,5.847953216374269,131.68200444240196,31.14039195562153,adcp linear at epoch+300s
1738611000.Mon.Feb.03_19_30_00.GMT.2025.CACO04.c2.timex.jpg,c2,1738611000,2025-02-03T19:30:00+00:00,30.0,0.6649952148972705,5.847953216374269,121.5796217575572,18.360239180960825,adcp linear at epoch+300s
1738612800.Mon.Feb.03_20_00_00.GMT.2025.CACO04.c2.timex.jpg,c2,1738612800,2025-02-03T20:00:00+00:00,0.0,0.6832550520954485,5.847953216374269,130.81366804534315,17.644485265331014,adcp linear at epoch+300s
1738614600.Mon.Feb.03_20_30_00.GMT.2025.CACO04.c2.timex.jpg,c2,1738614600,2025-02-03T20:30:00+00:00,30.0,0.7323175366037261,5.847953216374269,97.21326720792484,12.233843601214913,adcp linear at epoch+300s
1738616400.Mon.Feb.03_21_00_00.GMT.2025.CACO04.c2.timex.jpg,c2,1738616400,2025-02-03T21:00:00+00:00,0.0,0.7643211325382546,5.847953216374269,116.8354811325572,18.08536811426757,adcp linear at epoch+300s
1738618200.Mon.Feb.03_21_30_00.GMT.2025.CACO04.c2.timex.jpg,c2,1738618200,2025-02-03T21:30:00+00:00,30.0,0.711030285604038,5.847953216374269,98.06745621425654,12.617754572362324,adcp linear at epoch+300s
1738620000.Mon.Feb.03_22_00_00.GMT.2025.CACO04.c2.timex.jpg,c2,1738620000,2025-02-03T22:00:00+00:00,0.0,0.659780161262628,5.847953216374269,28.345412709354576,1.3657002748675724,adcp linear at epoch+300s
1738621800.Mon.Feb.03_22_30_00.GMT.2025.CACO04.c2.timex.jpg,c2,1738621800,2025-02-03T22:30:00+00:00,30.0,0.6187336498852504,5.847953216374269,0.0024605545343137,0.013094233857495,adcp linear at epoch+300s
1738623600.Mon.Feb.03_23_00_00.GMT.2025.CACO04.c2.timex.jpg,c2,1738623600,2025-02-03T23:00:00+00:00,0.0,0.598754222731726,5.847953216374269,3.1913807189542485e-06,6.382761437908497e-05,adcp linear at epoch+300s
1738625400.Mon.Feb.03_23_30_00.GMT.2025.CACO04.c2.timex.jpg,c2,1738625400,2025-02-03T23:30:00+00:00,30.0,0.6841102166974676,6.768189509306261,0.0038551879084967,0.0125197857354797,adcp linear at epoch+300s
1738627200.Tue.Feb.04_00_00_00.GMT.2025.CACO04.c2.timex.jpg,c2,1738627200,2025-02-04T00:00:00+00:00,0.0,0.7570353484503581,6.768189509306261,0.000552108864379,0.0026424632352941,adcp linear at epoch+300s
1738629000.Tue.Feb.04_00_30_00.GMT.2025.CACO04.c2.timex.jpg,c2,1738629000,2025-02-04T00:30:00+00:00,30.0,0.7678061691389928,6.768189509306261,0.0003574346405228,0.0016595179738562,adcp linear at epoch+300s
1738630800.Tue.Feb.04_01_00_00.GMT.2025.CACO04.c2.timex.jpg,c2,1738630800,2025-02-04T01:00:00+00:00,0.0,0.7836750710205328,6.768189509306261,0.0017935559640522,0.0056870404411764,adcp linear at epoch+300s
1738632600.Tue.Feb.04_01_30_00.GMT.2025.CACO04.c2.timex.jpg,c2,1738632600,2025-02-04T01:30:00+00:00,30.0,0.8250343788665992,6.430868167202571,0.0060093698937908,0.0296670751633986,adcp linear at epoch+300s
1738634400.Tue.Feb.04_02_00_00.GMT.2025.CACO04.c2.timex.jpg,c2,1738634400,2025-02-04T02:00:00+00:00,0.0,0.8597439643858988,6.430868167202571,6.382761437908497e-06,0.0001276552287581,adcp linear at epoch+300s
1738636200.Tue.Feb.04_02_30_00.GMT.2025.CACO04.c2.timex.jpg,c2,1738636200,2025-02-04T02:30:00+00:00,30.0,0.8612049382713645,7.142857142857142,6.382761437908497e-06,0.0001276552287581,adcp linear at epoch+300s
1738638000.Tue.Feb.04_03_00_00.GMT.2025.CACO04.c2.timex.jpg,c2,1738638000,2025-02-04T03:00:00+00:00,0.0,0.8538749875651651,7.142857142857142,6.382761437908497e-06,0.0001276552287581,adcp linear at epoch+300s
1738668600.Tue.Feb.04_11_30_00.GMT.2025.CACO04.c2.timex.jpg,c2,1738668600,2025-02-04T11:30:00+00:00,30.0,0.5487003880898713,6.430868167202571,11.432304432189545,0.5468175354290713,adcp linear at epoch+300s
1738670400.Tue.Feb.04_12_00_00.GMT.2025.CACO04.c2.timex.jpg,c2,1738670400,2025-02-04T12:00:00+00:00,0.0,0.5003176349023924,6.430868167202571,151.21991485396242,6.89200983614174,adcp linear at epoch+300s
1738672200.Tue.Feb.04_12_30_00.GMT.2025.CACO04.c2.timex.jpg,c2,1738672200,2025-02-04T12:30:00+00:00,30.0,0.5017507222824511,10.6951871657754,119.6230628319036,5.376994286614617,adcp linear at epoch+300s
1738674000.Tue.Feb.04_13_00_00.GMT.2025.CACO04.c2.timex.jpg,c2,1738674000,2025-02-04T13:00:00+00:00,0.0,0.5481072504503629,10.6951871657754,144.8876123366013,16.057325559595554,adcp linear at epoch+300s
1738675800.Tue.Feb.04_13_30_00.GMT.2025.CACO04.c2.timex.jpg,c2,1738675800,2025-02-04T13:30:00+00:00,30.0,0.8190809825575407,4.767580452920143,146.6143280228758,24.72916823659939,adcp linear at epoch+300s
1738677600.Tue.Feb.04_14_00_00.GMT.2025.CACO04.c2.timex.jpg,c2,1738677600,2025-02-04T14:00:00+00:00,0.0,1.0670747924875963,4.767580452920143,141.40272352430554,20.234015315512664,adcp linear at epoch+300s
1738679400.Tue.Feb.04_14_30_00.GMT.2025.CACO04.c2.timex.jpg,c2,1738679400,2025-02-04T14:30:00+00:00,30.0,1.2001689915320406,5.594405594405594,147.79746221405227,43.20465935564464,adcp linear at epoch+300s
1738681200.Tue.Feb.04_15_00_00.GMT.2025.CACO04.c2.timex.jpg,c2,1738681200,2025-02-04T15:00:00+00:00,0.0,1.30119276103505,5.594405594405594,140.71813725490196,39.03375943978444,adcp linear at epoch+300s
1738683000.Tue.Feb.04_15_30_00.GMT.2025.CACO04.c2.timex.jpg,c2,1738683000,2025-02-04T15:30:00+00:00,30.0,1.2418643828308844,5.847953216374269,168.5542183670343,46.11429385803018,adcp linear at epoch+300s
1738684800.Tue.Feb.04_16_00_00.GMT.2025.CACO04.c2.timex.jpg,c2,1738684800,2025-02-04T16:00:00+00:00,0.0,1.1979537045056654,5.847953216374269,180.60214333129085,52.28386950684336,adcp linear at epoch+300s
1738686600.Tue.Feb.04_16_30_00.GMT.2025.CACO04.c2.timex.jpg,c2,1738686600,2025-02-04T16:30:00+00:00,30.0,1.2311315255751785,6.125574272588055,106.1900084252451,9.621696900331436,adcp linear at epoch+300s
1738688400.Tue.Feb.04_17_00_00.GMT.2025.CACO04.c2.timex.jpg,c2,1738688400,2025-02-04T17:00:00+00:00,0.0,1.2539616445658417,6.125574272588055,144.61900339562908,25.22006774241996,adcp linear at epoch+300s
1738690200.Tue.Feb.04_17_30_00.GMT.2025.CACO04.c2.timex.jpg,c2,1738690200,2025-02-04T17:30:00+00:00,30.0,1.2250532531622544,5.847953216374269,133.00671147365196,28.71420783796754,adcp linear at epoch+300s
1738692000.Tue.Feb.04_18_00_00.GMT.2025.CACO04.c2.timex.jpg,c2,1738692000,2025-02-04T18:00:00+00:00,0.0,1.1948542455939735,5.847953216374269,138.98812487234477,40.31804277638287,adcp linear at epoch+300s
1738693800.Tue.Feb.04_18_30_00.GMT.2025.CACO04.c2.timex.jpg,c2,1738693800,2025-02-04T18:30:00+00:00,30.0,1.158202157202224,5.361930294906166,135.08119510825162,41.58209506441474,adcp linear at epoch+300s
1738695600.Tue.Feb.04_19_00_00.GMT.2025.CACO04.c2.timex.jpg,c2,1738695600,2025-02-04T19:00:00+00:00,0.0,1.1435572619950896,5.361930294906166,127.78292866625816,38.83112904989733,adcp linear at epoch+300s
1738697400.Tue.Feb.04_19_30_00.GMT.2025.CACO04.c2.timex.jpg,c2,1738697400,2025-02-04T19:30:00+00:00,30.0,1.2389483327110304,5.847953216374269,117.5527024611928,46.81806877919369,adcp linear at epoch+300s
1738699200.Tue.Feb.04_20_00_00.GMT.2025.CACO04.c2.timex.jpg,c2,1738699200,2025-02-04T20:00:00+00:00,0.0,1.3426558873936472,5.847953216374269,112.56355315563724,59.921862144483256,adcp linear at epoch+300s
1738701000.Tue.Feb.04_20_30_00.GMT.2025.CACO04.c2.timex.jpg,c2,1738701000,2025-02-04T20:30:00+00:00,30.0,1.487945861909645,6.125574272588055,109.24847132863562,59.854098290786816,adcp linear at epoch+300s
1738702800.Tue.Feb.04_21_00_00.GMT.2025.CACO04.c2.timex.jpg,c2,1738702800,2025-02-04T21:00:00+00:00,0.0,1.603064805910945,6.125574272588055,106.4700648488562,65.8303142042171,adcp linear at epoch+300s
1738704600.Tue.Feb.04_21_30_00.GMT.2025.CACO04.c2.timex.jpg,c2,1738704600,2025-02-04T21:30:00+00:00,30.0,1.5673285973387547,7.142857142857142,98.32912390216504,34.8960751024222,adcp linear at epoch+300s
1738706400.Tue.Feb.04_22_00_00.GMT.2025.CACO04.c2.timex.jpg,c2,1738706400,2025-02-04T22:00:00+00:00,0.0,1.5302605878976496,7.142857142857142,51.55969796772876,3.170042900819333,adcp linear at epoch+300s
1738708200.Tue.Feb.04_22_30_00.GMT.2025.CACO04.c2.timex.jpg,c2,1738708200,2025-02-04T22:30:00+00:00,30.0,1.4865335741119676,6.768189509306261,0.7924677032271242,1.1032188111018877,adcp linear at epoch+300s
1738710000.Tue.Feb.04_23_00_00.GMT.2025.CACO04.c2.timex.jpg,c2,1738710000,2025-02-04T23:00:00+00:00,0.0,1.4396906242092518,6.768189509306261,3.1913807189542485e-06,6.382761437908497e-05,adcp linear at epoch+300s
1738711800.Tue.Feb.04_23_30_00.GMT.2025.CACO04.c2.timex.jpg,c2,1738711800,2025-02-04T23:30:00+00:00,30.0,1.3772679937213652,6.768189509306261,3.1913807189542485e-06,6.382761437908497e-05,adcp linear at epoch+300s
1738713600.Wed.Feb.05_00_00_00.GMT.2025.CACO04.c2.timex.jpg,c2,1738713600,2025-02-05T00:00:00+00:00,0.0,1.3329160938224889,6.768189509306261,3.1913807189542485e-06,6.382761437908497e-05,adcp linear at epoch+300s
1738715400.Wed.Feb.05_00_30_00.GMT.2025.CACO04.c2.timex.jpg,c2,1738715400,2025-02-05T00:30:00+00:00,30.0,1.3789178468686623,6.768189509306261,3.1913807189542485e-06,6.382761437908497e-05,adcp linear at epoch+300s
1738717200.Wed.Feb.05_01_00_00.GMT.2025.CACO04.c2.timex.jpg,c2,1738717200,2025-02-05T01:00:00+00:00,0.0,1.446756432550566,6.768189509306261,0.0,0.0,adcp linear at epoch+300s
1738719000.Wed.Feb.05_01_30_00.GMT.2025.CACO04.c2.timex.jpg,c2,1738719000,2025-02-05T01:30:00+00:00,30.0,1.62377918141112,8.032128514056225,0.0,0.0,adcp linear at epoch+300s
1738720800.Wed.Feb.05_02_00_00.GMT.2025.CACO04.c2.timex.jpg,c2,1738720800,2025-02-05T02:00:00+00:00,0.0,1.78605785435609,8.032128514056225,0.0,0.0,adcp linear at epoch+300s
1738722600.Wed.Feb.05_02_30_00.GMT.2025.CACO04.c2.timex.jpg,c2,1738722600,2025-02-05T02:30:00+00:00,30.0,1.8746161477231393,8.032128514056225,0.0,0.0,adcp linear at epoch+300s
1738724400.Wed.Feb.05_03_00_00.GMT.2025.CACO04.c2.timex.jpg,c2,1738724400,2025-02-05T03:00:00+00:00,0.0,1.933469457729454,8.032128514056225,0.0,0.0,adcp linear at epoch+300s
1738755000.Wed.Feb.05_11_30_00.GMT.2025.CACO04.c2.timex.jpg,c2,1738755000,2025-02-05T11:30:00+00:00,30.0,1.042997285412197,6.125574272588055,21.866277956495097,1.4315001845303783,adcp linear at epoch+300s
1738756800.Wed.Feb.05_12_00_00.GMT.2025.CACO04.c2.timex.jpg,c2,1738756800,2025-02-05T12:00:00+00:00,0.0,1.030788175450421,6.125574272588055,170.45723868974673,23.721372822001296,adcp linear at epoch+300s
1738758600.Wed.Feb.05_12_30_00.GMT.2025.CACO04.c2.timex.jpg,c2,1738758600,2025-02-05T12:30:00+00:00,30.0,0.9917384565170941,6.125574272588055,157.57828776041666,40.15681313715719,adcp linear at epoch+300s
1738760400.Wed.Feb.05_13_00_00.GMT.2025.CACO04.c2.timex.jpg,c2,1738760400,2025-02-05T13:00:00+00:00,0.0,0.9704076836955778,6.125574272588055,144.5823663449755,66.32339217130243,adcp linear at epoch+300s
1738762200.Wed.Feb.05_13_30_00.GMT.2025.CACO04.c2.timex.jpg,c2,1738762200,2025-02-05T13:30:00+00:00,30.0,1.0376716414331142,5.594405594405594,147.62891582414215,70.99246747764968,adcp linear at epoch+300s
1738764000.Wed.Feb.05_14_00_00.GMT.2025.CACO04.c2.timex.jpg,c2,1738764000,2025-02-05T14:00:00+00:00,0.0,1.0936043566489457,5.594405594405594,146.77647569444446,62.35935803662352,adcp linear at epoch+300s
1738765800.Wed.Feb.05_14_30_00.GMT.2025.CACO04.c2.timex.jpg,c2,1738765800,2025-02-05T14:30:00+00:00,30.0,1.092880859256254,5.594405594405594,147.32447725183823,57.425388036826725,adcp linear at epoch+300s
1738767600.Wed.Feb.05_15_00_00.GMT.2025.CACO04.c2.timex.jpg,c2,1738767600,2025-02-05T15:00:00+00:00,0.0,1.1019776761351536,5.594405594405594,147.6248468137255,53.54603923370819,adcp linear at epoch+300s
1738769400.Wed.Feb.05_15_30_00.GMT.2025.CACO04.c2.timex.jpg,c2,1738769400,2025-02-05T15:30:00+00:00,30.0,1.1601760643720096,5.847953216374269,148.6601881638072,50.730557838301664,adcp linear at epoch+300s
1738771200.Wed.Feb.05_16_00_00.GMT.2025.CACO04.c2.timex.jpg,c2,1738771200,2025-02-05T16:00:00+00:00,0.0,1.203137107903227,5.847953216374269,148.35156888276143,46.98432732870977,adcp linear at epoch+300s
1738773000.Wed.Feb.05_16_30_00.GMT.2025.CACO04.c2.timex.jpg,c2,1738773000,2025-02-05T16:30:00+00:00,30.0,1.1699114279062515,5.594405594405594,148.76544947406046,48.24122914444391,adcp linear at epoch+300s
1738774800.Wed.Feb.05_17_00_00.GMT.2025.CACO04.c2.timex.jpg,c2,1738774800,2025-02-05T17:00:00+00:00,0.0,1.1522817216224084,5.594405594405594,148.10449537888073,45.52801671985112,adcp linear at epoch+300s
1738776600.Wed.Feb.05_17_30_00.GMT.2025.CACO04.c2.timex.jpg,c2,1738776600,2025-02-05T17:30:00+00:00,30.0,1.2126318839042287,5.148005148005149,148.00916883680554,48.98348218923429,adcp linear at epoch+300s
1738778400.Wed.Feb.05_18_00_00.GMT.2025.CACO04.c2.timex.jpg,c2,1738778400,2025-02-05T18:00:00+00:00,0.0,1.2558891554319032,5.148005148005149,144.3528741574755,50.7418619263681,adcp linear at epoch+300s
1738780200.Wed.Feb.05_18_30_00.GMT.2025.CACO04.c2.timex.jpg,c2,1738780200,2025-02-05T18:30:00+00:00,30.0,1.213681973188848,5.594405594405594,139.7841477736928,52.88305694029563,adcp linear at epoch+300s
1738782000.Wed.Feb.05_19_00_00.GMT.2025.CACO04.c2.timex.jpg,c2,1738782000,2025-02-05T19:00:00+00:00,0.0,1.1638718849483911,5.594405594405594,129.9169730392157,56.83958838963644,adcp linear at epoch+300s
1738783800.Wed.Feb.05_19_30_00.GMT.2025.CACO04.c2.timex.jpg,c2,1738783800,2025-02-05T19:30:00+00:00,30.0,1.0760472667209244,4.950495049504951,120.6237713184232,62.97444340348463,adcp linear at epoch+300s
1738785600.Wed.Feb.05_20_00_00.GMT.2025.CACO04.c2.timex.jpg,c2,1738785600,2025-02-05T20:00:00+00:00,0.0,0.9962329275555345,4.950495049504951,116.35134867749184,80.98583451980171,adcp linear at epoch+300s
1738787400.Wed.Feb.05_20_30_00.GMT.2025.CACO04.c2.timex.jpg,c2,1738787400,2025-02-05T20:30:00+00:00,30.0,0.956469983700529,5.847953216374269,112.47225094464868,100.24902223257412,adcp linear at epoch+300s
1738789200.Wed.Feb.05_21_00_00.GMT.2025.CACO04.c2.timex.jpg,c2,1738789200,2025-02-05T21:00:00+00:00,0.0,0.9248935238490723,5.847953216374269,109.49998085171568,99.59023258927346,adcp linear at epoch+300s
1738791000.Wed.Feb.05_21_30_00.GMT.2025.CACO04.c2.timex.jpg,c2,1738791000,2025-02-05T21:30:00+00:00,30.0,0.9342494840153585,5.594405594405594,97.86450674019608,42.55272477640387,adcp linear at epoch+300s
1738792800.Wed.Feb.05_22_00_00.GMT.2025.CACO04.c2.timex.jpg,c2,1738792800,2025-02-05T22:00:00+00:00,0.0,0.9364413763062802,5.594405594405594,44.3603005004085,3.471707856997844,adcp linear at epoch+300s
1738794600.Wed.Feb.05_22_30_00.GMT.2025.CACO04.c2.timex.jpg,c2,1738794600,2025-02-05T22:30:00+00:00,30.0,0.9028129292203795,5.594405594405594,0.5661062602124183,1.0646892692070202,adcp linear at epoch+300s
1738796400.Wed.Feb.05_23_00_00.GMT.2025.CACO04.c2.timex.jpg,c2,1738796400,2025-02-05T23:00:00+00:00,0.0,0.8697299428404301,5.594405594405594,2.2339665032679737e-05,0.0004787071078431,adcp linear at epoch+300s
1738798200.Wed.Feb.05_23_30_00.GMT.2025.CACO04.c2.timex.jpg,c2,1738798200,2025-02-05T23:30:00+00:00,30.0,0.839374259990238,5.361930294906166,6.382761437908497e-06,0.0001276552287581,adcp linear at epoch+300s
1738800000.Thu.Feb.06_00_00_00.GMT.2025.CACO04.c2.timex.jpg,c2,1738800000,2025-02-06T00:00:00+00:00,0.0,0.8138462767047223,5.361930294906166,2.8722426470588235e-05,0.0005489174836601,adcp linear at epoch+300s
1738801800.Thu.Feb.06_00_30_00.GMT.2025.CACO04.c2.timex.jpg,c2,1738801800,2025-02-06T00:30:00+00:00,30.0,0.8124567912425888,5.361930294906166,9.574142156862743e-06,0.0001914828431372,adcp linear at epoch+300s
1738803600.Thu.Feb.06_01_00_00.GMT.2025.CACO04.c2.timex.jpg,c2,1738803600,2025-02-06T01:00:00+00:00,0.0,0.8171587183903255,5.361930294906166,8.297589869281046e-05,0.0009255004084967,adcp linear at epoch+300s
1738805400.Thu.Feb.06_01_30_00.GMT.2025.CACO04.c2.timex.jpg,c2,1738805400,2025-02-06T01:30:00+00:00,30.0,0.852317708587413,5.594405594405594,3.510518790849673e-05,0.0008425245098039,adcp linear at epoch+300s
1738807200.Thu.Feb.06_02_00_00.GMT.2025.CACO04.c2.timex.jpg,c2,1738807200,2025-02-06T02:00:00+00:00,0.0,0.8606599024967233,5.594405594405594,2.8722426470588235e-05,0.0004212622549019,adcp linear at epoch+300s
1738809000.Thu.Feb.06_02_30_00.GMT.2025.CACO04.c2.timex.jpg,c2,1738809000,2025-02-06T02:30:00+00:00,30.0,0.7349181149671487,5.361930294906166,9.574142156862743e-06,0.0001914828431372,adcp linear at epoch+300s
1738810800.Thu.Feb.06_03_00_00.GMT.2025.CACO04.c2.timex.jpg,c2,1738810800,2025-02-06T03:00:00+00:00,0.0,0.6293687945004772,5.361930294906166,9.574142156862743e-06,0.0001914828431372,adcp linear at epoch+300s
1738841400.Thu.Feb.06_11_30_00.GMT.2025.CACO04.c2.timex.jpg,c2,1738841400,2025-02-06T11:30:00+00:00,30.0,0.5292273255325262,3.389830508474576,8.608015471813726,0.7241912637019058,adcp linear at epoch+300s
1738843200.Thu.Feb.06_12_00_00.GMT.2025.CACO04.c2.timex.jpg,c2,1738843200,2025-02-06T12:00:00+00:00,0.0,0.6261358038443348,3.389830508474576,67.04148475796569,7.521267121521268,adcp linear at epoch+300s
1738845000.Thu.Feb.06_12_30_00.GMT.2025.CACO04.c2.timex.jpg,c2,1738845000,2025-02-06T12:30:00+00:00,30.0,0.7164468239800615,3.787878787878788,164.03253293504903,26.19854189663218,adcp linear at epoch+300s
1738846800.Thu.Feb.06_13_00_00.GMT.2025.CACO04.c2.timex.jpg,c2,1738846800,2025-02-06T13:00:00+00:00,0.0,0.8044251133992099,3.787878787878788,136.51920572916666,15.58820976290894,adcp linear at epoch+300s
1738848600.Thu.Feb.06_13_30_00.GMT.2025.CACO04.c2.timex.jpg,c2,1738848600,2025-02-06T13:30:00+00:00,30.0,0.8807397492354656,4.024144869215292,124.38941865808825,11.525882055913325,adcp linear at epoch+300s
1738850400.Thu.Feb.06_14_00_00.GMT.2025.CACO04.c2.timex.jpg,c2,1738850400,2025-02-06T14:00:00+00:00,0.0,0.9604242060408461,4.024144869215292,168.54277407577615,18.56272002510872,adcp linear at epoch+300s
1738852200.Thu.Feb.06_14_30_00.GMT.2025.CACO04.c2.timex.jpg,c2,1738852200,2025-02-06T14:30:00+00:00,30.0,1.05695776769185,4.597701149425287,122.95038360396242,8.886300401841618,adcp linear at epoch+300s
1738854000.Thu.Feb.06_15_00_00.GMT.2025.CACO04.c2.timex.jpg,c2,1738854000,2025-02-06T15:00:00+00:00,0.0,1.1474585251693803,4.597701149425287,155.70497280943627,10.710117284345872,adcp linear at epoch+300s
1738855800.Thu.Feb.06_15_30_00.GMT.2025.CACO04.c2.timex.jpg,c2,1738855800,2025-02-06T15:30:00+00:00,30.0,1.2077952617795422,4.950495049504951,142.56747217116012,9.454510022566348,adcp linear at epoch+300s
1738857600.Thu.Feb.06_16_00_00.GMT.2025.CACO04.c2.timex.jpg,c2,1738857600,2025-02-06T16:00:00+00:00,0.0,1.2664730392119528,4.950495049504951,156.44826771854576,15.838091636265228,adcp linear at epoch+300s
1738859400.Thu.Feb.06_16_30_00.GMT.2025.CACO04.c2.timex.jpg,c2,1738859400,2025-02-06T16:30:00+00:00,30.0,1.3168560207556077,4.950495049504951,160.4743572559232,13.301559942821465,adcp linear at epoch+300s
1738861200.Thu.Feb.06_17_00_00.GMT.2025.CACO04.c2.timex.jpg,c2,1738861200,2025-02-06T17:00:00+00:00,0.0,1.3950764362007624,4.950495049504951,142.79096137152777,10.41108172694246,adcp linear at epoch+300s
1738863000.Thu.Feb.06_17_30_00.GMT.2025.CACO04.c2.timex.jpg,c2,1738863000,2025-02-06T17:30:00+00:00,30.0,1.6124840211534162,6.125574272588055,135.1376761642157,8.241868290063373,adcp linear at epoch+300s
1738864800.Thu.Feb.06_18_00_00.GMT.2025.CACO04.c2.timex.jpg,c2,1738864800,2025-02-06T18:00:00+00:00,0.0,1.7942122940317653,6.125574272588055,169.54100285947712,11.046268633589436,adcp linear at epoch+300s
1738866600.Thu.Feb.06_18_30_00.GMT.2025.CACO04.c2.timex.jpg,c2,1738866600,2025-02-06T18:30:00+00:00,30.0,1.797544006538592,6.125574272588055,120.06676368464052,5.699914126176389,adcp linear at epoch+300s
1738868400.Thu.Feb.06_19_00_00.GMT.2025.CACO04.c2.timex.jpg,c2,1738868400,2025-02-06T19:00:00+00:00,0.0,1.8098368906181816,6.125574272588055,125.50005425347224,4.844040117828446,adcp linear at epoch+300s
1738870200.Thu.Feb.06_19_30_00.GMT.2025.CACO04.c2.timex.jpg,c2,1738870200,2025-02-06T19:30:00+00:00,30.0,1.8669356325615856,6.768189509306261,136.70787058312908,4.637729997977915,adcp linear at epoch+300s
1738872000.Thu.Feb.06_20_00_00.GMT.2025.CACO04.c2.timex.jpg,c2,1738872000,2025-02-06T20:00:00+00:00,0.0,1.9080024724272555,6.768189509306261,125.01656326593135,3.9799895134397487,adcp linear at epoch+300s
1738873800.Thu.Feb.06_20_30_00.GMT.2025.CACO04.c2.timex.jpg,c2,1738873800,2025-02-06T20:30:00+00:00,30.0,1.8689098019042538,6.768189509306261,151.79124540441177,4.431423449415465,adcp linear at epoch+300s
1738875600.Thu.Feb.06_21_00_00.GMT.2025.CACO04.c2.timex.jpg,c2,1738875600,2025-02-06T21:00:00+00:00,0.0,1.8346732168943745,6.768189509306261,111.04618885314542,3.05780212071212,adcp linear at epoch+300s
1738877400.Thu.Feb.06_21_30_00.GMT.2025.CACO04.c2.timex.jpg,c2,1738877400,2025-02-06T21:30:00+00:00,30.0,1.8247170594501068,7.561436672967865,102.60899522569444,2.6042240253145224,adcp linear at epoch+300s
1738879200.Thu.Feb.06_22_00_00.GMT.2025.CACO04.c2.timex.jpg,c2,1738879200,2025-02-06T22:00:00+00:00,0.0,1.8101214080258794,7.561436672967865,26.62049057904412,0.7341962768132299,adcp linear at epoch+300s
1738881000.Thu.Feb.06_22_30_00.GMT.2025.CACO04.c2.timex.jpg,c2,1738881000,2025-02-06T22:30:00+00:00,30.0,1.772328286701853,8.032128514056225,0.4075010212418301,0.4237515200889882,adcp linear at epoch+300s
1738882800.Thu.Feb.06_23_00_00.GMT.2025.CACO04.c2.timex.jpg,c2,1738882800,2025-02-06T23:00:00+00:00,0.0,1.7166197544369206,8.032128514056225,3.1913807189542485e-06,6.382761437908497e-05,adcp linear at epoch+300s
1738884600.Thu.Feb.06_23_30_00.GMT.2025.CACO04.c2.timex.jpg,c2,1738884600,2025-02-06T23:30:00+00:00,30.0,1.571334167467458,7.561436672967865,3.1913807189542485e-06,6.382761437908497e-05,adcp linear at epoch+300s
1738886400.Fri.Feb.07_00_00_00.GMT.2025.CACO04.c2.timex.jpg,c2,1738886400,2025-02-07T00:00:00+00:00,0.0,1.4482958068127114,7.561436672967865,3.1913807189542485e-06,6.382761437908497e-05,adcp linear at epoch+300s
1738888200.Fri.Feb.07_00_30_00.GMT.2025.CACO04.c2.timex.jpg,c2,1738888200,2025-02-07T00:30:00+00:00,30.0,1.4364935777315475,8.032128514056225,3.1913807189542485e-06,6.382761437908497e-05,adcp linear at epoch+300s
1738890000.Fri.Feb.07_01_00_00.GMT.2025.CACO04.c2.timex.jpg,c2,1738890000,2025-02-07T01:00:00+00:00,0.0,1.4138457748980888,8.032128514056225,3.1913807189542485e-06,6.382761437908497e-05,adcp linear at epoch+300s
1738891800.Fri.Feb.07_01_30_00.GMT.2025.CACO04.c2.timex.jpg,c2,1738891800,2025-02-07T01:30:00+00:00,30.0,1.336970103303155,7.561436672967865,3.1913807189542485e-06,6.382761437908497e-05,adcp linear at epoch+300s
1738893600.Fri.Feb.07_02_00_00.GMT.2025.CACO04.c2.timex.jpg,c2,1738893600,2025-02-07T02:00:00+00:00,0.0,1.2765020545049288,7.561436672967865,3.1913807189542485e-06,6.382761437908497e-05,adcp linear at epoch+300s
1738895400.Fri.Feb.07_02_30_00.GMT.2025.CACO04.c2.timex.jpg,c2,1738895400,2025-02-07T02:30:00+00:00,30.0,1.2980721196902416,8.032128514056225,3.1913807189542485e-06,6.382761437908497e-05,adcp linear at epoch+300s
1738897200.Fri.Feb.07_03_00_00.GMT.2025.CACO04.c2.timex.jpg,c2,1738897200,2025-02-07T03:00:00+00:00,0.0,1.3031505493010016,8.032128514056225,3.1913807189542485e-06,6.382761437908497e-05,adcp linear at epoch+300s
1738927800.Fri.Feb.07_11_30_00.GMT.2025.CACO04.c2.timex.jpg,c2,1738927800,2025-02-07T11:30:00+00:00,30.0,1.0204686742160656,8.032128514056225,22.54028479881536,0.8903281661394626,adcp linear at epoch+300s
1738929600.Fri.Feb.07_12_00_00.GMT.2025.CACO04.c2.timex.jpg,c2,1738929600,2025-02-07T12:00:00+00:00,0.0,1.1082707182886864,8.032128514056225,147.62227775224673,9.311089303758406,adcp linear at epoch+300s
1738931400.Fri.Feb.07_12_30_00.GMT.2025.CACO04.c2.timex.jpg,c2,1738931400,2025-02-07T12:30:00+00:00,30.0,1.1430224351465337,8.565310492505352,109.45732166564542,5.2350962461759725,adcp linear at epoch+300s
1738933200.Fri.Feb.07_13_00_00.GMT.2025.CACO04.c2.timex.jpg,c2,1738933200,2025-02-07T13:00:00+00:00,0.0,1.1730125555179116,8.565310492505352,158.7343430861928,7.2377482830543665,adcp linear at epoch+300s
1738935000.Fri.Feb.07_13_30_00.GMT.2025.CACO04.c2.timex.jpg,c2,1738935000,2025-02-07T13:30:00+00:00,30.0,1.1791946934569442,9.876543209876544,117.28367225796568,8.533534975796195,adcp linear at epoch+300s
1738936800.Fri.Feb.07_14_00_00.GMT.2025.CACO04.c2.timex.jpg,c2,1738936800,2025-02-07T14:00:00+00:00,0.0,1.1828127225174174,9.876543209876544,139.84457975898692,13.190990850302027,adcp linear at epoch+300s
1738938600.Fri.Feb.07_14_30_00.GMT.2025.CACO04.c2.timex.jpg,c2,1738938600,2025-02-07T14:30:00+00:00,30.0,1.1736102071850956,8.565310492505352,140.88826976102942,46.20510026788236,adcp linear at epoch+300s
1738940400.Fri.Feb.07_15_00_00.GMT.2025.CACO04.c2.timex.jpg,c2,1738940400,2025-02-07T15:00:00+00:00,0.0,1.1626848773977554,8.565310492505352,142.09270960988562,71.86714244521337,adcp linear at epoch+300s
1738942200.Fri.Feb.07_15_30_00.GMT.2025.CACO04.c2.timex.jpg,c2,1738942200,2025-02-07T15:30:00+00:00,30.0,1.1431454753353243,9.876543209876544,145.53222337111927,66.71242436792723,adcp linear at epoch+300s
1738944000.Fri.Feb.07_16_00_00.GMT.2025.CACO04.c2.timex.jpg,c2,1738944000,2025-02-07T16:00:00+00:00,0.0,1.1138714225238966,9.876543209876544,151.26232192095588,52.19998045356511,adcp linear at epoch+300s
1738945800.Fri.Feb.07_16_30_00.GMT.2025.CACO04.c2.timex.jpg,c2,1738945800,2025-02-07T16:30:00+00:00,30.0,1.0359241159674866,10.6951871657754,131.60861226000816,39.19933989922991,adcp linear at epoch+300s
1738947600.Fri.Feb.07_17_00_00.GMT.2025.CACO04.c2.timex.jpg,c2,1738947600,2025-02-07T17:00:00+00:00,0.0,0.9788485770491335,10.6951871657754,140.4964639501634,91.99421695740352,adcp linear at epoch+300s
1738949400.Fri.Feb.07_17_30_00.GMT.2025.CACO04.c2.timex.jpg,c2,1738949400,2025-02-07T17:30:00+00:00,30.0,1.0261318763210645,10.6951871657754,140.76290913500816,101.90086924961008,adcp linear at epoch+300s
1738951200.Fri.Feb.07_18_00_00.GMT.2025.CACO04.c2.timex.jpg,c2,1738951200,2025-02-07T18:00:00+00:00,0.0,1.0578299174950458,10.6951871657754,138.28747000102123,100.59899007501552,adcp linear at epoch+300s
1738953000.Fri.Feb.07_18_30_00.GMT.2025.CACO04.c2.timex.jpg,c2,1738953000,2025-02-07T18:30:00+00:00,30.0,1.0116016681792797,10.6951871657754,131.87260327308007,100.37309674582356,adcp linear at epoch+300s
1738954800.Fri.Feb.07_19_00_00.GMT.2025.CACO04.c2.timex.jpg,c2,1738954800,2025-02-07T19:00:00+00:00,0.0,0.9693654395078468,10.6951871657754,121.85780164930556,108.83072626237823,adcp linear at epoch+300s
1738956600.Fri.Feb.07_19_30_00.GMT.2025.CACO04.c2.timex.jpg,c2,1738956600,2025-02-07T19:30:00+00:00,30.0,0.9470893140580822,9.876543209876544,114.6083633323121,124.35512686417408,adcp linear at epoch+300s
1738958400.Fri.Feb.07_20_00_00.GMT.2025.CACO04.c2.timex.jpg,c2,1738958400,2025-02-07T20:00:00+00:00,0.0,0.9214076787290711,9.876543209876544,106.86941508374184,131.26258822132948,adcp linear at epoch+300s
1738960200.Fri.Feb.07_20_30_00.GMT.2025.CACO04.c2.timex.jpg,c2,1738960200,2025-02-07T20:30:00+00:00,30.0,0.8786984940038289,10.6951871657754,104.77498212826798,178.89362799914048,adcp linear at epoch+300s
1738962000.Fri.Feb.07_21_00_00.GMT.2025.CACO04.c2.timex.jpg,c2,1738962000,2025-02-07T21:00:00+00:00,0.0,0.8459974567462158,10.6951871657754,98.06064580780227,148.06933849134606,adcp linear at epoch+300s
1738963800.Fri.Feb.07_21_30_00.GMT.2025.CACO04.c2.timex.jpg,c2,1738963800,2025-02-07T21:30:00+00:00,30.0,0.8633371568267489,9.876543209876544,96.3837731055964,104.0417204716769,adcp linear at epoch+300s
1738965600.Fri.Feb.07_22_00_00.GMT.2025.CACO04.c2.timex.jpg,c2,1738965600,2025-02-07T22:00:00+00:00,0.0,0.8803186032306476,9.876543209876544,68.20421645220588,11.823267495526755,adcp linear at epoch+300s
1738967400.Fri.Feb.07_22_30_00.GMT.2025.CACO04.c2.timex.jpg,c2,1738967400,2025-02-07T22:30:00+00:00,30.0,0.8955087812513738,9.876543209876544,1.0825833588643792,0.2019537630215211,adcp linear at epoch+300s
1738969200.Fri.Feb.07_23_00_00.GMT.2025.CACO04.c2.timex.jpg,c2,1738969200,2025-02-07T23:00:00+00:00,0.0,0.9025740607720248,9.876543209876544,4.4679330065359474e-05,0.0005106209150326,adcp linear at epoch+300s
1738971000.Fri.Feb.07_23_30_00.GMT.2025.CACO04.c2.timex.jpg,c2,1738971000,2025-02-07T23:30:00+00:00,30.0,0.8690148477922996,9.876543209876544,3.1913807189542485e-06,6.382761437908497e-05,adcp linear at epoch+300s
1738972800.Sat.Feb.08_00_00_00.GMT.2025.CACO04.c2.timex.jpg,c2,1738972800,2025-02-08T00:00:00+00:00,0.0,0.8540710219154126,9.876543209876544,3.1913807189542485e-06,6.382761437908497e-05,adcp linear at epoch+300s
1738974600.Sat.Feb.08_00_30_00.GMT.2025.CACO04.c2.timex.jpg,c2,1738974600,2025-02-08T00:30:00+00:00,30.0,0.9322041315527166,9.876543209876544,3.1913807189542485e-06,6.382761437908497e-05,adcp linear at epoch+300s
1738976400.Sat.Feb.08_01_00_00.GMT.2025.CACO04.c2.timex.jpg,c2,1738976400,2025-02-08T01:00:00+00:00,0.0,0.9866441677280704,9.876543209876544,3.1913807189542485e-06,6.382761437908497e-05,adcp linear at epoch+300s
1738978200.Sat.Feb.08_01_30_00.GMT.2025.CACO04.c2.timex.jpg,c2,1738978200,2025-02-08T01:30:00+00:00,30.0,0.9226188365936728,9.876543209876544,3.1913807189542485e-06,6.382761437908497e-05,adcp linear at epoch+300s
1738980000.Sat.Feb.08_02_00_00.GMT.2025.CACO04.c2.timex.jpg,c2,1738980000,2025-02-08T02:00:00+00:00,0.0,0.8621541346827284,9.876543209876544,3.1913807189542485e-06,6.382761437908497e-05,adcp linear at epoch+300s
1738981800.Sat.Feb.08_02_30_00.GMT.2025.CACO04.c2.timex.jpg,c2,1738981800,2025-02-08T02:30:00+00:00,30.0,0.8194925788890504,10.6951871657754,3.1913807189542485e-06,6.382761437908497e-05,adcp linear at epoch+300s
1738983600.Sat.Feb.08_03_00_00.GMT.2025.CACO04.c2.timex.jpg,c2,1738983600,2025-02-08T03:00:00+00:00,0.0,0.781267568978352,10.6951871657754,3.1913807189542485e-06,6.382761437908497e-05,adcp linear at epoch+300s
1739014200.Sat.Feb.08_11_30_00.GMT.2025.CACO04.c2.timex.jpg,c2,1739014200,2025-02-08T11:30:00+00:00,30.0,0.8442581631056675,5.148005148005149,34.44071372038399,5.61226637622436,adcp linear at epoch+300s
1739016000.Sat.Feb.08_12_00_00.GMT.2025.CACO04.c2.timex.jpg,c2,1739016000,2025-02-08T12:00:00+00:00,0.0,0.850986998171013,5.148005148005149,176.43584686478758,136.46821004530923,adcp linear at epoch+300s
1739017800.Sat.Feb.08_12_30_00.GMT.2025.CACO04.c2.timex.jpg,c2,1739017800,2025-02-08T12:30:00+00:00,30.0,0.781200855411557,9.876543209876544,144.9714594822304,160.9978020923182,adcp linear at epoch+300s
1739019600.Sat.Feb.08_13_00_00.GMT.2025.CACO04.c2.timex.jpg,c2,1739019600,2025-02-08T13:00:00+00:00,0.0,0.7168449220910321,9.876543209876544,154.0573491115196,228.1594093052161,adcp linear at epoch+300s
1739021400.Sat.Feb.08_13_30_00.GMT.2025.CACO04.c2.timex.jpg,c2,1739021400,2025-02-08T13:30:00+00:00,30.0,0.6796400359651619,9.876543209876544,143.0668626174428,209.46961069695743,adcp linear at epoch+300s
1739023200.Sat.Feb.08_14_00_00.GMT.2025.CACO04.c2.timex.jpg,c2,1739023200,2025-02-08T14:00:00+00:00,0.0,0.6355411567408463,9.876543209876544,152.60204758986927,182.48049060074865,adcp linear at epoch+300s
1739025000.Sat.Feb.08_14_30_00.GMT.2025.CACO04.c2.timex.jpg,c2,1739025000,2025-02-08T14:30:00+00:00,30.0,0.5569723120243042,8.565310492505352,135.7676611008987,54.77344028329169,adcp linear at epoch+300s
1739026800.Sat.Feb.08_15_00_00.GMT.2025.CACO04.c2.timex.jpg,c2,1739026800,2025-02-08T15:00:00+00:00,0.0,0.4930607841167469,8.565310492505352,141.72800181270424,64.22943116895533,adcp linear at epoch+300s
1739028600.Sat.Feb.08_15_30_00.GMT.2025.CACO04.c2.timex.jpg,c2,1739028600,2025-02-08T15:30:00+00:00,30.0,0.5024358402541143,9.876543209876544,167.1085707720588,121.03077370989378,adcp linear at epoch+300s
1739030400.Sat.Feb.08_16_00_00.GMT.2025.CACO04.c2.timex.jpg,c2,1739030400,2025-02-08T16:00:00+00:00,0.0,0.5057276552045453,9.876543209876544,142.6125376582925,114.29675152722528,adcp linear at epoch+300s
1739032200.Sat.Feb.08_16_30_00.GMT.2025.CACO04.c2.timex.jpg,c2,1739032200,2025-02-08T16:30:00+00:00,30.0,0.47860326422029464,9.174311926605505,153.3191348805147,125.23954463784212,adcp linear at epoch+300s
1739034000.Sat.Feb.08_17_00_00.GMT.2025.CACO04.c2.timex.jpg,c2,1739034000,2025-02-08T17:00:00+00:00,0.0,0.46115586120959484,9.174311926605505,132.17622804330065,71.48703783110157,adcp linear at epoch+300s
1739035800.Sat.Feb.08_17_30_00.GMT.2025.CACO04.c2.timex.jpg,c2,1739035800,2025-02-08T17:30:00+00:00,30.0,0.4920933980666493,9.876543209876544,139.13104766646242,82.19280460664149,adcp linear at epoch+300s
1739037600.Sat.Feb.08_18_00_00.GMT.2025.CACO04.c2.timex.jpg,c2,1739037600,2025-02-08T18:00:00+00:00,0.0,0.5092157747258237,9.876543209876544,149.93520539726308,91.82478498476544,adcp linear at epoch+300s
1739039400.Sat.Feb.08_18_30_00.GMT.2025.CACO04.c2.timex.jpg,c2,1739039400,2025-02-08T18:30:00+00:00,30.0,0.45726235039559754,9.876543209876544,143.63940589256535,119.89024163502448,adcp linear at epoch+300s
1739041200.Sat.Feb.08_19_00_00.GMT.2025.CACO04.c2.timex.jpg,c2,1739041200,2025-02-08T19:00:00+00:00,0.0,0.4125308594214317,9.876543209876544,136.49010991115196,124.12338376704189,adcp linear at epoch+300s
1739043000.Sat.Feb.08_19_30_00.GMT.2025.CACO04.c2.timex.jpg,c2,1739043000,2025-02-08T19:30:00+00:00,30.0,0.40390903522756727,9.174311926605505,126.54246132046568,73.5097141795892,adcp linear at epoch+300s
1739044800.Sat.Feb.08_20_00_00.GMT.2025.CACO04.c2.timex.jpg,c2,1739044800,2025-02-08T20:00:00+00:00,0.0,0.39686658734709696,9.174311926605505,120.37598932802288,36.97525084226989,adcp linear at epoch+300s
1739046600.Sat.Feb.08_20_30_00.GMT.2025.CACO04.c2.timex.jpg,c2,1739046600,2025-02-08T20:30:00+00:00,30.0,0.3977210210335974,9.174311926605505,123.22855392156865,37.51615775230881,adcp linear at epoch+300s
1739048400.Sat.Feb.08_21_00_00.GMT.2025.CACO04.c2.timex.jpg,c2,1739048400,2025-02-08T21:00:00+00:00,0.0,0.3973432695911264,9.174311926605505,120.61559500102123,34.5964776070432,adcp linear at epoch+300s
1739050200.Sat.Feb.08_21_30_00.GMT.2025.CACO04.c2.timex.jpg,c2,1739050200,2025-02-08T21:30:00+00:00,30.0,0.3908045925037985,8.565310492505352,108.52978515625,29.453734536596485,adcp linear at epoch+300s
1739052000.Sat.Feb.08_22_00_00.GMT.2025.CACO04.c2.timex.jpg,c2,1739052000,2025-02-08T22:00:00+00:00,0.0,0.39653970031297925,8.565310492505352,59.339546951593135,11.199199601674945,adcp linear at epoch+300s
1739053800.Sat.Feb.08_22_30_00.GMT.2025.CACO04.c2.timex.jpg,c2,1739053800,2025-02-08T22:30:00+00:00,30.0,0.4636437326047035,8.565310492505352,0.9497485191993464,0.2686344715189132,adcp linear at epoch+300s
1739055600.Sat.Feb.08_23_00_00.GMT.2025.CACO04.c2.timex.jpg,c2,1739055600,2025-02-08T23:00:00+00:00,0.0,0.5098880483920332,8.565310492505352,3.1913807189542485e-06,6.382761437908497e-05,adcp linear at epoch+300s
1739057400.Sat.Feb.08_23_30_00.GMT.2025.CACO04.c2.timex.jpg,c2,1739057400,2025-02-08T23:30:00+00:00,30.0,0.4518337816573897,9.876543209876544,3.1913807189542485e-06,6.382761437908497e-05,adcp linear at epoch+300s
1739059200.Sun.Feb.09_00_00_00.GMT.2025.CACO04.c2.timex.jpg,c2,1739059200,2025-02-09T00:00:00+00:00,0.0,0.40353825301593327,9.876543209876544,3.1913807189542485e-06,6.382761437908497e-05,adcp linear at epoch+300s
1739061000.Sun.Feb.09_00_30_00.GMT.2025.CACO04.c2.timex.jpg,c2,1739061000,2025-02-09T00:30:00+00:00,30.0,0.4040364148404122,9.174311926605505,2.8722426470588235e-05,0.0004595588235294,adcp linear at epoch+300s
1739062800.Sun.Feb.09_01_00_00.GMT.2025.CACO04.c2.timex.jpg,c2,1739062800,2025-02-09T01:00:00+00:00,0.0,0.40708342619591487,9.174311926605505,3.1913807189542485e-06,6.382761437908497e-05,adcp linear at epoch+300s
1739064600.Sun.Feb.09_01_30_00.GMT.2025.CACO04.c2.timex.jpg,c2,1739064600,2025-02-09T01:30:00+00:00,30.0,0.42287468520653637,9.174311926605505,9.574142156862743e-06,0.0001404207516339,adcp linear at epoch+300s
1739066400.Sun.Feb.09_02_00_00.GMT.2025.CACO04.c2.timex.jpg,c2,1739066400,2025-02-09T02:00:00+00:00,0.0,0.4324464631475935,9.174311926605505,3.1913807189542485e-06,6.382761437908497e-05,adcp linear at epoch+300s
1739068200.Sun.Feb.09_02_30_00.GMT.2025.CACO04.c2.timex.jpg,c2,1739068200,2025-02-09T02:30:00+00:00,30.0,0.4109208357408289,8.565310492505352,3.1913807189542485e-06,6.382761437908497e-05,adcp linear at epoch+300s
1739070000.Sun.Feb.09_03_00_00.GMT.2025.CACO04.c2.timex.jpg,c2,1739070000,2025-02-09T03:00:00+00:00,0.0,0.40128456837679943,8.565310492505352,3.1913807189542485e-06,6.382761437908497e-05,adcp linear at epoch+300s
1739100600.Sun.Feb.09_11_30_00.GMT.2025.CACO04.c2.timex.jpg,c2,1739100600,2025-02-09T11:30:00+00:00,30.0,0.7522204224290827,4.597701149425287,20.483222911560457,0.7754384939895342,adcp linear at epoch+300s
1739102400.Sun.Feb.09_12_00_00.GMT.2025.CACO04.c2.timex.jpg,c2,1739102400,2025-02-09T12:00:00+00:00,0.0,0.9930597978336455,4.597701149425287,194.1039209303513,3.803490624178673,adcp linear at epoch+300s
1739104200.Sun.Feb.09_12_30_00.GMT.2025.CACO04.c2.timex.jpg,c2,1739104200,2025-02-09T12:30:00+00:00,30.0,1.0236762486929973,4.950495049504951,169.33465137357027,5.198730347743075,adcp linear at epoch+300s
1739106000.Sun.Feb.09_13_00_00.GMT.2025.CACO04.c2.timex.jpg,c2,1739106000,2025-02-09T13:00:00+00:00,0.0,1.0557867300492718,4.950495049504951,128.7767054738562,3.409575379558353,adcp linear at epoch+300s
1739107800.Sun.Feb.09_13_30_00.GMT.2025.CACO04.c2.timex.jpg,c2,1739107800,2025-02-09T13:30:00+00:00,30.0,1.0953673638901607,5.594405594405594,163.90378625408496,21.67187494422743,adcp linear at epoch+300s
1739109600.Sun.Feb.09_14_00_00.GMT.2025.CACO04.c2.timex.jpg,c2,1739109600,2025-02-09T14:00:00+00:00,0.0,1.125433842719854,5.594405594405594,129.4709265216503,81.39614925141508,adcp linear at epoch+300s
1739111400.Sun.Feb.09_14_30_00.GMT.2025.CACO04.c2.timex.jpg,c2,1739111400,2025-02-09T14:30:00+00:00,30.0,1.107929546493571,5.594405594405594,125.54781007455064,79.5699901350937,adcp linear at epoch+300s
1739113200.Sun.Feb.09_15_00_00.GMT.2025.CACO04.c2.timex.jpg,c2,1739113200,2025-02-09T15:00:00+00:00,0.0,1.09684525777818,5.594405594405594,153.24618949142155,75.30838916426902,adcp linear at epoch+300s
1739115000.Sun.Feb.09_15_30_00.GMT.2025.CACO04.c2.timex.jpg,c2,1739115000,2025-02-09T15:30:00+00:00,30.0,1.1178610066172494,6.125574272588055,206.6526596966912,35.603483709196574,adcp linear at epoch+300s
1739116800.Sun.Feb.09_16_00_00.GMT.2025.CACO04.c2.timex.jpg,c2,1739116800,2025-02-09T16:00:00+00:00,0.0,1.1566494539216194,6.125574272588055,108.91032220179738,14.73344310994507,adcp linear at epoch+300s
1739118600.Sun.Feb.09_16_30_00.GMT.2025.CACO04.c2.timex.jpg,c2,1739118600,2025-02-09T16:30:00+00:00,30.0,1.284301393552494,6.430868167202571,141.87296709048204,6.280397669121886,adcp linear at epoch+300s
1739120400.Sun.Feb.09_17_00_00.GMT.2025.CACO04.c2.timex.jpg,c2,1739120400,2025-02-09T17:00:00+00:00,0.0,1.4261977361997986,6.430868167202571,149.8093341503268,4.814596193655323,adcp linear at epoch+300s
1739122200.Sun.Feb.09_17_30_00.GMT.2025.CACO04.c2.timex.jpg,c2,1739122200,2025-02-09T17:30:00+00:00,30.0,1.6393160939292533,6.430868167202571,111.67518127042484,2.1893828044641865,adcp linear at epoch+300s
1739124000.Sun.Feb.09_18_00_00.GMT.2025.CACO04.c2.timex.jpg,c2,1739124000,2025-02-09T18:00:00+00:00,0.0,1.826621485750628,6.430868167202571,121.54119115093954,57.822808191244526,adcp linear at epoch+300s
1739125800.Sun.Feb.09_18_30_00.GMT.2025.CACO04.c2.timex.jpg,c2,1739125800,2025-02-09T18:30:00+00:00,30.0,1.8848620480316054,5.847953216374269,145.27985855800654,55.16219431592448,adcp linear at epoch+300s
1739127600.Sun.Feb.09_19_00_00.GMT.2025.CACO04.c2.timex.jpg,c2,1739127600,2025-02-09T19:00:00+00:00,0.0,1.9245826149910652,5.847953216374269,104.74593418096406,15.8768859203849,adcp linear at epoch+300s
1739129400.Sun.Feb.09_19_30_00.GMT.2025.CACO04.c2.timex.jpg,c2,1739129400,2025-02-09T19:30:00+00:00,30.0,1.871703205342936,7.142857142857142,115.52915645424837,18.764858685308145,adcp linear at epoch+300s
1739131200.Sun.Feb.09_20_00_00.GMT.2025.CACO04.c2.timex.jpg,c2,1739131200,2025-02-09T20:00:00+00:00,0.0,1.8374545489147835,7.142857142857142,112.39154411764706,16.714933076720254,adcp linear at epoch+300s
1739133000.Sun.Feb.09_20_30_00.GMT.2025.CACO04.c2.timex.jpg,c2,1739133000,2025-02-09T20:30:00+00:00,30.0,1.8963596585865128,7.142857142857142,180.05811504289215,35.233774433773974,adcp linear at epoch+300s
1739134800.Sun.Feb.09_21_00_00.GMT.2025.CACO04.c2.timex.jpg,c2,1739134800,2025-02-09T21:00:00+00:00,0.0,1.9539817169960274,7.142857142857142,121.2843296823938,18.55042046989124,adcp linear at epoch+300s
1739136600.Sun.Feb.09_21_30_00.GMT.2025.CACO04.c2.timex.jpg,c2,1739136600,2025-02-09T21:30:00+00:00,30.0,2.005188519094469,7.142857142857142,122.16068282781865,19.57773451536437,adcp linear at epoch+300s
1739138400.Sun.Feb.09_22_00_00.GMT.2025.CACO04.c2.timex.jpg,c2,1739138400,2025-02-09T22:00:00+00:00,0.0,2.0290738781383553,7.142857142857142,55.23745787377451,4.74219365967115,adcp linear at epoch+300s
1739140200.Sun.Feb.09_22_30_00.GMT.2025.CACO04.c2.timex.jpg,c2,1739140200,2025-02-09T22:30:00+00:00,30.0,1.9163520219094614,7.142857142857142,1.3285271139705883,0.1380463640124281,adcp linear at epoch+300s
1739142000.Sun.Feb.09_23_00_00.GMT.2025.CACO04.c2.timex.jpg,c2,1739142000,2025-02-09T23:00:00+00:00,0.0,1.8234810920711317,7.142857142857142,1.914828431372549e-05,0.0003319035947712,adcp linear at epoch+300s
1739143800.Sun.Feb.09_23_30_00.GMT.2025.CACO04.c2.timex.jpg,c2,1739143800,2025-02-09T23:30:00+00:00,30.0,1.8298647941856225,6.768189509306261,3.1913807189542485e-06,6.382761437908497e-05,adcp linear at epoch+300s
1739145600.Mon.Feb.10_00_00_00.GMT.2025.CACO04.c2.timex.jpg,c2,1739145600,2025-02-10T00:00:00+00:00,0.0,1.8472507909875733,6.768189509306261,0.0001180810866013,0.0010914522058823,adcp linear at epoch+300s
1739147400.Mon.Feb.10_00_30_00.GMT.2025.CACO04.c2.timex.jpg,c2,1739147400,2025-02-10T00:30:00+00:00,30.0,1.9196482612268237,6.768189509306261,3.1913807189542485e-06,6.382761437908497e-05,adcp linear at epoch+300s
1739149200.Mon.Feb.10_01_00_00.GMT.2025.CACO04.c2.timex.jpg,c2,1739149200,2025-02-10T01:00:00+00:00,0.0,1.9670026535141243,6.768189509306261,5.744485294117647e-05,0.0007148692810457,adcp linear at epoch+300s
1739151000.Mon.Feb.10_01_30_00.GMT.2025.CACO04.c2.timex.jpg,c2,1739151000,2025-02-10T01:30:00+00:00,30.0,1.8891416560416756,6.768189509306261,3.1913807189542485e-06,6.382761437908497e-05,adcp linear at epoch+300s
1739152800.Mon.Feb.10_02_00_00.GMT.2025.CACO04.c2.timex.jpg,c2,1739152800,2025-02-10T02:00:00+00:00,0.0,1.8068852481850601,6.768189509306261,0.0001531862745098,0.0013020833333333,adcp linear at epoch+300s
1739154600.Mon.Feb.10_02_30_00.GMT.2025.CACO04.c2.timex.jpg,c2,1739154600,2025-02-10T02:30:00+00:00,30.0,1.7026517884076107,7.142857142857142,3.1913807189542485e-06,6.382761437908497e-05,adcp linear at epoch+300s
1739156400.Mon.Feb.10_03_00_00.GMT.2025.CACO04.c2.timex.jpg,c2,1739156400,2025-02-10T03:00:00+00:00,0.0,1.6052096402492082,7.142857142857142,0.0001659517973856,0.0015446282679738,adcp linear at epoch+300s
1739187000.Mon.Feb.10_11_30_00.GMT.2025.CACO04.c2.timex.jpg,c2,1739187000,2025-02-10T11:30:00+00:00,30.0,1.2172934060674412,7.142857142857142,89.88123595792484,12.255208235517449,adcp linear at epoch+300s
1739188800.Mon.Feb.10_12_00_00.GMT.2025.CACO04.c2.timex.jpg,c2,1739188800,2025-02-10T12:00:00+00:00,0.0,1.228582435133002,7.142857142857142,171.82227839052288,44.255561129021935,adcp linear at epoch+300s
1739190600.Mon.Feb.10_12_30_00.GMT.2025.CACO04.c2.timex.jpg,c2,1739190600,2025-02-10T12:30:00+00:00,30.0,1.1529612122274928,8.032128514056225,142.66119025735293,54.90054761048052,adcp linear at epoch+300s
1739192400.Mon.Feb.10_13_00_00.GMT.2025.CACO04.c2.timex.jpg,c2,1739192400,2025-02-10T13:00:00+00:00,0.0,1.1004250091644023,8.032128514056225,133.82680695976308,51.20120540649695,adcp linear at epoch+300s
1739194200.Mon.Feb.10_13_30_00.GMT.2025.CACO04.c2.timex.jpg,c2,1739194200,2025-02-10T13:30:00+00:00,30.0,1.163313905313407,7.561436672967865,129.9666245404412,45.696321075538776,adcp linear at epoch+300s
1739196000.Mon.Feb.10_14_00_00.GMT.2025.CACO04.c2.timex.jpg,c2,1739196000,2025-02-10T14:00:00+00:00,0.0,1.213974992473091,7.561436672967865,128.6790683721405,46.071888521870655,adcp linear at epoch+300s
1739197800.Mon.Feb.10_14_30_00.GMT.2025.CACO04.c2.timex.jpg,c2,1739197800,2025-02-10T14:30:00+00:00,30.0,1.203497034686173,7.561436672967865,127.568359375,53.98770360983524,adcp linear at epoch+300s
1739199600.Mon.Feb.10_15_00_00.GMT.2025.CACO04.c2.timex.jpg,c2,1739199600,2025-02-10T15:00:00+00:00,0.0,1.1959673713804535,7.561436672967865,130.35585809844773,47.67975416283894,adcp linear at epoch+300s
1739201400.Mon.Feb.10_15_30_00.GMT.2025.CACO04.c2.timex.jpg,c2,1739201400,2025-02-10T15:30:00+00:00,30.0,1.2031791804807257,8.032128514056225,133.13758042279412,52.3423425167617,adcp linear at epoch+300s
1739203200.Mon.Feb.10_16_00_00.GMT.2025.CACO04.c2.timex.jpg,c2,1739203200,2025-02-10T16:00:00+00:00,0.0,1.2074228110241199,8.032128514056225,133.8713586345997,52.952298368829766,adcp linear at epoch+300s
1739205000.Mon.Feb.10_16_30_00.GMT.2025.CACO04.c2.timex.jpg,c2,1739205000,2025-02-10T16:30:00+00:00,30.0,1.196825548783124,8.032128514056225,147.4240132250817,62.26637158912679,adcp linear at epoch+300s
1739206800.Mon.Feb.10_17_00_00.GMT.2025.CACO04.c2.timex.jpg,c2,1739206800,2025-02-10T17:00:00+00:00,0.0,1.1820616320845434,8.032128514056225,118.49624055351308,43.3025074308128,adcp linear at epoch+300s
1739208600.Mon.Feb.10_17_30_00.GMT.2025.CACO04.c2.timex.jpg,c2,1739208600,2025-02-10T17:30:00+00:00,30.0,1.146464443098037,8.565310492505352,109.17612591911764,37.47471331876825,adcp linear at epoch+300s
1739210400.Mon.Feb.10_18_00_00.GMT.2025.CACO04.c2.timex.jpg,c2,1739210400,2025-02-10T18:00:00+00:00,0.0,1.1179916661943363,8.565310492505352,141.2497319240196,58.50272834827045,adcp linear at epoch+300s
1739212200.Mon.Feb.10_18_30_00.GMT.2025.CACO04.c2.timex.jpg,c2,1739212200,2025-02-10T18:30:00+00:00,30.0,1.1251409497046638,8.565310492505352,122.54675372753267,46.66595137353037,adcp linear at epoch+300s
1739214000.Mon.Feb.10_19_00_00.GMT.2025.CACO04.c2.timex.jpg,c2,1739214000,2025-02-10T19:00:00+00:00,0.0,1.1290398101966244,8.565310492505352,121.18895846098856,45.30963394049012,adcp linear at epoch+300s
1739215800.Mon.Feb.10_19_30_00.GMT.2025.CACO04.c2.timex.jpg,c2,1739215800,2025-02-10T19:30:00+00:00,30.0,1.1166865555967516,9.174311926605505,97.9178187551062,34.74215506598829,adcp linear at epoch+300s
1739217600.Mon.Feb.10_20_00_00.GMT.2025.CACO04.c2.timex.jpg,c2,1739217600,2025-02-10T20:00:00+00:00,0.0,1.0872710773336431,9.174311926605505,146.51824193218954,63.21267297531804,adcp linear at epoch+300s
1739219400.Mon.Feb.10_20_30_00.GMT.2025.CACO04.c2.timex.jpg,c2,1739219400,2025-02-10T20:30:00+00:00,30.0,0.972544480754357,8.565310492505352,149.3251123366013,61.68499551211924,adcp linear at epoch+300s
1739221200.Mon.Feb.10_21_00_00.GMT.2025.CACO04.c2.timex.jpg,c2,1739221200,2025-02-10T21:00:00+00:00,0.0,0.8843088714636842,8.565310492505352,133.35634637969773,56.292311235578026,adcp linear at epoch+300s
1739223000.Mon.Feb.10_21_30_00.GMT.2025.CACO04.c2.timex.jpg,c2,1739223000,2025-02-10T21:30:00+00:00,30.0,0.9285281986160783,8.565310492505352,112.59382340175654,47.30786760283471,adcp linear at epoch+300s
1739224800.Mon.Feb.10_22_00_00.GMT.2025.CACO04.c2.timex.jpg,c2,1739224800,2025-02-10T22:00:00+00:00,0.0,0.964436083420297,8.565310492505352,94.4653990502451,25.434215299006308,adcp linear at epoch+300s
1739226600.Mon.Feb.10_22_30_00.GMT.2025.CACO04.c2.timex.jpg,c2,1739226600,2025-02-10T22:30:00+00:00,30.0,0.9587867564836396,9.174311926605505,2.202528211805556,0.4049191905634433,adcp linear at epoch+300s
1739228400.Mon.Feb.10_23_00_00.GMT.2025.CACO04.c2.timex.jpg,c2,1739228400,2025-02-10T23:00:00+00:00,0.0,0.9519852443429077,9.174311926605505,8.935866013071895e-05,0.0010340073529411,adcp linear at epoch+300s
1739230200.Mon.Feb.10_23_30_00.GMT.2025.CACO04.c2.timex.jpg,c2,1739230200,2025-02-10T23:30:00+00:00,30.0,0.9394228061818026,9.174311926605505,3.1913807189542485e-06,6.382761437908497e-05,adcp linear at epoch+300s
1739232000.Tue.Feb.11_00_00_00.GMT.2025.CACO04.c2.timex.jpg,c2,1739232000,2025-02-11T00:00:00+00:00,0.0,0.945406495210574,9.174311926605505,7.978451797385621e-05,0.0009318831699346,adcp linear at epoch+300s
1739233800.Tue.Feb.11_00_30_00.GMT.2025.CACO04.c2.timex.jpg,c2,1739233800,2025-02-11T00:30:00+00:00,30.0,1.0441208201887275,9.174311926605505,1.2765522875816994e-05,0.0001595690359477,adcp linear at epoch+300s
1739235600.Tue.Feb.11_01_00_00.GMT.2025.CACO04.c2.timex.jpg,c2,1739235600,2025-02-11T01:00:00+00:00,0.0,1.1255496908242346,9.174311926605505,7.978451797385621e-05,0.001742493872549,adcp linear at epoch+300s
1739237400.Tue.Feb.11_01_30_00.GMT.2025.CACO04.c2.timex.jpg,c2,1739237400,2025-02-11T01:30:00+00:00,30.0,1.1205512897465097,8.032128514056225,3.1913807189542485e-06,6.382761437908497e-05,adcp linear at epoch+300s
1739239200.Tue.Feb.11_02_00_00.GMT.2025.CACO04.c2.timex.jpg,c2,1739239200,2025-02-11T02:00:00+00:00,0.0,1.1275308194060405,8.032128514056225,5.1062091503267975e-05,0.0005872140522875,adcp linear at epoch+300s
1739241000.Tue.Feb.11_02_30_00.GMT.2025.CACO04.c2.timex.jpg,c2,1739241000,2025-02-11T02:30:00+00:00,30.0,1.1944000027518495,5.847953216374269,9.574142156862743e-06,0.0001404207516339,adcp linear at epoch+300s
1739242800.Tue.Feb.11_03_00_00.GMT.2025.CACO04.c2.timex.jpg,c2,1739242800,2025-02-11T03:00:00+00:00,0.0,1.2424209769809607,5.847953216374269,5.744485294117647e-05,0.0006701899509803,adcp linear at epoch+300s
1739273400.Tue.Feb.11_11_30_00.GMT.2025.CACO04.c2.timex.jpg,c2,1739273400,2025-02-11T11:30:00+00:00,30.0,0.7345369723022932,5.847953216374269,93.40770526960785,21.97835286286209,adcp linear at epoch+300s
1739275200.Tue.Feb.11_12_00_00.GMT.2025.CACO04.c2.timex.jpg,c2,1739275200,2025-02-11T12:00:00+00:00,0.0,0.7068131344684648,5.847953216374269,165.0297532424428,97.06921031696184,adcp linear at epoch+300s
1739277000.Tue.Feb.11_12_30_00.GMT.2025.CACO04.c2.timex.jpg,c2,1739277000,2025-02-11T12:30:00+00:00,30.0,0.7123673347160685,5.594405594405594,149.56987208946077,112.12511753220136,adcp linear at epoch+300s
1739278800.Tue.Feb.11_13_00_00.GMT.2025.CACO04.c2.timex.jpg,c2,1739278800,2025-02-11T13:00:00+00:00,0.0,0.7144654968464401,5.594405594405594,127.8649152369281,82.71145442072036,adcp linear at epoch+300s
1739280600.Tue.Feb.11_13_30_00.GMT.2025.CACO04.c2.timex.jpg,c2,1739280600,2025-02-11T13:30:00+00:00,30.0,0.699283468390652,5.148005148005149,130.65582554636438,77.49082632589139,adcp linear at epoch+300s
1739282400.Tue.Feb.11_14_00_00.GMT.2025.CACO04.c2.timex.jpg,c2,1739282400,2025-02-11T14:00:00+00:00,0.0,0.681854200610632,5.148005148005149,131.21866064133988,72.3793061712,adcp linear at epoch+300s
1739284200.Tue.Feb.11_14_30_00.GMT.2025.CACO04.c2.timex.jpg,c2,1739284200,2025-02-11T14:30:00+00:00,30.0,0.6531887362094522,5.148005148005149,132.26907169117646,59.49398948710458,adcp linear at epoch+300s
1739286000.Tue.Feb.11_15_00_00.GMT.2025.CACO04.c2.timex.jpg,c2,1739286000,2025-02-11T15:00:00+00:00,0.0,0.6268408551707964,5.148005148005149,137.9781486162173,69.3107626412373,adcp linear at epoch+300s
1739287800.Tue.Feb.11_15_30_00.GMT.2025.CACO04.c2.timex.jpg,c2,1739287800,2025-02-11T15:30:00+00:00,30.0,0.6120808909447609,4.597701149425287,134.52173330269608,64.05901396932003,adcp linear at epoch+300s
1739289600.Tue.Feb.11_16_00_00.GMT.2025.CACO04.c2.timex.jpg,c2,1739289600,2025-02-11T16:00:00+00:00,0.0,0.5967097835203065,4.597701149425287,132.86524394914215,60.63936007704737,adcp linear at epoch+300s
1739291400.Tue.Feb.11_16_30_00.GMT.2025.CACO04.c2.timex.jpg,c2,1739291400,2025-02-11T16:30:00+00:00,30.0,0.5782829601037567,5.847953216374269,127.7366313061683,53.70942640387063,adcp linear at epoch+300s
1739293200.Tue.Feb.11_17_00_00.GMT.2025.CACO04.c2.timex.jpg,c2,1739293200,2025-02-11T17:00:00+00:00,0.0,0.5545750208523669,5.847953216374269,127.64615885416669,53.29303086553087,adcp linear at epoch+300s
1739295000.Tue.Feb.11_17_30_00.GMT.2025.CACO04.c2.timex.jpg,c2,1739295000,2025-02-11T17:30:00+00:00,30.0,0.5044615024267773,5.594405594405594,133.3892367493873,56.792472280804766,adcp linear at epoch+300s
1739296800.Tue.Feb.11_18_00_00.GMT.2025.CACO04.c2.timex.jpg,c2,1739296800,2025-02-11T18:00:00+00:00,0.0,0.4610838132828458,5.594405594405594,121.0629021139706,47.70302228916613,adcp linear at epoch+300s
1739298600.Tue.Feb.11_18_30_00.GMT.2025.CACO04.c2.timex.jpg,c2,1739298600,2025-02-11T18:30:00+00:00,30.0,0.45138527054720456,9.876543209876544,131.6494906556373,56.33671833881273,adcp linear at epoch+300s
1739300400.Tue.Feb.11_19_00_00.GMT.2025.CACO04.c2.timex.jpg,c2,1739300400,2025-02-11T19:00:00+00:00,0.0,0.4360244427829329,9.876543209876544,128.69742519403596,54.74492143749494,adcp linear at epoch+300s
1739302200.Tue.Feb.11_19_30_00.GMT.2025.CACO04.c2.timex.jpg,c2,1739302200,2025-02-11T19:30:00+00:00,30.0,0.39235218987550896,9.876543209876544,119.72982728247548,47.92707309691733,adcp linear at epoch+300s
1739304000.Tue.Feb.11_20_00_00.GMT.2025.CACO04.c2.timex.jpg,c2,1739304000,2025-02-11T20:00:00+00:00,0.0,0.35821014436273096,9.876543209876544,123.96865425857844,48.88069211786369,adcp linear at epoch+300s
1739305800.Tue.Feb.11_20_30_00.GMT.2025.CACO04.c2.timex.jpg,c2,1739305800,2025-02-11T20:30:00+00:00,30.0,0.37171913582318267,9.174311926605505,123.20481962316175,47.84992053315347,adcp linear at epoch+300s
1739307600.Tue.Feb.11_21_00_00.GMT.2025.CACO04.c2.timex.jpg,c2,1739307600,2025-02-11T21:00:00+00:00,0.0,0.3757872281287157,9.174311926605505,115.44281364889706,41.37810752447732,adcp linear at epoch+300s
1739309400.Tue.Feb.11_21_30_00.GMT.2025.CACO04.c2.timex.jpg,c2,1739309400,2025-02-11T21:30:00+00:00,30.0,0.33265082465965534,9.174311926605505,106.13558580984476,36.03699032144792,adcp linear at epoch+300s
1739311200.Tue.Feb.11_22_00_00.GMT.2025.CACO04.c2.timex.jpg,c2,1739311200,2025-02-11T22:00:00+00:00,0.0,0.2951821844096273,9.174311926605505,59.0195823120915,13.022940238581665,adcp linear at epoch+300s
1739313000.Tue.Feb.11_22_30_00.GMT.2025.CACO04.c2.timex.jpg,c2,1739313000,2025-02-11T22:30:00+00:00,30.0,0.2860523602547609,9.174311926605505,1.2929464103349673,0.057642718382793,adcp linear at epoch+300s
1739314800.Tue.Feb.11_23_00_00.GMT.2025.CACO04.c2.timex.jpg,c2,1739314800,2025-02-11T23:00:00+00:00,0.0,0.2792655822736043,9.174311926605505,1.5956903594771243e-05,0.0003319035947712,adcp linear at epoch+300s
1739316600.Tue.Feb.11_23_30_00.GMT.2025.CACO04.c2.timex.jpg,c2,1739316600,2025-02-11T23:30:00+00:00,30.0,0.2841940351609967,9.876543209876544,2.5531045751633988e-05,0.0003702001633986,adcp linear at epoch+300s
1739318400.Wed.Feb.12_00_00_00.GMT.2025.CACO04.c2.timex.jpg,c2,1739318400,2025-02-12T00:00:00+00:00,0.0,0.2888677556793671,9.876543209876544,3.1913807189542485e-05,0.0004978553921568,adcp linear at epoch+300s
1739320200.Wed.Feb.12_00_30_00.GMT.2025.CACO04.c2.timex.jpg,c2,1739320200,2025-02-12T00:30:00+00:00,30.0,0.29226781435262683,9.174311926605505,6.382761437908497e-05,0.0013531454248366,adcp linear at epoch+300s
1739322000.Wed.Feb.12_01_00_00.GMT.2025.CACO04.c2.timex.jpg,c2,1739322000,2025-02-12T01:00:00+00:00,0.0,0.3041300824450828,9.174311926605505,4.7870710784313725e-05,0.0005489174836601,adcp linear at epoch+300s
1739323800.Wed.Feb.12_01_30_00.GMT.2025.CACO04.c2.timex.jpg,c2,1739323800,2025-02-12T01:30:00+00:00,30.0,0.35830339763352004,9.174311926605505,6.701899509803922e-05,0.0010914522058823,adcp linear at epoch+300s
1739325600.Wed.Feb.12_02_00_00.GMT.2025.CACO04.c2.timex.jpg,c2,1739325600,2025-02-12T02:00:00+00:00,0.0,0.4030889511684575,9.174311926605505,3.1913807189542485e-05,0.0005872140522875,adcp linear at epoch+300s
1739327400.Wed.Feb.12_02_30_00.GMT.2025.CACO04.c2.timex.jpg,c2,1739327400,2025-02-12T02:30:00+00:00,30.0,0.4009356964358963,9.174311926605505,9.574142156862743e-06,0.0001914828431372,adcp linear at epoch+300s
1739329200.Wed.Feb.12_03_00_00.GMT.2025.CACO04.c2.timex.jpg,c2,1739329200,2025-02-12T03:00:00+00:00,0.0,0.39666484611756214,9.174311926605505,3.829656862745098e-05,0.0007340175653594,adcp linear at epoch+300s
1739359800.Wed.Feb.12_11_30_00.GMT.2025.CACO04.c2.timex.jpg,c2,1739359800,2025-02-12T11:30:00+00:00,30.0,0.258862020800894,9.876543209876544,39.010936861723856,4.174185453676708,adcp linear at epoch+300s
1739361600.Wed.Feb.12_12_00_00.GMT.2025.CACO04.c2.timex.jpg,c2,1739361600,2025-02-12T12:00:00+00:00,0.0,0.27393470857568164,9.876543209876544,174.82983558006535,58.61617470291751,adcp linear at epoch+300s
1739363400.Wed.Feb.12_12_30_00.GMT.2025.CACO04.c2.timex.jpg,c2,1739363400,2025-02-12T12:30:00+00:00,30.0,0.28375022996385346,9.174311926605505,141.7981866574755,40.57894835275945,adcp linear at epoch+300s
1739365200.Wed.Feb.12_13_00_00.GMT.2025.CACO04.c2.timex.jpg,c2,1739365200,2025-02-12T13:00:00+00:00,0.0,0.30726237320712857,9.174311926605505,144.25960286458334,44.63656984721382,adcp linear at epoch+300s
1739367000.Wed.Feb.12_13_30_00.GMT.2025.CACO04.c2.timex.jpg,c2,1739367000,2025-02-12T13:30:00+00:00,30.0,0.39925762572592033,10.6951871657754,136.4498761744281,38.04197250043392,adcp linear at epoch+300s
1739368800.Wed.Feb.12_14_00_00.GMT.2025.CACO04.c2.timex.jpg,c2,1739368800,2025-02-12T14:00:00+00:00,0.0,0.5188464837294867,10.6951871657754,130.11078239889707,47.11548307353559,adcp linear at epoch+300s
1739370600.Wed.Feb.12_14_30_00.GMT.2025.CACO04.c2.timex.jpg,c2,1739370600,2025-02-12T14:30:00+00:00,30.0,0.7764033691569265,3.902439024390244,88.05198120915033,19.566935611802904,adcp linear at epoch+300s
1739372400.Wed.Feb.12_15_00_00.GMT.2025.CACO04.c2.timex.jpg,c2,1739372400,2025-02-12T15:00:00+00:00,0.0,1.0441584763993859,3.902439024390244,121.27923943014706,8.156632962386364,adcp linear at epoch+300s
1739374200.Wed.Feb.12_15_30_00.GMT.2025.CACO04.c2.timex.jpg,c2,1739374200,2025-02-12T15:30:00+00:00,30.0,1.3629046927169444,5.361930294906166,126.82254965788398,3.973680602536105,adcp linear at epoch+300s
1739376000.Wed.Feb.12_16_00_00.GMT.2025.CACO04.c2.timex.jpg,c2,1739376000,2025-02-12T16:00:00+00:00,0.0,1.6425275986233596,5.361930294906166,117.51356017667484,2.761099620673896,adcp linear at epoch+300s
1739377800.Wed.Feb.12_16_30_00.GMT.2025.CACO04.c2.timex.jpg,c2,1739377800,2025-02-12T16:30:00+00:00,30.0,1.7265339524740593,5.361930294906166,125.9344522314134,2.678895978753654,adcp linear at epoch+300s
1739379600.Wed.Feb.12_17_00_00.GMT.2025.CACO04.c2.timex.jpg,c2,1739379600,2025-02-12T17:00:00+00:00,0.0,1.8025822042415347,5.361930294906166,138.0608117595997,2.872507362171395,adcp linear at epoch+300s
1739381400.Wed.Feb.12_17_30_00.GMT.2025.CACO04.c2.timex.jpg,c2,1739381400,2025-02-12T17:30:00+00:00,30.0,1.8388399455928883,6.430868167202571,134.40955627042484,2.793042151746352,adcp linear at epoch+300s
1739383200.Wed.Feb.12_18_00_00.GMT.2025.CACO04.c2.timex.jpg,c2,1739383200,2025-02-12T18:00:00+00:00,0.0,1.8665170469723003,6.430868167202571,120.16004136029412,2.555236358655615,adcp linear at epoch+300s
1739385000.Wed.Feb.12_18_30_00.GMT.2025.CACO04.c2.timex.jpg,c2,1739385000,2025-02-12T18:30:00+00:00,30.0,1.8512909484920046,6.125574272588055,140.14058989481208,2.891540915174972,adcp linear at epoch+300s
1739386800.Wed.Feb.12_19_00_00.GMT.2025.CACO04.c2.timex.jpg,c2,1739386800,2025-02-12T19:00:00+00:00,0.0,1.8356836600742583,6.125574272588055,122.70755782781865,6.708119290739425,adcp linear at epoch+300s
1739388600.Wed.Feb.12_19_30_00.GMT.2025.CACO04.c2.timex.jpg,c2,1739388600,2025-02-12T19:30:00+00:00,30.0,1.81817042196926,6.430868167202571,140.09088094873366,3.309069234917769,adcp linear at epoch+300s
1739390400.Wed.Feb.12_20_00_00.GMT.2025.CACO04.c2.timex.jpg,c2,1739390400,2025-02-12T20:00:00+00:00,0.0,1.7865673096865944,6.430868167202571,123.4152241625817,2.7558370289693976,adcp linear at epoch+300s
1739392200.Wed.Feb.12_20_30_00.GMT.2025.CACO04.c2.timex.jpg,c2,1739392200,2025-02-12T20:30:00+00:00,30.0,1.6845148265155914,6.768189509306261,130.29827920751634,2.8335088529073067,adcp linear at epoch+300s
1739394000.Wed.Feb.12_21_00_00.GMT.2025.CACO04.c2.timex.jpg,c2,1739394000,2025-02-12T21:00:00+00:00,0.0,1.60188753717938,6.768189509306261,124.7194584865196,2.7153829021809104,adcp linear at epoch+300s
1739395800.Wed.Feb.12_21_30_00.GMT.2025.CACO04.c2.timex.jpg,c2,1739395800,2025-02-12T21:30:00+00:00,30.0,1.6163862170171261,6.430868167202571,99.49171836703432,2.2434511967708333,adcp linear at epoch+300s
1739397600.Wed.Feb.12_22_00_00.GMT.2025.CACO04.c2.timex.jpg,c2,1739397600,2025-02-12T22:00:00+00:00,0.0,1.6063542591231745,6.430868167202571,58.8879984936683,1.561737257064731,adcp linear at epoch+300s
1739399400.Wed.Feb.12_22_30_00.GMT.2025.CACO04.c2.timex.jpg,c2,1739399400,2025-02-12T22:30:00+00:00,30.0,1.4736691125707329,6.430868167202571,0.9297098396650328,0.2896943927305186,adcp linear at epoch+300s
1739401200.Wed.Feb.12_23_00_00.GMT.2025.CACO04.c2.timex.jpg,c2,1739401200,2025-02-12T23:00:00+00:00,0.0,1.3842841314091452,6.430868167202571,9.574142156862743e-06,0.0001914828431372,adcp linear at epoch+300s
1739403000.Wed.Feb.12_23_30_00.GMT.2025.CACO04.c2.timex.jpg,c2,1739403000,2025-02-12T23:30:00+00:00,30.0,1.5113999772018256,6.430868167202571,9.574142156862743e-06,0.0001914828431372,adcp linear at epoch+300s
1739404800.Thu.Feb.13_00_00_00.GMT.2025.CACO04.c2.timex.jpg,c2,1739404800,2025-02-13T00:00:00+00:00,0.0,1.6187356714363073,6.430868167202571,9.574142156862743e-06,0.0001914828431372,adcp linear at epoch+300s
1739406600.Thu.Feb.13_00_30_00.GMT.2025.CACO04.c2.timex.jpg,c2,1739406600,2025-02-13T00:30:00+00:00,30.0,1.6271706078797932,5.847953216374269,9.574142156862743e-06,0.0001914828431372,adcp linear at epoch+300s
1739408400.Thu.Feb.13_01_00_00.GMT.2025.CACO04.c2.timex.jpg,c2,1739408400,2025-02-13T01:00:00+00:00,0.0,1.6284042231725955,5.847953216374269,9.574142156862743e-06,0.0001914828431372,adcp linear at epoch+300s
1739410200.Thu.Feb.13_01_30_00.GMT.2025.CACO04.c2.timex.jpg,c2,1739410200,2025-02-13T01:30:00+00:00,30.0,1.5936312327119784,5.361930294906166,9.574142156862743e-06,0.0001914828431372,adcp linear at epoch+300s
1739412000.Thu.Feb.13_02_00_00.GMT.2025.CACO04.c2.timex.jpg,c2,1739412000,2025-02-13T02:00:00+00:00,0.0,1.5801574019651778,5.361930294906166,9.574142156862743e-06,0.0001914828431372,adcp linear at epoch+300s
1739413800.Thu.Feb.13_02_30_00.GMT.2025.CACO04.c2.timex.jpg,c2,1739413800,2025-02-13T02:30:00+00:00,30.0,1.6731793697874604,5.847953216374269,9.574142156862743e-06,0.0001914828431372,adcp linear at epoch+300s
1739415600.Thu.Feb.13_03_00_00.GMT.2025.CACO04.c2.timex.jpg,c2,1739415600,2025-02-13T03:00:00+00:00,0.0,1.7879941968529656,5.847953216374269,9.574142156862743e-06,0.0001914828431372,adcp linear at epoch+300s
1739446200.Thu.Feb.13_11_30_00.GMT.2025.CACO04.c2.timex.jpg,c2,1739446200,2025-02-13T11:30:00+00:00,30.0,2.743973378049337,7.561436672967865,21.59936683006536,0.9957267326518102,adcp linear at epoch+300s
1739448000.Thu.Feb.13_12_00_00.GMT.2025.CACO04.c2.timex.jpg,c2,1739448000,2025-02-13T12:00:00+00:00,0.0,2.8306462052889714,7.561436672967865,159.7465150122549,6.741175688083569,adcp linear at epoch+300s
1739449800.Thu.Feb.13_12_30_00.GMT.2025.CACO04.c2.timex.jpg,c2,1739449800,2025-02-13T12:30:00+00:00,30.0,2.953366811268722,7.561436672967865,119.66294232536764,7.6551457607199715,adcp linear at epoch+300s
1739451600.Thu.Feb.13_13_00_00.GMT.2025.CACO04.c2.timex.jpg,c2,1739451600,2025-02-13T13:00:00+00:00,0.0,3.0485413683574416,7.561436672967865,137.50707529105392,12.36993146100554,adcp linear at epoch+300s
1739453400.Thu.Feb.13_13_30_00.GMT.2025.CACO04.c2.timex.jpg,c2,1739453400,2025-02-13T13:30:00+00:00,30.0,3.0059856809910075,8.032128514056225,131.4776699091095,12.925324656441983,adcp linear at epoch+300s
1739455200.Thu.Feb.13_14_00_00.GMT.2025.CACO04.c2.timex.jpg,c2,1739455200,2025-02-13T14:00:00+00:00,0.0,2.9698089335988973,8.032128514056225,115.6028422436683,16.106678231950347,adcp linear at epoch+300s
1739457000.Thu.Feb.13_14_30_00.GMT.2025.CACO04.c2.timex.jpg,c2,1739457000,2025-02-13T14:30:00+00:00,30.0,2.9655268860784076,8.032128514056225,132.23441010518792,17.296874965737963,adcp linear at epoch+300s
1739458800.Thu.Feb.13_15_00_00.GMT.2025.CACO04.c2.timex.jpg,c2,1739458800,2025-02-13T15:00:00+00:00,0.0,2.952322505918746,8.032128514056225,117.31109260110294,15.264345251840156,adcp linear at epoch+300s
1739460600.Thu.Feb.13_15_30_00.GMT.2025.CACO04.c2.timex.jpg,c2,1739460600,2025-02-13T15:30:00+00:00,30.0,2.894506462563226,8.565310492505352,149.02646292892155,19.696876249012284,adcp linear at epoch+300s
1739462400.Thu.Feb.13_16_00_00.GMT.2025.CACO04.c2.timex.jpg,c2,1739462400,2025-02-13T16:00:00+00:00,0.0,2.831485757959925,8.565310492505352,130.41698261335785,9.543849549527158,adcp linear at epoch+300s
1739464200.Thu.Feb.13_16_30_00.GMT.2025.CACO04.c2.timex.jpg,c2,1739464200,2025-02-13T16:30:00+00:00,30.0,2.7424417471177165,9.174311926605505,125.9263174019608,5.917407035053585,adcp linear at epoch+300s
1739466000.Thu.Feb.13_17_00_00.GMT.2025.CACO04.c2.timex.jpg,c2,1739466000,2025-02-13T17:00:00+00:00,0.0,2.671982525944279,9.174311926605505,114.20053040747548,5.38876759670358,adcp linear at epoch+300s
1739467800.Thu.Feb.13_17_30_00.GMT.2025.CACO04.c2.timex.jpg,c2,1739467800,2025-02-13T17:30:00+00:00,30.0,2.694447253114694,8.565310492505352,108.64387701695262,5.614031221525515,adcp linear at epoch+300s
1739469600.Thu.Feb.13_18_00_00.GMT.2025.CACO04.c2.timex.jpg,c2,1739469600,2025-02-13T18:00:00+00:00,0.0,2.690220058037003,8.565310492505352,101.9648277930964,7.430316027218376,adcp linear at epoch+300s
1739471400.Thu.Feb.13_18_30_00.GMT.2025.CACO04.c2.timex.jpg,c2,1739471400,2025-02-13T18:30:00+00:00,30.0,2.55253325171878,8.565310492505352,110.43139808006536,10.036295515626543,adcp linear at epoch+300s
1739473200.Thu.Feb.13_19_00_00.GMT.2025.CACO04.c2.timex.jpg,c2,1739473200,2025-02-13T19:00:00+00:00,0.0,2.412053998166171,8.565310492505352,136.99698414522058,17.4347967611098,adcp linear at epoch+300s
1739475000.Thu.Feb.13_19_30_00.GMT.2025.CACO04.c2.timex.jpg,c2,1739475000,2025-02-13T19:30:00+00:00,30.0,2.2576125084416274,8.565310492505352,102.78438074448528,9.560840335363428,adcp linear at epoch+300s
1739476800.Thu.Feb.13_20_00_00.GMT.2025.CACO04.c2.timex.jpg,c2,1739476800,2025-02-13T20:00:00+00:00,0.0,2.108220210319274,8.565310492505352,112.04672181372548,12.521878983587529,adcp linear at epoch+300s
1739478600.Thu.Feb.13_20_30_00.GMT.2025.CACO04.c2.timex.jpg,c2,1739478600,2025-02-13T20:30:00+00:00,30.0,1.9840738702078684,8.565310492505352,98.8303302440768,12.278441247602332,adcp linear at epoch+300s
1739480400.Thu.Feb.13_21_00_00.GMT.2025.CACO04.c2.timex.jpg,c2,1739480400,2025-02-13T21:00:00+00:00,0.0,1.8745108915462165,8.565310492505352,94.24726498672386,12.107450568817058,adcp linear at epoch+300s
1739482200.Thu.Feb.13_21_30_00.GMT.2025.CACO04.c2.timex.jpg,c2,1739482200,2025-02-13T21:30:00+00:00,30.0,1.8378647201333331,8.032128514056225,107.87322878370098,15.732227003993478,adcp linear at epoch+300s
1739484000.Thu.Feb.13_22_00_00.GMT.2025.CACO04.c2.timex.jpg,c2,1739484000,2025-02-13T22:00:00+00:00,0.0,1.7891759978380737,8.032128514056225,31.86372804330065,2.126898868584338,adcp linear at epoch+300s
1739485800.Thu.Feb.13_22_30_00.GMT.2025.CACO04.c2.timex.jpg,c2,1739485800,2025-02-13T22:30:00+00:00,30.0,1.680274521130934,9.174311926605505,1.7509957107843137,0.3211901284653383,adcp linear at epoch+300s
1739487600.Thu.Feb.13_23_00_00.GMT.2025.CACO04.c2.timex.jpg,c2,1739487600,2025-02-13T23:00:00+00:00,0.0,1.5883643084012846,9.174311926605505,6.382761437908497e-06,0.0001276552287581,adcp linear at epoch+300s
1739489400.Thu.Feb.13_23_30_00.GMT.2025.CACO04.c2.timex.jpg,c2,1739489400,2025-02-13T23:30:00+00:00,30.0,1.5814104155590878,8.565310492505352,6.382761437908497e-06,0.0001276552287581,adcp linear at epoch+300s
1739491200.Fri.Feb.14_00_00_00.GMT.2025.CACO04.c2.timex.jpg,c2,1739491200,2025-02-14T00:00:00+00:00,0.0,1.558312346073697,8.565310492505352,6.382761437908497e-06,0.0001276552287581,adcp linear at epoch+300s
1739493000.Fri.Feb.14_00_30_00.GMT.2025.CACO04.c2.timex.jpg,c2,1739493000,2025-02-14T00:30:00+00:00,30.0,1.4544933933723359,8.565310492505352,6.382761437908497e-06,0.0001276552287581,adcp linear at epoch+300s
1739494800.Fri.Feb.14_01_00_00.GMT.2025.CACO04.c2.timex.jpg,c2,1739494800,2025-02-14T01:00:00+00:00,0.0,1.3806101496250325,8.565310492505352,3.1913807189542485e-06,6.382761437908497e-05,adcp linear at epoch+300s
1739496600.Fri.Feb.14_01_30_00.GMT.2025.CACO04.c2.timex.jpg,c2,1739496600,2025-02-14T01:30:00+00:00,30.0,1.4564054506480169,8.565310492505352,3.1913807189542485e-06,6.382761437908497e-05,adcp linear at epoch+300s
1739498400.Fri.Feb.14_02_00_00.GMT.2025.CACO04.c2.timex.jpg,c2,1739498400,2025-02-14T02:00:00+00:00,0.0,1.495362329942369,8.565310492505352,3.1913807189542485e-06,6.382761437908497e-05,adcp linear at epoch+300s
1739500200.Fri.Feb.14_02_30_00.GMT.2025.CACO04.c2.timex.jpg,c2,1739500200,2025-02-14T02:30:00+00:00,30.0,1.350127100593562,8.565310492505352,3.1913807189542485e-06,6.382761437908497e-05,adcp linear at epoch+300s
1739502000.Fri.Feb.14_03_00_00.GMT.2025.CACO04.c2.timex.jpg,c2,1739502000,2025-02-14T03:00:00+00:00,0.0,1.2319852285108097,8.565310492505352,3.1913807189542485e-06,6.382761437908497e-05,adcp linear at epoch+300s
1739532600.Fri.Feb.14_11_30_00.GMT.2025.CACO04.c2.timex.jpg,c2,1739532600,2025-02-14T11:30:00+00:00,30.0,1.1756465778253624,6.768189509306261,101.24052479064542,27.22397419041462,adcp linear at epoch+300s
1739534400.Fri.Feb.14_12_00_00.GMT.2025.CACO04.c2.timex.jpg,c2,1739534400,2025-02-14T12:00:00+00:00,0.0,1.2408223178553264,6.768189509306261,145.0990891799428,168.20670833755293,adcp linear at epoch+300s
1739536200.Fri.Feb.14_12_30_00.GMT.2025.CACO04.c2.timex.jpg,c2,1739536200,2025-02-14T12:30:00+00:00,30.0,1.2719410024352027,7.142857142857142,137.27714588439542,189.4297250427121,adcp linear at epoch+300s
1739538000.Fri.Feb.14_13_00_00.GMT.2025.CACO04.c2.timex.jpg,c2,1739538000,2025-02-14T13:00:00+00:00,0.0,1.3047476766120987,7.142857142857142,136.25009574142155,172.33842081502968,adcp linear at epoch+300s
1739539800.Fri.Feb.14_13_30_00.GMT.2025.CACO04.c2.timex.jpg,c2,1739539800,2025-02-14T13:30:00+00:00,30.0,1.3459942987740938,6.768189509306261,138.6890414368873,167.3804549099344,adcp linear at epoch+300s
1739541600.Fri.Feb.14_14_00_00.GMT.2025.CACO04.c2.timex.jpg,c2,1739541600,2025-02-14T14:00:00+00:00,0.0,1.3870997968395535,6.768189509306261,138.38572942197712,156.03625524677028,adcp linear at epoch+300s
1739543400.Fri.Feb.14_14_30_00.GMT.2025.CACO04.c2.timex.jpg,c2,1739543400,2025-02-14T14:30:00+00:00,30.0,1.4274996744223363,6.768189509306261,140.16587520424838,153.89540646627103,adcp linear at epoch+300s
1739545200.Fri.Feb.14_15_00_00.GMT.2025.CACO04.c2.timex.jpg,c2,1739545200,2025-02-14T15:00:00+00:00,0.0,1.4485259673517341,6.768189509306261,139.2995398029003,142.54513398952912,adcp linear at epoch+300s
1739547000.Fri.Feb.14_15_30_00.GMT.2025.CACO04.c2.timex.jpg,c2,1739547000,2025-02-14T15:30:00+00:00,30.0,1.3726843370142081,6.768189509306261,137.35807610804738,130.78566794888602,adcp linear at epoch+300s
1739548800.Fri.Feb.14_16_00_00.GMT.2025.CACO04.c2.timex.jpg,c2,1739548800,2025-02-14T16:00:00+00:00,0.0,1.3069127821045896,6.768189509306261,138.79496336294935,131.7632987294826,adcp linear at epoch+300s
1739550600.Fri.Feb.14_16_30_00.GMT.2025.CACO04.c2.timex.jpg,c2,1739550600,2025-02-14T16:30:00+00:00,30.0,1.2914916043345097,6.768189509306261,136.3103617749183,122.20822765074615,adcp linear at epoch+300s
1739552400.Fri.Feb.14_17_00_00.GMT.2025.CACO04.c2.timex.jpg,c2,1739552400,2025-02-14T17:00:00+00:00,0.0,1.2665004602077727,6.768189509306261,138.65408305249184,129.84340293718387,adcp linear at epoch+300s
1739554200.Fri.Feb.14_17_30_00.GMT.2025.CACO04.c2.timex.jpg,c2,1739554200,2025-02-14T17:30:00+00:00,30.0,1.1936594842977508,6.430868167202571,133.99705435559642,152.47056814771662,adcp linear at epoch+300s
1739556000.Fri.Feb.14_18_00_00.GMT.2025.CACO04.c2.timex.jpg,c2,1739556000,2025-02-14T18:00:00+00:00,0.0,1.1266885394644965,6.430868167202571,133.67831839767155,158.79532039637567,adcp linear at epoch+300s
1739557800.Fri.Feb.14_18_30_00.GMT.2025.CACO04.c2.timex.jpg,c2,1739557800,2025-02-14T18:30:00+00:00,30.0,1.0890677500150803,6.430868167202571,128.36547372855392,142.23044610551074,adcp linear at epoch+300s
1739559600.Fri.Feb.14_19_00_00.GMT.2025.CACO04.c2.timex.jpg,c2,1739559600,2025-02-14T19:00:00+00:00,0.0,1.0597676159863147,6.430868167202571,121.015238842933,144.29122221409278,adcp linear at epoch+300s
1739561400.Fri.Feb.14_19_30_00.GMT.2025.CACO04.c2.timex.jpg,c2,1739561400,2025-02-14T19:30:00+00:00,30.0,1.0720707590608032,7.561436672967865,113.2190882863562,159.30598164080374,adcp linear at epoch+300s
1739563200.Fri.Feb.14_20_00_00.GMT.2025.CACO04.c2.timex.jpg,c2,1739563200,2025-02-14T20:00:00+00:00,0.0,1.0715724644693296,7.561436672967865,105.43865208843954,180.749438181412,adcp linear at epoch+300s
1739565000.Fri.Feb.14_20_30_00.GMT.2025.CACO04.c2.timex.jpg,c2,1739565000,2025-02-14T20:30:00+00:00,30.0,1.0070669815480473,7.142857142857142,96.59083307802288,185.0621849006527,adcp linear at epoch+300s
1739566800.Fri.Feb.14_21_00_00.GMT.2025.CACO04.c2.timex.jpg,c2,1739566800,2025-02-14T21:00:00+00:00,0.0,0.9500465772204463,7.142857142857142,97.56434142667484,216.26754306474788,adcp linear at epoch+300s
1739568600.Fri.Feb.14_21_30_00.GMT.2025.CACO04.c2.timex.jpg,c2,1739568600,2025-02-14T21:30:00+00:00,30.0,0.9304515658612527,7.561436672967865,96.04468252144608,203.7198221103268,adcp linear at epoch+300s
1739570400.Fri.Feb.14_22_00_00.GMT.2025.CACO04.c2.timex.jpg,c2,1739570400,2025-02-14T22:00:00+00:00,0.0,0.9114961955911706,7.561436672967865,75.71819150837419,19.33148280158241,adcp linear at epoch+300s
1739572200.Fri.Feb.14_22_30_00.GMT.2025.CACO04.c2.timex.jpg,c2,1739572200,2025-02-14T22:30:00+00:00,30.0,0.8957390307666471,7.142857142857142,3.1649592779820264,0.5949148502856656,adcp linear at epoch+300s
1739574000.Fri.Feb.14_23_00_00.GMT.2025.CACO04.c2.timex.jpg,c2,1739574000,2025-02-14T23:00:00+00:00,0.0,0.8756270841414929,7.142857142857142,3.1913807189542485e-06,6.382761437908497e-05,adcp linear at epoch+300s
1739575800.Fri.Feb.14_23_30_00.GMT.2025.CACO04.c2.timex.jpg,c2,1739575800,2025-02-14T23:30:00+00:00,30.0,0.8337412285131856,6.768189509306261,3.1913807189542485e-06,6.382761437908497e-05,adcp linear at epoch+300s
1739577600.Sat.Feb.15_00_00_00.GMT.2025.CACO04.c2.timex.jpg,c2,1739577600,2025-02-15T00:00:00+00:00,0.0,0.8045283160087694,6.768189509306261,3.1913807189542485e-06,6.382761437908497e-05,adcp linear at epoch+300s
1739579400.Sat.Feb.15_00_30_00.GMT.2025.CACO04.c2.timex.jpg,c2,1739579400,2025-02-15T00:30:00+00:00,30.0,0.8386801191238094,7.142857142857142,3.1913807189542485e-06,6.382761437908497e-05,adcp linear at epoch+300s
1739581200.Sat.Feb.15_01_00_00.GMT.2025.CACO04.c2.timex.jpg,c2,1739581200,2025-02-15T01:00:00+00:00,0.0,0.8697983492929577,7.142857142857142,3.1913807189542485e-06,6.382761437908497e-05,adcp linear at epoch+300s
1739583000.Sat.Feb.15_01_30_00.GMT.2025.CACO04.c2.timex.jpg,c2,1739583000,2025-02-15T01:30:00+00:00,30.0,0.8857487147326483,6.125574272588055,3.1913807189542485e-06,6.382761437908497e-05,adcp linear at epoch+300s
1739584800.Sat.Feb.15_02_00_00.GMT.2025.CACO04.c2.timex.jpg,c2,1739584800,2025-02-15T02:00:00+00:00,0.0,0.924354902201874,6.125574272588055,3.1913807189542485e-06,6.382761437908497e-05,adcp linear at epoch+300s
1739586600.Sat.Feb.15_02_30_00.GMT.2025.CACO04.c2.timex.jpg,c2,1739586600,2025-02-15T02:30:00+00:00,30.0,1.0762401998187752,7.142857142857142,3.1913807189542485e-06,6.382761437908497e-05,adcp linear at epoch+300s
1739588400.Sat.Feb.15_03_00_00.GMT.2025.CACO04.c2.timex.jpg,c2,1739588400,2025-02-15T03:00:00+00:00,0.0,1.2003891706801533,7.142857142857142,3.1913807189542485e-06,6.382761437908497e-05,adcp linear at epoch+300s
1739619000.Sat.Feb.15_11_30_00.GMT.2025.CACO04.c2.timex.jpg,c2,1739619000,2025-02-15T11:30:00+00:00,30.0,0.724651626060343,6.125574272588055,75.65303627961602,26.5457927733577,adcp linear at epoch+300s
1739620800.Sat.Feb.15_12_00_00.GMT.2025.CACO04.c2.timex.jpg,c2,1739620800,2025-02-15T12:00:00+00:00,0.0,0.7244404902723497,6.125574272588055,167.37087992749184,216.6882269739967,adcp linear at epoch+300s
1739622600.Sat.Feb.15_12_30_00.GMT.2025.CACO04.c2.timex.jpg,c2,1739622600,2025-02-15T12:30:00+00:00,30.0,0.7311709464011411,5.594405594405594,144.29140497344773,268.12285203014835,adcp linear at epoch+300s
1739624400.Sat.Feb.15_13_00_00.GMT.2025.CACO04.c2.timex.jpg,c2,1739624400,2025-02-15T13:00:00+00:00,0.0,0.7270301352910072,5.594405594405594,152.72534339256535,113.26583771076406,adcp linear at epoch+300s
1739626200.Sat.Feb.15_13_30_00.GMT.2025.CACO04.c2.timex.jpg,c2,1739626200,2025-02-15T13:30:00+00:00,30.0,0.668532987986247,5.361930294906166,134.7327250561683,73.68007267197223,adcp linear at epoch+300s
1739628000.Sat.Feb.15_14_00_00.GMT.2025.CACO04.c2.timex.jpg,c2,1739628000,2025-02-15T14:00:00+00:00,0.0,0.625382373149468,5.361930294906166,145.8659556270425,93.05755014304265,adcp linear at epoch+300s
1739629800.Sat.Feb.15_14_30_00.GMT.2025.CACO04.c2.timex.jpg,c2,1739629800,2025-02-15T14:30:00+00:00,30.0,0.6589644206525949,5.847953216374269,143.20184844771242,110.28790169709606,adcp linear at epoch+300s
1739631600.Sat.Feb.15_15_00_00.GMT.2025.CACO04.c2.timex.jpg,c2,1739631600,2025-02-15T15:00:00+00:00,0.0,0.6845079576930719,5.847953216374269,155.48089958639707,148.94218833234962,adcp linear at epoch+300s
1739633400.Sat.Feb.15_15_30_00.GMT.2025.CACO04.c2.timex.jpg,c2,1739633400,2025-02-15T15:30:00+00:00,30.0,0.6698589424203006,5.594405594405594,140.27039930555554,95.6910978620506,adcp linear at epoch+300s
1739635200.Sat.Feb.15_16_00_00.GMT.2025.CACO04.c2.timex.jpg,c2,1739635200,2025-02-15T16:00:00+00:00,0.0,0.6469877663937147,5.594405594405594,143.70463133169935,129.8668067973194,adcp linear at epoch+300s
1739637000.Sat.Feb.15_16_30_00.GMT.2025.CACO04.c2.timex.jpg,c2,1739637000,2025-02-15T16:30:00+00:00,30.0,0.5830057865980562,5.594405594405594,135.3380118974673,92.68857448882936,adcp linear at epoch+300s
1739638800.Sat.Feb.15_17_00_00.GMT.2025.CACO04.c2.timex.jpg,c2,1739638800,2025-02-15T17:00:00+00:00,0.0,0.5382127704525542,5.594405594405594,134.20980455984477,84.23269286011684,adcp linear at epoch+300s
1739640600.Sat.Feb.15_17_30_00.GMT.2025.CACO04.c2.timex.jpg,c2,1739640600,2025-02-15T17:30:00+00:00,30.0,0.589364572557835,4.767580452920143,132.6215309691585,68.48452148802528,adcp linear at epoch+300s
1739642400.Sat.Feb.15_18_00_00.GMT.2025.CACO04.c2.timex.jpg,c2,1739642400,2025-02-15T18:00:00+00:00,0.0,0.6112850233344244,4.767580452920143,137.71963082107845,83.23012965104068,adcp linear at epoch+300s
1739644200.Sat.Feb.15_18_30_00.GMT.2025.CACO04.c2.timex.jpg,c2,1739644200,2025-02-15T18:30:00+00:00,30.0,0.48704871746755607,5.361930294906166,132.29775901245915,79.9196207760756,adcp linear at epoch+300s
1739646000.Sat.Feb.15_19_00_00.GMT.2025.CACO04.c2.timex.jpg,c2,1739646000,2025-02-15T19:00:00+00:00,0.0,0.38156979009665365,5.361930294906166,121.93755744485294,62.389532370418415,adcp linear at epoch+300s
1739647800.Sat.Feb.15_19_30_00.GMT.2025.CACO04.c2.timex.jpg,c2,1739647800,2025-02-15T19:30:00+00:00,30.0,0.36987775520558097,5.361930294906166,132.30920968647877,77.9444439324999,adcp linear at epoch+300s
1739649600.Sat.Feb.15_20_00_00.GMT.2025.CACO04.c2.timex.jpg,c2,1739649600,2025-02-15T20:00:00+00:00,0.0,0.35962761726021375,5.361930294906166,118.37969452103758,49.968803681395954,adcp linear at epoch+300s
1739651400.Sat.Feb.15_20_30_00.GMT.2025.CACO04.c2.timex.jpg,c2,1739651400,2025-02-15T20:30:00+00:00,30.0,0.3565869640433735,5.594405594405594,121.46059602226308,55.685364173495365,adcp linear at epoch+300s
1739653200.Sat.Feb.15_21_00_00.GMT.2025.CACO04.c2.timex.jpg,c2,1739653200,2025-02-15T21:00:00+00:00,0.0,0.3585480353441015,5.594405594405594,119.97706992953432,63.79892868941484,adcp linear at epoch+300s
1739655000.Sat.Feb.15_21_30_00.GMT.2025.CACO04.c2.timex.jpg,c2,1739655000,2025-02-15T21:30:00+00:00,30.0,0.38551772923267086,4.439511653718091,113.20951095281865,55.84536460948328,adcp linear at epoch+300s
1739656800.Sat.Feb.15_22_00_00.GMT.2025.CACO04.c2.timex.jpg,c2,1739656800,2025-02-15T22:00:00+00:00,0.0,0.40621016331807663,4.439511653718091,22.28097554125817,3.250877624309894,adcp linear at epoch+300s
1739658600.Sat.Feb.15_22_30_00.GMT.2025.CACO04.c2.timex.jpg,c2,1739658600,2025-02-15T22:30:00+00:00,30.0,0.3955162983876644,4.153686396677051,0.9171517565359476,0.2386227277267432,adcp linear at epoch+300s
1739660400.Sat.Feb.15_23_00_00.GMT.2025.CACO04.c2.timex.jpg,c2,1739660400,2025-02-15T23:00:00+00:00,0.0,0.37998812226407247,4.153686396677051,3.1913807189542485e-06,6.382761437908497e-05,adcp linear at epoch+300s
1739662200.Sat.Feb.15_23_30_00.GMT.2025.CACO04.c2.timex.jpg,c2,1739662200,2025-02-15T23:30:00+00:00,30.0,0.34028839017458246,5.594405594405594,3.1913807189542485e-06,6.382761437908497e-05,adcp linear at epoch+300s
1739664000.Sun.Feb.16_00_00_00.GMT.2025.CACO04.c2.timex.jpg,c2,1739664000,2025-02-16T00:00:00+00:00,0.0,0.3068812613765671,5.594405594405594,3.1913807189542485e-06,6.382761437908497e-05,adcp linear at epoch+300s
1739665800.Sun.Feb.16_00_30_00.GMT.2025.CACO04.c2.timex.jpg,c2,1739665800,2025-02-16T00:30:00+00:00,30.0,0.3049371490359256,5.361930294906166,3.1913807189542485e-06,6.382761437908497e-05,adcp linear at epoch+300s
1739667600.Sun.Feb.16_01_00_00.GMT.2025.CACO04.c2.timex.jpg,c2,1739667600,2025-02-16T01:00:00+00:00,0.0,0.30243555190321864,5.361930294906166,3.1913807189542485e-06,6.382761437908497e-05,adcp linear at epoch+300s
1739669400.Sun.Feb.16_01_30_00.GMT.2025.CACO04.c2.timex.jpg,c2,1739669400,2025-02-16T01:30:00+00:00,30.0,0.2971465308101849,7.142857142857142,3.1913807189542485e-06,6.382761437908497e-05,adcp linear at epoch+300s
1739671200.Sun.Feb.16_02_00_00.GMT.2025.CACO04.c2.timex.jpg,c2,1739671200,2025-02-16T02:00:00+00:00,0.0,0.2913099991568461,7.142857142857142,3.1913807189542485e-06,6.382761437908497e-05,adcp linear at epoch+300s
1739673000.Sun.Feb.16_02_30_00.GMT.2025.CACO04.c2.timex.jpg,c2,1739673000,2025-02-16T02:30:00+00:00,30.0,0.2827359147019824,6.768189509306261,3.1913807189542485e-06,6.382761437908497e-05,adcp linear at epoch+300s
1739674800.Sun.Feb.16_03_00_00.GMT.2025.CACO04.c2.timex.jpg,c2,1739674800,2025-02-16T03:00:00+00:00,0.0,0.29051259247620986,6.768189509306261,3.1913807189542485e-06,6.382761437908497e-05,adcp linear at epoch+300s
1739705400.Sun.Feb.16_11_30_00.GMT.2025.CACO04.c2.timex.jpg,c2,1739705400,2025-02-16T11:30:00+00:00,30.0,1.7864284617815576,6.125574272588055,19.81103196486928,1.145724782023417,adcp linear at epoch+300s
1739707200.Sun.Feb.16_12_00_00.GMT.2025.CACO04.c2.timex.jpg,c2,1739707200,2025-02-16T12:00:00+00:00,0.0,1.8445763531300845,6.125574272588055,148.68292675142973,12.805890481043944,adcp linear at epoch+300s
1739709000.Sun.Feb.16_12_30_00.GMT.2025.CACO04.c2.timex.jpg,c2,1739709000,2025-02-16T12:30:00+00:00,30.0,2.2361616692934376,5.847953216374269,127.77578316482844,7.973393453558258,adcp linear at epoch+300s
1739710800.Sun.Feb.16_13_00_00.GMT.2025.CACO04.c2.timex.jpg,c2,1739710800,2025-02-16T13:00:00+00:00,0.0,2.5805904003436133,5.847953216374269,135.4288832720588,9.926176887345012,adcp linear at epoch+300s
1739712600.Sun.Feb.16_13_30_00.GMT.2025.CACO04.c2.timex.jpg,c2,1739712600,2025-02-16T13:30:00+00:00,30.0,2.6892362058279033,6.430868167202571,142.83409288194446,10.48503242035414,adcp linear at epoch+300s
1739714400.Sun.Feb.16_14_00_00.GMT.2025.CACO04.c2.timex.jpg,c2,1739714400,2025-02-16T14:00:00+00:00,0.0,2.7850726524676364,6.430868167202571,115.0026105494281,5.728193294315011,adcp linear at epoch+300s
1739716200.Sun.Feb.16_14_30_00.GMT.2025.CACO04.c2.timex.jpg,c2,1739716200,2025-02-16T14:30:00+00:00,30.0,2.8168623048845816,6.768189509306261,132.85524216196896,7.174316390758751,adcp linear at epoch+300s
1739718000.Sun.Feb.16_15_00_00.GMT.2025.CACO04.c2.timex.jpg,c2,1739718000,2025-02-16T15:00:00+00:00,0.0,2.8695546023143206,6.768189509306261,117.75051700367646,5.087051261061561,adcp linear at epoch+300s
1739719800.Sun.Feb.16_15_30_00.GMT.2025.CACO04.c2.timex.jpg,c2,1739719800,2025-02-16T15:30:00+00:00,30.0,3.02676012480803,7.142857142857142,124.77658420138889,4.797580287714089,adcp linear at epoch+300s
1739721600.Sun.Feb.16_16_00_00.GMT.2025.CACO04.c2.timex.jpg,c2,1739721600,2025-02-16T16:00:00+00:00,0.0,3.1104662628372353,7.142857142857142,114.28774126838236,5.1560648930333,adcp linear at epoch+300s
1739723400.Sun.Feb.16_16_30_00.GMT.2025.CACO04.c2.timex.jpg,c2,1739723400,2025-02-16T16:30:00+00:00,30.0,2.82667547854392,7.142857142857142,156.57129544526143,9.92745031130666,adcp linear at epoch+300s
1739725200.Sun.Feb.16_17_00_00.GMT.2025.CACO04.c2.timex.jpg,c2,1739725200,2025-02-16T17:00:00+00:00,0.0,2.5768050317426265,7.142857142857142,148.0183217167075,8.525817731234554,adcp linear at epoch+300s
1739727000.Sun.Feb.16_17_30_00.GMT.2025.CACO04.c2.timex.jpg,c2,1739727000,2025-02-16T17:30:00+00:00,30.0,2.496536272401441,7.561436672967865,104.41211256638071,16.667675142933117,adcp linear at epoch+300s
1739728800.Sun.Feb.16_18_00_00.GMT.2025.CACO04.c2.timex.jpg,c2,1739728800,2025-02-16T18:00:00+00:00,0.0,2.435947111412036,7.561436672967865,165.0391805810866,21.80761074277357,adcp linear at epoch+300s
1739730600.Sun.Feb.16_18_30_00.GMT.2025.CACO04.c2.timex.jpg,c2,1739730600,2025-02-16T18:30:00+00:00,30.0,2.473755942181538,8.032128514056225,135.40796377144608,27.840044776175937,adcp linear at epoch+300s
1739732400.Sun.Feb.16_19_00_00.GMT.2025.CACO04.c2.timex.jpg,c2,1739732400,2025-02-16T19:00:00+00:00,0.0,2.486237504871159,8.032128514056225,139.61211320465685,21.275731605295697,adcp linear at epoch+300s
1739734200.Sun.Feb.16_19_30_00.GMT.2025.CACO04.c2.timex.jpg,c2,1739734200,2025-02-16T19:30:00+00:00,30.0,2.3720827271613802,7.561436672967865,99.0822514552696,9.084239450145338,adcp linear at epoch+300s
1739736000.Sun.Feb.16_20_00_00.GMT.2025.CACO04.c2.timex.jpg,c2,1739736000,2025-02-16T20:00:00+00:00,0.0,2.2489294310003083,7.561436672967865,129.53964971405227,34.77541879449784,adcp linear at epoch+300s
1739737800.Sun.Feb.16_20_30_00.GMT.2025.CACO04.c2.timex.jpg,c2,1739737800,2025-02-16T20:30:00+00:00,30.0,2.0807835425827728,7.561436672967865,99.93754148794936,41.89267648572603,adcp linear at epoch+300s
1739739600.Sun.Feb.16_21_00_00.GMT.2025.CACO04.c2.timex.jpg,c2,1739739600,2025-02-16T21:00:00+00:00,0.0,1.9606028839901692,7.561436672967865,144.20063891441993,29.09362540145652,adcp linear at epoch+300s
1739741400.Sun.Feb.16_21_30_00.GMT.2025.CACO04.c2.timex.jpg,c2,1739741400,2025-02-16T21:30:00+00:00,30.0,2.0802483745222276,8.032128514056225,108.25015318627452,11.498643630103668,adcp linear at epoch+300s
1739743200.Sun.Feb.16_22_00_00.GMT.2025.CACO04.c2.timex.jpg,c2,1739743200,2025-02-16T22:00:00+00:00,0.0,2.163121022910193,8.032128514056225,33.29503038194444,2.804444950991395,adcp linear at epoch+300s
1739745000.Sun.Feb.16_22_30_00.GMT.2025.CACO04.c2.timex.jpg,c2,1739745000,2025-02-16T22:30:00+00:00,30.0,2.0621294605776925,8.032128514056225,1.084485421772876,0.5294915438360382,adcp linear at epoch+300s
1739746800.Sun.Feb.16_23_00_00.GMT.2025.CACO04.c2.timex.jpg,c2,1739746800,2025-02-16T23:00:00+00:00,0.0,1.9491269628786365,8.032128514056225,1.2765522875816994e-05,0.0002553104575163,adcp linear at epoch+300s
1739748600.Sun.Feb.16_23_30_00.GMT.2025.CACO04.c2.timex.jpg,c2,1739748600,2025-02-16T23:30:00+00:00,30.0,1.7760697883468022,7.142857142857142,1.2765522875816994e-05,0.0002553104575163,adcp linear at epoch+300s
1739750400.Mon.Feb.17_00_00_00.GMT.2025.CACO04.c2.timex.jpg,c2,1739750400,2025-02-17T00:00:00+00:00,0.0,1.6251449595715857,7.142857142857142,1.2765522875816994e-05,0.0002553104575163,adcp linear at epoch+300s
1739752200.Mon.Feb.17_00_30_00.GMT.2025.CACO04.c2.timex.jpg,c2,1739752200,2025-02-17T00:30:00+00:00,30.0,1.5848818595794596,7.561436672967865,1.2765522875816994e-05,0.0002553104575163,adcp linear at epoch+300s
1739754000.Mon.Feb.17_01_00_00.GMT.2025.CACO04.c2.timex.jpg,c2,1739754000,2025-02-17T01:00:00+00:00,0.0,1.5458430033112107,7.561436672967865,1.2765522875816994e-05,0.0002553104575163,adcp linear at epoch+300s
1739755800.Mon.Feb.17_01_30_00.GMT.2025.CACO04.c2.timex.jpg,c2,1739755800,2025-02-17T01:30:00+00:00,30.0,1.5129253656623476,8.032128514056225,1.2765522875816994e-05,0.0002553104575163,adcp linear at epoch+300s
1739757600.Mon.Feb.17_02_00_00.GMT.2025.CACO04.c2.timex.jpg,c2,1739757600,2025-02-17T02:00:00+00:00,0.0,1.4661546207339498,8.032128514056225,1.2765522875816994e-05,0.0002553104575163,adcp linear at epoch+300s
1739759400.Mon.Feb.17_02_30_00.GMT.2025.CACO04.c2.timex.jpg,c2,1739759400,2025-02-17T02:30:00+00:00,30.0,1.350118339407877,8.032128514056225,1.2765522875816994e-05,0.0002553104575163,adcp linear at epoch+300s
1739761200.Mon.Feb.17_03_00_00.GMT.2025.CACO04.c2.timex.jpg,c2,1739761200,2025-02-17T03:00:00+00:00,0.0,1.2471811799101185,8.032128514056225,1.2765522875816994e-05,0.0002553104575163,adcp linear at epoch+300s
1739791800.Mon.Feb.17_11_30_00.GMT.2025.CACO04.c2.timex.jpg,c2,1739791800,2025-02-17T11:30:00+00:00,30.0,1.064872808383345,12.82051282051282,72.35540492238562,18.27702202479778,adcp linear at epoch+300s
1739793600.Mon.Feb.17_12_00_00.GMT.2025.CACO04.c2.timex.jpg,c2,1739793600,2025-02-17T12:00:00+00:00,0.0,1.0921161300854685,12.82051282051282,195.14246642667484,91.87912425303726,adcp linear at epoch+300s
1739795400.Mon.Feb.17_12_30_00.GMT.2025.CACO04.c2.timex.jpg,c2,1739795400,2025-02-17T12:30:00+00:00,30.0,1.1461814936380421,12.82051282051282,165.8424862132353,68.8938222269291,adcp linear at epoch+300s
1739797200.Mon.Feb.17_13_00_00.GMT.2025.CACO04.c2.timex.jpg,c2,1739797200,2025-02-17T13:00:00+00:00,0.0,1.1842417300619892,12.82051282051282,136.88177849264707,139.26984595884764,adcp linear at epoch+300s
1739799000.Mon.Feb.17_13_30_00.GMT.2025.CACO04.c2.timex.jpg,c2,1739799000,2025-02-17T13:30:00+00:00,30.0,1.1422763308428032,12.82051282051282,152.0343328737745,165.83067473841118,adcp linear at epoch+300s
1739800800.Mon.Feb.17_14_00_00.GMT.2025.CACO04.c2.timex.jpg,c2,1739800800,2025-02-17T14:00:00+00:00,0.0,1.0897920962840495,12.82051282051282,199.10530918096404,188.0051915212944,adcp linear at epoch+300s
1739802600.Mon.Feb.17_14_30_00.GMT.2025.CACO04.c2.timex.jpg,c2,1739802600,2025-02-17T14:30:00+00:00,30.0,0.9847136850274554,11.661807580174926,144.4324161305147,137.7615395671071,adcp linear at epoch+300s
1739804400.Mon.Feb.17_15_00_00.GMT.2025.CACO04.c2.timex.jpg,c2,1739804400,2025-02-17T15:00:00+00:00,0.0,0.9057827104251326,11.661807580174926,149.17485255821077,144.59909824491072,adcp linear at epoch+300s
1739806200.Mon.Feb.17_15_30_00.GMT.2025.CACO04.c2.timex.jpg,c2,1739806200,2025-02-17T15:30:00+00:00,30.0,0.9575889190941668,11.661807580174926,149.79664841196896,129.26034742865446,adcp linear at epoch+300s
1739808000.Mon.Feb.17_16_00_00.GMT.2025.CACO04.c2.timex.jpg,c2,1739808000,2025-02-17T16:00:00+00:00,0.0,1.0110109203115483,11.661807580174926,198.51610689848857,117.76967439179316,adcp linear at epoch+300s
1739809800.Mon.Feb.17_16_30_00.GMT.2025.CACO04.c2.timex.jpg,c2,1739809800,2025-02-17T16:30:00+00:00,30.0,1.0725118842706671,11.661807580174926,174.38867825776143,159.55424328731132,adcp linear at epoch+300s
1739811600.Mon.Feb.17_17_00_00.GMT.2025.CACO04.c2.timex.jpg,c2,1739811600,2025-02-17T17:00:00+00:00,0.0,1.1197214356107486,11.661807580174926,175.7345760569853,159.4303038959812,adcp linear at epoch+300s
1739813400.Mon.Feb.17_17_30_00.GMT.2025.CACO04.c2.timex.jpg,c2,1739813400,2025-02-17T17:30:00+00:00,30.0,1.0954739238556421,11.661807580174926,144.21478949652777,128.54841284658394,adcp linear at epoch+300s
1739815200.Mon.Feb.17_18_00_00.GMT.2025.CACO04.c2.timex.jpg,c2,1739815200,2025-02-17T18:00:00+00:00,0.0,1.0670587367258992,11.661807580174926,143.21864149305554,120.76602046085068,adcp linear at epoch+300s
1739817000.Mon.Feb.17_18_30_00.GMT.2025.CACO04.c2.timex.jpg,c2,1739817000,2025-02-17T18:30:00+00:00,30.0,1.0178051727229733,12.82051282051282,140.83961716196896,123.72381103687054,adcp linear at epoch+300s
1739818800.Mon.Feb.17_19_00_00.GMT.2025.CACO04.c2.timex.jpg,c2,1739818800,2025-02-17T19:00:00+00:00,0.0,0.9814421749858717,12.82051282051282,100.23065704146242,49.8280506131487,adcp linear at epoch+300s
1739820600.Mon.Feb.17_19_30_00.GMT.2025.CACO04.c2.timex.jpg,c2,1739820600,2025-02-17T19:30:00+00:00,30.0,1.009532008577892,11.661807580174926,128.4482932495915,139.3944234388785,adcp linear at epoch+300s
1739822400.Mon.Feb.17_20_00_00.GMT.2025.CACO04.c2.timex.jpg,c2,1739822400,2025-02-17T20:00:00+00:00,0.0,1.0435862150740098,11.661807580174926,107.88908675449346,104.20361090522232,adcp linear at epoch+300s
1739824200.Mon.Feb.17_20_30_00.GMT.2025.CACO04.c2.timex.jpg,c2,1739824200,2025-02-17T20:30:00+00:00,30.0,1.107462286090615,12.82051282051282,107.41299657883988,123.05986357184383,adcp linear at epoch+300s
1739826000.Mon.Feb.17_21_00_00.GMT.2025.CACO04.c2.timex.jpg,c2,1739826000,2025-02-17T21:00:00+00:00,0.0,1.1518145997766251,12.82051282051282,101.5713241676879,112.27404226076956,adcp linear at epoch+300s
1739827800.Mon.Feb.17_21_30_00.GMT.2025.CACO04.c2.timex.jpg,c2,1739827800,2025-02-17T21:30:00+00:00,30.0,1.0985481268096602,11.661807580174926,105.37577869689542,131.4991232781343,adcp linear at epoch+300s
1739829600.Mon.Feb.17_22_00_00.GMT.2025.CACO04.c2.timex.jpg,c2,1739829600,2025-02-17T22:00:00+00:00,0.0,1.0555503231676004,11.661807580174926,87.70428027982027,24.205235914487577,adcp linear at epoch+300s
1739831400.Mon.Feb.17_22_30_00.GMT.2025.CACO04.c2.timex.jpg,c2,1739831400,2025-02-17T22:30:00+00:00,30.0,1.063895866150067,11.661807580174926,5.567794500612745,0.8197953818858704,adcp linear at epoch+300s
1739833200.Mon.Feb.17_23_00_00.GMT.2025.CACO04.c2.timex.jpg,c2,1739833200,2025-02-17T23:00:00+00:00,0.0,1.070123289022052,11.661807580174926,0.0,0.0,adcp linear at epoch+300s
1739835000.Mon.Feb.17_23_30_00.GMT.2025.CACO04.c2.timex.jpg,c2,1739835000,2025-02-17T23:30:00+00:00,30.0,1.0657601113416282,12.82051282051282,0.0,0.0,adcp linear at epoch+300s
1739836800.Tue.Feb.18_00_00_00.GMT.2025.CACO04.c2.timex.jpg,c2,1739836800,2025-02-18T00:00:00+00:00,0.0,1.0613410978534976,12.82051282051282,0.0,0.0,adcp linear at epoch+300s
1739838600.Tue.Feb.18_00_30_00.GMT.2025.CACO04.c2.timex.jpg,c2,1739838600,2025-02-18T00:30:00+00:00,30.0,1.0566429053268331,12.82051282051282,0.0,0.0,adcp linear at epoch+300s
1739840400.Tue.Feb.18_01_00_00.GMT.2025.CACO04.c2.timex.jpg,c2,1739840400,2025-02-18T01:00:00+00:00,0.0,1.0479051884970843,12.82051282051282,0.0,0.0,adcp linear at epoch+300s
1739842200.Tue.Feb.18_01_30_00.GMT.2025.CACO04.c2.timex.jpg,c2,1739842200,2025-02-18T01:30:00+00:00,30.0,1.0189698501519127,11.661807580174926,0.0,0.0,adcp linear at epoch+300s
1739844000.Tue.Feb.18_02_00_00.GMT.2025.CACO04.c2.timex.jpg,c2,1739844000,2025-02-18T02:00:00+00:00,0.0,1.0073376200208637,11.661807580174926,0.0,0.0,adcp linear at epoch+300s
1739845800.Tue.Feb.18_02_30_00.GMT.2025.CACO04.c2.timex.jpg,c2,1739845800,2025-02-18T02:30:00+00:00,30.0,1.0822209309604283,5.148005148005149,0.0,0.0,adcp linear at epoch+300s
1739847600.Tue.Feb.18_03_00_00.GMT.2025.CACO04.c2.timex.jpg,c2,1739847600,2025-02-18T03:00:00+00:00,0.0,1.146465017657226,5.148005148005149,0.0,0.0,adcp linear at epoch+300s
1739878200.Tue.Feb.18_11_30_00.GMT.2025.CACO04.c2.timex.jpg,c2,1739878200,2025-02-18T11:30:00+00:00,30.0,0.9644296107221476,6.430868167202571,125.87548189848856,36.34700490702293,adcp linear at epoch+300s
1739880000.Tue.Feb.18_12_00_00.GMT.2025.CACO04.c2.timex.jpg,c2,1739880000,2025-02-18T12:00:00+00:00,0.0,0.950084412450777,6.430868167202571,155.13116574754903,190.4174366537115,adcp linear at epoch+300s
1739881800.Tue.Feb.18_12_30_00.GMT.2025.CACO04.c2.timex.jpg,c2,1739881800,2025-02-18T12:30:00+00:00,30.0,0.9697402541563321,6.768189509306261,141.11854383680554,178.27462464926197,adcp linear at epoch+300s
1739883600.Tue.Feb.18_13_00_00.GMT.2025.CACO04.c2.timex.jpg,c2,1739883600,2025-02-18T13:00:00+00:00,0.0,0.993106202749752,6.768189509306261,140.53936887254903,153.07580837031554,adcp linear at epoch+300s
1739885400.Tue.Feb.18_13_30_00.GMT.2025.CACO04.c2.timex.jpg,c2,1739885400,2025-02-18T13:30:00+00:00,30.0,1.0350226857824953,4.950495049504951,139.33953737745097,145.4423134761423,adcp linear at epoch+300s
1739887200.Tue.Feb.18_14_00_00.GMT.2025.CACO04.c2.timex.jpg,c2,1739887200,2025-02-18T14:00:00+00:00,0.0,1.066152444389818,4.950495049504951,141.97533700980392,135.96430701203002,adcp linear at epoch+300s
1739889000.Tue.Feb.18_14_30_00.GMT.2025.CACO04.c2.timex.jpg,c2,1739889000,2025-02-18T14:30:00+00:00,30.0,1.0433485808700373,4.291845493562232,142.77069929534315,124.66897938981651,adcp linear at epoch+300s
1739890800.Tue.Feb.18_15_00_00.GMT.2025.CACO04.c2.timex.jpg,c2,1739890800,2025-02-18T15:00:00+00:00,0.0,1.0250164388990373,4.291845493562232,142.16610498366012,127.33548127722368,adcp linear at epoch+300s
1739892600.Tue.Feb.18_15_30_00.GMT.2025.CACO04.c2.timex.jpg,c2,1739892600,2025-02-18T15:30:00+00:00,30.0,1.0290429046719411,5.361930294906166,141.97383067810458,130.64149679508816,adcp linear at epoch+300s
1739894400.Tue.Feb.18_16_00_00.GMT.2025.CACO04.c2.timex.jpg,c2,1739894400,2025-02-18T16:00:00+00:00,0.0,1.029637573222678,5.361930294906166,141.37192989174838,119.4832198883428,adcp linear at epoch+300s
1739896200.Tue.Feb.18_16_30_00.GMT.2025.CACO04.c2.timex.jpg,c2,1739896200,2025-02-18T16:30:00+00:00,30.0,1.013073255662579,6.768189509306261,143.42757799734477,113.83008068254314,adcp linear at epoch+300s
1739898000.Tue.Feb.18_17_00_00.GMT.2025.CACO04.c2.timex.jpg,c2,1739898000,2025-02-18T17:00:00+00:00,0.0,0.9978889380750426,6.768189509306261,142.171875,112.86385655878776,adcp linear at epoch+300s
1739899800.Tue.Feb.18_17_30_00.GMT.2025.CACO04.c2.timex.jpg,c2,1739899800,2025-02-18T17:30:00+00:00,30.0,0.9896046203503187,6.125574272588055,140.69384127348857,115.4588120989433,adcp linear at epoch+300s
1739901600.Tue.Feb.18_18_00_00.GMT.2025.CACO04.c2.timex.jpg,c2,1739901600,2025-02-18T18:00:00+00:00,0.0,0.979241956167661,6.125574272588055,147.34098626429738,133.73396309922632,adcp linear at epoch+300s
1739903400.Tue.Feb.18_18_30_00.GMT.2025.CACO04.c2.timex.jpg,c2,1739903400,2025-02-18T18:30:00+00:00,30.0,0.958487559695335,6.430868167202571,134.2694131689134,124.42664317244667,adcp linear at epoch+300s
1739905200.Tue.Feb.18_19_00_00.GMT.2025.CACO04.c2.timex.jpg,c2,1739905200,2025-02-18T19:00:00+00:00,0.0,0.9367622774920907,6.430868167202571,127.7905784058415,128.52402137355426,adcp linear at epoch+300s
1739907000.Tue.Feb.18_19_30_00.GMT.2025.CACO04.c2.timex.jpg,c2,1739907000,2025-02-18T19:30:00+00:00,30.0,0.9101825666342555,6.430868167202571,117.94043926164215,144.44407046135055,adcp linear at epoch+300s
1739908800.Tue.Feb.18_20_00_00.GMT.2025.CACO04.c2.timex.jpg,c2,1739908800,2025-02-18T20:00:00+00:00,0.0,0.8853984190181559,6.430868167202571,111.96874680861929,156.87837240307803,adcp linear at epoch+300s
1739910600.Tue.Feb.18_20_30_00.GMT.2025.CACO04.c2.timex.jpg,c2,1739910600,2025-02-18T20:30:00+00:00,30.0,0.869592087610735,6.430868167202571,124.5116325827206,242.8697869529168,adcp linear at epoch+300s
1739912400.Tue.Feb.18_21_00_00.GMT.2025.CACO04.c2.timex.jpg,c2,1739912400,2025-02-18T21:00:00+00:00,0.0,0.8517685485152241,6.430868167202571,112.29575801674837,172.17422063157468,adcp linear at epoch+300s
1739914200.Tue.Feb.18_21_30_00.GMT.2025.CACO04.c2.timex.jpg,c2,1739914200,2025-02-18T21:30:00+00:00,30.0,0.8238589709792639,6.430868167202571,104.9437136182598,151.90253120498585,adcp linear at epoch+300s
1739916000.Tue.Feb.18_22_00_00.GMT.2025.CACO04.c2.timex.jpg,c2,1739916000,2025-02-18T22:00:00+00:00,0.0,0.8022638950773766,6.430868167202571,94.33992672589868,45.74860433875443,adcp linear at epoch+300s
1739917800.Tue.Feb.18_22_30_00.GMT.2025.CACO04.c2.timex.jpg,c2,1739917800,2025-02-18T22:30:00+00:00,30.0,0.8122413273458544,6.430868167202571,7.102909262663399,0.8682309604881719,adcp linear at epoch+300s
1739919600.Tue.Feb.18_23_00_00.GMT.2025.CACO04.c2.timex.jpg,c2,1739919600,2025-02-18T23:00:00+00:00,0.0,0.8297530780191265,6.430868167202571,0.0,0.0,adcp linear at epoch+300s
1739921400.Tue.Feb.18_23_30_00.GMT.2025.CACO04.c2.timex.jpg,c2,1739921400,2025-02-18T23:30:00+00:00,30.0,0.8849364207163691,6.125574272588055,0.0,0.0,adcp linear at epoch+300s
1739923200.Wed.Feb.19_00_00_00.GMT.2025.CACO04.c2.timex.jpg,c2,1739923200,2025-02-19T00:00:00+00:00,0.0,0.93243912245159,6.125574272588055,0.0,0.0,adcp linear at epoch+300s
1739925000.Wed.Feb.19_00_30_00.GMT.2025.CACO04.c2.timex.jpg,c2,1739925000,2025-02-19T00:30:00+00:00,30.0,0.9415386193767022,6.430868167202571,0.0,0.0,adcp linear at epoch+300s
1739926800.Wed.Feb.19_01_00_00.GMT.2025.CACO04.c2.timex.jpg,c2,1739926800,2025-02-19T01:00:00+00:00,0.0,0.9523272697483266,6.430868167202571,0.0,0.0,adcp linear at epoch+300s
1739928600.Wed.Feb.19_01_30_00.GMT.2025.CACO04.c2.timex.jpg,c2,1739928600,2025-02-19T01:30:00+00:00,30.0,0.9715616873525118,5.594405594405594,0.0,0.0,adcp linear at epoch+300s
1739930400.Wed.Feb.19_02_00_00.GMT.2025.CACO04.c2.timex.jpg,c2,1739930400,2025-02-19T02:00:00+00:00,0.0,0.9840669151161793,5.594405594405594,0.0,0.0,adcp linear at epoch+300s
1739932200.Wed.Feb.19_02_30_00.GMT.2025.CACO04.c2.timex.jpg,c2,1739932200,2025-02-19T02:30:00+00:00,30.0,0.9629261936772581,6.125574272588055,0.0,0.0,adcp linear at epoch+300s
1739934000.Wed.Feb.19_03_00_00.GMT.2025.CACO04.c2.timex.jpg,c2,1739934000,2025-02-19T03:00:00+00:00,0.0,0.9490995902589308,6.125574272588055,0.0,0.0,adcp linear at epoch+300s
1739964600.Wed.Feb.19_11_30_00.GMT.2025.CACO04.c2.timex.jpg,c2,1739964600,2025-02-19T11:30:00+00:00,30.0,0.9348185304634271,7.561436672967865,73.05545981413398,17.174884280857377,adcp linear at epoch+300s
1739966400.Wed.Feb.19_12_00_00.GMT.2025.CACO04.c2.timex.jpg,c2,1739966400,2025-02-19T12:00:00+00:00,0.0,0.9405671443218556,7.561436672967865,152.22052121629903,57.33558384041707,adcp linear at epoch+300s
1739968200.Wed.Feb.19_12_30_00.GMT.2025.CACO04.c2.timex.jpg,c2,1739968200,2025-02-19T12:30:00+00:00,30.0,0.9699030190094825,7.142857142857142,144.5163781658497,55.38967311199476,adcp linear at epoch+300s
1739970000.Wed.Feb.19_13_00_00.GMT.2025.CACO04.c2.timex.jpg,c2,1739970000,2025-02-19T13:00:00+00:00,0.0,0.9922489309390599,7.142857142857142,150.55411305147058,72.875117817053,adcp linear at epoch+300s
1739971800.Wed.Feb.19_13_30_00.GMT.2025.CACO04.c2.timex.jpg,c2,1739971800,2025-02-19T13:30:00+00:00,30.0,0.9796450290783892,6.125574272588055,139.59423508986927,102.46850356987832,adcp linear at epoch+300s
1739973600.Wed.Feb.19_14_00_00.GMT.2025.CACO04.c2.timex.jpg,c2,1739973600,2025-02-19T14:00:00+00:00,0.0,0.9593742744040401,6.125574272588055,153.57609847324346,184.1987640721117,adcp linear at epoch+300s
1739975400.Wed.Feb.19_14_30_00.GMT.2025.CACO04.c2.timex.jpg,c2,1739975400,2025-02-19T14:30:00+00:00,30.0,0.9007692556612986,5.847953216374269,148.8235964307598,168.5639075704008,adcp linear at epoch+300s
1739977200.Wed.Feb.19_15_00_00.GMT.2025.CACO04.c2.timex.jpg,c2,1739977200,2025-02-19T15:00:00+00:00,0.0,0.8472797765897295,5.847953216374269,149.54280598958334,174.86703459897433,adcp linear at epoch+300s
1739979000.Wed.Feb.19_15_30_00.GMT.2025.CACO04.c2.timex.jpg,c2,1739979000,2025-02-19T15:30:00+00:00,30.0,0.8193679958740231,5.847953216374269,149.99002374387254,167.90222756949925,adcp linear at epoch+300s
1739980800.Wed.Feb.19_16_00_00.GMT.2025.CACO04.c2.timex.jpg,c2,1739980800,2025-02-19T16:00:00+00:00,0.0,0.7924272953404722,5.847953216374269,148.35855481515523,141.33547757817604,adcp linear at epoch+300s
1739982600.Wed.Feb.19_16_30_00.GMT.2025.CACO04.c2.timex.jpg,c2,1739982600,2025-02-19T16:30:00+00:00,30.0,0.7703419957176985,5.361930294906166,150.27132161458334,164.87360395177873,adcp linear at epoch+300s
1739984400.Wed.Feb.19_17_00_00.GMT.2025.CACO04.c2.timex.jpg,c2,1739984400,2025-02-19T17:00:00+00:00,0.0,0.7502597715540793,5.361930294906166,149.50354243259804,164.68347503137872,adcp linear at epoch+300s
1739986200.Wed.Feb.19_17_30_00.GMT.2025.CACO04.c2.timex.jpg,c2,1739986200,2025-02-19T17:30:00+00:00,30.0,0.7401929246862328,5.361930294906166,148.72218073427288,173.36884016181776,adcp linear at epoch+300s
1739988000.Wed.Feb.19_18_00_00.GMT.2025.CACO04.c2.timex.jpg,c2,1739988000,2025-02-19T18:00:00+00:00,0.0,0.7320985775596657,5.361930294906166,146.80737145118465,174.18788014877418,adcp linear at epoch+300s
1739989800.Wed.Feb.19_18_30_00.GMT.2025.CACO04.c2.timex.jpg,c2,1739989800,2025-02-19T18:30:00+00:00,30.0,0.7338667291394966,4.767580452920143,142.51270169526143,176.11470594075726,adcp linear at epoch+300s
1739991600.Wed.Feb.19_19_00_00.GMT.2025.CACO04.c2.timex.jpg,c2,1739991600,2025-02-19T19:00:00+00:00,0.0,0.721454090686718,4.767580452920143,133.7619517207925,178.0700308713966,adcp linear at epoch+300s
1739993400.Wed.Feb.19_19_30_00.GMT.2025.CACO04.c2.timex.jpg,c2,1739993400,2025-02-19T19:30:00+00:00,30.0,0.6381375020708919,5.361930294906166,125.86062282986111,207.4479149378392,adcp linear at epoch+300s
1739995200.Wed.Feb.19_20_00_00.GMT.2025.CACO04.c2.timex.jpg,c2,1739995200,2025-02-19T20:00:00+00:00,0.0,0.5572785640329944,5.361930294906166,118.03134574142156,228.69701539196504,adcp linear at epoch+300s
1739997000.Wed.Feb.19_20_30_00.GMT.2025.CACO04.c2.timex.jpg,c2,1739997000,2025-02-19T20:30:00+00:00,30.0,0.4887078788847396,5.361930294906166,110.651753344567,213.69994143932692,adcp linear at epoch+300s
1739998800.Wed.Feb.19_21_00_00.GMT.2025.CACO04.c2.timex.jpg,c2,1739998800,2025-02-19T21:00:00+00:00,0.0,0.4221814482922936,5.361930294906166,101.74789049734476,245.70206158578432,adcp linear at epoch+300s
1740000600.Wed.Feb.19_21_30_00.GMT.2025.CACO04.c2.timex.jpg,c2,1740000600,2025-02-19T21:30:00+00:00,30.0,0.36587629047889186,5.361930294906166,96.91859426062092,140.08805795606858,adcp linear at epoch+300s
1740002400.Wed.Feb.19_22_00_00.GMT.2025.CACO04.c2.timex.jpg,c2,1740002400,2025-02-19T22:00:00+00:00,0.0,0.31792070634142144,5.361930294906166,87.02110460069444,41.49466997986698,adcp linear at epoch+300s
1740004200.Wed.Feb.19_22_30_00.GMT.2025.CACO04.c2.timex.jpg,c2,1740004200,2025-02-19T22:30:00+00:00,30.0,0.3117129905836078,8.032128514056225,9.188939312704248,1.3109011153163646,adcp linear at epoch+300s
1740006000.Wed.Feb.19_23_00_00.GMT.2025.CACO04.c2.timex.jpg,c2,1740006000,2025-02-19T23:00:00+00:00,0.0,0.3144569447357007,8.032128514056225,0.002645654616013,0.1682815053104575,adcp linear at epoch+300s
1740007800.Wed.Feb.19_23_30_00.GMT.2025.CACO04.c2.timex.jpg,c2,1740007800,2025-02-19T23:30:00+00:00,30.0,0.36195924843732613,4.291845493562232,0.0,0.0,adcp linear at epoch+300s
1740009600.Thu.Feb.20_00_00_00.GMT.2025.CACO04.c2.timex.jpg,c2,1740009600,2025-02-20T00:00:00+00:00,0.0,0.39940222790850005,4.291845493562232,0.0,0.0,adcp linear at epoch+300s
1740011400.Thu.Feb.20_00_30_00.GMT.2025.CACO04.c2.timex.jpg,c2,1740011400,2025-02-20T00:30:00+00:00,30.0,0.38654858622741656,4.291845493562232,0.0,0.0,adcp linear at epoch+300s
1740013200.Thu.Feb.20_01_00_00.GMT.2025.CACO04.c2.timex.jpg,c2,1740013200,2025-02-20T01:00:00+00:00,0.0,0.3717421136589635,4.291845493562232,0.0,0.0,adcp linear at epoch+300s
1740015000.Thu.Feb.20_01_30_00.GMT.2025.CACO04.c2.timex.jpg,c2,1740015000,2025-02-20T01:30:00+00:00,30.0,0.3471714866536622,4.291845493562232,0.0001085069444444,0.0009382659313725,adcp linear at epoch+300s
1740016800.Thu.Feb.20_02_00_00.GMT.2025.CACO04.c2.timex.jpg,c2,1740016800,2025-02-20T02:00:00+00:00,0.0,0.3270699874532334,4.291845493562232,0.0,0.0,adcp linear at epoch+300s
1740018600.Thu.Feb.20_02_30_00.GMT.2025.CACO04.c2.timex.jpg,c2,1740018600,2025-02-20T02:30:00+00:00,30.0,0.3293141272771669,4.153686396677051,0.0,0.0,adcp linear at epoch+300s
1740020400.Thu.Feb.20_03_00_00.GMT.2025.CACO04.c2.timex.jpg,c2,1740020400,2025-02-20T03:00:00+00:00,0.0,0.33082860937934805,4.153686396677051,0.0,0.0,adcp linear at epoch+300s
1740051000.Thu.Feb.20_11_30_00.GMT.2025.CACO04.c2.timex.jpg,c2,1740051000,2025-02-20T11:30:00+00:00,30.0,0.22199787456500628,16.0,125.91853362438724,35.9703954668606,adcp linear at epoch+300s
1740052800.Thu.Feb.20_12_00_00.GMT.2025.CACO04.c2.timex.jpg,c2,1740052800,2025-02-20T12:00:00+00:00,0.0,0.22511708981346384,16.0,161.1341433057598,77.50710977989175,adcp linear at epoch+300s
1740054600.Thu.Feb.20_12_30_00.GMT.2025.CACO04.c2.timex.jpg,c2,1740054600,2025-02-20T12:30:00+00:00,30.0,0.2321115053173277,16.0,171.31888914419935,161.26793609051884,adcp linear at epoch+300s
1740056400.Thu.Feb.20_13_00_00.GMT.2025.CACO04.c2.timex.jpg,c2,1740056400,2025-02-20T13:00:00+00:00,0.0,0.24685668835722477,16.0,137.25601575265523,184.7466290296436,adcp linear at epoch+300s
1740058200.Thu.Feb.20_13_30_00.GMT.2025.CACO04.c2.timex.jpg,c2,1740058200,2025-02-20T13:30:00+00:00,30.0,0.30035570907728787,3.902439024390244,127.66222426470588,79.97754144966996,adcp linear at epoch+300s
1740060000.Thu.Feb.20_14_00_00.GMT.2025.CACO04.c2.timex.jpg,c2,1740060000,2025-02-20T14:00:00+00:00,0.0,0.3366867538650798,3.902439024390244,168.26880042381535,133.93250919777586,adcp linear at epoch+300s
1740061800.Thu.Feb.20_14_30_00.GMT.2025.CACO04.c2.timex.jpg,c2,1740061800,2025-02-20T14:30:00+00:00,30.0,0.28717791899151573,16.0,140.12453405841504,71.73764277438474,adcp linear at epoch+300s
1740063600.Thu.Feb.20_15_00_00.GMT.2025.CACO04.c2.timex.jpg,c2,1740063600,2025-02-20T15:00:00+00:00,0.0,0.24630750342371763,16.0,129.21283318014707,61.20674449480136,adcp linear at epoch+300s
1740065400.Thu.Feb.20_15_30_00.GMT.2025.CACO04.c2.timex.jpg,c2,1740065400,2025-02-20T15:30:00+00:00,30.0,0.24862918438474943,16.0,128.2843009599673,62.17999181010457,adcp linear at epoch+300s
1740067200.Thu.Feb.20_16_00_00.GMT.2025.CACO04.c2.timex.jpg,c2,1740067200,2025-02-20T16:00:00+00:00,0.0,0.2551914084844748,16.0,161.47064248876634,79.51352130649201,adcp linear at epoch+300s
1740069000.Thu.Feb.20_16_30_00.GMT.2025.CACO04.c2.timex.jpg,c2,1740069000,2025-02-20T16:30:00+00:00,30.0,0.28295634827766786,5.148005148005149,148.69735179227942,80.20333412930125,adcp linear at epoch+300s
1740070800.Thu.Feb.20_17_00_00.GMT.2025.CACO04.c2.timex.jpg,c2,1740070800,2025-02-20T17:00:00+00:00,0.0,0.31590922499478574,5.148005148005149,149.0114985447304,80.19165517769608,adcp linear at epoch+300s
1740072600.Thu.Feb.20_17_30_00.GMT.2025.CACO04.c2.timex.jpg,c2,1740072600,2025-02-20T17:30:00+00:00,30.0,0.37480178633152755,4.597701149425287,145.4988032322304,78.40158411518384,adcp linear at epoch+300s
1740074400.Thu.Feb.20_18_00_00.GMT.2025.CACO04.c2.timex.jpg,c2,1740074400,2025-02-20T18:00:00+00:00,0.0,0.4079938931707805,4.597701149425287,131.43707235498366,59.14836679667449,adcp linear at epoch+300s
1740076200.Thu.Feb.20_18_30_00.GMT.2025.CACO04.c2.timex.jpg,c2,1740076200,2025-02-20T18:30:00+00:00,30.0,0.31268372752258916,16.0,157.81376697814542,78.98964607853613,adcp linear at epoch+300s
1740078000.Thu.Feb.20_19_00_00.GMT.2025.CACO04.c2.timex.jpg,c2,1740078000,2025-02-20T19:00:00+00:00,0.0,0.2685879728166959,16.0,115.40036828533496,33.318569668762464,adcp linear at epoch+300s
1740079800.Thu.Feb.20_19_30_00.GMT.2025.CACO04.c2.timex.jpg,c2,1740079800,2025-02-20T19:30:00+00:00,30.0,0.4805642728222932,2.9962546816479403,135.91291041156046,40.155570205097504,adcp linear at epoch+300s
1740081600.Thu.Feb.20_20_00_00.GMT.2025.CACO04.c2.timex.jpg,c2,1740081600,2025-02-20T20:00:00+00:00,0.0,0.670399730478016,2.9962546816479403,132.59777113970588,39.86747153116274,adcp linear at epoch+300s
1740083400.Thu.Feb.20_20_30_00.GMT.2025.CACO04.c2.timex.jpg,c2,1740083400,2025-02-20T20:30:00+00:00,30.0,0.7495309763843666,3.577817531305903,154.9478241166258,53.44683795028447,adcp linear at epoch+300s
1740085200.Thu.Feb.20_21_00_00.GMT.2025.CACO04.c2.timex.jpg,c2,1740085200,2025-02-20T21:00:00+00:00,0.0,0.8263473731258872,3.577817531305903,108.788676342933,23.07643037234669,adcp linear at epoch+300s
1740087000.Thu.Feb.20_21_30_00.GMT.2025.CACO04.c2.timex.jpg,c2,1740087000,2025-02-20T21:30:00+00:00,30.0,0.8915895240432582,4.291845493562232,114.47450405943628,25.180970433582395,adcp linear at epoch+300s
1740088800.Thu.Feb.20_22_00_00.GMT.2025.CACO04.c2.timex.jpg,c2,1740088800,2025-02-20T22:00:00+00:00,0.0,0.9464515790828132,4.291845493562232,47.16484757965687,4.993377882716566,adcp linear at epoch+300s
1740090600.Thu.Feb.20_22_30_00.GMT.2025.CACO04.c2.timex.jpg,c2,1740090600,2025-02-20T22:30:00+00:00,30.0,0.9494131547332884,4.597701149425287,3.386204937704248,0.4520463107096562,adcp linear at epoch+300s
1740092400.Thu.Feb.20_23_00_00.GMT.2025.CACO04.c2.timex.jpg,c2,1740092400,2025-02-20T23:00:00+00:00,0.0,0.9488337749038827,4.597701149425287,9.574142156862743e-06,0.0001914828431372,adcp linear at epoch+300s
1740094200.Thu.Feb.20_23_30_00.GMT.2025.CACO04.c2.timex.jpg,c2,1740094200,2025-02-20T23:30:00+00:00,30.0,0.9305496176750727,4.597701149425287,9.574142156862743e-06,0.0001914828431372,adcp linear at epoch+300s
1740096000.Fri.Feb.21_00_00_00.GMT.2025.CACO04.c2.timex.jpg,c2,1740096000,2025-02-21T00:00:00+00:00,0.0,0.911764788460861,4.597701149425287,4.7870710784313725e-05,0.0004404105392156,adcp linear at epoch+300s
1740097800.Fri.Feb.21_00_30_00.GMT.2025.CACO04.c2.timex.jpg,c2,1740097800,2025-02-21T00:30:00+00:00,30.0,0.8904765993196393,4.597701149425287,0.0004404105392156,0.0034530739379084,adcp linear at epoch+300s
1740099600.Fri.Feb.21_01_00_00.GMT.2025.CACO04.c2.timex.jpg,c2,1740099600,2025-02-21T01:00:00+00:00,0.0,0.8220301283100732,4.597701149425287,0.0005584916258169,0.0033764808006535,adcp linear at epoch+300s
1740101400.Fri.Feb.21_01_30_00.GMT.2025.CACO04.c2.timex.jpg,c2,1740101400,2025-02-21T01:30:00+00:00,30.0,0.5177922479587853,16.0,0.000204248366013,0.0023552389705882,adcp linear at epoch+300s
1740103200.Fri.Feb.21_02_00_00.GMT.2025.CACO04.c2.timex.jpg,c2,1740103200,2025-02-21T02:00:00+00:00,0.0,0.26478206281981465,16.0,9.574142156862743e-06,0.0001914828431372,adcp linear at epoch+300s
1740105000.Fri.Feb.21_02_30_00.GMT.2025.CACO04.c2.timex.jpg,c2,1740105000,2025-02-21T02:30:00+00:00,30.0,0.267910353742431,16.0,9.574142156862743e-06,0.0001914828431372,adcp linear at epoch+300s
1740106800.Fri.Feb.21_03_00_00.GMT.2025.CACO04.c2.timex.jpg,c2,1740106800,2025-02-21T03:00:00+00:00,0.0,0.29745557149651725,16.0,9.574142156862743e-06,0.0001914828431372,adcp linear at epoch+300s
1740137400.Fri.Feb.21_11_30_00.GMT.2025.CACO04.c2.timex.jpg,c2,1740137400,2025-02-21T11:30:00+00:00,30.0,1.1354702328652273,5.847953216374269,120.40263416564542,99.71416032895353,adcp linear at epoch+300s
1740139200.Fri.Feb.21_12_00_00.GMT.2025.CACO04.c2.timex.jpg,c2,1740139200,2025-02-21T12:00:00+00:00,0.0,1.2124136000691093,5.847953216374269,155.1686421313317,177.4181912054016,adcp linear at epoch+300s
1740141000.Fri.Feb.21_12_30_00.GMT.2025.CACO04.c2.timex.jpg,c2,1740141000,2025-02-21T12:30:00+00:00,30.0,1.3044244760148016,6.768189509306261,158.68426393995097,178.74290809495278,adcp linear at epoch+300s
1740142800.Fri.Feb.21_13_00_00.GMT.2025.CACO04.c2.timex.jpg,c2,1740142800,2025-02-21T13:00:00+00:00,0.0,1.3889786211286594,6.768189509306261,207.26509842218132,188.42730201623377,adcp linear at epoch+300s
1740144600.Fri.Feb.21_13_30_00.GMT.2025.CACO04.c2.timex.jpg,c2,1740144600,2025-02-21T13:30:00+00:00,30.0,1.4362491120833445,7.142857142857142,152.98529411764707,195.99791835591768,adcp linear at epoch+300s
1740146400.Fri.Feb.21_14_00_00.GMT.2025.CACO04.c2.timex.jpg,c2,1740146400,2025-02-21T14:00:00+00:00,0.0,1.4816357014197659,7.142857142857142,145.07637931474673,119.4444501143334,adcp linear at epoch+300s
1740148200.Fri.Feb.21_14_30_00.GMT.2025.CACO04.c2.timex.jpg,c2,1740148200,2025-02-21T14:30:00+00:00,30.0,1.5176027826648675,7.142857142857142,151.06228936887254,102.70009203831836,adcp linear at epoch+300s
1740150000.Fri.Feb.21_15_00_00.GMT.2025.CACO04.c2.timex.jpg,c2,1740150000,2025-02-21T15:00:00+00:00,0.0,1.5494715861059691,7.142857142857142,148.5510333690768,64.62696339863166,adcp linear at epoch+300s
1740151800.Fri.Feb.21_15_30_00.GMT.2025.CACO04.c2.timex.jpg,c2,1740151800,2025-02-21T15:30:00+00:00,30.0,1.5608490005270717,7.142857142857142,152.62740310968138,72.27029333945102,adcp linear at epoch+300s
1740153600.Fri.Feb.21_16_00_00.GMT.2025.CACO04.c2.timex.jpg,c2,1740153600,2025-02-21T16:00:00+00:00,0.0,1.5535049524462852,7.142857142857142,164.3815806270425,127.42392825310344,adcp linear at epoch+300s
1740155400.Fri.Feb.21_16_30_00.GMT.2025.CACO04.c2.timex.jpg,c2,1740155400,2025-02-21T16:30:00+00:00,30.0,1.4525535918560548,7.142857142857142,151.36157705269608,127.57814966178394,adcp linear at epoch+300s
1740157200.Fri.Feb.21_17_00_00.GMT.2025.CACO04.c2.timex.jpg,c2,1740157200,2025-02-21T17:00:00+00:00,0.0,1.3730134617475809,7.142857142857142,153.10115400326796,134.34959690765055,adcp linear at epoch+300s
1740159000.Fri.Feb.21_17_30_00.GMT.2025.CACO04.c2.timex.jpg,c2,1740159000,2025-02-21T17:30:00+00:00,30.0,1.4005294840478888,6.430868167202571,151.6570063572304,135.27951174138005,adcp linear at epoch+300s
1740160800.Fri.Feb.21_18_00_00.GMT.2025.CACO04.c2.timex.jpg,c2,1740160800,2025-02-21T18:00:00+00:00,0.0,1.4244978323569737,6.430868167202571,150.4215367136438,133.26755656361496,adcp linear at epoch+300s
1740162600.Fri.Feb.21_18_30_00.GMT.2025.CACO04.c2.timex.jpg,c2,1740162600,2025-02-21T18:30:00+00:00,30.0,1.4307278107099415,6.768189509306261,144.85177632250816,138.427732741656,adcp linear at epoch+300s
1740164400.Fri.Feb.21_19_00_00.GMT.2025.CACO04.c2.timex.jpg,c2,1740164400,2025-02-21T19:00:00+00:00,0.0,1.427952124112121,6.768189509306261,138.40002999897877,138.86983978079684,adcp linear at epoch+300s
1740166200.Fri.Feb.21_19_30_00.GMT.2025.CACO04.c2.timex.jpg,c2,1740166200,2025-02-21T19:30:00+00:00,30.0,1.3801481127603559,6.430868167202571,129.4379180708742,144.36193893398718,adcp linear at epoch+300s
1740168000.Fri.Feb.21_20_00_00.GMT.2025.CACO04.c2.timex.jpg,c2,1740168000,2025-02-21T20:00:00+00:00,0.0,1.3398426128515815,6.430868167202571,117.26612604677288,161.4063373688952,adcp linear at epoch+300s
1740169800.Fri.Feb.21_20_30_00.GMT.2025.CACO04.c2.timex.jpg,c2,1740169800,2025-02-21T20:30:00+00:00,30.0,1.3370296701577582,5.594405594405594,107.81112451491012,165.66997289272604,adcp linear at epoch+300s
1740171600.Fri.Feb.21_21_00_00.GMT.2025.CACO04.c2.timex.jpg,c2,1740171600,2025-02-21T21:00:00+00:00,0.0,1.333118910561692,5.594405594405594,100.9267578125,193.82972523102703,adcp linear at epoch+300s
1740173400.Fri.Feb.21_21_30_00.GMT.2025.CACO04.c2.timex.jpg,c2,1740173400,2025-02-21T21:30:00+00:00,30.0,1.3237190664544112,6.125574272588055,100.05342052185458,180.5009170438261,adcp linear at epoch+300s
1740175200.Fri.Feb.21_22_00_00.GMT.2025.CACO04.c2.timex.jpg,c2,1740175200,2025-02-21T22:00:00+00:00,0.0,1.3078508013327812,6.125574272588055,87.67777586294935,55.85941589639953,adcp linear at epoch+300s
1740177000.Fri.Feb.21_22_30_00.GMT.2025.CACO04.c2.timex.jpg,c2,1740177000,2025-02-21T22:30:00+00:00,30.0,1.2596404311394052,6.430868167202571,15.376046772875815,1.788523136034052,adcp linear at epoch+300s
1740178800.Fri.Feb.21_23_00_00.GMT.2025.CACO04.c2.timex.jpg,c2,1740178800,2025-02-21T23:00:00+00:00,0.0,1.2192320942386274,6.430868167202571,6.382761437908497e-06,0.0001276552287581,adcp linear at epoch+300s
1740180600.Fri.Feb.21_23_30_00.GMT.2025.CACO04.c2.timex.jpg,c2,1740180600,2025-02-21T23:30:00+00:00,30.0,1.2178339238008413,6.125574272588055,3.1913807189542485e-06,6.382761437908497e-05,adcp linear at epoch+300s
1740182400.Sat.Feb.22_00_00_00.GMT.2025.CACO04.c2.timex.jpg,c2,1740182400,2025-02-22T00:00:00+00:00,0.0,1.2122668603101343,6.125574272588055,3.1913807189542485e-06,6.382761437908497e-05,adcp linear at epoch+300s
1740184200.Sat.Feb.22_00_30_00.GMT.2025.CACO04.c2.timex.jpg,c2,1740184200,2025-02-22T00:30:00+00:00,30.0,1.1858553315548221,6.125574272588055,3.1913807189542485e-06,6.382761437908497e-05,adcp linear at epoch+300s
1740186000.Sat.Feb.22_01_00_00.GMT.2025.CACO04.c2.timex.jpg,c2,1740186000,2025-02-22T01:00:00+00:00,0.0,1.1684561577640307,6.125574272588055,3.1913807189542485e-06,6.382761437908497e-05,adcp linear at epoch+300s
1740187800.Sat.Feb.22_01_30_00.GMT.2025.CACO04.c2.timex.jpg,c2,1740187800,2025-02-22T01:30:00+00:00,30.0,1.1961187587958424,6.125574272588055,3.1913807189542485e-06,6.382761437908497e-05,adcp linear at epoch+300s
1740189600.Sat.Feb.22_02_00_00.GMT.2025.CACO04.c2.timex.jpg,c2,1740189600,2025-02-22T02:00:00+00:00,0.0,1.2229239405297112,6.125574272588055,3.1913807189542485e-06,6.382761437908497e-05,adcp linear at epoch+300s
1740191400.Sat.Feb.22_02_30_00.GMT.2025.CACO04.c2.timex.jpg,c2,1740191400,2025-02-22T02:30:00+00:00,30.0,1.2454420257738645,6.125574272588055,3.1913807189542485e-06,6.382761437908497e-05,adcp linear at epoch+300s
1740193200.Sat.Feb.22_03_00_00.GMT.2025.CACO04.c2.timex.jpg,c2,1740193200,2025-02-22T03:00:00+00:00,0.0,1.2857489054761138,6.125574272588055,0.0,0.0,adcp linear at epoch+300s
1740223800.Sat.Feb.22_11_30_00.GMT.2025.CACO04.c2.timex.jpg,c2,1740223800,2025-02-22T11:30:00+00:00,30.0,1.1140122729686202,6.430868167202571,136.15552236519608,43.35174750226581,adcp linear at epoch+300s
1740225600.Sat.Feb.22_12_00_00.GMT.2025.CACO04.c2.timex.jpg,c2,1740225600,2025-02-22T12:00:00+00:00,0.0,1.0645023905312472,6.430868167202571,189.93342779820264,113.33591759819528,adcp linear at epoch+300s
1740227400.Sat.Feb.22_12_30_00.GMT.2025.CACO04.c2.timex.jpg,c2,1740227400,2025-02-22T12:30:00+00:00,30.0,1.0538667469863208,6.125574272588055,177.15353413500816,170.64911466518905,adcp linear at epoch+300s
1740229200.Sat.Feb.22_13_00_00.GMT.2025.CACO04.c2.timex.jpg,c2,1740229200,2025-02-22T13:00:00+00:00,0.0,1.0310110905806118,6.125574272588055,192.59887535743465,124.17648661517032,adcp linear at epoch+300s
1740231000.Sat.Feb.22_13_30_00.GMT.2025.CACO04.c2.timex.jpg,c2,1740231000,2025-02-22T13:30:00+00:00,30.0,0.9470553698709895,6.125574272588055,138.85028913909315,68.98961825079296,adcp linear at epoch+300s
1740232800.Sat.Feb.22_14_00_00.GMT.2025.CACO04.c2.timex.jpg,c2,1740232800,2025-02-22T14:00:00+00:00,0.0,0.8706743589184909,6.125574272588055,193.68353630514707,143.93448599682722,adcp linear at epoch+300s
1740234600.Sat.Feb.22_14_30_00.GMT.2025.CACO04.c2.timex.jpg,c2,1740234600,2025-02-22T14:30:00+00:00,30.0,0.832166896751611,6.125574272588055,162.7330410028595,130.86920487353638,adcp linear at epoch+300s
1740236400.Sat.Feb.22_15_00_00.GMT.2025.CACO04.c2.timex.jpg,c2,1740236400,2025-02-22T15:00:00+00:00,0.0,0.8001011594294625,6.125574272588055,143.54795687806373,126.750869682371,adcp linear at epoch+300s
1740238200.Sat.Feb.22_15_30_00.GMT.2025.CACO04.c2.timex.jpg,c2,1740238200,2025-02-22T15:30:00+00:00,30.0,0.800244046330971,5.361930294906166,148.32631229575162,135.76771886758462,adcp linear at epoch+300s
1740240000.Sat.Feb.22_16_00_00.GMT.2025.CACO04.c2.timex.jpg,c2,1740240000,2025-02-22T16:00:00+00:00,0.0,0.7916361617011247,5.361930294906166,152.79571014603758,148.20813949939517,adcp linear at epoch+300s
1740241800.Sat.Feb.22_16_30_00.GMT.2025.CACO04.c2.timex.jpg,c2,1740241800,2025-02-22T16:30:00+00:00,30.0,0.7392744194145048,5.594405594405594,151.09735945159315,146.21415970922206,adcp linear at epoch+300s
1740243600.Sat.Feb.22_17_00_00.GMT.2025.CACO04.c2.timex.jpg,c2,1740243600,2025-02-22T17:00:00+00:00,0.0,0.6900898768371277,5.594405594405594,157.3154488357843,150.20498261758698,adcp linear at epoch+300s
1740245400.Sat.Feb.22_17_30_00.GMT.2025.CACO04.c2.timex.jpg,c2,1740245400,2025-02-22T17:30:00+00:00,30.0,0.6567913328059651,9.876543209876544,169.56971890318627,148.43053366365993,adcp linear at epoch+300s
1740247200.Sat.Feb.22_18_00_00.GMT.2025.CACO04.c2.timex.jpg,c2,1740247200,2025-02-22T18:00:00+00:00,0.0,0.6249213734089077,9.876543209876544,163.80443857230392,162.2002933060091,adcp linear at epoch+300s
1740249000.Sat.Feb.22_18_30_00.GMT.2025.CACO04.c2.timex.jpg,c2,1740249000,2025-02-22T18:30:00+00:00,30.0,0.6001943371823759,9.876543209876544,142.51333039726308,140.99865420970025,adcp linear at epoch+300s
1740250800.Sat.Feb.22_19_00_00.GMT.2025.CACO04.c2.timex.jpg,c2,1740250800,2025-02-22T19:00:00+00:00,0.0,0.5828887789538492,9.876543209876544,137.77432789522058,158.03057105647457,adcp linear at epoch+300s
1740252600.Sat.Feb.22_19_30_00.GMT.2025.CACO04.c2.timex.jpg,c2,1740252600,2025-02-22T19:30:00+00:00,30.0,0.6026906107153477,9.876543209876544,128.5081699346405,173.86327764306475,adcp linear at epoch+300s
1740254400.Sat.Feb.22_20_00_00.GMT.2025.CACO04.c2.timex.jpg,c2,1740254400,2025-02-22T20:00:00+00:00,0.0,0.6246179144312969,9.876543209876544,118.12071078431372,186.32676450448145,adcp linear at epoch+300s
1740256200.Sat.Feb.22_20_30_00.GMT.2025.CACO04.c2.timex.jpg,c2,1740256200,2025-02-22T20:30:00+00:00,30.0,0.6571725779194991,5.594405594405594,107.48108787785948,201.27621133131225,adcp linear at epoch+300s
1740258000.Sat.Feb.22_21_00_00.GMT.2025.CACO04.c2.timex.jpg,c2,1740258000,2025-02-22T21:00:00+00:00,0.0,0.6819385098605479,5.594405594405594,99.46642348345588,208.8818293004824,adcp linear at epoch+300s
1740259800.Sat.Feb.22_21_30_00.GMT.2025.CACO04.c2.timex.jpg,c2,1740259800,2025-02-22T21:30:00+00:00,30.0,0.6677607840658298,9.174311926605505,98.1505087060866,199.1258033948562,adcp linear at epoch+300s
1740261600.Sat.Feb.22_22_00_00.GMT.2025.CACO04.c2.timex.jpg,c2,1740261600,2025-02-22T22:00:00+00:00,0.0,0.6548873582506997,9.174311926605505,87.31067453022875,79.35363346766802,adcp linear at epoch+300s
1740263400.Sat.Feb.22_22_30_00.GMT.2025.CACO04.c2.timex.jpg,c2,1740263400,2025-02-22T22:30:00+00:00,30.0,0.6485354323335096,9.876543209876544,16.352280560661764,2.0448005999253422,adcp linear at epoch+300s
1740265200.Sat.Feb.22_23_00_00.GMT.2025.CACO04.c2.timex.jpg,c2,1740265200,2025-02-22T23:00:00+00:00,0.0,0.6383563102348072,9.876543209876544,6.382761437908497e-06,0.0001276552287581,adcp linear at epoch+300s
1740267000.Sat.Feb.22_23_30_00.GMT.2025.CACO04.c2.timex.jpg,c2,1740267000,2025-02-22T23:30:00+00:00,30.0,0.6090412072285426,9.174311926605505,1.2765522875816994e-05,0.000204248366013,adcp linear at epoch+300s
1740268800.Sun.Feb.23_00_00_00.GMT.2025.CACO04.c2.timex.jpg,c2,1740268800,2025-02-23T00:00:00+00:00,0.0,0.5805126600702052,9.174311926605505,3.1913807189542485e-06,6.382761437908497e-05,adcp linear at epoch+300s
1740270600.Sun.Feb.23_00_30_00.GMT.2025.CACO04.c2.timex.jpg,c2,1740270600,2025-02-23T00:30:00+00:00,30.0,0.555916892151503,9.876543209876544,3.1913807189542485e-06,6.382761437908497e-05,adcp linear at epoch+300s
1740272400.Sun.Feb.23_01_00_00.GMT.2025.CACO04.c2.timex.jpg,c2,1740272400,2025-02-23T01:00:00+00:00,0.0,0.5341497695551719,9.876543209876544,3.1913807189542485e-06,6.382761437908497e-05,adcp linear at epoch+300s
1740274200.Sun.Feb.23_01_30_00.GMT.2025.CACO04.c2.timex.jpg,c2,1740274200,2025-02-23T01:30:00+00:00,30.0,0.526525873570696,9.174311926605505,3.1913807189542485e-06,6.382761437908497e-05,adcp linear at epoch+300s
1740276000.Sun.Feb.23_02_00_00.GMT.2025.CACO04.c2.timex.jpg,c2,1740276000,2025-02-23T02:00:00+00:00,0.0,0.5102590770790248,9.174311926605505,0.0016244127859477,0.1505693423202614,adcp linear at epoch+300s
1740277800.Sun.Feb.23_02_30_00.GMT.2025.CACO04.c2.timex.jpg,c2,1740277800,2025-02-23T02:30:00+00:00,30.0,0.45077777805137764,8.565310492505352,0.0023265165441176,0.3604664522058823,adcp linear at epoch+300s
1740279600.Sun.Feb.23_03_00_00.GMT.2025.CACO04.c2.timex.jpg,c2,1740279600,2025-02-23T03:00:00+00:00,0.0,0.39923968206412863,8.565310492505352,0.0018924887663398,0.1140854779411764,adcp linear at epoch+300s
1740310200.Sun.Feb.23_11_30_00.GMT.2025.CACO04.c2.timex.jpg,c2,1740310200,2025-02-23T11:30:00+00:00,30.0,0.37920706284914796,10.6951871657754,169.97560189440358,59.197481840391866,adcp linear at epoch+300s
1740312000.Sun.Feb.23_12_00_00.GMT.2025.CACO04.c2.timex.jpg,c2,1740312000,2025-02-23T12:00:00+00:00,0.0,0.3822592515243727,10.6951871657754,148.03769658905227,156.15726044133294,adcp linear at epoch+300s
1740313800.Sun.Feb.23_12_30_00.GMT.2025.CACO04.c2.timex.jpg,c2,1740313800,2025-02-23T12:30:00+00:00,30.0,0.39895494525483904,9.876543209876544,142.3392788756127,155.61167030222643,adcp linear at epoch+300s
1740315600.Sun.Feb.23_13_00_00.GMT.2025.CACO04.c2.timex.jpg,c2,1740315600,2025-02-23T13:00:00+00:00,0.0,0.40483579618233706,9.876543209876544,143.82983877144608,173.22724667268275,adcp linear at epoch+300s
1740317400.Sun.Feb.23_13_30_00.GMT.2025.CACO04.c2.timex.jpg,c2,1740317400,2025-02-23T13:30:00+00:00,30.0,0.35664243309499355,9.174311926605505,149.20351434844773,168.46282221408407,adcp linear at epoch+300s
1740319200.Sun.Feb.23_14_00_00.GMT.2025.CACO04.c2.timex.jpg,c2,1740319200,2025-02-23T14:00:00+00:00,0.0,0.3286309763612042,9.174311926605505,147.70412709354576,166.3914471661664,adcp linear at epoch+300s
1740321000.Sun.Feb.23_14_30_00.GMT.2025.CACO04.c2.timex.jpg,c2,1740321000,2025-02-23T14:30:00+00:00,30.0,0.4015290513951858,9.876543209876544,141.4650448069853,149.19439707173504,adcp linear at epoch+300s
1740322800.Sun.Feb.23_15_00_00.GMT.2025.CACO04.c2.timex.jpg,c2,1740322800,2025-02-23T15:00:00+00:00,0.0,0.4601722795261297,9.876543209876544,141.3841082005719,141.27819638507083,adcp linear at epoch+300s
1740324600.Sun.Feb.23_15_30_00.GMT.2025.CACO04.c2.timex.jpg,c2,1740324600,2025-02-23T15:30:00+00:00,30.0,0.44754127314188524,9.876543209876544,127.50898373672386,85.18542893241802,adcp linear at epoch+300s
1740326400.Sun.Feb.23_16_00_00.GMT.2025.CACO04.c2.timex.jpg,c2,1740326400,2025-02-23T16:00:00+00:00,0.0,0.42441655107126675,9.876543209876544,144.91490183312908,132.6181237011546,adcp linear at epoch+300s
1740328200.Sun.Feb.23_16_30_00.GMT.2025.CACO04.c2.timex.jpg,c2,1740328200,2025-02-23T16:30:00+00:00,30.0,0.34882325056877833,9.876543209876544,134.73442287071077,97.91409918421576,adcp linear at epoch+300s
1740330000.Sun.Feb.23_17_00_00.GMT.2025.CACO04.c2.timex.jpg,c2,1740330000,2025-02-23T17:00:00+00:00,0.0,0.28826397820340804,9.876543209876544,149.3396235447304,121.90267673791092,adcp linear at epoch+300s
1740331800.Sun.Feb.23_17_30_00.GMT.2025.CACO04.c2.timex.jpg,c2,1740331800,2025-02-23T17:30:00+00:00,30.0,0.3028748465236287,9.174311926605505,142.84002246732027,129.57749995833314,adcp linear at epoch+300s
1740333600.Sun.Feb.23_18_00_00.GMT.2025.CACO04.c2.timex.jpg,c2,1740333600,2025-02-23T18:00:00+00:00,0.0,0.3164334430970599,9.174311926605505,141.26889616523692,130.83844866584167,adcp linear at epoch+300s
1740335400.Sun.Feb.23_18_30_00.GMT.2025.CACO04.c2.timex.jpg,c2,1740335400,2025-02-23T18:30:00+00:00,30.0,0.32473068093654356,9.174311926605505,138.3245378880719,133.526576801603,adcp linear at epoch+300s
1740337200.Sun.Feb.23_19_00_00.GMT.2025.CACO04.c2.timex.jpg,c2,1740337200,2025-02-23T19:00:00+00:00,0.0,0.3318600145815205,9.174311926605505,133.05414177389707,138.274027841869,adcp linear at epoch+300s
1740339000.Sun.Feb.23_19_30_00.GMT.2025.CACO04.c2.timex.jpg,c2,1740339000,2025-02-23T19:30:00+00:00,30.0,0.3331498272539633,9.174311926605505,125.5305255565768,150.56408705775124,adcp linear at epoch+300s
1740340800.Sun.Feb.23_20_00_00.GMT.2025.CACO04.c2.timex.jpg,c2,1740340800,2025-02-23T20:00:00+00:00,0.0,0.33592551018458744,9.174311926605505,118.78790402879902,176.75446517900662,adcp linear at epoch+300s
1740342600.Sun.Feb.23_20_30_00.GMT.2025.CACO04.c2.timex.jpg,c2,1740342600,2025-02-23T20:30:00+00:00,30.0,0.34613054440611807,9.174311926605505,112.06537224264706,190.5948859555305,adcp linear at epoch+300s
1740344400.Sun.Feb.23_21_00_00.GMT.2025.CACO04.c2.timex.jpg,c2,1740344400,2025-02-23T21:00:00+00:00,0.0,0.3525812835808435,9.174311926605505,108.58603005004085,212.809297010102,adcp linear at epoch+300s
1740346200.Sun.Feb.23_21_30_00.GMT.2025.CACO04.c2.timex.jpg,c2,1740346200,2025-02-23T21:30:00+00:00,30.0,0.340260547521543,9.876543209876544,105.23202614379085,167.54936768980218,adcp linear at epoch+300s
1740348000.Sun.Feb.23_22_00_00.GMT.2025.CACO04.c2.timex.jpg,c2,1740348000,2025-02-23T22:00:00+00:00,0.0,0.3307055135511669,9.876543209876544,82.38885059232027,11.88031255983472,adcp linear at epoch+300s
1740349800.Sun.Feb.23_22_30_00.GMT.2025.CACO04.c2.timex.jpg,c2,1740349800,2025-02-23T22:30:00+00:00,30.0,0.33497899002541226,9.876543209876544,16.47148820465686,1.715012889501352,adcp linear at epoch+300s
1740351600.Sun.Feb.23_23_00_00.GMT.2025.CACO04.c2.timex.jpg,c2,1740351600,2025-02-23T23:00:00+00:00,0.0,0.34074079286237163,9.876543209876544,6.382761437908497e-06,0.0001276552287581,adcp linear at epoch+300s
1740353400.Sun.Feb.23_23_30_00.GMT.2025.CACO04.c2.timex.jpg,c2,1740353400,2025-02-23T23:30:00+00:00,30.0,0.35394422751290117,9.876543209876544,2.5531045751633988e-05,0.0002808415032679,adcp linear at epoch+300s
1740355200.Mon.Feb.24_00_00_00.GMT.2025.CACO04.c2.timex.jpg,c2,1740355200,2025-02-24T00:00:00+00:00,0.0,0.3629220286188217,9.876543209876544,4.4679330065359474e-05,0.0006223192300111,adcp linear at epoch+300s
1740357000.Mon.Feb.24_00_30_00.GMT.2025.CACO04.c2.timex.jpg,c2,1740357000,2025-02-24T00:30:00+00:00,30.0,0.35077166200169757,9.876543209876544,0.0002138225081699,0.001672283496732,adcp linear at epoch+300s
1740358800.Mon.Feb.24_01_00_00.GMT.2025.CACO04.c2.timex.jpg,c2,1740358800,2025-02-24T01:00:00+00:00,0.0,0.33914045955643496,9.876543209876544,3.1913807189542485e-06,6.382761437908497e-05,adcp linear at epoch+300s
1740360600.Mon.Feb.24_01_30_00.GMT.2025.CACO04.c2.timex.jpg,c2,1740360600,2025-02-24T01:30:00+00:00,30.0,0.33010507797048017,9.174311926605505,3.1913807189542485e-06,6.382761437908497e-05,adcp linear at epoch+300s
1740362400.Mon.Feb.24_02_00_00.GMT.2025.CACO04.c2.timex.jpg,c2,1740362400,2025-02-24T02:00:00+00:00,0.0,0.3305678702604149,9.174311926605505,3.1913807189542485e-06,6.382761437908497e-05,adcp linear at epoch+300s
1740364200.Mon.Feb.24_02_30_00.GMT.2025.CACO04.c2.timex.jpg,c2,1740364200,2025-02-24T02:30:00+00:00,30.0,0.37852153192979704,9.876543209876544,3.1913807189542485e-06,6.382761437908497e-05,adcp linear at epoch+300s
1740366000.Mon.Feb.24_03_00_00.GMT.2025.CACO04.c2.timex.jpg,c2,1740366000,2025-02-24T03:00:00+00:00,0.0,0.4121020879180736,9.876543209876544,3.1913807189542485e-06,6.382761437908497e-05,adcp linear at epoch+300s
1740396600.Mon.Feb.24_11_30_00.GMT.2025.CACO04.c2.timex.jpg,c2,1740396600,2025-02-24T11:30:00+00:00,30.0,0.33724030607779154,9.876543209876544,171.4381414675245,61.934148642848655,adcp linear at epoch+300s
1740398400.Mon.Feb.24_12_00_00.GMT.2025.CACO04.c2.timex.jpg,c2,1740398400,2025-02-24T12:00:00+00:00,0.0,0.32813155436561975,9.876543209876544,136.59359362234477,35.98706370436034,adcp linear at epoch+300s
1740400200.Mon.Feb.24_12_30_00.GMT.2025.CACO04.c2.timex.jpg,c2,1740400200,2025-02-24T12:30:00+00:00,30.0,0.3273963822807635,9.876543209876544,169.39434934129903,66.89943954074717,adcp linear at epoch+300s
1740402000.Mon.Feb.24_13_00_00.GMT.2025.CACO04.c2.timex.jpg,c2,1740402000,2025-02-24T13:00:00+00:00,0.0,0.3265737418158316,9.876543209876544,160.01176662071077,184.52614105289092,adcp linear at epoch+300s
1740403800.Mon.Feb.24_13_30_00.GMT.2025.CACO04.c2.timex.jpg,c2,1740403800,2025-02-24T13:30:00+00:00,30.0,0.3253137594505209,10.6951871657754,154.38762191074346,188.20473782324345,adcp linear at epoch+300s
1740405600.Mon.Feb.24_14_00_00.GMT.2025.CACO04.c2.timex.jpg,c2,1740405600,2025-02-24T14:00:00+00:00,0.0,0.32268625740445545,10.6951871657754,121.2453693065768,87.04806718207458,adcp linear at epoch+300s
1740407400.Mon.Feb.24_14_30_00.GMT.2025.CACO04.c2.timex.jpg,c2,1740407400,2025-02-24T14:30:00+00:00,30.0,0.3132211569546161,10.6951871657754,155.17539190155227,169.68014758191038,adcp linear at epoch+300s
1740409200.Mon.Feb.24_15_00_00.GMT.2025.CACO04.c2.timex.jpg,c2,1740409200,2025-02-24T15:00:00+00:00,0.0,0.30612919092824437,10.6951871657754,153.22924645118465,160.27453690715092,adcp linear at epoch+300s
1740411000.Mon.Feb.24_15_30_00.GMT.2025.CACO04.c2.timex.jpg,c2,1740411000,2025-02-24T15:30:00+00:00,30.0,0.3109028970192105,10.6951871657754,152.1412632761438,155.71812642724174,adcp linear at epoch+300s
1740412800.Mon.Feb.24_16_00_00.GMT.2025.CACO04.c2.timex.jpg,c2,1740412800,2025-02-24T16:00:00+00:00,0.0,0.32273278178342674,10.6951871657754,152.81838171466504,154.6655753024584,adcp linear at epoch+300s
1740414600.Mon.Feb.24_16_30_00.GMT.2025.CACO04.c2.timex.jpg,c2,1740414600,2025-02-24T16:30:00+00:00,30.0,0.3698435599138936,11.661807580174926,151.0830844056373,148.2778939825492,adcp linear at epoch+300s
1740416400.Mon.Feb.24_17_00_00.GMT.2025.CACO04.c2.timex.jpg,c2,1740416400,2025-02-24T17:00:00+00:00,0.0,0.40001665598078096,11.661807580174926,150.87734885620915,145.84828165273217,adcp linear at epoch+300s
1740418200.Mon.Feb.24_17_30_00.GMT.2025.CACO04.c2.timex.jpg,c2,1740418200,2025-02-24T17:30:00+00:00,30.0,0.34550134172977054,10.6951871657754,150.72076376123366,144.300018838441,adcp linear at epoch+300s
1740420000.Mon.Feb.24_18_00_00.GMT.2025.CACO04.c2.timex.jpg,c2,1740420000,2025-02-24T18:00:00+00:00,0.0,0.2990914646569358,10.6951871657754,149.32158905228758,149.07664524342198,adcp linear at epoch+300s
1740421800.Mon.Feb.24_18_30_00.GMT.2025.CACO04.c2.timex.jpg,c2,1740421800,2025-02-24T18:30:00+00:00,30.0,0.29320877347497915,9.876543209876544,148.23775467218138,149.89198932988285,adcp linear at epoch+300s
1740423600.Mon.Feb.24_19_00_00.GMT.2025.CACO04.c2.timex.jpg,c2,1740423600,2025-02-24T19:00:00+00:00,0.0,0.2883368323324033,9.876543209876544,127.5728879442402,102.76312286752248,adcp linear at epoch+300s
1740425400.Mon.Feb.24_19_30_00.GMT.2025.CACO04.c2.timex.jpg,c2,1740425400,2025-02-24T19:30:00+00:00,30.0,0.28851864138673156,11.661807580174926,134.3782998876634,56.55560975475238,adcp linear at epoch+300s
1740427200.Mon.Feb.24_20_00_00.GMT.2025.CACO04.c2.timex.jpg,c2,1740427200,2025-02-24T20:00:00+00:00,0.0,0.29028010560605183,11.661807580174926,150.92369089562908,81.44118253786188,adcp linear at epoch+300s
1740429000.Mon.Feb.24_20_30_00.GMT.2025.CACO04.c2.timex.jpg,c2,1740429000,2025-02-24T20:30:00+00:00,30.0,0.2999398456503323,10.6951871657754,121.36152279922386,150.9834302411472,adcp linear at epoch+300s
1740430800.Mon.Feb.24_21_00_00.GMT.2025.CACO04.c2.timex.jpg,c2,1740430800,2025-02-24T21:00:00+00:00,0.0,0.3089342727665909,10.6951871657754,128.90966796875,144.4181058713192,adcp linear at epoch+300s
1740432600.Mon.Feb.24_21_30_00.GMT.2025.CACO04.c2.timex.jpg,c2,1740432600,2025-02-24T21:30:00+00:00,30.0,0.3146021352427397,11.661807580174926,111.15122995812908,72.17949409876779,adcp linear at epoch+300s
1740434400.Mon.Feb.24_22_00_00.GMT.2025.CACO04.c2.timex.jpg,c2,1740434400,2025-02-24T22:00:00+00:00,0.0,0.31693886467874705,11.661807580174926,100.73981949550654,26.210962288565742,adcp linear at epoch+300s
1740436200.Mon.Feb.24_22_30_00.GMT.2025.CACO04.c2.timex.jpg,c2,1740436200,2025-02-24T22:30:00+00:00,30.0,0.30261992891404693,11.661807580174926,17.442612591911764,1.89651628082222,adcp linear at epoch+300s
1740438000.Mon.Feb.24_23_00_00.GMT.2025.CACO04.c2.timex.jpg,c2,1740438000,2025-02-24T23:00:00+00:00,0.0,0.3154712846797587,11.661807580174926,0.0001053155637254,0.0010531556372549,adcp linear at epoch+300s
1740439800.Mon.Feb.24_23_30_00.GMT.2025.CACO04.c2.timex.jpg,c2,1740439800,2025-02-24T23:30:00+00:00,30.0,0.4641740980975301,3.679852805887765,1.2765522875816994e-05,0.0002553104575163,adcp linear at epoch+300s
1740441600.Tue.Feb.25_00_00_00.GMT.2025.CACO04.c2.timex.jpg,c2,1740441600,2025-02-25T00:00:00+00:00,0.0,0.5920902836263651,3.679852805887765,1.2765522875816994e-05,0.0002553104575163,adcp linear at epoch+300s
1740443400.Tue.Feb.25_00_30_00.GMT.2025.CACO04.c2.timex.jpg,c2,1740443400,2025-02-25T00:30:00+00:00,30.0,0.6160733297105183,3.4812880765883376,1.2765522875816994e-05,0.0002553104575163,adcp linear at epoch+300s
1740445200.Tue.Feb.25_01_00_00.GMT.2025.CACO04.c2.timex.jpg,c2,1740445200,2025-02-25T01:00:00+00:00,0.0,0.6368368884948657,3.4812880765883376,0.0001148897058823,0.0010276245915032,adcp linear at epoch+300s
1740447000.Tue.Feb.25_01_30_00.GMT.2025.CACO04.c2.timex.jpg,c2,1740447000,2025-02-25T01:30:00+00:00,30.0,0.6415030107801837,3.902439024390244,1.2765522875816994e-05,0.0002553104575163,adcp linear at epoch+300s
1740448800.Tue.Feb.25_02_00_00.GMT.2025.CACO04.c2.timex.jpg,c2,1740448800,2025-02-25T02:00:00+00:00,0.0,0.6508823674897671,3.902439024390244,1.2765522875816994e-05,0.0002553104575163,adcp linear at epoch+300s
1740450600.Tue.Feb.25_02_30_00.GMT.2025.CACO04.c2.timex.jpg,c2,1740450600,2025-02-25T02:30:00+00:00,30.0,0.683827896320678,3.902439024390244,1.2765522875816994e-05,0.0002553104575163,adcp linear at epoch+300s
1740452400.Tue.Feb.25_03_00_00.GMT.2025.CACO04.c2.timex.jpg,c2,1740452400,2025-02-25T03:00:00+00:00,0.0,0.7210054924822334,3.902439024390244,0.0002202052696078,0.0021318423202614,adcp linear at epoch+300s
1740483000.Tue.Feb.25_11_30_00.GMT.2025.CACO04.c2.timex.jpg,c2,1740483000,2025-02-25T11:30:00+00:00,30.0,0.6765717378155541,4.767580452920143,193.0979019863153,114.40084848840252,adcp linear at epoch+300s
1740484800.Tue.Feb.25_12_00_00.GMT.2025.CACO04.c2.timex.jpg,c2,1740484800,2025-02-25T12:00:00+00:00,0.0,0.6624336435499851,4.767580452920143,162.96190129697712,73.6276897225968,adcp linear at epoch+300s
1740486600.Tue.Feb.25_12_30_00.GMT.2025.CACO04.c2.timex.jpg,c2,1740486600,2025-02-25T12:30:00+00:00,30.0,0.6695470699634882,4.950495049504951,144.72335516237746,70.09566467683915,adcp linear at epoch+300s
1740488400.Tue.Feb.25_13_00_00.GMT.2025.CACO04.c2.timex.jpg,c2,1740488400,2025-02-25T13:00:00+00:00,0.0,0.6789415486987228,4.950495049504951,140.64697265625,44.88558573968092,adcp linear at epoch+300s
1740490200.Tue.Feb.25_13_30_00.GMT.2025.CACO04.c2.timex.jpg,c2,1740490200,2025-02-25T13:30:00+00:00,30.0,0.6997412890426137,4.950495049504951,143.4788698682598,50.01371638220508,adcp linear at epoch+300s
1740492000.Tue.Feb.25_14_00_00.GMT.2025.CACO04.c2.timex.jpg,c2,1740492000,2025-02-25T14:00:00+00:00,0.0,0.7092773626678962,4.950495049504951,147.92580678104576,52.02103345525215,adcp linear at epoch+300s
1740493800.Tue.Feb.25_14_30_00.GMT.2025.CACO04.c2.timex.jpg,c2,1740493800,2025-02-25T14:30:00+00:00,30.0,0.6624951027001365,5.148005148005149,160.7658579707925,64.57124248242113,adcp linear at epoch+300s
1740495600.Tue.Feb.25_15_00_00.GMT.2025.CACO04.c2.timex.jpg,c2,1740495600,2025-02-25T15:00:00+00:00,0.0,0.6247021950627812,5.148005148005149,152.39207707822712,59.39900514191273,adcp linear at epoch+300s
1740497400.Tue.Feb.25_15_30_00.GMT.2025.CACO04.c2.timex.jpg,c2,1740497400,2025-02-25T15:30:00+00:00,30.0,0.6318560490774481,4.950495049504951,146.23253038194446,62.080194893445096,adcp linear at epoch+300s
1740499200.Tue.Feb.25_16_00_00.GMT.2025.CACO04.c2.timex.jpg,c2,1740499200,2025-02-25T16:00:00+00:00,0.0,0.6294863676671207,4.950495049504951,151.49024714052288,76.44037249229959,adcp linear at epoch+300s
1740501000.Tue.Feb.25_16_30_00.GMT.2025.CACO04.c2.timex.jpg,c2,1740501000,2025-02-25T16:30:00+00:00,30.0,0.5794990091318221,5.361930294906166,143.40945095486111,81.43150048547412,adcp linear at epoch+300s
1740502800.Tue.Feb.25_17_00_00.GMT.2025.CACO04.c2.timex.jpg,c2,1740502800,2025-02-25T17:00:00+00:00,0.0,0.5368534316969563,5.361930294906166,179.80472579656862,124.53451532878394,adcp linear at epoch+300s
1740504600.Tue.Feb.25_17_30_00.GMT.2025.CACO04.c2.timex.jpg,c2,1740504600,2025-02-25T17:30:00+00:00,30.0,0.5309167597642553,5.148005148005149,157.52047270731208,92.77927364581542,adcp linear at epoch+300s
1740506400.Tue.Feb.25_18_00_00.GMT.2025.CACO04.c2.timex.jpg,c2,1740506400,2025-02-25T18:00:00+00:00,0.0,0.5201555707521165,5.148005148005149,138.4398584303513,48.144224805586255,adcp linear at epoch+300s
1740508200.Tue.Feb.25_18_30_00.GMT.2025.CACO04.c2.timex.jpg,c2,1740508200,2025-02-25T18:30:00+00:00,30.0,0.4852717963427878,11.661807580174926,152.4171645220588,90.77678434783296,adcp linear at epoch+300s
1740510000.Tue.Feb.25_19_00_00.GMT.2025.CACO04.c2.timex.jpg,c2,1740510000,2025-02-25T19:00:00+00:00,0.0,0.452833304627841,11.661807580174926,142.14928959865196,115.39103854482202,adcp linear at epoch+300s
1740511800.Tue.Feb.25_19_30_00.GMT.2025.CACO04.c2.timex.jpg,c2,1740511800,2025-02-25T19:30:00+00:00,30.0,0.4326212263848034,9.876543209876544,120.67689823325163,83.53224226835572,adcp linear at epoch+300s
1740513600.Tue.Feb.25_20_00_00.GMT.2025.CACO04.c2.timex.jpg,c2,1740513600,2025-02-25T20:00:00+00:00,0.0,0.4127889351469454,9.876543209876544,120.37312985089868,51.78853910313274,adcp linear at epoch+300s
1740515400.Tue.Feb.25_20_30_00.GMT.2025.CACO04.c2.timex.jpg,c2,1740515400,2025-02-25T20:30:00+00:00,30.0,0.39485557893498574,11.661807580174926,112.61532692504085,67.87456230124424,adcp linear at epoch+300s
1740517200.Tue.Feb.25_21_00_00.GMT.2025.CACO04.c2.timex.jpg,c2,1740517200,2025-02-25T21:00:00+00:00,0.0,0.3779506194571303,11.661807580174926,117.38450074040033,159.83702843200132,adcp linear at epoch+300s
1740519000.Tue.Feb.25_21_30_00.GMT.2025.CACO04.c2.timex.jpg,c2,1740519000,2025-02-25T21:30:00+00:00,30.0,0.36618764364979595,11.661807580174926,106.05401731004902,124.81426681967667,adcp linear at epoch+300s
1740520800.Tue.Feb.25_22_00_00.GMT.2025.CACO04.c2.timex.jpg,c2,1740520800,2025-02-25T22:00:00+00:00,0.0,0.3552445522959477,11.661807580174926,93.20172079248366,24.03379909749512,adcp linear at epoch+300s
1740522600.Tue.Feb.25_22_30_00.GMT.2025.CACO04.c2.timex.jpg,c2,1740522600,2025-02-25T22:30:00+00:00,30.0,0.34840088320953,11.661807580174926,20.83960439644608,2.34094476998247,adcp linear at epoch+300s
1740524400.Tue.Feb.25_23_00_00.GMT.2025.CACO04.c2.timex.jpg,c2,1740524400,2025-02-25T23:00:00+00:00,0.0,0.3441291537706797,11.661807580174926,1.2765522875816994e-05,0.0002553104575163,adcp linear at epoch+300s
1740526200.Tue.Feb.25_23_30_00.GMT.2025.CACO04.c2.timex.jpg,c2,1740526200,2025-02-25T23:30:00+00:00,30.0,0.3527171225696664,10.6951871657754,1.2765522875816994e-05,0.0002553104575163,adcp linear at epoch+300s
1740528000.Wed.Feb.26_00_00_00.GMT.2025.CACO04.c2.timex.jpg,c2,1740528000,2025-02-26T00:00:00+00:00,0.0,0.3584398207027907,10.6951871657754,1.2765522875816994e-05,0.0002553104575163,adcp linear at epoch+300s
1740529800.Wed.Feb.26_00_30_00.GMT.2025.CACO04.c2.timex.jpg,c2,1740529800,2025-02-26T00:30:00+00:00,30.0,0.3498361655066028,10.6951871657754,1.2765522875816994e-05,0.0002553104575163,adcp linear at epoch+300s
1740531600.Wed.Feb.26_01_00_00.GMT.2025.CACO04.c2.timex.jpg,c2,1740531600,2025-02-26T01:00:00+00:00,0.0,0.34347204782295154,10.6951871657754,1.2765522875816994e-05,0.0002553104575163,adcp linear at epoch+300s
1740533400.Wed.Feb.26_01_30_00.GMT.2025.CACO04.c2.timex.jpg,c2,1740533400,2025-02-26T01:30:00+00:00,30.0,0.3483056177019838,12.82051282051282,1.2765522875816994e-05,0.0002553104575163,adcp linear at epoch+300s
1740535200.Wed.Feb.26_02_00_00.GMT.2025.CACO04.c2.timex.jpg,c2,1740535200,2025-02-26T02:00:00+00:00,0.0,0.3666550794769426,12.82051282051282,6.382761437908497e-06,0.0001276552287581,adcp linear at epoch+300s
1740537000.Wed.Feb.26_02_30_00.GMT.2025.CACO04.c2.timex.jpg,c2,1740537000,2025-02-26T02:30:00+00:00,30.0,0.4525840007315335,11.661807580174926,9.574142156862743e-06,0.0001914828431372,adcp linear at epoch+300s
1740538800.Wed.Feb.26_03_00_00.GMT.2025.CACO04.c2.timex.jpg,c2,1740538800,2025-02-26T03:00:00+00:00,0.0,0.5205901488868554,11.661807580174926,1.2765522875816994e-05,0.0002553104575163,adcp linear at epoch+300s
1740569400.Wed.Feb.26_11_30_00.GMT.2025.CACO04.c2.timex.jpg,c2,1740569400,2025-02-26T11:30:00+00:00,30.0,0.47381282316093565,11.661807580174926,166.21955103656046,132.3260046032382,adcp linear at epoch+300s
1740571200.Wed.Feb.26_12_00_00.GMT.2025.CACO04.c2.timex.jpg,c2,1740571200,2025-02-26T12:00:00+00:00,0.0,0.5572282692346021,11.661807580174926,136.5064306321487,202.56936083275264,adcp linear at epoch+300s
1740573000.Wed.Feb.26_12_30_00.GMT.2025.CACO04.c2.timex.jpg,c2,1740573000,2025-02-26T12:30:00+00:00,30.0,0.63886107380168,3.389830508474576,135.4600790185866,189.2798520396636,adcp linear at epoch+300s
1740574800.Wed.Feb.26_13_00_00.GMT.2025.CACO04.c2.timex.jpg,c2,1740574800,2025-02-26T13:00:00+00:00,0.0,0.707769141204366,3.389830508474576,135.89990872651143,157.77973487243844,adcp linear at epoch+300s
1740576600.Wed.Feb.26_13_30_00.GMT.2025.CACO04.c2.timex.jpg,c2,1740576600,2025-02-26T13:30:00+00:00,30.0,0.7130535227850918,3.902439024390244,134.83948312397877,131.74489830780675,adcp linear at epoch+300s
1740578400.Wed.Feb.26_14_00_00.GMT.2025.CACO04.c2.timex.jpg,c2,1740578400,2025-02-26T14:00:00+00:00,0.0,0.7171350879165876,3.902439024390244,134.34416487949346,117.37274561218004,adcp linear at epoch+300s
1740580200.Wed.Feb.26_14_30_00.GMT.2025.CACO04.c2.timex.jpg,c2,1740580200,2025-02-26T14:30:00+00:00,30.0,0.7152025708019326,11.661807580174926,134.34247983047385,122.20983537657408,adcp linear at epoch+300s
1740582000.Wed.Feb.26_15_00_00.GMT.2025.CACO04.c2.timex.jpg,c2,1740582000,2025-02-26T15:00:00+00:00,0.0,0.7148924436199164,11.661807580174926,135.1897722630719,123.47806340435386,adcp linear at epoch+300s
1740583800.Wed.Feb.26_15_30_00.GMT.2025.CACO04.c2.timex.jpg,c2,1740583800,2025-02-26T15:30:00+00:00,30.0,0.7226942661010946,4.950495049504951,136.09165645424838,123.9666428850138,adcp linear at epoch+300s
1740585600.Wed.Feb.26_16_00_00.GMT.2025.CACO04.c2.timex.jpg,c2,1740585600,2025-02-26T16:00:00+00:00,0.0,0.723581699760958,4.950495049504951,136.22672526041666,116.30742563800683,adcp linear at epoch+300s
1740587400.Wed.Feb.26_16_30_00.GMT.2025.CACO04.c2.timex.jpg,c2,1740587400,2025-02-26T16:30:00+00:00,30.0,0.6898971893142486,4.950495049504951,137.4455135569853,113.41898045923216,adcp linear at epoch+300s
1740589200.Wed.Feb.26_17_00_00.GMT.2025.CACO04.c2.timex.jpg,c2,1740589200,2025-02-26T17:00:00+00:00,0.0,0.6483646059563671,4.950495049504951,138.20412390216504,119.50372041167522,adcp linear at epoch+300s
1740591000.Wed.Feb.26_17_30_00.GMT.2025.CACO04.c2.timex.jpg,c2,1740591000,2025-02-26T17:30:00+00:00,30.0,0.567591658042626,5.148005148005149,137.9957778033088,124.54068444444222,adcp linear at epoch+300s
1740592800.Wed.Feb.26_18_00_00.GMT.2025.CACO04.c2.timex.jpg,c2,1740592800,2025-02-26T18:00:00+00:00,0.0,0.4903259186031729,5.148005148005149,138.1287722120098,127.46101143817545,adcp linear at epoch+300s
1740594600.Wed.Feb.26_18_30_00.GMT.2025.CACO04.c2.timex.jpg,c2,1740594600,2025-02-26T18:30:00+00:00,30.0,0.4305962215351594,11.661807580174926,135.52666079452615,122.76422612944825,adcp linear at epoch+300s
1740596400.Wed.Feb.26_19_00_00.GMT.2025.CACO04.c2.timex.jpg,c2,1740596400,2025-02-26T19:00:00+00:00,0.0,0.3760591047973325,11.661807580174926,129.6981911254085,125.27970930909636,adcp linear at epoch+300s
1740598200.Wed.Feb.26_19_30_00.GMT.2025.CACO04.c2.timex.jpg,c2,1740598200,2025-02-26T19:30:00+00:00,30.0,0.3474848897104387,10.6951871657754,122.02257582720588,136.94341803046203,adcp linear at epoch+300s
1740600000.Wed.Feb.26_20_00_00.GMT.2025.CACO04.c2.timex.jpg,c2,1740600000,2025-02-26T20:00:00+00:00,0.0,0.32158354618147084,10.6951871657754,113.5993412990196,156.61757480429537,adcp linear at epoch+300s
1740601800.Wed.Feb.26_20_30_00.GMT.2025.CACO04.c2.timex.jpg,c2,1740601800,2025-02-26T20:30:00+00:00,30.0,0.3090465604421323,11.661807580174926,108.22256689133988,174.26935864814834,adcp linear at epoch+300s
1740603600.Wed.Feb.26_21_00_00.GMT.2025.CACO04.c2.timex.jpg,c2,1740603600,2025-02-26T21:00:00+00:00,0.0,0.29791373889614575,11.661807580174926,98.51430695976308,121.63045081630295,adcp linear at epoch+300s
1740605400.Wed.Feb.26_21_30_00.GMT.2025.CACO04.c2.timex.jpg,c2,1740605400,2025-02-26T21:30:00+00:00,30.0,0.2938017383169189,11.661807580174926,101.04504953022877,187.52979670951387,adcp linear at epoch+300s
1740607200.Wed.Feb.26_22_00_00.GMT.2025.CACO04.c2.timex.jpg,c2,1740607200,2025-02-26T22:00:00+00:00,0.0,0.2915813138433278,11.661807580174926,91.88818997651144,48.42032007389083,adcp linear at epoch+300s
1740609000.Wed.Feb.26_22_30_00.GMT.2025.CACO04.c2.timex.jpg,c2,1740609000,2025-02-26T22:30:00+00:00,30.0,0.2988187698979154,11.661807580174926,34.16899956597222,4.733972680660868,adcp linear at epoch+300s
1740610800.Wed.Feb.26_23_00_00.GMT.2025.CACO04.c2.timex.jpg,c2,1740610800,2025-02-26T23:00:00+00:00,0.0,0.3171969901736639,11.661807580174926,0.076727175245098,0.2894007853377187,adcp linear at epoch+300s
1740612600.Wed.Feb.26_23_30_00.GMT.2025.CACO04.c2.timex.jpg,c2,1740612600,2025-02-26T23:30:00+00:00,30.0,0.3912790315552168,9.876543209876544,1.2765522875816994e-05,0.0002553104575163,adcp linear at epoch+300s
1740614400.Thu.Feb.27_00_00_00.GMT.2025.CACO04.c2.timex.jpg,c2,1740614400,2025-02-27T00:00:00+00:00,0.0,0.44686598506871744,9.876543209876544,1.2765522875816994e-05,0.0002553104575163,adcp linear at epoch+300s
1740616200.Thu.Feb.27_00_30_00.GMT.2025.CACO04.c2.timex.jpg,c2,1740616200,2025-02-27T00:30:00+00:00,30.0,0.40997749924195653,9.876543209876544,1.914828431372549e-05,0.0002999897875816,adcp linear at epoch+300s
1740618000.Thu.Feb.27_01_00_00.GMT.2025.CACO04.c2.timex.jpg,c2,1740618000,2025-02-27T01:00:00+00:00,0.0,0.3876181969918773,9.876543209876544,9.574142156862743e-06,0.0001914828431372,adcp linear at epoch+300s
1740619800.Thu.Feb.27_01_30_00.GMT.2025.CACO04.c2.timex.jpg,c2,1740619800,2025-02-27T01:30:00+00:00,30.0,0.4379048126252066,8.032128514056225,6.382761437908497e-06,0.0001276552287581,adcp linear at epoch+300s
1740621600.Thu.Feb.27_02_00_00.GMT.2025.CACO04.c2.timex.jpg,c2,1740621600,2025-02-27T02:00:00+00:00,0.0,0.48207077046963687,8.032128514056225,6.382761437908497e-06,0.0001276552287581,adcp linear at epoch+300s
1740623400.Thu.Feb.27_02_30_00.GMT.2025.CACO04.c2.timex.jpg,c2,1740623400,2025-02-27T02:30:00+00:00,30.0,0.4956334393695721,8.032128514056225,6.382761437908497e-06,0.0001276552287581,adcp linear at epoch+300s
1740625200.Thu.Feb.27_03_00_00.GMT.2025.CACO04.c2.timex.jpg,c2,1740625200,2025-02-27T03:00:00+00:00,0.0,0.5158459702398477,8.032128514056225,6.382761437908497e-06,0.0001276552287581,adcp linear at epoch+300s
1740655800.Thu.Feb.27_11_30_00.GMT.2025.CACO04.c2.timex.jpg,c2,1740655800,2025-02-27T11:30:00+00:00,30.0,0.9105148506643665,10.6951871657754,83.95681742749183,15.62620952586768,adcp linear at epoch+300s
1740657600.Thu.Feb.27_12_00_00.GMT.2025.CACO04.c2.timex.jpg,c2,1740657600,2025-02-27T12:00:00+00:00,0.0,0.9555937920443993,10.6951871657754,151.60255501940358,53.5387113462718,adcp linear at epoch+300s
1740659400.Thu.Feb.27_12_30_00.GMT.2025.CACO04.c2.timex.jpg,c2,1740659400,2025-02-27T12:30:00+00:00,30.0,0.9807784776396772,10.6951871657754,109.29870685253267,15.730758951507676,adcp linear at epoch+300s
1740661200.Thu.Feb.27_13_00_00.GMT.2025.CACO04.c2.timex.jpg,c2,1740661200,2025-02-27T13:00:00+00:00,0.0,1.018339313722018,10.6951871657754,135.93832975898692,37.86117801240937,adcp linear at epoch+300s
1740663000.Thu.Feb.27_13_30_00.GMT.2025.CACO04.c2.timex.jpg,c2,1740663000,2025-02-27T13:30:00+00:00,30.0,1.1177809022396743,10.6951871657754,116.80550130208331,24.28640925036353,adcp linear at epoch+300s
1740664800.Thu.Feb.27_14_00_00.GMT.2025.CACO04.c2.timex.jpg,c2,1740664800,2025-02-27T14:00:00+00:00,0.0,1.19456422655795,10.6951871657754,117.7994504442402,19.703785503520184,adcp linear at epoch+300s
1740666600.Thu.Feb.27_14_30_00.GMT.2025.CACO04.c2.timex.jpg,c2,1740666600,2025-02-27T14:30:00+00:00,30.0,1.1580562298793242,10.6951871657754,155.52824052798204,38.57599952573417,adcp linear at epoch+300s
1740668400.Thu.Feb.27_15_00_00.GMT.2025.CACO04.c2.timex.jpg,c2,1740668400,2025-02-27T15:00:00+00:00,0.0,1.137737986992761,10.6951871657754,121.43193104064542,19.305003277204072,adcp linear at epoch+300s
1740670200.Thu.Feb.27_15_30_00.GMT.2025.CACO04.c2.timex.jpg,c2,1740670200,2025-02-27T15:30:00+00:00,30.0,1.198368513066513,10.6951871657754,141.7491925806781,32.574595288559365,adcp linear at epoch+300s
1740672000.Thu.Feb.27_16_00_00.GMT.2025.CACO04.c2.timex.jpg,c2,1740672000,2025-02-27T16:00:00+00:00,0.0,1.270390516832838,10.6951871657754,142.56906467013889,32.33460665381628,adcp linear at epoch+300s
1740673800.Thu.Feb.27_16_30_00.GMT.2025.CACO04.c2.timex.jpg,c2,1740673800,2025-02-27T16:30:00+00:00,30.0,1.3993699090620295,11.661807580174926,142.17136437908496,35.95154143860647,adcp linear at epoch+300s
1740675600.Thu.Feb.27_17_00_00.GMT.2025.CACO04.c2.timex.jpg,c2,1740675600,2025-02-27T17:00:00+00:00,0.0,1.5123774549957016,11.661807580174926,136.93919143178104,38.60806876536828,adcp linear at epoch+300s
1740677400.Thu.Feb.27_17_30_00.GMT.2025.CACO04.c2.timex.jpg,c2,1740677400,2025-02-27T17:30:00+00:00,30.0,1.5455257694517752,5.847953216374269,120.07334750306372,33.04075865220207,adcp linear at epoch+300s
1740679200.Thu.Feb.27_18_00_00.GMT.2025.CACO04.c2.timex.jpg,c2,1740679200,2025-02-27T18:00:00+00:00,0.0,1.5792943987644752,5.847953216374269,153.12162990196077,39.13981115219661,adcp linear at epoch+300s
1740681000.Thu.Feb.27_18_30_00.GMT.2025.CACO04.c2.timex.jpg,c2,1740681000,2025-02-27T18:30:00+00:00,30.0,1.6161646023603056,5.847953216374269,172.456440844567,48.988395910545385,adcp linear at epoch+300s
1740682800.Thu.Feb.27_19_00_00.GMT.2025.CACO04.c2.timex.jpg,c2,1740682800,2025-02-27T19:00:00+00:00,0.0,1.6403929400293942,5.847953216374269,160.1614870557598,38.550583375229,adcp linear at epoch+300s
1740684600.Thu.Feb.27_19_30_00.GMT.2025.CACO04.c2.timex.jpg,c2,1740684600,2025-02-27T19:30:00+00:00,30.0,1.6014119480647717,6.125574272588055,128.9050532322304,23.83085995900075,adcp linear at epoch+300s
1740686400.Thu.Feb.27_20_00_00.GMT.2025.CACO04.c2.timex.jpg,c2,1740686400,2025-02-27T20:00:00+00:00,0.0,1.5757920084340453,6.125574272588055,151.74739902471404,34.21918719853405,adcp linear at epoch+300s
1740688200.Thu.Feb.27_20_30_00.GMT.2025.CACO04.c2.timex.jpg,c2,1740688200,2025-02-27T20:30:00+00:00,30.0,1.6169773304727986,6.430868167202571,139.03407118055554,32.7352206872811,adcp linear at epoch+300s
1740690000.Thu.Feb.27_21_00_00.GMT.2025.CACO04.c2.timex.jpg,c2,1740690000,2025-02-27T21:00:00+00:00,0.0,1.6291806618476339,6.430868167202571,144.0735964307598,40.10413145342704,adcp linear at epoch+300s
1740691800.Thu.Feb.27_21_30_00.GMT.2025.CACO04.c2.timex.jpg,c2,1740691800,2025-02-27T21:30:00+00:00,30.0,1.4964740399028809,6.768189509306261,123.24668734681372,25.07805478897235,adcp linear at epoch+300s
1740693600.Thu.Feb.27_22_00_00.GMT.2025.CACO04.c2.timex.jpg,c2,1740693600,2025-02-27T22:00:00+00:00,0.0,1.3800711636025758,6.768189509306261,86.45758016748366,12.895779067384597,adcp linear at epoch+300s
1740695400.Thu.Feb.27_22_30_00.GMT.2025.CACO04.c2.timex.jpg,c2,1740695400,2025-02-27T22:30:00+00:00,30.0,1.3451870155245096,9.876543209876544,11.324790007148692,0.9830410008632344,adcp linear at epoch+300s
1740697200.Thu.Feb.27_23_00_00.GMT.2025.CACO04.c2.timex.jpg,c2,1740697200,2025-02-27T23:00:00+00:00,0.0,1.3046784782121523,9.876543209876544,1.2765522875816994e-05,0.0002553104575163,adcp linear at epoch+300s
1740699000.Thu.Feb.27_23_30_00.GMT.2025.CACO04.c2.timex.jpg,c2,1740699000,2025-02-27T23:30:00+00:00,30.0,1.2360479947283403,8.032128514056225,1.2765522875816994e-05,0.0002553104575163,adcp linear at epoch+300s
1740700800.Fri.Feb.28_00_00_00.GMT.2025.CACO04.c2.timex.jpg,c2,1740700800,2025-02-28T00:00:00+00:00,0.0,1.177853642212406,8.032128514056225,1.2765522875816994e-05,0.0002553104575163,adcp linear at epoch+300s
1740702600.Fri.Feb.28_00_30_00.GMT.2025.CACO04.c2.timex.jpg,c2,1740702600,2025-02-28T00:30:00+00:00,30.0,1.1718399445358603,9.174311926605505,1.2765522875816994e-05,0.0002553104575163,adcp linear at epoch+300s
1740704400.Fri.Feb.28_01_00_00.GMT.2025.CACO04.c2.timex.jpg,c2,1740704400,2025-02-28T01:00:00+00:00,0.0,1.1661257405853844,9.174311926605505,1.2765522875816994e-05,0.0002553104575163,adcp linear at epoch+300s
1740706200.Fri.Feb.28_01_30_00.GMT.2025.CACO04.c2.timex.jpg,c2,1740706200,2025-02-28T01:30:00+00:00,30.0,1.1619090052652579,9.174311926605505,1.2765522875816994e-05,0.0002553104575163,adcp linear at epoch+300s
1740708000.Fri.Feb.28_02_00_00.GMT.2025.CACO04.c2.timex.jpg,c2,1740708000,2025-02-28T02:00:00+00:00,0.0,1.1645625659893348,9.174311926605505,1.2765522875816994e-05,0.0002553104575163,adcp linear at epoch+300s
1740709800.Fri.Feb.28_02_30_00.GMT.2025.CACO04.c2.timex.jpg,c2,1740709800,2025-02-28T02:30:00+00:00,30.0,1.2015676069344294,8.032128514056225,1.2765522875816994e-05,0.0002553104575163,adcp linear at epoch+300s
1740711600.Fri.Feb.28_03_00_00.GMT.2025.CACO04.c2.timex.jpg,c2,1740711600,2025-02-28T03:00:00+00:00,0.0,1.22996412506303,8.032128514056225,1.2765522875816994e-05,0.0002553104575163,adcp linear at epoch+300s
1740742200.Fri.Feb.28_11_30_00.GMT.2025.CACO04.c2.timex.jpg,c2,1740742200,2025-02-28T11:30:00+00:00,30.0,0.8780020064380675,9.876543209876544,162.5553768382353,66.79758547965572,adcp linear at epoch+300s
1740744000.Fri.Feb.28_12_00_00.GMT.2025.CACO04.c2.timex.jpg,c2,1740744000,2025-02-28T12:00:00+00:00,0.0,0.8287603622112254,9.876543209876544,127.25683912888071,121.31483176991097,adcp linear at epoch+300s
1740745800.Fri.Feb.28_12_30_00.GMT.2025.CACO04.c2.timex.jpg,c2,1740745800,2025-02-28T12:30:00+00:00,30.0,0.8225895267400877,9.876543209876544,139.1154354319853,154.47328565149112,adcp linear at epoch+300s
1740747600.Fri.Feb.28_13_00_00.GMT.2025.CACO04.c2.timex.jpg,c2,1740747600,2025-02-28T13:00:00+00:00,0.0,0.8212148737352626,9.876543209876544,142.30479600694446,134.9739902185311,adcp linear at epoch+300s
1740749400.Fri.Feb.28_13_30_00.GMT.2025.CACO04.c2.timex.jpg,c2,1740749400,2025-02-28T13:30:00+00:00,30.0,0.8438211330620013,9.876543209876544,142.84438189338235,127.61904001061798,adcp linear at epoch+300s
1740751200.Fri.Feb.28_14_00_00.GMT.2025.CACO04.c2.timex.jpg,c2,1740751200,2025-02-28T14:00:00+00:00,0.0,0.8572646189379511,9.876543209876544,142.27943729575162,118.46062771948812,adcp linear at epoch+300s
1740753000.Fri.Feb.28_14_30_00.GMT.2025.CACO04.c2.timex.jpg,c2,1740753000,2025-02-28T14:30:00+00:00,30.0,0.8248942375599565,8.565310492505352,143.47188712724673,131.7890162117799,adcp linear at epoch+300s
1740754800.Fri.Feb.28_15_00_00.GMT.2025.CACO04.c2.timex.jpg,c2,1740754800,2025-02-28T15:00:00+00:00,0.0,0.8034971047689855,8.565310492505352,144.37144161049838,147.91973179425244,adcp linear at epoch+300s
1740756600.Fri.Feb.28_15_30_00.GMT.2025.CACO04.c2.timex.jpg,c2,1740756600,2025-02-28T15:30:00+00:00,30.0,0.8369662149131334,9.876543209876544,145.28134255004085,150.46149266466355,adcp linear at epoch+300s
1740758400.Fri.Feb.28_16_00_00.GMT.2025.CACO04.c2.timex.jpg,c2,1740758400,2025-02-28T16:00:00+00:00,0.0,0.8671609230621377,9.876543209876544,143.86965124591504,140.1724446925834,adcp linear at epoch+300s
1740760200.Fri.Feb.28_16_30_00.GMT.2025.CACO04.c2.timex.jpg,c2,1740760200,2025-02-28T16:30:00+00:00,30.0,0.8809836212354243,9.174311926605505,141.3682949091095,133.77289252220282,adcp linear at epoch+300s
1740762000.Fri.Feb.28_17_00_00.GMT.2025.CACO04.c2.timex.jpg,c2,1740762000,2025-02-28T17:00:00+00:00,0.0,0.8931955365247728,9.174311926605505,131.80801930147058,118.49231477716488,adcp linear at epoch+300s
1740763800.Fri.Feb.28_17_30_00.GMT.2025.CACO04.c2.timex.jpg,c2,1740763800,2025-02-28T17:30:00+00:00,30.0,0.8973535373944298,9.174311926605505,140.6305210886438,126.8200287718078,adcp linear at epoch+300s
1740765600.Fri.Feb.28_18_00_00.GMT.2025.CACO04.c2.timex.jpg,c2,1740765600,2025-02-28T18:00:00+00:00,0.0,0.9058060409847719,9.174311926605505,135.82885263480392,120.7934034098839,adcp linear at epoch+300s
1740767400.Fri.Feb.28_18_30_00.GMT.2025.CACO04.c2.timex.jpg,c2,1740767400,2025-02-28T18:30:00+00:00,30.0,0.9357310581785391,10.6951871657754,134.61098026450162,117.49194771998349,adcp linear at epoch+300s
1740769200.Fri.Feb.28_19_00_00.GMT.2025.CACO04.c2.timex.jpg,c2,1740769200,2025-02-28T19:00:00+00:00,0.0,0.9511781905261791,10.6951871657754,128.0702805861928,110.3842954855614,adcp linear at epoch+300s
1740771000.Fri.Feb.28_19_30_00.GMT.2025.CACO04.c2.timex.jpg,c2,1740771000,2025-02-28T19:30:00+00:00,30.0,0.8942358986431838,9.174311926605505,123.30620978860294,117.83572831790018,adcp linear at epoch+300s
1740772800.Fri.Feb.28_20_00_00.GMT.2025.CACO04.c2.timex.jpg,c2,1740772800,2025-02-28T20:00:00+00:00,0.0,0.8301889685592939,9.174311926605505,113.16781556372548,123.95087026963094,adcp linear at epoch+300s
1740774600.Fri.Feb.28_20_30_00.GMT.2025.CACO04.c2.timex.jpg,c2,1740774600,2025-02-28T20:30:00+00:00,30.0,0.7306188474709315,9.876543209876544,106.56543607026144,140.73928326058964,adcp linear at epoch+300s
1740776400.Fri.Feb.28_21_00_00.GMT.2025.CACO04.c2.timex.jpg,c2,1740776400,2025-02-28T21:00:00+00:00,0.0,0.6540313648968559,9.876543209876544,102.18409479677288,163.17317069258692,adcp linear at epoch+300s
1740778200.Fri.Feb.28_21_30_00.GMT.2025.CACO04.c2.timex.jpg,c2,1740778200,2025-02-28T21:30:00+00:00,30.0,0.6923570748942133,9.174311926605505,92.62032781862744,106.40941860464066,adcp linear at epoch+300s
1740780000.Fri.Feb.28_22_00_00.GMT.2025.CACO04.c2.timex.jpg,c2,1740780000,2025-02-28T22:00:00+00:00,0.0,0.729063603545764,9.174311926605505,90.5909064797794,36.94890171800473,adcp linear at epoch+300s
1740781800.Fri.Feb.28_22_30_00.GMT.2025.CACO04.c2.timex.jpg,c2,1740781800,2025-02-28T22:30:00+00:00,30.0,0.757674225468282,9.876543209876544,35.04774624693628,4.580553465943868,adcp linear at epoch+300s
1740783600.Fri.Feb.28_23_00_00.GMT.2025.CACO04.c2.timex.jpg,c2,1740783600,2025-02-28T23:00:00+00:00,0.0,0.7934753733696719,9.876543209876544,0.099328533496732,0.2874572354067014,adcp linear at epoch+300s
1740785400.Fri.Feb.28_23_30_00.GMT.2025.CACO04.c2.timex.jpg,c2,1740785400,2025-02-28T23:30:00+00:00,30.0,0.8652291511654221,9.174311926605505,1.2765522875816994e-05,0.0002553104575163,adcp linear at epoch+300s
1740787200.Sat.Mar.01_00_00_00.GMT.2025.CACO04.c2.timex.jpg,c2,1740787200,2025-03-01T00:00:00+00:00,0.0,0.9219449475466267,9.174311926605505,1.2765522875816994e-05,0.0002553104575163,adcp linear at epoch+300s
1740789000.Sat.Mar.01_00_30_00.GMT.2025.CACO04.c2.timex.jpg,c2,1740789000,2025-03-01T00:30:00+00:00,30.0,0.9034708368551034,6.125574272588055,2.8722426470588235e-05,0.0003893484477124,adcp linear at epoch+300s
1740790800.Sat.Mar.01_01_00_00.GMT.2025.CACO04.c2.timex.jpg,c2,1740790800,2025-03-01T01:00:00+00:00,0.0,0.892847186622377,6.125574272588055,1.5956903594771243e-05,0.0002680759803921,adcp linear at epoch+300s
1740792600.Sat.Mar.01_01_30_00.GMT.2025.CACO04.c2.timex.jpg,c2,1740792600,2025-03-01T01:30:00+00:00,30.0,0.9214758386836351,8.032128514056225,9.574142156862743e-06,0.0001914828431372,adcp linear at epoch+300s
1740794400.Sat.Mar.01_02_00_00.GMT.2025.CACO04.c2.timex.jpg,c2,1740794400,2025-03-01T02:00:00+00:00,0.0,0.9454485517996227,8.032128514056225,9.574142156862743e-06,0.0001914828431372,adcp linear at epoch+300s
1740796200.Sat.Mar.01_02_30_00.GMT.2025.CACO04.c2.timex.jpg,c2,1740796200,2025-03-01T02:30:00+00:00,30.0,0.9461415701892574,8.565310492505352,3.1913807189542485e-05,0.0004914726307189,adcp linear at epoch+300s
1740798000.Sat.Mar.01_03_00_00.GMT.2025.CACO04.c2.timex.jpg,c2,1740798000,2025-03-01T03:00:00+00:00,0.0,0.9585807737141009,8.565310492505352,1.2765522875816994e-05,0.0002553104575163,adcp linear at epoch+300s
1740828600.Sat.Mar.01_11_30_00.GMT.2025.CACO04.c2.timex.jpg,c2,1740828600,2025-03-01T11:30:00+00:00,30.0,0.9925731653113932,4.439511653718091,147.23123787275327,40.287932579100506,adcp linear at epoch+300s
1740830400.Sat.Mar.01_12_00_00.GMT.2025.CACO04.c2.timex.jpg,c2,1740830400,2025-03-01T12:00:00+00:00,0.0,1.091196185126047,4.439511653718091,151.71640752655227,49.49451720755817,adcp linear at epoch+300s
1740832200.Sat.Mar.01_12_30_00.GMT.2025.CACO04.c2.timex.jpg,c2,1740832200,2025-03-01T12:30:00+00:00,30.0,1.0513917387141616,4.950495049504951,156.8313578686683,60.73590033332096,adcp linear at epoch+300s
1740834000.Sat.Mar.01_13_00_00.GMT.2025.CACO04.c2.timex.jpg,c2,1740834000,2025-03-01T13:00:00+00:00,0.0,1.0273564329029252,4.950495049504951,152.03201912275327,134.03943633931354,adcp linear at epoch+300s
1740835800.Sat.Mar.01_13_30_00.GMT.2025.CACO04.c2.timex.jpg,c2,1740835800,2025-03-01T13:30:00+00:00,30.0,1.0821668300949352,4.767580452920143,145.03142552593954,108.49236985723428,adcp linear at epoch+300s
1740837600.Sat.Mar.01_14_00_00.GMT.2025.CACO04.c2.timex.jpg,c2,1740837600,2025-03-01T14:00:00+00:00,0.0,1.1464938557958595,4.767580452920143,147.73684193729576,82.64692897250517,adcp linear at epoch+300s
1740839400.Sat.Mar.01_14_30_00.GMT.2025.CACO04.c2.timex.jpg,c2,1740839400,2025-03-01T14:30:00+00:00,30.0,1.2584040240413545,5.361930294906166,146.95578022875816,113.6039328273763,adcp linear at epoch+300s
1740841200.Sat.Mar.01_15_00_00.GMT.2025.CACO04.c2.timex.jpg,c2,1740841200,2025-03-01T15:00:00+00:00,0.0,1.3610061373508262,5.361930294906166,145.60269544015523,101.95620800274604,adcp linear at epoch+300s
1740843000.Sat.Mar.01_15_30_00.GMT.2025.CACO04.c2.timex.jpg,c2,1740843000,2025-03-01T15:30:00+00:00,30.0,1.4170679759801816,5.594405594405594,144.9622842626634,101.19448474328506,adcp linear at epoch+300s
1740844800.Sat.Mar.01_16_00_00.GMT.2025.CACO04.c2.timex.jpg,c2,1740844800,2025-03-01T16:00:00+00:00,0.0,1.4626746195375309,5.594405594405594,143.74827346303104,96.8419568409623,adcp linear at epoch+300s
1740846600.Sat.Mar.01_16_30_00.GMT.2025.CACO04.c2.timex.jpg,c2,1740846600,2025-03-01T16:30:00+00:00,30.0,1.4560052877348497,6.125574272588055,146.06573606004903,99.13743626131824,adcp linear at epoch+300s
1740848400.Sat.Mar.01_17_00_00.GMT.2025.CACO04.c2.timex.jpg,c2,1740848400,2025-03-01T17:00:00+00:00,0.0,1.4532736538651045,6.125574272588055,121.09692861519608,64.27471412903087,adcp linear at epoch+300s
1740850200.Sat.Mar.01_17_30_00.GMT.2025.CACO04.c2.timex.jpg,c2,1740850200,2025-03-01T17:30:00+00:00,30.0,1.4702305096600388,6.768189509306261,140.42273986417484,89.22773707206828,adcp linear at epoch+300s
1740852000.Sat.Mar.01_18_00_00.GMT.2025.CACO04.c2.timex.jpg,c2,1740852000,2025-03-01T18:00:00+00:00,0.0,1.4858889387769791,6.768189509306261,137.51287402982027,83.71088178355699,adcp linear at epoch+300s
1740853800.Sat.Mar.01_18_30_00.GMT.2025.CACO04.c2.timex.jpg,c2,1740853800,2025-03-01T18:30:00+00:00,30.0,1.4950552345039512,6.768189509306261,130.83889271854576,77.74476607984835,adcp linear at epoch+300s
1740855600.Sat.Mar.01_19_00_00.GMT.2025.CACO04.c2.timex.jpg,c2,1740855600,2025-03-01T19:00:00+00:00,0.0,1.4950681473447773,6.768189509306261,123.07387088950163,34.87294154394503,adcp linear at epoch+300s
1740857400.Sat.Mar.01_19_30_00.GMT.2025.CACO04.c2.timex.jpg,c2,1740857400,2025-03-01T19:30:00+00:00,30.0,1.4493141457548755,7.142857142857142,153.5799249387255,54.72090089278869,adcp linear at epoch+300s
1740859200.Sat.Mar.01_20_00_00.GMT.2025.CACO04.c2.timex.jpg,c2,1740859200,2025-03-01T20:00:00+00:00,0.0,1.3936501314126402,7.142857142857142,127.57648463031046,32.68256247194856,adcp linear at epoch+300s
1740861000.Sat.Mar.01_20_30_00.GMT.2025.CACO04.c2.timex.jpg,c2,1740861000,2025-03-01T20:30:00+00:00,30.0,1.2884360533087382,7.142857142857142,135.58770871629903,40.21007576524089,adcp linear at epoch+300s
1740862800.Sat.Mar.01_21_00_00.GMT.2025.CACO04.c2.timex.jpg,c2,1740862800,2025-03-01T21:00:00+00:00,0.0,1.2064565295178613,7.142857142857142,127.31668070874184,32.755233207289365,adcp linear at epoch+300s
1740864600.Sat.Mar.01_21_30_00.GMT.2025.CACO04.c2.timex.jpg,c2,1740864600,2025-03-01T21:30:00+00:00,30.0,1.2406497772921095,6.768189509306261,103.24100349775328,20.7229867743134,adcp linear at epoch+300s
1740866400.Sat.Mar.01_22_00_00.GMT.2025.CACO04.c2.timex.jpg,c2,1740866400,2025-03-01T22:00:00+00:00,0.0,1.2564047491492425,6.768189509306261,111.48852698631536,31.4372922265854,adcp linear at epoch+300s
1740868200.Sat.Mar.01_22_30_00.GMT.2025.CACO04.c2.timex.jpg,c2,1740868200,2025-03-01T22:30:00+00:00,30.0,1.1799683414207984,7.142857142857142,38.64961831086601,3.974759318551655,adcp linear at epoch+300s
1740870000.Sat.Mar.01_23_00_00.GMT.2025.CACO04.c2.timex.jpg,c2,1740870000,2025-03-01T23:00:00+00:00,0.0,1.098529247834187,7.142857142857142,0.3296153747957516,0.591650065620419,adcp linear at epoch+300s
1740871800.Sat.Mar.01_23_30_00.GMT.2025.CACO04.c2.timex.jpg,c2,1740871800,2025-03-01T23:30:00+00:00,30.0,0.9920767249567402,7.561436672967865,9.574142156862743e-06,0.0001914828431372,adcp linear at epoch+300s
1740873600.Sun.Mar.02_00_00_00.GMT.2025.CACO04.c2.timex.jpg,c2,1740873600,2025-03-02T00:00:00+00:00,0.0,0.9136058707546637,7.561436672967865,3.1913807189542485e-06,6.382761437908497e-05,adcp linear at epoch+300s
1740875400.Sun.Mar.02_00_30_00.GMT.2025.CACO04.c2.timex.jpg,c2,1740875400,2025-03-02T00:30:00+00:00,30.0,0.9750433599294398,4.291845493562232,3.1913807189542485e-06,6.382761437908497e-05,adcp linear at epoch+300s
1740877200.Sun.Mar.02_01_00_00.GMT.2025.CACO04.c2.timex.jpg,c2,1740877200,2025-03-02T01:00:00+00:00,0.0,1.0217775889050196,4.291845493562232,3.1913807189542485e-06,6.382761437908497e-05,adcp linear at epoch+300s
1740879000.Sun.Mar.02_01_30_00.GMT.2025.CACO04.c2.timex.jpg,c2,1740879000,2025-03-02T01:30:00+00:00,30.0,0.9949955168846188,6.430868167202571,3.1913807189542485e-06,6.382761437908497e-05,adcp linear at epoch+300s
1740880800.Sun.Mar.02_02_00_00.GMT.2025.CACO04.c2.timex.jpg,c2,1740880800,2025-03-02T02:00:00+00:00,0.0,0.9829932543507542,6.430868167202571,3.1913807189542485e-06,6.382761437908497e-05,adcp linear at epoch+300s
1740882600.Sun.Mar.02_02_30_00.GMT.2025.CACO04.c2.timex.jpg,c2,1740882600,2025-03-02T02:30:00+00:00,30.0,1.044890039249571,4.439511653718091,3.1913807189542485e-06,6.382761437908497e-05,adcp linear at epoch+300s
1740884400.Sun.Mar.02_03_00_00.GMT.2025.CACO04.c2.timex.jpg,c2,1740884400,2025-03-02T03:00:00+00:00,0.0,1.0921180931705674,4.439511653718091,3.1913807189542485e-06,6.382761437908497e-05,adcp linear at epoch+300s
1740915000.Sun.Mar.02_11_30_00.GMT.2025.CACO04.c2.timex.jpg,c2,1740915000,2025-03-02T11:30:00+00:00,30.0,1.0146179703390017,7.142857142857142,161.09720945669935,60.1399857042957,adcp linear at epoch+300s
1740916800.Sun.Mar.02_12_00_00.GMT.2025.CACO04.c2.timex.jpg,c2,1740916800,2025-03-02T12:00:00+00:00,0.0,1.1045850138491553,7.142857142857142,140.86066431781046,47.23286909507898,adcp linear at epoch+300s
1740918600.Sun.Mar.02_12_30_00.GMT.2025.CACO04.c2.timex.jpg,c2,1740918600,2025-03-02T12:30:00+00:00,30.0,1.1549697629925517,6.430868167202571,186.93777126736111,122.1853848381092,adcp linear at epoch+300s
1740920400.Sun.Mar.02_13_00_00.GMT.2025.CACO04.c2.timex.jpg,c2,1740920400,2025-03-02T13:00:00+00:00,0.0,1.2045274543310591,6.430868167202571,142.89610140931373,120.11973575553912,adcp linear at epoch+300s
1740922200.Sun.Mar.02_13_30_00.GMT.2025.CACO04.c2.timex.jpg,c2,1740922200,2025-03-02T13:30:00+00:00,30.0,1.2499498566451215,7.142857142857142,144.28525518280227,135.91893327001415,adcp linear at epoch+300s
1740924000.Sun.Mar.02_14_00_00.GMT.2025.CACO04.c2.timex.jpg,c2,1740924000,2025-03-02T14:00:00+00:00,0.0,1.2843201183902822,7.142857142857142,141.41115834354576,116.81411829580992,adcp linear at epoch+300s
1740925800.Sun.Mar.02_14_30_00.GMT.2025.CACO04.c2.timex.jpg,c2,1740925800,2025-03-02T14:30:00+00:00,30.0,1.2634296772909352,7.142857142857142,142.33968737234477,117.83197002661642,adcp linear at epoch+300s
1740927600.Sun.Mar.02_15_00_00.GMT.2025.CACO04.c2.timex.jpg,c2,1740927600,2025-03-02T15:00:00+00:00,0.0,1.245218886736052,7.142857142857142,140.8278377757353,105.79588532429484,adcp linear at epoch+300s
1740929400.Sun.Mar.02_15_30_00.GMT.2025.CACO04.c2.timex.jpg,c2,1740929400,2025-03-02T15:30:00+00:00,30.0,1.240406348903486,6.768189509306261,141.3098032832925,104.77044291415616,adcp linear at epoch+300s
1740931200.Sun.Mar.02_16_00_00.GMT.2025.CACO04.c2.timex.jpg,c2,1740931200,2025-03-02T16:00:00+00:00,0.0,1.2256355425081757,6.768189509306261,139.40285437091504,104.42855681193228,adcp linear at epoch+300s
1740933000.Sun.Mar.02_16_30_00.GMT.2025.CACO04.c2.timex.jpg,c2,1740933000,2025-03-02T16:30:00+00:00,30.0,1.161073393299146,6.430868167202571,138.8796466503268,100.06821937687124,adcp linear at epoch+300s
1740934800.Sun.Mar.02_17_00_00.GMT.2025.CACO04.c2.timex.jpg,c2,1740934800,2025-03-02T17:00:00+00:00,0.0,1.1052051203586675,6.430868167202571,139.29392935559642,105.88602623275864,adcp linear at epoch+300s
1740936600.Sun.Mar.02_17_30_00.GMT.2025.CACO04.c2.timex.jpg,c2,1740936600,2025-03-02T17:30:00+00:00,30.0,1.0928062287609461,9.876543209876544,137.5313202103758,97.03333857095228,adcp linear at epoch+300s
1740938400.Sun.Mar.02_18_00_00.GMT.2025.CACO04.c2.timex.jpg,c2,1740938400,2025-03-02T18:00:00+00:00,0.0,1.0730024222632693,9.876543209876544,137.83370672487746,111.8132109035212,adcp linear at epoch+300s
1740940200.Sun.Mar.02_18_30_00.GMT.2025.CACO04.c2.timex.jpg,c2,1740940200,2025-03-02T18:30:00+00:00,30.0,1.0161740412658153,5.594405594405594,135.87763288909315,113.05890653683274,adcp linear at epoch+300s
1740942000.Sun.Mar.02_19_00_00.GMT.2025.CACO04.c2.timex.jpg,c2,1740942000,2025-03-02T19:00:00+00:00,0.0,0.963763102459816,5.594405594405594,131.85586128982845,115.00045528213872,adcp linear at epoch+300s
1740943800.Sun.Mar.02_19_30_00.GMT.2025.CACO04.c2.timex.jpg,c2,1740943800,2025-03-02T19:30:00+00:00,30.0,0.9334393746110898,9.876543209876544,122.76190065870098,121.48434629773968,adcp linear at epoch+300s
1740945600.Sun.Mar.02_20_00_00.GMT.2025.CACO04.c2.timex.jpg,c2,1740945600,2025-03-02T20:00:00+00:00,0.0,0.9020791250090522,9.876543209876544,116.85491983251634,133.31177039339735,adcp linear at epoch+300s
1740947400.Sun.Mar.02_20_30_00.GMT.2025.CACO04.c2.timex.jpg,c2,1740947400,2025-03-02T20:30:00+00:00,30.0,0.8655362666404575,5.361930294906166,108.15271075878267,139.53047328222632,adcp linear at epoch+300s
1740949200.Sun.Mar.02_21_00_00.GMT.2025.CACO04.c2.timex.jpg,c2,1740949200,2025-03-02T21:00:00+00:00,0.0,0.828026664461307,5.361930294906166,104.67357281454248,167.1859260178309,adcp linear at epoch+300s
1740951000.Sun.Mar.02_21_30_00.GMT.2025.CACO04.c2.timex.jpg,c2,1740951000,2025-03-02T21:30:00+00:00,30.0,0.7856833432293776,5.361930294906166,100.57398577920752,159.08101956168764,adcp linear at epoch+300s
1740952800.Sun.Mar.02_22_00_00.GMT.2025.CACO04.c2.timex.jpg,c2,1740952800,2025-03-02T22:00:00+00:00,0.0,0.7403206600110803,5.361930294906166,94.47064248876634,92.63005432558462,adcp linear at epoch+300s
1740954600.Sun.Mar.02_22_30_00.GMT.2025.CACO04.c2.timex.jpg,c2,1740954600,2025-03-02T22:30:00+00:00,30.0,0.6798611668609434,9.876543209876544,59.7346781811683,10.353678029260516,adcp linear at epoch+300s
1740956400.Sun.Mar.02_23_00_00.GMT.2025.CACO04.c2.timex.jpg,c2,1740956400,2025-03-02T23:00:00+00:00,0.0,0.6264666442145372,9.876543209876544,0.6843150020424836,1.0224800843176862,adcp linear at epoch+300s
1740958200.Sun.Mar.02_23_30_00.GMT.2025.CACO04.c2.timex.jpg,c2,1740958200,2025-03-02T23:30:00+00:00,30.0,0.6083969740867851,5.594405594405594,0.0,0.0,adcp linear at epoch+300s
1740960000.Mon.Mar.03_00_00_00.GMT.2025.CACO04.c2.timex.jpg,c2,1740960000,2025-03-03T00:00:00+00:00,0.0,0.600583748947018,5.594405594405594,0.0,0.0,adcp linear at epoch+300s
1740961800.Mon.Mar.03_00_30_00.GMT.2025.CACO04.c2.timex.jpg,c2,1740961800,2025-03-03T00:30:00+00:00,30.0,0.6440527487471764,5.361930294906166,0.0,0.0,adcp linear at epoch+300s
1740963600.Mon.Mar.03_01_00_00.GMT.2025.CACO04.c2.timex.jpg,c2,1740963600,2025-03-03T01:00:00+00:00,0.0,0.6866515680290282,5.361930294906166,0.0,0.0,adcp linear at epoch+300s
1740965400.Mon.Mar.03_01_30_00.GMT.2025.CACO04.c2.timex.jpg,c2,1740965400,2025-03-03T01:30:00+00:00,30.0,0.7248994847193462,5.594405594405594,0.0,0.0,adcp linear at epoch+300s
1740967200.Mon.Mar.03_02_00_00.GMT.2025.CACO04.c2.timex.jpg,c2,1740967200,2025-03-03T02:00:00+00:00,0.0,0.7689008102583247,5.594405594405594,0.0,0.0,adcp linear at epoch+300s
1740969000.Mon.Mar.03_02_30_00.GMT.2025.CACO04.c2.timex.jpg,c2,1740969000,2025-03-03T02:30:00+00:00,30.0,0.8416691800406059,5.847953216374269,0.0,0.0,adcp linear at epoch+300s
1740970800.Mon.Mar.03_03_00_00.GMT.2025.CACO04.c2.timex.jpg,c2,1740970800,2025-03-03T03:00:00+00:00,0.0,0.9162049291710234,5.847953216374269,0.0,0.0,adcp linear at epoch+300s
1741001400.Mon.Mar.03_11_30_00.GMT.2025.CACO04.c2.timex.jpg,c2,1741001400,2025-03-03T11:30:00+00:00,30.0,0.7019155453449211,5.847953216374269,175.18848613664215,74.81625564375692,adcp linear at epoch+300s
1741003200.Mon.Mar.03_12_00_00.GMT.2025.CACO04.c2.timex.jpg,c2,1741003200,2025-03-03T12:00:00+00:00,0.0,0.6178710455086104,5.847953216374269,150.76182406556373,88.72438675418526,adcp linear at epoch+300s
1741005000.Mon.Mar.03_12_30_00.GMT.2025.CACO04.c2.timex.jpg,c2,1741005000,2025-03-03T12:30:00+00:00,30.0,0.5643564764851564,5.361930294906166,144.3234145220588,152.94290499401205,adcp linear at epoch+300s
1741006800.Mon.Mar.03_13_00_00.GMT.2025.CACO04.c2.timex.jpg,c2,1741006800,2025-03-03T13:00:00+00:00,0.0,0.5192476741356449,5.361930294906166,151.9318927440768,149.94073278062996,adcp linear at epoch+300s
1741008600.Mon.Mar.03_13_30_00.GMT.2025.CACO04.c2.timex.jpg,c2,1741008600,2025-03-03T13:30:00+00:00,30.0,0.5161677051558455,5.148005148005149,141.89523654513889,91.1527733412306,adcp linear at epoch+300s
1741010400.Mon.Mar.03_14_00_00.GMT.2025.CACO04.c2.timex.jpg,c2,1741010400,2025-03-03T14:00:00+00:00,0.0,0.5201791980861594,5.148005148005149,172.35744421466504,130.39199389488218,adcp linear at epoch+300s
1741012200.Mon.Mar.03_14_30_00.GMT.2025.CACO04.c2.timex.jpg,c2,1741012200,2025-03-03T14:30:00+00:00,30.0,0.5596480005670388,5.847953216374269,139.46483417585785,54.80796471800725,adcp linear at epoch+300s
1741014000.Mon.Mar.03_15_00_00.GMT.2025.CACO04.c2.timex.jpg,c2,1741014000,2025-03-03T15:00:00+00:00,0.0,0.6250479295398703,5.847953216374269,151.86839065053104,56.66599276109723,adcp linear at epoch+300s
1741015800.Mon.Mar.03_15_30_00.GMT.2025.CACO04.c2.timex.jpg,c2,1741015800,2025-03-03T15:30:00+00:00,30.0,0.8201034909724623,4.950495049504951,174.4859611162173,87.34133190577867,adcp linear at epoch+300s
1741017600.Mon.Mar.03_16_00_00.GMT.2025.CACO04.c2.timex.jpg,c2,1741017600,2025-03-03T16:00:00+00:00,0.0,0.9903169053758819,4.950495049504951,135.04922704758988,41.63560410747514,adcp linear at epoch+300s
1741019400.Mon.Mar.03_16_30_00.GMT.2025.CACO04.c2.timex.jpg,c2,1741019400,2025-03-03T16:30:00+00:00,30.0,1.0363195846334405,4.767580452920143,131.5869332107843,37.4146297899222,adcp linear at epoch+300s
1741021200.Mon.Mar.03_17_00_00.GMT.2025.CACO04.c2.timex.jpg,c2,1741021200,2025-03-03T17:00:00+00:00,0.0,1.0687529592248566,4.767580452920143,142.2557253370098,41.76275705929634,adcp linear at epoch+300s
1741023000.Mon.Mar.03_17_30_00.GMT.2025.CACO04.c2.timex.jpg,c2,1741023000,2025-03-03T17:30:00+00:00,30.0,1.0333398104855591,5.594405594405594,184.9829580269608,82.23065474566127,adcp linear at epoch+300s
1741024800.Mon.Mar.03_18_00_00.GMT.2025.CACO04.c2.timex.jpg,c2,1741024800,2025-03-03T18:00:00+00:00,0.0,0.9936404754797973,5.594405594405594,134.780863842933,55.16253439165747,adcp linear at epoch+300s
1741026600.Mon.Mar.03_18_30_00.GMT.2025.CACO04.c2.timex.jpg,c2,1741026600,2025-03-03T18:30:00+00:00,30.0,0.9325102091417132,5.148005148005149,168.71318423202615,156.407770009943,adcp linear at epoch+300s
1741028400.Mon.Mar.03_19_00_00.GMT.2025.CACO04.c2.timex.jpg,c2,1741028400,2025-03-03T19:00:00+00:00,0.0,0.89001406124044,5.148005148005149,121.93562985089868,82.80708319049322,adcp linear at epoch+300s
1741030200.Mon.Mar.03_19_30_00.GMT.2025.CACO04.c2.timex.jpg,c2,1741030200,2025-03-03T19:30:00+00:00,30.0,0.9406885055232206,5.361930294906166,129.14049734477123,127.31862149499727,adcp linear at epoch+300s
1741032000.Mon.Mar.03_20_00_00.GMT.2025.CACO04.c2.timex.jpg,c2,1741032000,2025-03-03T20:00:00+00:00,0.0,0.9656080962680804,5.361930294906166,122.06346379697712,152.0838600662478,adcp linear at epoch+300s
1741033800.Mon.Mar.03_20_30_00.GMT.2025.CACO04.c2.timex.jpg,c2,1741033800,2025-03-03T20:30:00+00:00,30.0,0.8617534193233364,5.594405594405594,112.175395092933,162.12221819886264,adcp linear at epoch+300s
1741035600.Mon.Mar.03_21_00_00.GMT.2025.CACO04.c2.timex.jpg,c2,1741035600,2025-03-03T21:00:00+00:00,0.0,0.7623562556487655,5.594405594405594,104.82790798611111,186.32018757407275,adcp linear at epoch+300s
1741037400.Mon.Mar.03_21_30_00.GMT.2025.CACO04.c2.timex.jpg,c2,1741037400,2025-03-03T21:30:00+00:00,30.0,0.6852466583250599,5.361930294906166,101.85816865808825,161.13240716815773,adcp linear at epoch+300s
1741039200.Mon.Mar.03_22_00_00.GMT.2025.CACO04.c2.timex.jpg,c2,1741039200,2025-03-03T22:00:00+00:00,0.0,0.6186210309856014,5.361930294906166,93.75324563419116,92.174912440924,adcp linear at epoch+300s
1741041000.Mon.Mar.03_22_30_00.GMT.2025.CACO04.c2.timex.jpg,c2,1741041000,2025-03-03T22:30:00+00:00,30.0,0.6044152535673775,5.148005148005149,72.43878931781046,12.892117909086757,adcp linear at epoch+300s
1741042800.Mon.Mar.03_23_00_00.GMT.2025.CACO04.c2.timex.jpg,c2,1741042800,2025-03-03T23:00:00+00:00,0.0,0.5849244507026906,5.148005148005149,1.0180600234885622,0.4327033511026592,adcp linear at epoch+300s
1741044600.Mon.Mar.03_23_30_00.GMT.2025.CACO04.c2.timex.jpg,c2,1741044600,2025-03-03T23:30:00+00:00,30.0,0.5390085206056892,4.950495049504951,0.0,0.0,adcp linear at epoch+300s
1741046400.Tue.Mar.04_00_00_00.GMT.2025.CACO04.c2.timex.jpg,c2,1741046400,2025-03-04T00:00:00+00:00,0.0,0.49501116776143167,4.950495049504951,0.0,0.0,adcp linear at epoch+300s
1741048200.Tue.Mar.04_00_30_00.GMT.2025.CACO04.c2.timex.jpg,c2,1741048200,2025-03-04T00:30:00+00:00,30.0,0.4606067011808943,5.148005148005149,0.0,0.0,adcp linear at epoch+300s
1741050000.Tue.Mar.04_01_00_00.GMT.2025.CACO04.c2.timex.jpg,c2,1741050000,2025-03-04T01:00:00+00:00,0.0,0.42979624046273407,5.148005148005149,0.0,0.0,adcp linear at epoch+300s
1741051800.Tue.Mar.04_01_30_00.GMT.2025.CACO04.c2.timex.jpg,c2,1741051800,2025-03-04T01:30:00+00:00,30.0,0.41695580905645907,4.950495049504951,0.0,0.0,adcp linear at epoch+300s
1741053600.Tue.Mar.04_02_00_00.GMT.2025.CACO04.c2.timex.jpg,c2,1741053600,2025-03-04T02:00:00+00:00,0.0,0.40222861559539486,4.950495049504951,0.0,0.0,adcp linear at epoch+300s
1741055400.Tue.Mar.04_02_30_00.GMT.2025.CACO04.c2.timex.jpg,c2,1741055400,2025-03-04T02:30:00+00:00,30.0,0.3780676118603846,4.597701149425287,0.0,0.0,adcp linear at epoch+300s
1741057200.Tue.Mar.04_03_00_00.GMT.2025.CACO04.c2.timex.jpg,c2,1741057200,2025-03-04T03:00:00+00:00,0.0,0.3521573638712525,4.597701149425287,0.0,0.0,adcp linear at epoch+300s
1741087800.Tue.Mar.04_11_30_00.GMT.2025.CACO04.c2.timex.jpg,c2,1741087800,2025-03-04T11:30:00+00:00,30.0,0.2618028187902155,9.174311926605505,134.15278735191993,111.21594203293029,adcp linear at epoch+300s
1741089600.Tue.Mar.04_12_00_00.GMT.2025.CACO04.c2.timex.jpg,c2,1741089600,2025-03-04T12:00:00+00:00,0.0,0.2802311511584912,9.174311926605505,143.33559283088235,202.34583590751663,adcp linear at epoch+300s
1741091400.Tue.Mar.04_12_30_00.GMT.2025.CACO04.c2.timex.jpg,c2,1741091400,2025-03-04T12:30:00+00:00,30.0,0.23439477866874953,9.876543209876544,143.62745417177288,185.93593903251744,adcp linear at epoch+300s
1741093200.Tue.Mar.04_13_00_00.GMT.2025.CACO04.c2.timex.jpg,c2,1741093200,2025-03-04T13:00:00+00:00,0.0,0.19481816659947992,9.876543209876544,143.9516793045343,170.48907229552952,adcp linear at epoch+300s
1741095000.Tue.Mar.04_13_30_00.GMT.2025.CACO04.c2.timex.jpg,c2,1741095000,2025-03-04T13:30:00+00:00,30.0,0.18654035663257068,9.174311926605505,139.65362987642973,132.9805370691499,adcp linear at epoch+300s
1741096800.Tue.Mar.04_14_00_00.GMT.2025.CACO04.c2.timex.jpg,c2,1741096800,2025-03-04T14:00:00+00:00,0.0,0.17911694174611634,9.174311926605505,145.8807253370098,147.79381550523016,adcp linear at epoch+300s
1741098600.Tue.Mar.04_14_30_00.GMT.2025.CACO04.c2.timex.jpg,c2,1741098600,2025-03-04T14:30:00+00:00,30.0,0.1759655022619364,9.174311926605505,139.47433491625816,119.76665112015796,adcp linear at epoch+300s
1741100400.Tue.Mar.04_15_00_00.GMT.2025.CACO04.c2.timex.jpg,c2,1741100400,2025-03-04T15:00:00+00:00,0.0,0.1919971176330656,9.174311926605505,143.75928053513073,126.72626082550596,adcp linear at epoch+300s
1741102200.Tue.Mar.04_15_30_00.GMT.2025.CACO04.c2.timex.jpg,c2,1741102200,2025-03-04T15:30:00+00:00,30.0,0.30394400728074034,9.174311926605505,142.70391007965685,116.38779000866457,adcp linear at epoch+300s
1741104000.Tue.Mar.04_16_00_00.GMT.2025.CACO04.c2.timex.jpg,c2,1741104000,2025-03-04T16:00:00+00:00,0.0,0.4049868108200241,9.174311926605505,145.6894212111928,121.6037663290158,adcp linear at epoch+300s
1741105800.Tue.Mar.04_16_30_00.GMT.2025.CACO04.c2.timex.jpg,c2,1741105800,2025-03-04T16:30:00+00:00,30.0,0.4515091838173533,3.2206119162640903,143.88619536356208,97.53838092379732,adcp linear at epoch+300s
1741107600.Tue.Mar.04_17_00_00.GMT.2025.CACO04.c2.timex.jpg,c2,1741107600,2025-03-04T17:00:00+00:00,0.0,0.4961406902799452,3.2206119162640903,139.93814465890523,98.321193347437,adcp linear at epoch+300s
1741109400.Tue.Mar.04_17_30_00.GMT.2025.CACO04.c2.timex.jpg,c2,1741109400,2025-03-04T17:30:00+00:00,30.0,0.5313178640688508,3.4812880765883376,132.06823171977123,96.82933238598734,adcp linear at epoch+300s
1741111200.Tue.Mar.04_18_00_00.GMT.2025.CACO04.c2.timex.jpg,c2,1741111200,2025-03-04T18:00:00+00:00,0.0,0.5677241972325069,3.4812880765883376,137.76791002859477,105.2046402073603,adcp linear at epoch+300s
1741113000.Tue.Mar.04_18_30_00.GMT.2025.CACO04.c2.timex.jpg,c2,1741113000,2025-03-04T18:30:00+00:00,30.0,0.6102763272699141,4.291845493562232,178.80924798304738,122.50922155700052,adcp linear at epoch+300s
1741114800.Tue.Mar.04_19_00_00.GMT.2025.CACO04.c2.timex.jpg,c2,1741114800,2025-03-04T19:00:00+00:00,0.0,0.6531982892493023,4.291845493562232,128.92122395833334,78.22907728254427,adcp linear at epoch+300s
1741116600.Tue.Mar.04_19_30_00.GMT.2025.CACO04.c2.timex.jpg,c2,1741116600,2025-03-04T19:30:00+00:00,30.0,0.6979694109385963,4.950495049504951,132.53872102226308,94.04098987685268,adcp linear at epoch+300s
1741118400.Tue.Mar.04_20_00_00.GMT.2025.CACO04.c2.timex.jpg,c2,1741118400,2025-03-04T20:00:00+00:00,0.0,0.7392945501823959,4.950495049504951,125.20693231719773,37.01411528013728,adcp linear at epoch+300s
1741120200.Tue.Mar.04_20_30_00.GMT.2025.CACO04.c2.timex.jpg,c2,1741120200,2025-03-04T20:30:00+00:00,30.0,0.7633897771987237,4.950495049504951,132.7397141799428,43.90954875147548,adcp linear at epoch+300s
1741122000.Tue.Mar.04_21_00_00.GMT.2025.CACO04.c2.timex.jpg,c2,1741122000,2025-03-04T21:00:00+00:00,0.0,0.7846642738117111,4.950495049504951,130.62833818423204,37.84717751742987,adcp linear at epoch+300s
1741123800.Tue.Mar.04_21_30_00.GMT.2025.CACO04.c2.timex.jpg,c2,1741123800,2025-03-04T21:30:00+00:00,30.0,0.7918351184079963,4.024144869215292,135.15385327308007,79.51846844663461,adcp linear at epoch+300s
1741125600.Tue.Mar.04_22_00_00.GMT.2025.CACO04.c2.timex.jpg,c2,1741125600,2025-03-04T22:00:00+00:00,0.0,0.790857954373038,4.024144869215292,116.23840890522877,34.28524543119824,adcp linear at epoch+300s
1741127400.Tue.Mar.04_22_30_00.GMT.2025.CACO04.c2.timex.jpg,c2,1741127400,2025-03-04T22:30:00+00:00,30.0,0.7491407471818621,4.950495049504951,28.221912658292485,3.088621448241201,adcp linear at epoch+300s
1741129200.Tue.Mar.04_23_00_00.GMT.2025.CACO04.c2.timex.jpg,c2,1741129200,2025-03-04T23:00:00+00:00,0.0,0.7173631050612852,4.950495049504951,1.2765522875816994e-05,0.0002553104575163,adcp linear at epoch+300s
1741131000.Tue.Mar.04_23_30_00.GMT.2025.CACO04.c2.timex.jpg,c2,1741131000,2025-03-04T23:30:00+00:00,30.0,0.735283288293703,5.361930294906166,1.2765522875816994e-05,0.0002553104575163,adcp linear at epoch+300s
1741132800.Wed.Mar.05_00_00_00.GMT.2025.CACO04.c2.timex.jpg,c2,1741132800,2025-03-05T00:00:00+00:00,0.0,0.7436655631365633,5.361930294906166,1.2765522875816994e-05,0.0002553104575163,adcp linear at epoch+300s
1741134600.Wed.Mar.05_00_30_00.GMT.2025.CACO04.c2.timex.jpg,c2,1741134600,2025-03-05T00:30:00+00:00,30.0,0.7043582960316357,5.847953216374269,1.2765522875816994e-05,0.0002553104575163,adcp linear at epoch+300s
1741136400.Wed.Mar.05_01_00_00.GMT.2025.CACO04.c2.timex.jpg,c2,1741136400,2025-03-05T01:00:00+00:00,0.0,0.6689504073639957,5.847953216374269,1.2765522875816994e-05,0.0002553104575163,adcp linear at epoch+300s
1741138200.Wed.Mar.05_01_30_00.GMT.2025.CACO04.c2.timex.jpg,c2,1741138200,2025-03-05T01:30:00+00:00,30.0,0.6530394108827939,5.361930294906166,1.2765522875816994e-05,0.0002553104575163,adcp linear at epoch+300s
1741140000.Wed.Mar.05_02_00_00.GMT.2025.CACO04.c2.timex.jpg,c2,1741140000,2025-03-05T02:00:00+00:00,0.0,0.6340659622917777,5.361930294906166,1.2765522875816994e-05,0.0002553104575163,adcp linear at epoch+300s
1741141800.Wed.Mar.05_02_30_00.GMT.2025.CACO04.c2.timex.jpg,c2,1741141800,2025-03-05T02:30:00+00:00,30.0,0.5997802531516888,5.594405594405594,1.2765522875816994e-05,0.0002553104575163,adcp linear at epoch+300s
1741143600.Wed.Mar.05_03_00_00.GMT.2025.CACO04.c2.timex.jpg,c2,1741143600,2025-03-05T03:00:00+00:00,0.0,0.5768160011721459,5.594405594405594,1.2765522875816994e-05,0.0002553104575163,adcp linear at epoch+300s
1741174200.Wed.Mar.05_11_30_00.GMT.2025.CACO04.c2.timex.jpg,c2,1741174200,2025-03-05T11:30:00+00:00,30.0,0.7607322667532573,5.594405594405594,164.97548700469773,101.27257114181076,adcp linear at epoch+300s
1741176000.Wed.Mar.05_12_00_00.GMT.2025.CACO04.c2.timex.jpg,c2,1741176000,2025-03-05T12:00:00+00:00,0.0,0.744016924706899,5.594405594405594,157.52364813112746,103.1243448564114,adcp linear at epoch+300s
1741177800.Wed.Mar.05_12_30_00.GMT.2025.CACO04.c2.timex.jpg,c2,1741177800,2025-03-05T12:30:00+00:00,30.0,0.7434070166748193,5.594405594405594,128.01980251736111,54.64457269752543,adcp linear at epoch+300s
1741179600.Wed.Mar.05_13_00_00.GMT.2025.CACO04.c2.timex.jpg,c2,1741179600,2025-03-05T13:00:00+00:00,0.0,0.7419485027995153,5.594405594405594,133.7873455371732,48.32598299198776,adcp linear at epoch+300s
1741181400.Wed.Mar.05_13_30_00.GMT.2025.CACO04.c2.timex.jpg,c2,1741181400,2025-03-05T13:30:00+00:00,30.0,0.736246959708089,5.148005148005149,146.4806538500817,44.09053299824141,adcp linear at epoch+300s
1741183200.Wed.Mar.05_14_00_00.GMT.2025.CACO04.c2.timex.jpg,c2,1741183200,2025-03-05T14:00:00+00:00,0.0,0.7306372479188911,5.148005148005149,155.86047921772877,61.328197653766495,adcp linear at epoch+300s
1741185000.Wed.Mar.05_14_30_00.GMT.2025.CACO04.c2.timex.jpg,c2,1741185000,2025-03-05T14:30:00+00:00,30.0,0.7254866926408349,5.148005148005149,144.18726064644608,43.983372888488056,adcp linear at epoch+300s
1741186800.Wed.Mar.05_15_00_00.GMT.2025.CACO04.c2.timex.jpg,c2,1741186800,2025-03-05T15:00:00+00:00,0.0,0.7202043531087683,5.148005148005149,172.4304949193219,66.7247752648324,adcp linear at epoch+300s
1741188600.Wed.Mar.05_15_30_00.GMT.2025.CACO04.c2.timex.jpg,c2,1741188600,2025-03-05T15:30:00+00:00,30.0,0.7142630923066502,5.361930294906166,145.80889373978758,45.46242775818872,adcp linear at epoch+300s
1741190400.Wed.Mar.05_16_00_00.GMT.2025.CACO04.c2.timex.jpg,c2,1741190400,2025-03-05T16:00:00+00:00,0.0,0.7093233004488526,5.361930294906166,151.67898858762254,48.08434815813992,adcp linear at epoch+300s
1741192200.Wed.Mar.05_16_30_00.GMT.2025.CACO04.c2.timex.jpg,c2,1741192200,2025-03-05T16:30:00+00:00,30.0,0.7093908533126582,5.148005148005149,169.3968194699755,70.15048317136409,adcp linear at epoch+300s
1741194000.Wed.Mar.05_17_00_00.GMT.2025.CACO04.c2.timex.jpg,c2,1741194000,2025-03-05T17:00:00+00:00,0.0,0.7130902261194882,5.148005148005149,148.93896484375,52.677909643454825,adcp linear at epoch+300s
1741195800.Wed.Mar.05_17_30_00.GMT.2025.CACO04.c2.timex.jpg,c2,1741195800,2025-03-05T17:30:00+00:00,30.0,0.7349486986414417,4.439511653718091,137.98894505718954,44.00258454319516,adcp linear at epoch+300s
1741197600.Wed.Mar.05_18_00_00.GMT.2025.CACO04.c2.timex.jpg,c2,1741197600,2025-03-05T18:00:00+00:00,0.0,0.7575394710747614,4.439511653718091,150.24173432393792,56.34429200526981,adcp linear at epoch+300s
1741199400.Wed.Mar.05_18_30_00.GMT.2025.CACO04.c2.timex.jpg,c2,1741199400,2025-03-05T18:30:00+00:00,30.0,0.7837917430649122,4.767580452920143,154.31373506433823,59.51571112424816,adcp linear at epoch+300s
1741201200.Wed.Mar.05_19_00_00.GMT.2025.CACO04.c2.timex.jpg,c2,1741201200,2025-03-05T19:00:00+00:00,0.0,0.8174837756039784,4.767580452920143,155.1821480545343,58.53508229531485,adcp linear at epoch+300s
1741203000.Wed.Mar.05_19_30_00.GMT.2025.CACO04.c2.timex.jpg,c2,1741203000,2025-03-05T19:30:00+00:00,30.0,0.8883746108876222,4.950495049504951,146.11631625306373,54.79138901425251,adcp linear at epoch+300s
1741204800.Wed.Mar.05_20_00_00.GMT.2025.CACO04.c2.timex.jpg,c2,1741204800,2025-03-05T20:00:00+00:00,0.0,0.9500202028474807,4.950495049504951,157.32164968852123,58.39549422550294,adcp linear at epoch+300s
1741206600.Wed.Mar.05_20_30_00.GMT.2025.CACO04.c2.timex.jpg,c2,1741206600,2025-03-05T20:30:00+00:00,30.0,0.9654395781884134,5.361930294906166,149.3579931321487,44.43751121639792,adcp linear at epoch+300s
1741208400.Wed.Mar.05_21_00_00.GMT.2025.CACO04.c2.timex.jpg,c2,1741208400,2025-03-05T21:00:00+00:00,0.0,0.9867629924274746,5.361930294906166,136.240824780433,37.2852803875133,adcp linear at epoch+300s
1741210200.Wed.Mar.05_21_30_00.GMT.2025.CACO04.c2.timex.jpg,c2,1741210200,2025-03-05T21:30:00+00:00,30.0,1.0376066011571783,5.847953216374269,145.7759554993873,41.98932782891438,adcp linear at epoch+300s
1741212000.Wed.Mar.05_22_00_00.GMT.2025.CACO04.c2.timex.jpg,c2,1741212000,2025-03-05T22:00:00+00:00,0.0,1.093228922211642,5.847953216374269,150.20217715992646,61.68375772999864,adcp linear at epoch+300s
1741213800.Wed.Mar.05_22_30_00.GMT.2025.CACO04.c2.timex.jpg,c2,1741213800,2025-03-05T22:30:00+00:00,30.0,1.1727448048899047,5.594405594405594,51.49365234375,6.744124580007112,adcp linear at epoch+300s
1741215600.Wed.Mar.05_23_00_00.GMT.2025.CACO04.c2.timex.jpg,c2,1741215600,2025-03-05T23:00:00+00:00,0.0,1.2297759466305762,5.594405594405594,0.9055798100490196,0.4676298245426692,adcp linear at epoch+300s
1741217400.Wed.Mar.05_23_30_00.GMT.2025.CACO04.c2.timex.jpg,c2,1741217400,2025-03-05T23:30:00+00:00,30.0,1.1743833836832915,5.361930294906166,1.2765522875816994e-05,0.0002553104575163,adcp linear at epoch+300s
1741219200.Thu.Mar.06_00_00_00.GMT.2025.CACO04.c2.timex.jpg,c2,1741219200,2025-03-06T00:00:00+00:00,0.0,1.116957694791115,5.361930294906166,1.2765522875816994e-05,0.0002553104575163,adcp linear at epoch+300s
1741221000.Thu.Mar.06_00_30_00.GMT.2025.CACO04.c2.timex.jpg,c2,1741221000,2025-03-06T00:30:00+00:00,30.0,1.0493663761744816,5.594405594405594,1.2765522875816994e-05,0.0002553104575163,adcp linear at epoch+300s
1741222800.Thu.Mar.06_01_00_00.GMT.2025.CACO04.c2.timex.jpg,c2,1741222800,2025-03-06T01:00:00+00:00,0.0,0.9867047860864555,5.594405594405594,1.2765522875816994e-05,0.0002553104575163,adcp linear at epoch+300s
1741224600.Thu.Mar.06_01_30_00.GMT.2025.CACO04.c2.timex.jpg,c2,1741224600,2025-03-06T01:30:00+00:00,30.0,0.948691838641468,5.847953216374269,1.2765522875816994e-05,0.0002553104575163,adcp linear at epoch+300s
1741226400.Thu.Mar.06_02_00_00.GMT.2025.CACO04.c2.timex.jpg,c2,1741226400,2025-03-06T02:00:00+00:00,0.0,0.9305101218598792,5.847953216374269,1.2765522875816994e-05,0.0002553104575163,adcp linear at epoch+300s
1741228200.Thu.Mar.06_02_30_00.GMT.2025.CACO04.c2.timex.jpg,c2,1741228200,2025-03-06T02:30:00+00:00,30.0,1.0114845583952852,5.361930294906166,1.2765522875816994e-05,0.0002553104575163,adcp linear at epoch+300s
1741230000.Thu.Mar.06_03_00_00.GMT.2025.CACO04.c2.timex.jpg,c2,1741230000,2025-03-06T03:00:00+00:00,0.0,1.0982690070544663,5.361930294906166,1.2765522875816994e-05,0.0002553104575163,adcp linear at epoch+300s
1741260600.Thu.Mar.06_11_30_00.GMT.2025.CACO04.c2.timex.jpg,c2,1741260600,2025-03-06T11:30:00+00:00,30.0,1.9930241966991122,7.561436672967865,74.32020080167484,4.19117966073658,adcp linear at epoch+300s
1741262400.Thu.Mar.06_12_00_00.GMT.2025.CACO04.c2.timex.jpg,c2,1741262400,2025-03-06T12:00:00+00:00,0.0,1.9876281080332128,7.561436672967865,172.0880629595588,17.504301792829036,adcp linear at epoch+300s
1741264200.Thu.Mar.06_12_30_00.GMT.2025.CACO04.c2.timex.jpg,c2,1741264200,2025-03-06T12:30:00+00:00,30.0,1.9113781747941228,7.561436672967865,123.3862145118464,10.314124405361149,adcp linear at epoch+300s
1741266000.Thu.Mar.06_13_00_00.GMT.2025.CACO04.c2.timex.jpg,c2,1741266000,2025-03-06T13:00:00+00:00,0.0,1.83600894333222,7.561436672967865,127.78769020629085,10.446005012495176,adcp linear at epoch+300s
1741267800.Thu.Mar.06_13_30_00.GMT.2025.CACO04.c2.timex.jpg,c2,1741267800,2025-03-06T13:30:00+00:00,30.0,1.7650432207562514,6.768189509306261,128.16930912990196,9.832621653711756,adcp linear at epoch+300s
1741269600.Thu.Mar.06_14_00_00.GMT.2025.CACO04.c2.timex.jpg,c2,1741269600,2025-03-06T14:00:00+00:00,0.0,1.6881096353568457,6.768189509306261,121.09171389910132,8.853502859477125,adcp linear at epoch+300s
1741271400.Thu.Mar.06_14_30_00.GMT.2025.CACO04.c2.timex.jpg,c2,1741271400,2025-03-06T14:30:00+00:00,30.0,1.5813367358402524,7.142857142857142,131.85660169015523,10.498260697009108,adcp linear at epoch+300s
1741273200.Thu.Mar.06_15_00_00.GMT.2025.CACO04.c2.timex.jpg,c2,1741273200,2025-03-06T15:00:00+00:00,0.0,1.4925551365578988,7.142857142857142,136.08055044934642,12.370764941956118,adcp linear at epoch+300s
1741275000.Thu.Mar.06_15_30_00.GMT.2025.CACO04.c2.timex.jpg,c2,1741275000,2025-03-06T15:30:00+00:00,30.0,1.4937300384467456,7.561436672967865,118.64477379493464,11.03383812167378,adcp linear at epoch+300s
1741276800.Thu.Mar.06_16_00_00.GMT.2025.CACO04.c2.timex.jpg,c2,1741276800,2025-03-06T16:00:00+00:00,0.0,1.4951794570471504,7.561436672967865,125.68173955780227,12.451203443986843,adcp linear at epoch+300s
1741278600.Thu.Mar.06_16_30_00.GMT.2025.CACO04.c2.timex.jpg,c2,1741278600,2025-03-06T16:30:00+00:00,30.0,1.4980014592053466,6.768189509306261,121.52812882965686,10.577939802102414,adcp linear at epoch+300s
1741280400.Thu.Mar.06_17_00_00.GMT.2025.CACO04.c2.timex.jpg,c2,1741280400,2025-03-06T17:00:00+00:00,0.0,1.5050024000315856,6.768189509306261,120.24211090686276,10.696381367848366,adcp linear at epoch+300s
1741282200.Thu.Mar.06_17_30_00.GMT.2025.CACO04.c2.timex.jpg,c2,1741282200,2025-03-06T17:30:00+00:00,30.0,1.5328980341980372,11.661807580174926,130.73893548304738,12.816096366987187,adcp linear at epoch+300s
1741284000.Thu.Mar.06_18_00_00.GMT.2025.CACO04.c2.timex.jpg,c2,1741284000,2025-03-06T18:00:00+00:00,0.0,1.5548033436218764,11.661807580174926,135.88053066278596,14.0136588151332,adcp linear at epoch+300s
1741285800.Thu.Mar.06_18_30_00.GMT.2025.CACO04.c2.timex.jpg,c2,1741285800,2025-03-06T18:30:00+00:00,30.0,1.5467570293326538,11.661807580174926,106.43485753676472,9.5817917473288,adcp linear at epoch+300s
1741287600.Thu.Mar.06_19_00_00.GMT.2025.CACO04.c2.timex.jpg,c2,1741287600,2025-03-06T19:00:00+00:00,0.0,1.5344073437224912,11.661807580174926,146.70894607843138,14.583533696512312,adcp linear at epoch+300s
1741289400.Thu.Mar.06_19_30_00.GMT.2025.CACO04.c2.timex.jpg,c2,1741289400,2025-03-06T19:30:00+00:00,30.0,1.5005408015076291,11.661807580174926,134.93369268280227,11.87812102368042,adcp linear at epoch+300s
1741291200.Thu.Mar.06_20_00_00.GMT.2025.CACO04.c2.timex.jpg,c2,1741291200,2025-03-06T20:00:00+00:00,0.0,1.469878707228354,11.661807580174926,112.4232217626634,7.248168131171463,adcp linear at epoch+300s
1741293000.Thu.Mar.06_20_30_00.GMT.2025.CACO04.c2.timex.jpg,c2,1741293000,2025-03-06T20:30:00+00:00,30.0,1.4552388526270124,11.661807580174926,116.1779035181781,8.117975658748941,adcp linear at epoch+300s
1741294800.Thu.Mar.06_21_00_00.GMT.2025.CACO04.c2.timex.jpg,c2,1741294800,2025-03-06T21:00:00+00:00,0.0,1.4441726886358635,11.661807580174926,114.94201580371733,8.904708455061025,adcp linear at epoch+300s
1741296600.Thu.Mar.06_21_30_00.GMT.2025.CACO04.c2.timex.jpg,c2,1741296600,2025-03-06T21:30:00+00:00,30.0,1.4509749776956786,7.142857142857142,113.79758029513889,8.590465805237123,adcp linear at epoch+300s
1741298400.Thu.Mar.06_22_00_00.GMT.2025.CACO04.c2.timex.jpg,c2,1741298400,2025-03-06T22:00:00+00:00,0.0,1.4521995271272752,7.142857142857142,129.27609272875816,8.309681880774038,adcp linear at epoch+300s
1741300200.Thu.Mar.06_22_30_00.GMT.2025.CACO04.c2.timex.jpg,c2,1741300200,2025-03-06T22:30:00+00:00,30.0,1.42553537841778,8.032128514056225,24.076331444035947,1.139948425291339,adcp linear at epoch+300s
1741302000.Thu.Mar.06_23_00_00.GMT.2025.CACO04.c2.timex.jpg,c2,1741302000,2025-03-06T23:00:00+00:00,0.0,1.4146745803133163,8.032128514056225,0.2818180657679738,0.9879142399849454,adcp linear at epoch+300s
1741303800.Thu.Mar.06_23_30_00.GMT.2025.CACO04.c2.timex.jpg,c2,1741303800,2025-03-06T23:30:00+00:00,30.0,1.4828305352340097,11.661807580174926,1.2765522875816994e-05,0.0002553104575163,adcp linear at epoch+300s
1741305600.Fri.Mar.07_00_00_00.GMT.2025.CACO04.c2.timex.jpg,c2,1741305600,2025-03-07T00:00:00+00:00,0.0,1.5399156753569274,11.661807580174926,1.2765522875816994e-05,0.0002553104575163,adcp linear at epoch+300s
1741307400.Fri.Mar.07_00_30_00.GMT.2025.CACO04.c2.timex.jpg,c2,1741307400,2025-03-07T00:30:00+00:00,30.0,1.5416467414909665,11.661807580174926,1.2765522875816994e-05,0.0002553104575163,adcp linear at epoch+300s
1741309200.Fri.Mar.07_01_00_00.GMT.2025.CACO04.c2.timex.jpg,c2,1741309200,2025-03-07T01:00:00+00:00,0.0,1.5431124822414626,11.661807580174926,9.574142156862743e-06,0.0001914828431372,adcp linear at epoch+300s
1741311000.Fri.Mar.07_01_30_00.GMT.2025.CACO04.c2.timex.jpg,c2,1741311000,2025-03-07T01:30:00+00:00,30.0,1.543251596074244,12.82051282051282,6.382761437908497e-06,0.0001276552287581,adcp linear at epoch+300s
1741312800.Fri.Mar.07_02_00_00.GMT.2025.CACO04.c2.timex.jpg,c2,1741312800,2025-03-07T02:00:00+00:00,0.0,1.5376536187803682,12.82051282051282,9.574142156862743e-06,0.0001914828431372,adcp linear at epoch+300s
1741314600.Fri.Mar.07_02_30_00.GMT.2025.CACO04.c2.timex.jpg,c2,1741314600,2025-03-07T02:30:00+00:00,30.0,1.5033701858532074,11.661807580174926,6.382761437908497e-06,0.0001276552287581,adcp linear at epoch+300s
1741316400.Fri.Mar.07_03_00_00.GMT.2025.CACO04.c2.timex.jpg,c2,1741316400,2025-03-07T03:00:00+00:00,0.0,1.4699474462169027,11.661807580174926,6.382761437908497e-06,0.0001276552287581,adcp linear at epoch+300s
1741347000.Fri.Mar.07_11_30_00.GMT.2025.CACO04.c2.timex.jpg,c2,1741347000,2025-03-07T11:30:00+00:00,30.0,1.43427000225263,12.82051282051282,170.35021254595588,40.02396087173089,adcp linear at epoch+300s
1741348800.Fri.Mar.07_12_00_00.GMT.2025.CACO04.c2.timex.jpg,c2,1741348800,2025-03-07T12:00:00+00:00,0.0,1.4000815005157745,12.82051282051282,158.5519301470588,151.31640514086317,adcp linear at epoch+300s
1741350600.Fri.Mar.07_12_30_00.GMT.2025.CACO04.c2.timex.jpg,c2,1741350600,2025-03-07T12:30:00+00:00,30.0,1.4410026432941712,11.661807580174926,148.62881369995915,124.10642754348687,adcp linear at epoch+300s
1741352400.Fri.Mar.07_13_00_00.GMT.2025.CACO04.c2.timex.jpg,c2,1741352400,2025-03-07T13:00:00+00:00,0.0,1.4685257502939193,11.661807580174926,150.58923100490196,121.92385589310034,adcp linear at epoch+300s
1741354200.Fri.Mar.07_13_30_00.GMT.2025.CACO04.c2.timex.jpg,c2,1741354200,2025-03-07T13:30:00+00:00,30.0,1.4290586784004247,11.661807580174926,151.0085018382353,117.80779626771884,adcp linear at epoch+300s
1741356000.Fri.Mar.07_14_00_00.GMT.2025.CACO04.c2.timex.jpg,c2,1741356000,2025-03-07T14:00:00+00:00,0.0,1.3992341632147287,11.661807580174926,152.61740451388889,117.81303213974756,adcp linear at epoch+300s
1741357800.Fri.Mar.07_14_30_00.GMT.2025.CACO04.c2.timex.jpg,c2,1741357800,2025-03-07T14:30:00+00:00,30.0,1.4176224315680255,11.661807580174926,152.25411368974673,121.1765212514042,adcp linear at epoch+300s
1741359600.Fri.Mar.07_15_00_00.GMT.2025.CACO04.c2.timex.jpg,c2,1741359600,2025-03-07T15:00:00+00:00,0.0,1.426301177128393,11.661807580174926,153.3159498825572,128.52438838377307,adcp linear at epoch+300s
1741361400.Fri.Mar.07_15_30_00.GMT.2025.CACO04.c2.timex.jpg,c2,1741361400,2025-03-07T15:30:00+00:00,30.0,1.386432308724116,11.661807580174926,152.26391441993465,110.3855233704745,adcp linear at epoch+300s
1741363200.Fri.Mar.07_16_00_00.GMT.2025.CACO04.c2.timex.jpg,c2,1741363200,2025-03-07T16:00:00+00:00,0.0,1.3618574677975324,11.661807580174926,152.65017361111111,110.5608358987246,adcp linear at epoch+300s
1741365000.Fri.Mar.07_16_30_00.GMT.2025.CACO04.c2.timex.jpg,c2,1741365000,2025-03-07T16:30:00+00:00,30.0,1.4137527642594157,7.561436672967865,152.44736455780227,105.36070852635322,adcp linear at epoch+300s
1741366800.Fri.Mar.07_17_00_00.GMT.2025.CACO04.c2.timex.jpg,c2,1741366800,2025-03-07T17:00:00+00:00,0.0,1.4510854187111928,7.561436672967865,152.12942963643792,118.0582813575881,adcp linear at epoch+300s
1741368600.Fri.Mar.07_17_30_00.GMT.2025.CACO04.c2.timex.jpg,c2,1741368600,2025-03-07T17:30:00+00:00,30.0,1.4156048631124392,11.661807580174926,151.7305389603758,112.2077004726187,adcp linear at epoch+300s
1741370400.Fri.Mar.07_18_00_00.GMT.2025.CACO04.c2.timex.jpg,c2,1741370400,2025-03-07T18:00:00+00:00,0.0,1.3814165208877547,11.661807580174926,149.26000816993465,110.45480116060712,adcp linear at epoch+300s
1741372200.Fri.Mar.07_18_30_00.GMT.2025.CACO04.c2.timex.jpg,c2,1741372200,2025-03-07T18:30:00+00:00,30.0,1.353689245533417,10.6951871657754,172.11946614583334,96.44784273080325,adcp linear at epoch+300s
1741374000.Fri.Mar.07_19_00_00.GMT.2025.CACO04.c2.timex.jpg,c2,1741374000,2025-03-07T19:00:00+00:00,0.0,1.3266275013170588,10.6951871657754,111.31976039113562,46.011846216848646,adcp linear at epoch+300s
1741375800.Fri.Mar.07_19_30_00.GMT.2025.CACO04.c2.timex.jpg,c2,1741375800,2025-03-07T19:30:00+00:00,30.0,1.3028934127905965,9.174311926605505,147.96500970179738,62.69387956638044,adcp linear at epoch+300s
1741377600.Fri.Mar.07_20_00_00.GMT.2025.CACO04.c2.timex.jpg,c2,1741377600,2025-03-07T20:00:00+00:00,0.0,1.2767966736345053,9.174311926605505,86.32951005923202,20.11408182448124,adcp linear at epoch+300s
1741379400.Fri.Mar.07_20_30_00.GMT.2025.CACO04.c2.timex.jpg,c2,1741379400,2025-03-07T20:30:00+00:00,30.0,1.2388866813302697,10.6951871657754,134.8592409620098,38.53781145904018,adcp linear at epoch+300s
1741381200.Fri.Mar.07_21_00_00.GMT.2025.CACO04.c2.timex.jpg,c2,1741381200,2025-03-07T21:00:00+00:00,0.0,1.1992300493421193,10.6951871657754,108.50696359272877,35.39884599571353,adcp linear at epoch+300s
1741383000.Fri.Mar.07_21_30_00.GMT.2025.CACO04.c2.timex.jpg,c2,1741383000,2025-03-07T21:30:00+00:00,30.0,1.1508402189343965,10.6951871657754,107.38810380923202,127.40047673498933,adcp linear at epoch+300s
1741384800.Fri.Mar.07_22_00_00.GMT.2025.CACO04.c2.timex.jpg,c2,1741384800,2025-03-07T22:00:00+00:00,0.0,1.1052354481032607,10.6951871657754,98.35564108455884,32.46891866358083,adcp linear at epoch+300s
1741386600.Fri.Mar.07_22_30_00.GMT.2025.CACO04.c2.timex.jpg,c2,1741386600,2025-03-07T22:30:00+00:00,30.0,1.0735559751550614,11.661807580174926,78.3460063061683,10.900061564207371,adcp linear at epoch+300s
1741388400.Fri.Mar.07_23_00_00.GMT.2025.CACO04.c2.timex.jpg,c2,1741388400,2025-03-07T23:00:00+00:00,0.0,1.0423674460494166,11.661807580174926,1.5768771701388888,0.2582082311684106,adcp linear at epoch+300s
1741390200.Fri.Mar.07_23_30_00.GMT.2025.CACO04.c2.timex.jpg,c2,1741390200,2025-03-07T23:30:00+00:00,30.0,1.0136336361565443,11.661807580174926,3.1913807189542485e-06,6.382761437908497e-05,adcp linear at epoch+300s
1741392000.Sat.Mar.08_00_00_00.GMT.2025.CACO04.c2.timex.jpg,c2,1741392000,2025-03-08T00:00:00+00:00,0.0,0.9801699315740107,11.661807580174926,3.1913807189542485e-06,6.382761437908497e-05,adcp linear at epoch+300s
1741393800.Sat.Mar.08_00_30_00.GMT.2025.CACO04.c2.timex.jpg,c2,1741393800,2025-03-08T00:30:00+00:00,30.0,0.9230567535431701,11.661807580174926,3.1913807189542485e-06,6.382761437908497e-05,adcp linear at epoch+300s
1741395600.Sat.Mar.08_01_00_00.GMT.2025.CACO04.c2.timex.jpg,c2,1741395600,2025-03-08T01:00:00+00:00,0.0,0.8718103132120592,11.661807580174926,3.1913807189542485e-06,6.382761437908497e-05,adcp linear at epoch+300s
1741397400.Sat.Mar.08_01_30_00.GMT.2025.CACO04.c2.timex.jpg,c2,1741397400,2025-03-08T01:30:00+00:00,30.0,0.8498975613795966,11.661807580174926,3.1913807189542485e-06,6.382761437908497e-05,adcp linear at epoch+300s
1741399200.Sat.Mar.08_02_00_00.GMT.2025.CACO04.c2.timex.jpg,c2,1741399200,2025-03-08T02:00:00+00:00,0.0,0.83221599088019,11.661807580174926,3.1913807189542485e-06,6.382761437908497e-05,adcp linear at epoch+300s
1741401000.Sat.Mar.08_02_30_00.GMT.2025.CACO04.c2.timex.jpg,c2,1741401000,2025-03-08T02:30:00+00:00,30.0,0.8356903270460633,11.661807580174926,3.1913807189542485e-06,6.382761437908497e-05,adcp linear at epoch+300s
1741402800.Sat.Mar.08_03_00_00.GMT.2025.CACO04.c2.timex.jpg,c2,1741402800,2025-03-08T03:00:00+00:00,0.0,0.8486383176855282,11.661807580174926,3.1913807189542485e-06,6.382761437908497e-05,adcp linear at epoch+300s
1741433400.Sat.Mar.08_11_30_00.GMT.2025.CACO04.c2.timex.jpg,c2,1741433400,2025-03-08T11:30:00+00:00,30.0,0.6265055243007113,9.876543209876544,127.84350107230392,32.666402447549075,adcp linear at epoch+300s
1741435200.Sat.Mar.08_12_00_00.GMT.2025.CACO04.c2.timex.jpg,c2,1741435200,2025-03-08T12:00:00+00:00,0.0,0.6016638787449539,9.876543209876544,124.44476358251634,31.74947035977218,adcp linear at epoch+300s
1741437000.Sat.Mar.08_12_30_00.GMT.2025.CACO04.c2.timex.jpg,c2,1741437000,2025-03-08T12:30:00+00:00,30.0,0.576112712276139,10.6951871657754,138.8682853349673,56.96220658486369,adcp linear at epoch+300s
1741438800.Sat.Mar.08_13_00_00.GMT.2025.CACO04.c2.timex.jpg,c2,1741438800,2025-03-08T13:00:00+00:00,0.0,0.5557190682464371,10.6951871657754,134.70447495404412,38.36909874178445,adcp linear at epoch+300s
1741440600.Sat.Mar.08_13_30_00.GMT.2025.CACO04.c2.timex.jpg,c2,1741440600,2025-03-08T13:30:00+00:00,30.0,0.5611130364122997,11.661807580174926,143.79507825265523,52.88974639783681,adcp linear at epoch+300s
1741442400.Sat.Mar.08_14_00_00.GMT.2025.CACO04.c2.timex.jpg,c2,1741442400,2025-03-08T14:00:00+00:00,0.0,0.5630949684328959,11.661807580174926,143.99761284722223,66.33042383973115,adcp linear at epoch+300s
1741444200.Sat.Mar.08_14_30_00.GMT.2025.CACO04.c2.timex.jpg,c2,1741444200,2025-03-08T14:30:00+00:00,30.0,0.54801671972716,10.6951871657754,145.13604856004903,62.91000622964393,adcp linear at epoch+300s
1741446000.Sat.Mar.08_15_00_00.GMT.2025.CACO04.c2.timex.jpg,c2,1741446000,2025-03-08T15:00:00+00:00,0.0,0.533363399384152,10.6951871657754,135.81272658803104,48.521304801128736,adcp linear at epoch+300s
1741447800.Sat.Mar.08_15_30_00.GMT.2025.CACO04.c2.timex.jpg,c2,1741447800,2025-03-08T15:30:00+00:00,30.0,0.5208347208547831,9.876543209876544,164.46058644812092,95.7460341421979,adcp linear at epoch+300s
1741449600.Sat.Mar.08_16_00_00.GMT.2025.CACO04.c2.timex.jpg,c2,1741449600,2025-03-08T16:00:00+00:00,0.0,0.5136811062137814,9.876543209876544,142.887411279616,112.39750139757793,adcp linear at epoch+300s
1741451400.Sat.Mar.08_16_30_00.GMT.2025.CACO04.c2.timex.jpg,c2,1741451400,2025-03-08T16:30:00+00:00,30.0,0.5334028110146154,12.82051282051282,173.2961856617647,130.77546217033247,adcp linear at epoch+300s
1741453200.Sat.Mar.08_17_00_00.GMT.2025.CACO04.c2.timex.jpg,c2,1741453200,2025-03-08T17:00:00+00:00,0.0,0.5602675765552356,12.82051282051282,145.50449346405227,104.69664034682933,adcp linear at epoch+300s
1741455000.Sat.Mar.08_17_30_00.GMT.2025.CACO04.c2.timex.jpg,c2,1741455000,2025-03-08T17:30:00+00:00,30.0,0.6228476457947868,11.661807580174926,142.5597011591095,105.02018286502624,adcp linear at epoch+300s
1741456800.Sat.Mar.08_18_00_00.GMT.2025.CACO04.c2.timex.jpg,c2,1741456800,2025-03-08T18:00:00+00:00,0.0,0.695184873858939,11.661807580174926,134.18140127144608,84.25007934810473,adcp linear at epoch+300s
1741458600.Sat.Mar.08_18_30_00.GMT.2025.CACO04.c2.timex.jpg,c2,1741458600,2025-03-08T18:30:00+00:00,30.0,0.8163078960460959,4.439511653718091,145.87191393484477,120.24449720308952,adcp linear at epoch+300s
1741460400.Sat.Mar.08_19_00_00.GMT.2025.CACO04.c2.timex.jpg,c2,1741460400,2025-03-08T19:00:00+00:00,0.0,0.9186344996052169,4.439511653718091,140.59894237642973,110.25806402752698,adcp linear at epoch+300s
1741462200.Sat.Mar.08_19_30_00.GMT.2025.CACO04.c2.timex.jpg,c2,1741462200,2025-03-08T19:30:00+00:00,30.0,0.926979010024158,5.148005148005149,133.5098486008987,115.94354091214522,adcp linear at epoch+300s
1741464000.Sat.Mar.08_20_00_00.GMT.2025.CACO04.c2.timex.jpg,c2,1741464000,2025-03-08T20:00:00+00:00,0.0,0.939143017809559,5.148005148005149,122.56771790747548,125.8646710624077,adcp linear at epoch+300s
1741465800.Sat.Mar.08_20_30_00.GMT.2025.CACO04.c2.timex.jpg,c2,1741465800,2025-03-08T20:30:00+00:00,30.0,0.9704045124272604,4.950495049504951,113.76163896548202,134.00772258010036,adcp linear at epoch+300s
1741467600.Sat.Mar.08_21_00_00.GMT.2025.CACO04.c2.timex.jpg,c2,1741467600,2025-03-08T21:00:00+00:00,0.0,0.9876374454057602,4.950495049504951,107.28957312091504,160.48638992667264,adcp linear at epoch+300s
1741469400.Sat.Mar.08_21_30_00.GMT.2025.CACO04.c2.timex.jpg,c2,1741469400,2025-03-08T21:30:00+00:00,30.0,0.9347275701882515,6.768189509306261,102.97083078022877,118.55130463444166,adcp linear at epoch+300s
1741471200.Sat.Mar.08_22_00_00.GMT.2025.CACO04.c2.timex.jpg,c2,1741471200,2025-03-08T22:00:00+00:00,0.0,0.8838144457802328,6.768189509306261,105.32103375204248,112.9742180052854,adcp linear at epoch+300s
1741473000.Sat.Mar.08_22_30_00.GMT.2025.CACO04.c2.timex.jpg,c2,1741473000,2025-03-08T22:30:00+00:00,30.0,0.8428850754196645,4.439511653718091,82.09751902062908,14.71084007973846,adcp linear at epoch+300s
1741474800.Sat.Mar.08_23_00_00.GMT.2025.CACO04.c2.timex.jpg,c2,1741474800,2025-03-08T23:00:00+00:00,0.0,0.8377316225029526,4.439511653718091,1.7659505208333333,0.364695031403874,adcp linear at epoch+300s
1741476600.Sat.Mar.08_23_30_00.GMT.2025.CACO04.c2.timex.jpg,c2,1741476600,2025-03-08T23:30:00+00:00,30.0,1.0114577568055239,6.768189509306261,3.1913807189542485e-06,6.382761437908497e-05,adcp linear at epoch+300s
1741478400.Sun.Mar.09_00_00_00.GMT.2025.CACO04.c2.timex.jpg,c2,1741478400,2025-03-09T00:00:00+00:00,0.0,1.1826987192450262,6.768189509306261,3.1913807189542485e-06,6.382761437908497e-05,adcp linear at epoch+300s
1741480200.Sun.Mar.09_00_30_00.GMT.2025.CACO04.c2.timex.jpg,c2,1741480200,2025-03-09T00:30:00+00:00,30.0,1.3415138223691847,7.142857142857142,3.1913807189542485e-06,6.382761437908497e-05,adcp linear at epoch+300s
1741482000.Sun.Mar.09_01_00_00.GMT.2025.CACO04.c2.timex.jpg,c2,1741482000,2025-03-09T01:00:00+00:00,0.0,1.4636685933146136,7.142857142857142,3.1913807189542485e-06,6.382761437908497e-05,adcp linear at epoch+300s
1741483800.Sun.Mar.09_01_30_00.GMT.2025.CACO04.c2.timex.jpg,c2,1741483800,2025-03-09T01:30:00+00:00,30.0,1.4025217033663937,7.142857142857142,0.0001659517973856,0.0017297283496732,adcp linear at epoch+300s
1741485600.Sun.Mar.09_02_00_00.GMT.2025.CACO04.c2.timex.jpg,c2,1741485600,2025-03-09T02:00:00+00:00,0.0,1.3443181484005347,7.142857142857142,0.0005425347222222,0.0037594464869281,adcp linear at epoch+300s
1741487400.Sun.Mar.09_02_30_00.GMT.2025.CACO04.c2.timex.jpg,c2,1741487400,2025-03-09T02:30:00+00:00,30.0,1.3008312683464802,6.768189509306261,3.1913807189542485e-06,6.382761437908497e-05,adcp linear at epoch+300s
1741489200.Sun.Mar.09_03_00_00.GMT.2025.CACO04.c2.timex.jpg,c2,1741489200,2025-03-09T03:00:00+00:00,0.0,1.268319526170813,6.768189509306261,3.1913807189542485e-06,6.382761437908497e-05,adcp linear at epoch+300s
1741516200.Sun.Mar.09_10_30_00.GMT.2025.CACO04.c2.timex.jpg,c2,1741516200,2025-03-09T10:30:00+00:00,30.0,0.9638685750617023,5.847953216374269,3.24542356004902,0.6323784707555952,adcp linear at epoch+300s
1741518000.Sun.Mar.09_11_00_00.GMT.2025.CACO04.c2.timex.jpg,c2,1741518000,2025-03-09T11:00:00+00:00,0.0,0.9370315078436474,5.847953216374269,155.55355455984477,58.08217997576224,adcp linear at epoch+300s
1741519800.Sun.Mar.09_11_30_00.GMT.2025.CACO04.c2.timex.jpg,c2,1741519800,2025-03-09T11:30:00+00:00,30.0,0.8757487032181476,5.594405594405594,146.22106375102123,176.81187648920672,adcp linear at epoch+300s
1741521600.Sun.Mar.09_12_00_00.GMT.2025.CACO04.c2.timex.jpg,c2,1741521600,2025-03-09T12:00:00+00:00,0.0,0.8149790723365159,5.594405594405594,143.02499808517155,178.91415797399642,adcp linear at epoch+300s
1741523400.Sun.Mar.09_12_30_00.GMT.2025.CACO04.c2.timex.jpg,c2,1741523400,2025-03-09T12:30:00+00:00,30.0,0.7567753101742245,5.594405594405594,144.21600222120097,174.37993869486542,adcp linear at epoch+300s
1741525200.Sun.Mar.09_13_00_00.GMT.2025.CACO04.c2.timex.jpg,c2,1741525200,2025-03-09T13:00:00+00:00,0.0,0.7001100468263545,5.594405594405594,144.66944955065358,164.60273331808327,adcp linear at epoch+300s
1741527000.Sun.Mar.09_13_30_00.GMT.2025.CACO04.c2.timex.jpg,c2,1741527000,2025-03-09T13:30:00+00:00,30.0,0.6511372775505906,5.361930294906166,145.0523960886438,152.15124726331115,adcp linear at epoch+300s
1741528800.Sun.Mar.09_14_00_00.GMT.2025.CACO04.c2.timex.jpg,c2,1741528800,2025-03-09T14:00:00+00:00,0.0,0.6081824181273872,5.361930294906166,145.21627029718138,142.0632056884292,adcp linear at epoch+300s
1741530600.Sun.Mar.09_14_30_00.GMT.2025.CACO04.c2.timex.jpg,c2,1741530600,2025-03-09T14:30:00+00:00,30.0,0.595317107966986,4.950495049504951,146.51948337928923,138.1858672302808,adcp linear at epoch+300s
1741532400.Sun.Mar.09_15_00_00.GMT.2025.CACO04.c2.timex.jpg,c2,1741532400,2025-03-09T15:00:00+00:00,0.0,0.5766876757113739,4.950495049504951,146.62822648590685,136.55593501437335,adcp linear at epoch+300s
1741534200.Sun.Mar.09_15_30_00.GMT.2025.CACO04.c2.timex.jpg,c2,1741534200,2025-03-09T15:30:00+00:00,30.0,0.5292376329797069,4.767580452920143,148.29870046977123,130.48947888454626,adcp linear at epoch+300s
1741536000.Sun.Mar.09_16_00_00.GMT.2025.CACO04.c2.timex.jpg,c2,1741536000,2025-03-09T16:00:00+00:00,0.0,0.48799203149844644,4.767580452920143,103.18090660743464,32.50540055216869,adcp linear at epoch+300s
1741537800.Sun.Mar.09_16_30_00.GMT.2025.CACO04.c2.timex.jpg,c2,1741537800,2025-03-09T16:30:00+00:00,30.0,0.47776863626921834,5.148005148005149,136.89290045445262,96.1769106207106,adcp linear at epoch+300s
1741539600.Sun.Mar.09_17_00_00.GMT.2025.CACO04.c2.timex.jpg,c2,1741539600,2025-03-09T17:00:00+00:00,0.0,0.46662604727955814,5.148005148005149,149.69101690155227,128.84122393627158,adcp linear at epoch+300s
1741541400.Sun.Mar.09_17_30_00.GMT.2025.CACO04.c2.timex.jpg,c2,1741541400,2025-03-09T17:30:00+00:00,30.0,0.4508874894877377,4.767580452920143,148.03087341707516,123.5528024597034,adcp linear at epoch+300s
1741543200.Sun.Mar.09_18_00_00.GMT.2025.CACO04.c2.timex.jpg,c2,1741543200,2025-03-09T18:00:00+00:00,0.0,0.43634612650207055,4.767580452920143,144.60823248570262,124.34785915859186,adcp linear at epoch+300s
1741545000.Sun.Mar.09_18_30_00.GMT.2025.CACO04.c2.timex.jpg,c2,1741545000,2025-03-09T18:30:00+00:00,30.0,0.42779073754717,11.661807580174926,144.7461256638072,123.3691143068236,adcp linear at epoch+300s
1741546800.Sun.Mar.09_19_00_00.GMT.2025.CACO04.c2.timex.jpg,c2,1741546800,2025-03-09T19:00:00+00:00,0.0,0.4220489493454181,11.661807580174926,139.95332286560458,112.73897909979588,adcp linear at epoch+300s
1741548600.Sun.Mar.09_19_30_00.GMT.2025.CACO04.c2.timex.jpg,c2,1741548600,2025-03-09T19:30:00+00:00,30.0,0.43037516490940914,9.876543209876544,134.22140203737746,128.52832269967,adcp linear at epoch+300s
1741550400.Sun.Mar.09_20_00_00.GMT.2025.CACO04.c2.timex.jpg,c2,1741550400,2025-03-09T20:00:00+00:00,0.0,0.4378172512130621,9.876543209876544,110.72062014910132,72.93576063394413,adcp linear at epoch+300s
1741552200.Sun.Mar.09_20_30_00.GMT.2025.CACO04.c2.timex.jpg,c2,1741552200,2025-03-09T20:30:00+00:00,30.0,0.4408386912150247,4.291845493562232,145.08596622242646,53.70586490951928,adcp linear at epoch+300s
1741554000.Sun.Mar.09_21_00_00.GMT.2025.CACO04.c2.timex.jpg,c2,1741554000,2025-03-09T21:00:00+00:00,0.0,0.44355083447173316,4.291845493562232,119.30747676674837,33.88705874928508,adcp linear at epoch+300s
1741555800.Sun.Mar.09_21_30_00.GMT.2025.CACO04.c2.timex.jpg,c2,1741555800,2025-03-09T21:30:00+00:00,30.0,0.4447164940021708,4.024144869215292,133.04530484068627,32.884289436569695,adcp linear at epoch+300s
1741557600.Sun.Mar.09_22_00_00.GMT.2025.CACO04.c2.timex.jpg,c2,1741557600,2025-03-09T22:00:00+00:00,0.0,0.44857379464214564,4.024144869215292,119.54736328125,71.95562671249255,adcp linear at epoch+300s
1741559400.Sun.Mar.09_22_30_00.GMT.2025.CACO04.c2.timex.jpg,c2,1741559400,2025-03-09T22:30:00+00:00,30.0,0.4658893008298069,11.661807580174926,74.75561044730392,15.374438202555806,adcp linear at epoch+300s
1741561200.Sun.Mar.09_23_00_00.GMT.2025.CACO04.c2.timex.jpg,c2,1741561200,2025-03-09T23:00:00+00:00,0.0,0.46895735080990464,11.661807580174926,1.0942861519607845,0.1066655169446301,adcp linear at epoch+300s
1741563000.Sun.Mar.09_23_30_00.GMT.2025.CACO04.c2.timex.jpg,c2,1741563000,2025-03-09T23:30:00+00:00,30.0,0.4007881197521847,10.6951871657754,3.1913807189542485e-06,6.382761437908497e-05,adcp linear at epoch+300s
1741564800.Mon.Mar.10_00_00_00.GMT.2025.CACO04.c2.timex.jpg,c2,1741564800,2025-03-10T00:00:00+00:00,0.0,0.347510333522438,10.6951871657754,3.1913807189542485e-06,6.382761437908497e-05,adcp linear at epoch+300s
1741566600.Mon.Mar.10_00_30_00.GMT.2025.CACO04.c2.timex.jpg,c2,1741566600,2025-03-10T00:30:00+00:00,30.0,0.3686897714325573,5.594405594405594,3.1913807189542485e-06,6.382761437908497e-05,adcp linear at epoch+300s
1741568400.Mon.Mar.10_01_00_00.GMT.2025.CACO04.c2.timex.jpg,c2,1741568400,2025-03-10T01:00:00+00:00,0.0,0.38367251568735194,5.594405594405594,3.1913807189542485e-06,6.382761437908497e-05,adcp linear at epoch+300s
1741570200.Mon.Mar.10_01_30_00.GMT.2025.CACO04.c2.timex.jpg,c2,1741570200,2025-03-10T01:30:00+00:00,30.0,0.3676717916655231,9.174311926605505,3.1913807189542485e-06,6.382761437908497e-05,adcp linear at epoch+300s
1741572000.Mon.Mar.10_02_00_00.GMT.2025.CACO04.c2.timex.jpg,c2,1741572000,2025-03-10T02:00:00+00:00,0.0,0.3576172502756101,9.174311926605505,3.1913807189542485e-06,6.382761437908497e-05,adcp linear at epoch+300s
1741602600.Mon.Mar.10_10_30_00.GMT.2025.CACO04.c2.timex.jpg,c2,1741602600,2025-03-10T10:30:00+00:00,30.0,0.476874967700726,10.6951871657754,0.6709080116421569,1.372922402586451,adcp linear at epoch+300s
1741604400.Mon.Mar.10_11_00_00.GMT.2025.CACO04.c2.timex.jpg,c2,1741604400,2025-03-10T11:00:00+00:00,0.0,0.4851914661063447,10.6951871657754,24.389514399509803,2.4640233795352264,adcp linear at epoch+300s
1741606200.Mon.Mar.10_11_30_00.GMT.2025.CACO04.c2.timex.jpg,c2,1741606200,2025-03-10T11:30:00+00:00,30.0,0.4725597682316771,9.876543209876544,162.36201108047385,46.398731013162,adcp linear at epoch+300s
1741608000.Mon.Mar.10_12_00_00.GMT.2025.CACO04.c2.timex.jpg,c2,1741608000,2025-03-10T12:00:00+00:00,0.0,0.46217126167582107,9.876543209876544,143.68884037990196,152.0726578739372,adcp linear at epoch+300s
1741609800.Mon.Mar.10_12_30_00.GMT.2025.CACO04.c2.timex.jpg,c2,1741609800,2025-03-10T12:30:00+00:00,30.0,0.4629987117140229,9.174311926605505,152.39910449857027,173.90801186015472,adcp linear at epoch+300s
1741611600.Mon.Mar.10_13_00_00.GMT.2025.CACO04.c2.timex.jpg,c2,1741611600,2025-03-10T13:00:00+00:00,0.0,0.4604797344701473,9.174311926605505,146.57564210580065,174.74374709201038,adcp linear at epoch+300s
1741613400.Mon.Mar.10_13_30_00.GMT.2025.CACO04.c2.timex.jpg,c2,1741613400,2025-03-10T13:30:00+00:00,30.0,0.44122862081588476,7.561436672967865,145.00815397773692,170.09612091280496,adcp linear at epoch+300s
1741615200.Mon.Mar.10_14_00_00.GMT.2025.CACO04.c2.timex.jpg,c2,1741615200,2025-03-10T14:00:00+00:00,0.0,0.4262963062105824,7.561436672967865,145.945698657067,153.43934759212084,adcp linear at epoch+300s
1741617000.Mon.Mar.10_14_30_00.GMT.2025.CACO04.c2.timex.jpg,c2,1741617000,2025-03-10T14:30:00+00:00,30.0,0.4329579868500811,11.661807580174926,143.8015216503268,150.1356913717102,adcp linear at epoch+300s
