filename,camera,epoch,time_utc,gap_minutes,wave_height_m,wave_period_s,label_method
1734714000.Fri.Dec.20_17_00_00.GMT.2024.CACO03.c2.bright.jpg,c2,1734714000,2024-12-20T17:00:00+00:00,0.0,1.7191925941366626,5.361930294906166,adcp linear at epoch+300s
1734715800.Fri.Dec.20_17_30_00.GMT.2024.CACO03.c2.bright.jpg,c2,1734715800,2024-12-20T17:30:00+00:00,30.0,1.8001719014555881,5.594405594405594,adcp linear at epoch+300s
1734717600.Fri.Dec.20_18_00_00.GMT.2024.CACO03.c2.bright.jpg,c2,1734717600,2024-12-20T18:00:00+00:00,0.0,1.862394450214741,5.594405594405594,adcp linear at epoch+300s
1734719400.Fri.Dec.20_18_30_00.GMT.2024.CACO03.c2.bright.jpg,c2,1734719400,2024-12-20T18:30:00+00:00,30.0,1.8308332061750288,5.847953216374269,adcp linear at epoch+300s
1734721200.Fri.Dec.20_19_00_00.GMT.2024.CACO03.c2.bright.jpg,c2,1734721200,2024-12-20T19:00:00+00:00,0.0,1.8213020414597414,5.847953216374269,adcp linear at epoch+300s
1734723000.Fri.Dec.20_19_30_00.GMT.2024.CACO03.c2.bright.jpg,c2,1734723000,2024-12-20T19:30:00+00:00,30.0,1.9219212733665787,5.847953216374269,adcp linear at epoch+300s
1734724800.Fri.Dec.20_20_00_00.GMT.2024.CACO03.c2.bright.jpg,c2,1734724800,2024-12-20T20:00:00+00:00,0.0,1.987704729502831,5.847953216374269,adcp linear at epoch+300s
1734726600.Fri.Dec.20_20_30_00.GMT.2024.CACO03.c2.bright.jpg,c2,1734726600,2024-12-20T20:30:00+00:00,30.0,1.8793093067861573,6.125574272588055,adcp linear at epoch+300s
1734728400.Fri.Dec.20_21_00_00.GMT.2024.CACO03.c2.bright.jpg,c2,1734728400,2024-12-20T21:00:00+00:00,0.0,1.8283341178987034,6.125574272588055,adcp linear at epoch+300s
1734730200.Fri.Dec.20_21_30_00.GMT.2024.CACO03.c2.bright.jpg,c2,1734730200,2024-12-20T21:30:00+00:00,30.0,2.064460098157348,6.430868167202571,adcp linear at epoch+300s
1734732000.Fri.Dec.20_22_00_00.GMT.2024.CACO03.c2.bright.jpg,c2,1734732000,2024-12-20T22:00:00+00:00,0.0,2.268748209013279,6.430868167202571,adcp linear at epoch+300s
1734733800.Fri.Dec.20_22_30_00.GMT.2024.CACO03.c2.bright.jpg,c2,1734733800,2024-12-20T22:30:00+00:00,30.0,2.3138469728556434,6.430868167202571,adcp linear at epoch+300s
1734735600.Fri.Dec.20_23_00_00.GMT.2024.CACO03.c2.bright.jpg,c2,1734735600,2024-12-20T23:00:00+00:00,0.0,2.34346188417813,6.430868167202571,adcp linear at epoch+300s
1734737400.Fri.Dec.20_23_30_00.GMT.2024.CACO03.c2.bright.jpg,c2,1734737400,2024-12-20T23:30:00+00:00,30.0,2.295657532901228,6.768189509306261,adcp linear at epoch+300s
1734739200.Sat.Dec.21_00_00_00.GMT.2024.CACO03.c2.bright.jpg,c2,1734739200,2024-12-21T00:00:00+00:00,0.0,2.2625204338081413,6.768189509306261,adcp linear at epoch+300s
1734741000.Sat.Dec.21_00_30_00.GMT.2024.CACO03.c2.bright.jpg,c2,1734741000,2024-12-21T00:30:00+00:00,30.0,2.3027195956341315,6.430868167202571,adcp linear at epoch+300s
1734742800.Sat.Dec.21_01_00_00.GMT.2024.CACO03.c2.bright.jpg,c2,1734742800,2024-12-21T01:00:00+00:00,0.0,2.40559959043235,6.430868167202571,adcp linear at epoch+300s
1734744600.Sat.Dec.21_01_30_00.GMT.2024.CACO03.c2.bright.jpg,c2,1734744600,2024-12-21T01:30:00+00:00,30.0,2.821883750091712,7.561436672967865,adcp linear at epoch+300s
1734746400.Sat.Dec.21_02_00_00.GMT.2024.CACO03.c2.bright.jpg,c2,1734746400,2024-12-21T02:00:00+00:00,0.0,3.2012587341903544,7.561436672967865,adcp linear at epoch+300s
1734748200.Sat.Dec.21_02_30_00.GMT.2024.CACO03.c2.bright.jpg,c2,1734748200,2024-12-21T02:30:00+00:00,30.0,3.3960878404853982,8.032128514056225,adcp linear at epoch+300s
1734750000.Sat.Dec.21_03_00_00.GMT.2024.CACO03.c2.bright.jpg,c2,1734750000,2024-12-21T03:00:00+00:00,0.0,3.5228995963848377,8.032128514056225,adcp linear at epoch+300s
1734780600.Sat.Dec.21_11_30_00.GMT.2024.CACO03.c2.bright.jpg,c2,1734780600,2024-12-21T11:30:00+00:00,30.0,2.570145926446144,8.032128514056225,adcp linear at epoch+300s
1734782400.Sat.Dec.21_12_00_00.GMT.2024.CACO03.c2.bright.jpg,c2,1734782400,2024-12-21T12:00:00+00:00,0.0,2.526045305894321,8.032128514056225,adcp linear at epoch+300s
1734784200.Sat.Dec.21_12_30_00.GMT.2024.CACO03.c2.bright.jpg,c2,1734784200,2024-12-21T12:30:00+00:00,30.0,2.5714640183752246,8.565310492505352,adcp linear at epoch+300s
1734786000.Sat.Dec.21_13_00_00.GMT.2024.CACO03.c2.bright.jpg,c2,1734786000,2024-12-21T13:00:00+00:00,0.0,2.594884897774468,8.565310492505352,adcp linear at epoch+300s
1734787800.Sat.Dec.21_13_30_00.GMT.2024.CACO03.c2.bright.jpg,c2,1734787800,2024-12-21T13:30:00+00:00,30.0,2.508316611765408,9.174311926605505,adcp linear at epoch+300s
1734789600.Sat.Dec.21_14_00_00.GMT.2024.CACO03.c2.bright.jpg,c2,1734789600,2024-12-21T14:00:00+00:00,0.0,2.4206599813889054,9.174311926605505,adcp linear at epoch+300s
1734791400.Sat.Dec.21_14_30_00.GMT.2024.CACO03.c2.bright.jpg,c2,1734791400,2024-12-21T14:30:00+00:00,30.0,2.327561629175193,9.174311926605505,adcp linear at epoch+300s
1734793200.Sat.Dec.21_15_00_00.GMT.2024.CACO03.c2.bright.jpg,c2,1734793200,2024-12-21T15:00:00+00:00,0.0,2.279489038364239,9.174311926605505,adcp linear at epoch+300s
1734795000.Sat.Dec.21_15_30_00.GMT.2024.CACO03.c2.bright.jpg,c2,1734795000,2024-12-21T15:30:00+00:00,30.0,2.4565452545670796,9.876543209876544,adcp linear at epoch+300s
1734796800.Sat.Dec.21_16_00_00.GMT.2024.CACO03.c2.bright.jpg,c2,1734796800,2024-12-21T16:00:00+00:00,0.0,2.5984761320732703,9.876543209876544,adcp linear at epoch+300s
1734798600.Sat.Dec.21_16_30_00.GMT.2024.CACO03.c2.bright.jpg,c2,1734798600,2024-12-21T16:30:00+00:00,30.0,2.5647803160962117,9.876543209876544,adcp linear at epoch+300s
1734800400.Sat.Dec.21_17_00_00.GMT.2024.CACO03.c2.bright.jpg,c2,1734800400,2024-12-21T17:00:00+00:00,0.0,2.5213934967374,9.876543209876544,adcp linear at epoch+300s
1734802200.Sat.Dec.21_17_30_00.GMT.2024.CACO03.c2.bright.jpg,c2,1734802200,2024-12-21T17:30:00+00:00,30.0,2.429551660469823,9.174311926605505,adcp linear at epoch+300s
1734804000.Sat.Dec.21_18_00_00.GMT.2024.CACO03.c2.bright.jpg,c2,1734804000,2024-12-21T18:00:00+00:00,0.0,2.3648193072899044,9.174311926605505,adcp linear at epoch+300s
1734805800.Sat.Dec.21_18_30_00.GMT.2024.CACO03.c2.bright.jpg,c2,1734805800,2024-12-21T18:30:00+00:00,30.0,2.4356343695482825,9.876543209876544,adcp linear at epoch+300s
1734807600.Sat.Dec.21_19_00_00.GMT.2024.CACO03.c2.bright.jpg,c2,1734807600,2024-12-21T19:00:00+00:00,0.0,2.493131940421598,9.876543209876544,adcp linear at epoch+300s
1734809400.Sat.Dec.21_19_30_00.GMT.2024.CACO03.c2.bright.jpg,c2,1734809400,2024-12-21T19:30:00+00:00,30.0,2.484042054369601,9.876543209876544,adcp linear at epoch+300s
1734811200.Sat.Dec.21_20_00_00.GMT.2024.CACO03.c2.bright.jpg,c2,1734811200,2024-12-21T20:00:00+00:00,0.0,2.45977705870183,9.876543209876544,adcp linear at epoch+300s
1734813000.Sat.Dec.21_20_30_00.GMT.2024.CACO03.c2.bright.jpg,c2,1734813000,2024-12-21T20:30:00+00:00,30.0,2.3596365149551883,9.876543209876544,adcp linear at epoch+300s
1734814800.Sat.Dec.21_21_00_00.GMT.2024.CACO03.c2.bright.jpg,c2,1734814800,2024-12-21T21:00:00+00:00,0.0,2.2914657850230853,9.876543209876544,adcp linear at epoch+300s
1734816600.Sat.Dec.21_21_30_00.GMT.2024.CACO03.c2.bright.jpg,c2,1734816600,2024-12-21T21:30:00+00:00,30.0,2.3831441241636737,9.876543209876544,adcp linear at epoch+300s
1734818400.Sat.Dec.21_22_00_00.GMT.2024.CACO03.c2.bright.jpg,c2,1734818400,2024-12-21T22:00:00+00:00,0.0,2.424870980045662,9.876543209876544,adcp linear at epoch+300s
1734820200.Sat.Dec.21_22_30_00.GMT.2024.CACO03.c2.bright.jpg,c2,1734820200,2024-12-21T22:30:00+00:00,30.0,2.2168404196346483,9.876543209876544,adcp linear at epoch+300s
1734822000.Sat.Dec.21_23_00_00.GMT.2024.CACO03.c2.bright.jpg,c2,1734822000,2024-12-21T23:00:00+00:00,0.0,2.0401286646886914,9.876543209876544,adcp linear at epoch+300s
1734823800.Sat.Dec.21_23_30_00.GMT.2024.CACO03.c2.bright.jpg,c2,1734823800,2024-12-21T23:30:00+00:00,30.0,2.0200109370680166,9.876543209876544,adcp linear at epoch+300s
1734825600.Sun.Dec.22_00_00_00.GMT.2024.CACO03.c2.bright.jpg,c2,1734825600,2024-12-22T00:00:00+00:00,0.0,1.989583603971686,9.876543209876544,adcp linear at epoch+300s
1734827400.Sun.Dec.22_00_30_00.GMT.2024.CACO03.c2.bright.jpg,c2,1734827400,2024-12-22T00:30:00+00:00,30.0,1.9076082434970785,9.876543209876544,adcp linear at epoch+300s
1734829200.Sun.Dec.22_01_00_00.GMT.2024.CACO03.c2.bright.jpg,c2,1734829200,2024-12-22T01:00:00+00:00,0.0,1.8420504534619422,9.876543209876544,adcp linear at epoch+300s
1734831000.Sun.Dec.22_01_30_00.GMT.2024.CACO03.c2.bright.jpg,c2,1734831000,2024-12-22T01:30:00+00:00,30.0,1.8585805156241628,9.174311926605505,adcp linear at epoch+300s
1734832800.Sun.Dec.22_02_00_00.GMT.2024.CACO03.c2.bright.jpg,c2,1734832800,2024-12-22T02:00:00+00:00,0.0,1.8616194123292316,9.174311926605505,adcp linear at epoch+300s
1734834600.Sun.Dec.22_02_30_00.GMT.2024.CACO03.c2.bright.jpg,c2,1734834600,2024-12-22T02:30:00+00:00,30.0,1.7972024817485392,9.876543209876544,adcp linear at epoch+300s
1734836400.Sun.Dec.22_03_00_00.GMT.2024.CACO03.c2.bright.jpg,c2,1734836400,2024-12-22T03:00:00+00:00,0.0,1.7416322781861233,9.876543209876544,adcp linear at epoch+300s
1734867000.Sun.Dec.22_11_30_00.GMT.2024.CACO03.c2.bright.jpg,c2,1734867000,2024-12-22T11:30:00+00:00,30.0,1.4720396493245276,6.430868167202571,adcp linear at epoch+300s
1734868800.Sun.Dec.22_12_00_00.GMT.2024.CACO03.c2.bright.jpg,c2,1734868800,2024-12-22T12:00:00+00:00,0.0,1.4328302528754429,6.430868167202571,adcp linear at epoch+300s
1734870600.Sun.Dec.22_12_30_00.GMT.2024.CACO03.c2.bright.jpg,c2,1734870600,2024-12-22T12:30:00+00:00,30.0,1.3037224577561017,6.125574272588055,adcp linear at epoch+300s
1734872400.Sun.Dec.22_13_00_00.GMT.2024.CACO03.c2.bright.jpg,c2,1734872400,2024-12-22T13:00:00+00:00,0.0,1.2007352840883136,6.125574272588055,adcp linear at epoch+300s
1734874200.Sun.Dec.22_13_30_00.GMT.2024.CACO03.c2.bright.jpg,c2,1734874200,2024-12-22T13:30:00+00:00,30.0,1.2283512176782916,6.430868167202571,adcp linear at epoch+300s
1734876000.Sun.Dec.22_14_00_00.GMT.2024.CACO03.c2.bright.jpg,c2,1734876000,2024-12-22T14:00:00+00:00,0.0,1.2429172090851117,6.430868167202571,adcp linear at epoch+300s
1734877800.Sun.Dec.22_14_30_00.GMT.2024.CACO03.c2.bright.jpg,c2,1734877800,2024-12-22T14:30:00+00:00,30.0,1.1922334895761437,5.847953216374269,adcp linear at epoch+300s
1734879600.Sun.Dec.22_15_00_00.GMT.2024.CACO03.c2.bright.jpg,c2,1734879600,2024-12-22T15:00:00+00:00,0.0,1.1519908493153956,5.847953216374269,adcp linear at epoch+300s
1734881400.Sun.Dec.22_15_30_00.GMT.2024.CACO03.c2.bright.jpg,c2,1734881400,2024-12-22T15:30:00+00:00,30.0,1.1639536052957475,6.430868167202571,adcp linear at epoch+300s
1734883200.Sun.Dec.22_16_00_00.GMT.2024.CACO03.c2.bright.jpg,c2,1734883200,2024-12-22T16:00:00+00:00,0.0,1.1883501489554238,6.430868167202571,adcp linear at epoch+300s
1734885000.Sun.Dec.22_16_30_00.GMT.2024.CACO03.c2.bright.jpg,c2,1734885000,2024-12-22T16:30:00+00:00,30.0,1.2749156310117211,5.847953216374269,adcp linear at epoch+300s
1734886800.Sun.Dec.22_17_00_00.GMT.2024.CACO03.c2.bright.jpg,c2,1734886800,2024-12-22T17:00:00+00:00,0.0,1.3439793760353613,5.847953216374269,adcp linear at epoch+300s
1734888600.Sun.Dec.22_17_30_00.GMT.2024.CACO03.c2.bright.jpg,c2,1734888600,2024-12-22T17:30:00+00:00,30.0,1.3255344358957148,6.125574272588055,adcp linear at epoch+300s
1734890400.Sun.Dec.22_18_00_00.GMT.2024.CACO03.c2.bright.jpg,c2,1734890400,2024-12-22T18:00:00+00:00,0.0,1.3259109290260196,6.125574272588055,adcp linear at epoch+300s
1734892200.Sun.Dec.22_18_30_00.GMT.2024.CACO03.c2.bright.jpg,c2,1734892200,2024-12-22T18:30:00+00:00,30.0,1.4203945885060807,6.430868167202571,adcp linear at epoch+300s
1734894000.Sun.Dec.22_19_00_00.GMT.2024.CACO03.c2.bright.jpg,c2,1734894000,2024-12-22T19:00:00+00:00,0.0,1.5014312342404241,6.430868167202571,adcp linear at epoch+300s
1734895800.Sun.Dec.22_19_30_00.GMT.2024.CACO03.c2.bright.jpg,c2,1734895800,2024-12-22T19:30:00+00:00,30.0,1.5152328112461795,6.430868167202571,adcp linear at epoch+300s
1734897600.Sun.Dec.22_20_00_00.GMT.2024.CACO03.c2.bright.jpg,c2,1734897600,2024-12-22T20:00:00+00:00,0.0,1.5084148087561589,6.430868167202571,adcp linear at epoch+300s
1734899400.Sun.Dec.22_20_30_00.GMT.2024.CACO03.c2.bright.jpg,c2,1734899400,2024-12-22T20:30:00+00:00,30.0,1.3984989087872597,6.125574272588055,adcp linear at epoch+300s
1734901200.Sun.Dec.22_21_00_00.GMT.2024.CACO03.c2.bright.jpg,c2,1734901200,2024-12-22T21:00:00+00:00,0.0,1.3094706956039655,6.125574272588055,adcp linear at epoch+300s
1734903000.Sun.Dec.22_21_30_00.GMT.2024.CACO03.c2.bright.jpg,c2,1734903000,2024-12-22T21:30:00+00:00,30.0,1.3248809163486952,5.847953216374269,adcp linear at epoch+300s
1734904800.Sun.Dec.22_22_00_00.GMT.2024.CACO03.c2.bright.jpg,c2,1734904800,2024-12-22T22:00:00+00:00,0.0,1.349184696463213,5.847953216374269,adcp linear at epoch+300s
1734906600.Sun.Dec.22_22_30_00.GMT.2024.CACO03.c2.bright.jpg,c2,1734906600,2024-12-22T22:30:00+00:00,30.0,1.417956273426672,6.125574272588055,adcp linear at epoch+300s
1734908400.Sun.Dec.22_23_00_00.GMT.2024.CACO03.c2.bright.jpg,c2,1734908400,2024-12-22T23:00:00+00:00,0.0,1.4666325947891,6.125574272588055,adcp linear at epoch+300s
1734910200.Sun.Dec.22_23_30_00.GMT.2024.CACO03.c2.bright.jpg,c2,1734910200,2024-12-22T23:30:00+00:00,30.0,1.4148326381463723,5.847953216374269,adcp linear at epoch+300s
1734912000.Mon.Dec.23_00_00_00.GMT.2024.CACO03.c2.bright.jpg,c2,1734912000,2024-12-23T00:00:00+00:00,0.0,1.3904654010714785,5.847953216374269,adcp linear at epoch+300s
1734913800.Mon.Dec.23_00_30_00.GMT.2024.CACO03.c2.bright.jpg,c2,1734913800,2024-12-23T00:30:00+00:00,30.0,1.5032617618357529,5.847953216374269,adcp linear at epoch+300s
1734915600.Mon.Dec.23_01_00_00.GMT.2024.CACO03.c2.bright.jpg,c2,1734915600,2024-12-23T01:00:00+00:00,0.0,1.5871623292068189,5.847953216374269,adcp linear at epoch+300s
1734917400.Mon.Dec.23_01_30_00.GMT.2024.CACO03.c2.bright.jpg,c2,1734917400,2024-12-23T01:30:00+00:00,30.0,1.526583929611844,5.361930294906166,adcp linear at epoch+300s
1734919200.Mon.Dec.23_02_00_00.GMT.2024.CACO03.c2.bright.jpg,c2,1734919200,2024-12-23T02:00:00+00:00,0.0,1.4620481478608303,5.361930294906166,adcp linear at epoch+300s
1734921000.Mon.Dec.23_02_30_00.GMT.2024.CACO03.c2.bright.jpg,c2,1734921000,2024-12-23T02:30:00+00:00,30.0,1.3777254553296219,6.125574272588055,adcp linear at epoch+300s
1734922800.Mon.Dec.23_03_00_00.GMT.2024.CACO03.c2.bright.jpg,c2,1734922800,2024-12-23T03:00:00+00:00,0.0,1.3046208537138702,6.125574272588055,adcp linear at epoch+300s
1734953400.Mon.Dec.23_11_30_00.GMT.2024.CACO03.c2.bright.jpg,c2,1734953400,2024-12-23T11:30:00+00:00,30.0,1.275476730929666,6.125574272588055,adcp linear at epoch+300s
1734955200.Mon.Dec.23_12_00_00.GMT.2024.CACO03.c2.bright.jpg,c2,1734955200,2024-12-23T12:00:00+00:00,0.0,1.1681264157274347,6.125574272588055,adcp linear at epoch+300s
1734957000.Mon.Dec.23_12_30_00.GMT.2024.CACO03.c2.bright.jpg,c2,1734957000,2024-12-23T12:30:00+00:00,30.0,1.0921462291300423,6.430868167202571,adcp linear at epoch+300s
1734958800.Mon.Dec.23_13_00_00.GMT.2024.CACO03.c2.bright.jpg,c2,1734958800,2024-12-23T13:00:00+00:00,0.0,1.0262384243176657,6.430868167202571,adcp linear at epoch+300s
1734960600.Mon.Dec.23_13_30_00.GMT.2024.CACO03.c2.bright.jpg,c2,1734960600,2024-12-23T13:30:00+00:00,30.0,1.0106925284303676,6.430868167202571,adcp linear at epoch+300s
1734962400.Mon.Dec.23_14_00_00.GMT.2024.CACO03.c2.bright.jpg,c2,1734962400,2024-12-23T14:00:00+00:00,0.0,0.9886307809760253,6.430868167202571,adcp linear at epoch+300s
1734964200.Mon.Dec.23_14_30_00.GMT.2024.CACO03.c2.bright.jpg,c2,1734964200,2024-12-23T14:30:00+00:00,30.0,0.9339897756864612,6.125574272588055,adcp linear at epoch+300s
1734966000.Mon.Dec.23_15_00_00.GMT.2024.CACO03.c2.bright.jpg,c2,1734966000,2024-12-23T15:00:00+00:00,0.0,0.8878978142276774,6.125574272588055,adcp linear at epoch+300s
1734967800.Mon.Dec.23_15_30_00.GMT.2024.CACO03.c2.bright.jpg,c2,1734967800,2024-12-23T15:30:00+00:00,30.0,0.8845510719227951,6.125574272588055,adcp linear at epoch+300s
1734969600.Mon.Dec.23_16_00_00.GMT.2024.CACO03.c2.bright.jpg,c2,1734969600,2024-12-23T16:00:00+00:00,0.0,0.8768791739316747,6.125574272588055,adcp linear at epoch+300s
1734971400.Mon.Dec.23_16_30_00.GMT.2024.CACO03.c2.bright.jpg,c2,1734971400,2024-12-23T16:30:00+00:00,30.0,0.8475814975093637,6.125574272588055,adcp linear at epoch+300s
1734973200.Mon.Dec.23_17_00_00.GMT.2024.CACO03.c2.bright.jpg,c2,1734973200,2024-12-23T17:00:00+00:00,0.0,0.8308600747230469,6.125574272588055,adcp linear at epoch+300s
1734975000.Mon.Dec.23_17_30_00.GMT.2024.CACO03.c2.bright.jpg,c2,1734975000,2024-12-23T17:30:00+00:00,30.0,0.8770199201167003,6.768189509306261,adcp linear at epoch+300s
1734976800.Mon.Dec.23_18_00_00.GMT.2024.CACO03.c2.bright.jpg,c2,1734976800,2024-12-23T18:00:00+00:00,0.0,0.9095509734947687,6.768189509306261,adcp linear at epoch+300s
1734978600.Mon.Dec.23_18_30_00.GMT.2024.CACO03.c2.bright.jpg,c2,1734978600,2024-12-23T18:30:00+00:00,30.0,0.8739380667949115,6.125574272588055,adcp linear at epoch+300s
1734980400.Mon.Dec.23_19_00_00.GMT.2024.CACO03.c2.bright.jpg,c2,1734980400,2024-12-23T19:00:00+00:00,0.0,0.8422165544819697,6.125574272588055,adcp linear at epoch+300s
1734982200.Mon.Dec.23_19_30_00.GMT.2024.CACO03.c2.bright.jpg,c2,1734982200,2024-12-23T19:30:00+00:00,30.0,0.8299520141036052,6.430868167202571,adcp linear at epoch+300s
1734984000.Mon.Dec.23_20_00_00.GMT.2024.CACO03.c2.bright.jpg,c2,1734984000,2024-12-23T20:00:00+00:00,0.0,0.8212815418975082,6.430868167202571,adcp linear at epoch+300s
1734985800.Mon.Dec.23_20_30_00.GMT.2024.CACO03.c2.bright.jpg,c2,1734985800,2024-12-23T20:30:00+00:00,30.0,0.8305814105527504,5.847953216374269,adcp linear at epoch+300s
1734987600.Mon.Dec.23_21_00_00.GMT.2024.CACO03.c2.bright.jpg,c2,1734987600,2024-12-23T21:00:00+00:00,0.0,0.8338073609394262,5.847953216374269,adcp linear at epoch+300s
1734989400.Mon.Dec.23_21_30_00.GMT.2024.CACO03.c2.bright.jpg,c2,1734989400,2024-12-23T21:30:00+00:00,30.0,0.8066637199832708,5.847953216374269,adcp linear at epoch+300s
1734991200.Mon.Dec.23_22_00_00.GMT.2024.CACO03.c2.bright.jpg,c2,1734991200,2024-12-23T22:00:00+00:00,0.0,0.7792656121692547,5.847953216374269,adcp linear at epoch+300s
1734993000.Mon.Dec.23_22_30_00.GMT.2024.CACO03.c2.bright.jpg,c2,1734993000,2024-12-23T22:30:00+00:00,30.0,0.7505951700659353,5.847953216374269,adcp linear at epoch+300s
1734994800.Mon.Dec.23_23_00_00.GMT.2024.CACO03.c2.bright.jpg,c2,1734994800,2024-12-23T23:00:00+00:00,0.0,0.7187669865185286,5.847953216374269,adcp linear at epoch+300s
1734996600.Mon.Dec.23_23_30_00.GMT.2024.CACO03.c2.bright.jpg,c2,1734996600,2024-12-23T23:30:00+00:00,30.0,0.6711500957506842,6.125574272588055,adcp linear at epoch+300s
1734998400.Tue.Dec.24_00_00_00.GMT.2024.CACO03.c2.bright.jpg,c2,1734998400,2024-12-24T00:00:00+00:00,0.0,0.6297257658301529,6.125574272588055,adcp linear at epoch+300s
1735000200.Tue.Dec.24_00_30_00.GMT.2024.CACO03.c2.bright.jpg,c2,1735000200,2024-12-24T00:30:00+00:00,30.0,0.6192642401461881,6.125574272588055,adcp linear at epoch+300s
1735002000.Tue.Dec.24_01_00_00.GMT.2024.CACO03.c2.bright.jpg,c2,1735002000,2024-12-24T01:00:00+00:00,0.0,0.609000739762505,6.125574272588055,adcp linear at epoch+300s
1735003800.Tue.Dec.24_01_30_00.GMT.2024.CACO03.c2.bright.jpg,c2,1735003800,2024-12-24T01:30:00+00:00,30.0,0.5997273658802311,10.6951871657754,adcp linear at epoch+300s
1735005600.Tue.Dec.24_02_00_00.GMT.2024.CACO03.c2.bright.jpg,c2,1735005600,2024-12-24T02:00:00+00:00,0.0,0.5902933578057854,10.6951871657754,adcp linear at epoch+300s
1735007400.Tue.Dec.24_02_30_00.GMT.2024.CACO03.c2.bright.jpg,c2,1735007400,2024-12-24T02:30:00+00:00,30.0,0.5800561787704804,10.6951871657754,adcp linear at epoch+300s
1735009200.Tue.Dec.24_03_00_00.GMT.2024.CACO03.c2.bright.jpg,c2,1735009200,2024-12-24T03:00:00+00:00,0.0,0.5604675892562045,10.6951871657754,adcp linear at epoch+300s
1735039800.Tue.Dec.24_11_30_00.GMT.2024.CACO03.c2.bright.jpg,c2,1735039800,2024-12-24T11:30:00+00:00,30.0,0.6244926230587218,4.597701149425287,adcp linear at epoch+300s
1735041600.Tue.Dec.24_12_00_00.GMT.2024.CACO03.c2.bright.jpg,c2,1735041600,2024-12-24T12:00:00+00:00,0.0,0.8130896615533179,4.597701149425287,adcp linear at epoch+300s
1735043400.Tue.Dec.24_12_30_00.GMT.2024.CACO03.c2.bright.jpg,c2,1735043400,2024-12-24T12:30:00+00:00,30.0,0.6678997888288389,5.361930294906166,adcp linear at epoch+300s
1735045200.Tue.Dec.24_13_00_00.GMT.2024.CACO03.c2.bright.jpg,c2,1735045200,2024-12-24T13:00:00+00:00,0.0,0.5539620562827555,5.361930294906166,adcp linear at epoch+300s
1735047000.Tue.Dec.24_13_30_00.GMT.2024.CACO03.c2.bright.jpg,c2,1735047000,2024-12-24T13:30:00+00:00,30.0,0.5962850246286502,5.361930294906166,adcp linear at epoch+300s
1735048800.Tue.Dec.24_14_00_00.GMT.2024.CACO03.c2.bright.jpg,c2,1735048800,2024-12-24T14:00:00+00:00,0.0,0.628727401784825,5.361930294906166,adcp linear at epoch+300s
1735660800.Tue.Dec.31_16_00_00.GMT.2024.CACO03.c2.bright.jpg,c2,1735660800,2024-12-31T16:00:00+00:00,0.0,0.8124599383252118,9.876543209876544,adcp linear at epoch+300s
1735662600.Tue.Dec.31_16_30_00.GMT.2024.CACO03.c2.bright.jpg,c2,1735662600,2024-12-31T16:30:00+00:00,30.0,0.8016518819331727,9.876543209876544,adcp linear at epoch+300s
1735664400.Tue.Dec.31_17_00_00.GMT.2024.CACO03.c2.bright.jpg,c2,1735664400,2024-12-31T17:00:00+00:00,0.0,0.796732157501705,9.876543209876544,adcp linear at epoch+300s
1735666200.Tue.Dec.31_17_30_00.GMT.2024.CACO03.c2.bright.jpg,c2,1735666200,2024-12-31T17:30:00+00:00,30.0,0.821254092873094,9.876543209876544,adcp linear at epoch+300s
1735668000.Tue.Dec.31_18_00_00.GMT.2024.CACO03.c2.bright.jpg,c2,1735668000,2024-12-31T18:00:00+00:00,0.0,0.833872006976597,9.876543209876544,adcp linear at epoch+300s
1735669800.Tue.Dec.31_18_30_00.GMT.2024.CACO03.c2.bright.jpg,c2,1735669800,2024-12-31T18:30:00+00:00,30.0,0.7869698147406693,9.876543209876544,adcp linear at epoch+300s
1735671600.Tue.Dec.31_19_00_00.GMT.2024.CACO03.c2.bright.jpg,c2,1735671600,2024-12-31T19:00:00+00:00,0.0,0.7589050186838745,9.876543209876544,adcp linear at epoch+300s
1735673400.Tue.Dec.31_19_30_00.GMT.2024.CACO03.c2.bright.jpg,c2,1735673400,2024-12-31T19:30:00+00:00,30.0,0.8250272035227447,9.876543209876544,adcp linear at epoch+300s
1735675200.Tue.Dec.31_20_00_00.GMT.2024.CACO03.c2.bright.jpg,c2,1735675200,2024-12-31T20:00:00+00:00,0.0,0.8731244946777184,9.876543209876544,adcp linear at epoch+300s
1735677000.Tue.Dec.31_20_30_00.GMT.2024.CACO03.c2.bright.jpg,c2,1735677000,2024-12-31T20:30:00+00:00,30.0,0.8310973174132092,9.174311926605505,adcp linear at epoch+300s
1735678800.Tue.Dec.31_21_00_00.GMT.2024.CACO03.c2.bright.jpg,c2,1735678800,2024-12-31T21:00:00+00:00,0.0,0.7979838198157546,9.174311926605505,adcp linear at epoch+300s
1735680600.Tue.Dec.31_21_30_00.GMT.2024.CACO03.c2.bright.jpg,c2,1735680600,2024-12-31T21:30:00+00:00,30.0,0.8094387205535734,7.561436672967865,adcp linear at epoch+300s
1735682400.Tue.Dec.31_22_00_00.GMT.2024.CACO03.c2.bright.jpg,c2,1735682400,2024-12-31T22:00:00+00:00,0.0,0.8123964017621415,7.561436672967865,adcp linear at epoch+300s
1735684200.Tue.Dec.31_22_30_00.GMT.2024.CACO03.c2.bright.jpg,c2,1735684200,2024-12-31T22:30:00+00:00,30.0,0.7728679853244572,9.174311926605505,adcp linear at epoch+300s
1735686000.Tue.Dec.31_23_00_00.GMT.2024.CACO03.c2.bright.jpg,c2,1735686000,2024-12-31T23:00:00+00:00,0.0,0.73960028072611,9.174311926605505,adcp linear at epoch+300s
1735687800.Tue.Dec.31_23_30_00.GMT.2024.CACO03.c2.bright.jpg,c2,1735687800,2024-12-31T23:30:00+00:00,30.0,0.7376361353244476,9.174311926605505,adcp linear at epoch+300s
1735689600.Wed.Jan.01_00_00_00.GMT.2025.CACO03.c2.bright.jpg,c2,1735689600,2025-01-01T00:00:00+00:00,0.0,0.7336016181900373,9.174311926605505,adcp linear at epoch+300s
1735691400.Wed.Jan.01_00_30_00.GMT.2025.CACO03.c2.bright.jpg,c2,1735691400,2025-01-01T00:30:00+00:00,30.0,0.719215242391888,8.565310492505352,adcp linear at epoch+300s
1735693200.Wed.Jan.01_01_00_00.GMT.2025.CACO03.c2.bright.jpg,c2,1735693200,2025-01-01T01:00:00+00:00,0.0,0.7081826276327017,8.565310492505352,adcp linear at epoch+300s
1735695000.Wed.Jan.01_01_30_00.GMT.2025.CACO03.c2.bright.jpg,c2,1735695000,2025-01-01T01:30:00+00:00,30.0,0.7139188180683305,8.565310492505352,adcp linear at epoch+300s
1735696800.Wed.Jan.01_02_00_00.GMT.2025.CACO03.c2.bright.jpg,c2,1735696800,2025-01-01T02:00:00+00:00,0.0,0.7107354834759716,8.565310492505352,adcp linear at epoch+300s
1735698600.Wed.Jan.01_02_30_00.GMT.2025.CACO03.c2.bright.jpg,c2,1735698600,2025-01-01T02:30:00+00:00,30.0,0.6629545237436749,7.561436672967865,adcp linear at epoch+300s
1735700400.Wed.Jan.01_03_00_00.GMT.2025.CACO03.c2.bright.jpg,c2,1735700400,2025-01-01T03:00:00+00:00,0.0,0.6266333273625273,7.561436672967865,adcp linear at epoch+300s
1735731000.Wed.Jan.01_11_30_00.GMT.2025.CACO03.c2.bright.jpg,c2,1735731000,2025-01-01T11:30:00+00:00,30.0,2.0743580961454913,6.430868167202571,adcp linear at epoch+300s
1735732800.Wed.Jan.01_12_00_00.GMT.2025.CACO03.c2.bright.jpg,c2,1735732800,2025-01-01T12:00:00+00:00,0.0,1.9608734095456646,6.430868167202571,adcp linear at epoch+300s
1735734600.Wed.Jan.01_12_30_00.GMT.2025.CACO03.c2.bright.jpg,c2,1735734600,2025-01-01T12:30:00+00:00,30.0,1.988931997889046,6.768189509306261,adcp linear at epoch+300s
1735736400.Wed.Jan.01_13_00_00.GMT.2025.CACO03.c2.bright.jpg,c2,1735736400,2025-01-01T13:00:00+00:00,0.0,2.020734752277057,6.768189509306261,adcp linear at epoch+300s
1735738200.Wed.Jan.01_13_30_00.GMT.2025.CACO03.c2.bright.jpg,c2,1735738200,2025-01-01T13:30:00+00:00,30.0,2.0712583368882145,7.142857142857142,adcp linear at epoch+300s
1735740000.Wed.Jan.01_14_00_00.GMT.2025.CACO03.c2.bright.jpg,c2,1735740000,2025-01-01T14:00:00+00:00,0.0,2.101163898421476,7.142857142857142,adcp linear at epoch+300s
1735741800.Wed.Jan.01_14_30_00.GMT.2025.CACO03.c2.bright.jpg,c2,1735741800,2025-01-01T14:30:00+00:00,30.0,2.0279793445652596,7.561436672967865,adcp linear at epoch+300s
1735743600.Wed.Jan.01_15_00_00.GMT.2025.CACO03.c2.bright.jpg,c2,1735743600,2025-01-01T15:00:00+00:00,0.0,1.9425605491794087,7.561436672967865,adcp linear at epoch+300s
1735745400.Wed.Jan.01_15_30_00.GMT.2025.CACO03.c2.bright.jpg,c2,1735745400,2025-01-01T15:30:00+00:00,30.0,1.7959705461453854,6.768189509306261,adcp linear at epoch+300s
1735747200.Wed.Jan.01_16_00_00.GMT.2025.CACO03.c2.bright.jpg,c2,1735747200,2025-01-01T16:00:00+00:00,0.0,1.661999303561265,6.768189509306261,adcp linear at epoch+300s
1735749000.Wed.Jan.01_16_30_00.GMT.2025.CACO03.c2.bright.jpg,c2,1735749000,2025-01-01T16:30:00+00:00,30.0,1.5911218632266584,8.565310492505352,adcp linear at epoch+300s
1735750800.Wed.Jan.01_17_00_00.GMT.2025.CACO03.c2.bright.jpg,c2,1735750800,2025-01-01T17:00:00+00:00,0.0,1.5364641768624028,8.565310492505352,adcp linear at epoch+300s
1735752600.Wed.Jan.01_17_30_00.GMT.2025.CACO03.c2.bright.jpg,c2,1735752600,2025-01-01T17:30:00+00:00,30.0,1.5629052603499007,8.565310492505352,adcp linear at epoch+300s
1735754400.Wed.Jan.01_18_00_00.GMT.2025.CACO03.c2.bright.jpg,c2,1735754400,2025-01-01T18:00:00+00:00,0.0,1.5650099681089353,8.565310492505352,adcp linear at epoch+300s
1735756200.Wed.Jan.01_18_30_00.GMT.2025.CACO03.c2.bright.jpg,c2,1735756200,2025-01-01T18:30:00+00:00,30.0,1.445432797225653,8.032128514056225,adcp linear at epoch+300s
1735758000.Wed.Jan.01_19_00_00.GMT.2025.CACO03.c2.bright.jpg,c2,1735758000,2025-01-01T19:00:00+00:00,0.0,1.3431376892149578,8.032128514056225,adcp linear at epoch+300s
1735759800.Wed.Jan.01_19_30_00.GMT.2025.CACO03.c2.bright.jpg,c2,1735759800,2025-01-01T19:30:00+00:00,30.0,1.3272528955671956,8.565310492505352,adcp linear at epoch+300s
1735761600.Wed.Jan.01_20_00_00.GMT.2025.CACO03.c2.bright.jpg,c2,1735761600,2025-01-01T20:00:00+00:00,0.0,1.3140080207725715,8.565310492505352,adcp linear at epoch+300s
1735763400.Wed.Jan.01_20_30_00.GMT.2025.CACO03.c2.bright.jpg,c2,1735763400,2025-01-01T20:30:00+00:00,30.0,1.3139627402436371,8.032128514056225,adcp linear at epoch+300s
1735765200.Wed.Jan.01_21_00_00.GMT.2025.CACO03.c2.bright.jpg,c2,1735765200,2025-01-01T21:00:00+00:00,0.0,1.297264530599021,8.032128514056225,adcp linear at epoch+300s
1735767000.Wed.Jan.01_21_30_00.GMT.2025.CACO03.c2.bright.jpg,c2,1735767000,2025-01-01T21:30:00+00:00,30.0,1.1973016753759964,8.032128514056225,adcp linear at epoch+300s
1735768800.Wed.Jan.01_22_00_00.GMT.2025.CACO03.c2.bright.jpg,c2,1735768800,2025-01-01T22:00:00+00:00,0.0,1.1121937935513793,8.032128514056225,adcp linear at epoch+300s
1735770600.Wed.Jan.01_22_30_00.GMT.2025.CACO03.c2.bright.jpg,c2,1735770600,2025-01-01T22:30:00+00:00,30.0,1.101360778718801,7.561436672967865,adcp linear at epoch+300s
1735772400.Wed.Jan.01_23_00_00.GMT.2025.CACO03.c2.bright.jpg,c2,1735772400,2025-01-01T23:00:00+00:00,0.0,1.084492047581237,7.561436672967865,adcp linear at epoch+300s
1735774200.Wed.Jan.01_23_30_00.GMT.2025.CACO03.c2.bright.jpg,c2,1735774200,2025-01-01T23:30:00+00:00,30.0,1.0374447349187448,7.561436672967865,adcp linear at epoch+300s
1735776000.Thu.Jan.02_00_00_00.GMT.2025.CACO03.c2.bright.jpg,c2,1735776000,2025-01-02T00:00:00+00:00,0.0,0.991830081396923,7.561436672967865,adcp linear at epoch+300s
1735777800.Thu.Jan.02_00_30_00.GMT.2025.CACO03.c2.bright.jpg,c2,1735777800,2025-01-02T00:30:00+00:00,30.0,0.9533787235784522,7.142857142857142,adcp linear at epoch+300s
1735779600.Thu.Jan.02_01_00_00.GMT.2025.CACO03.c2.bright.jpg,c2,1735779600,2025-01-02T01:00:00+00:00,0.0,0.9233459018413057,7.142857142857142,adcp linear at epoch+300s
1735781400.Thu.Jan.02_01_30_00.GMT.2025.CACO03.c2.bright.jpg,c2,1735781400,2025-01-02T01:30:00+00:00,30.0,0.9354057605107804,7.561436672967865,adcp linear at epoch+300s
1735783200.Thu.Jan.02_02_00_00.GMT.2025.CACO03.c2.bright.jpg,c2,1735783200,2025-01-02T02:00:00+00:00,0.0,0.9488917054628214,7.561436672967865,adcp linear at epoch+300s
1735785000.Thu.Jan.02_02_30_00.GMT.2025.CACO03.c2.bright.jpg,c2,1735785000,2025-01-02T02:30:00+00:00,30.0,0.9695080818276934,7.142857142857142,adcp linear at epoch+300s
1735786800.Thu.Jan.02_03_00_00.GMT.2025.CACO03.c2.bright.jpg,c2,1735786800,2025-01-02T03:00:00+00:00,0.0,0.9826050488999121,7.142857142857142,adcp linear at epoch+300s
1735817400.Thu.Jan.02_11_30_00.GMT.2025.CACO03.c2.bright.jpg,c2,1735817400,2025-01-02T11:30:00+00:00,30.0,0.8316918582631417,10.6951871657754,adcp linear at epoch+300s
1735819200.Thu.Jan.02_12_00_00.GMT.2025.CACO03.c2.bright.jpg,c2,1735819200,2025-01-02T12:00:00+00:00,0.0,0.8507087187819754,10.6951871657754,adcp linear at epoch+300s
1735821000.Thu.Jan.02_12_30_00.GMT.2025.CACO03.c2.bright.jpg,c2,1735821000,2025-01-02T12:30:00+00:00,30.0,0.9135132089182425,6.125574272588055,adcp linear at epoch+300s
1735822800.Thu.Jan.02_13_00_00.GMT.2025.CACO03.c2.bright.jpg,c2,1735822800,2025-01-02T13:00:00+00:00,0.0,0.9727023046090778,6.125574272588055,adcp linear at epoch+300s
1735824600.Thu.Jan.02_13_30_00.GMT.2025.CACO03.c2.bright.jpg,c2,1735824600,2025-01-02T13:30:00+00:00,30.0,1.0138144280727546,6.768189509306261,adcp linear at epoch+300s
1735826400.Thu.Jan.02_14_00_00.GMT.2025.CACO03.c2.bright.jpg,c2,1735826400,2025-01-02T14:00:00+00:00,0.0,1.0549905636918662,6.768189509306261,adcp linear at epoch+300s
1735828200.Thu.Jan.02_14_30_00.GMT.2025.CACO03.c2.bright.jpg,c2,1735828200,2025-01-02T14:30:00+00:00,30.0,1.0964867600881538,6.768189509306261,adcp linear at epoch+300s
1735830000.Thu.Jan.02_15_00_00.GMT.2025.CACO03.c2.bright.jpg,c2,1735830000,2025-01-02T15:00:00+00:00,0.0,1.1256810677537434,6.768189509306261,adcp linear at epoch+300s
1735831800.Thu.Jan.02_15_30_00.GMT.2025.CACO03.c2.bright.jpg,c2,1735831800,2025-01-02T15:30:00+00:00,30.0,1.0933659317658446,9.876543209876544,adcp linear at epoch+300s
1735833600.Thu.Jan.02_16_00_00.GMT.2025.CACO03.c2.bright.jpg,c2,1735833600,2025-01-02T16:00:00+00:00,0.0,1.0591861366865032,9.876543209876544,adcp linear at epoch+300s
1735835400.Thu.Jan.02_16_30_00.GMT.2025.CACO03.c2.bright.jpg,c2,1735835400,2025-01-02T16:30:00+00:00,30.0,1.0156830461499482,9.876543209876544,adcp linear at epoch+300s
1735837200.Thu.Jan.02_17_00_00.GMT.2025.CACO03.c2.bright.jpg,c2,1735837200,2025-01-02T17:00:00+00:00,0.0,0.9753055272836803,9.876543209876544,adcp linear at epoch+300s
1735839000.Thu.Jan.02_17_30_00.GMT.2025.CACO03.c2.bright.jpg,c2,1735839000,2025-01-02T17:30:00+00:00,30.0,0.9505558667688468,9.876543209876544,adcp linear at epoch+300s
1735840800.Thu.Jan.02_18_00_00.GMT.2025.CACO03.c2.bright.jpg,c2,1735840800,2025-01-02T18:00:00+00:00,0.0,0.9215441458413587,9.876543209876544,adcp linear at epoch+300s
1735842600.Thu.Jan.02_18_30_00.GMT.2025.CACO03.c2.bright.jpg,c2,1735842600,2025-01-02T18:30:00+00:00,30.0,0.8712221228505966,10.6951871657754,adcp linear at epoch+300s
1735844400.Thu.Jan.02_19_00_00.GMT.2025.CACO03.c2.bright.jpg,c2,1735844400,2025-01-02T19:00:00+00:00,0.0,0.8264349451359874,10.6951871657754,adcp linear at epoch+300s
1735846200.Thu.Jan.02_19_30_00.GMT.2025.CACO03.c2.bright.jpg,c2,1735846200,2025-01-02T19:30:00+00:00,30.0,0.8093219938021422,10.6951871657754,adcp linear at epoch+300s
1735848000.Thu.Jan.02_20_00_00.GMT.2025.CACO03.c2.bright.jpg,c2,1735848000,2025-01-02T20:00:00+00:00,0.0,0.787205267544266,10.6951871657754,adcp linear at epoch+300s
1735849800.Thu.Jan.02_20_30_00.GMT.2025.CACO03.c2.bright.jpg,c2,1735849800,2025-01-02T20:30:00+00:00,30.0,0.7400696666662345,11.661807580174926,adcp linear at epoch+300s
1735851600.Thu.Jan.02_21_00_00.GMT.2025.CACO03.c2.bright.jpg,c2,1735851600,2025-01-02T21:00:00+00:00,0.0,0.7076819109617196,11.661807580174926,adcp linear at epoch+300s
1735853400.Thu.Jan.02_21_30_00.GMT.2025.CACO03.c2.bright.jpg,c2,1735853400,2025-01-02T21:30:00+00:00,30.0,0.7490333811247869,12.82051282051282,adcp linear at epoch+300s
1735855200.Thu.Jan.02_22_00_00.GMT.2025.CACO03.c2.bright.jpg,c2,1735855200,2025-01-02T22:00:00+00:00,0.0,0.7802582551280676,12.82051282051282,adcp linear at epoch+300s
1735857000.Thu.Jan.02_22_30_00.GMT.2025.CACO03.c2.bright.jpg,c2,1735857000,2025-01-02T22:30:00+00:00,30.0,0.7608501483324154,6.430868167202571,adcp linear at epoch+300s
1735858800.Thu.Jan.02_23_00_00.GMT.2025.CACO03.c2.bright.jpg,c2,1735858800,2025-01-02T23:00:00+00:00,0.0,0.7402979691348885,6.430868167202571,adcp linear at epoch+300s
1735860600.Thu.Jan.02_23_30_00.GMT.2025.CACO03.c2.bright.jpg,c2,1735860600,2025-01-02T23:30:00+00:00,30.0,0.7140254279279886,6.125574272588055,adcp linear at epoch+300s
1735862400.Fri.Jan.03_00_00_00.GMT.2025.CACO03.c2.bright.jpg,c2,1735862400,2025-01-03T00:00:00+00:00,0.0,0.7020170144831727,6.125574272588055,adcp linear at epoch+300s
1735864200.Fri.Jan.03_00_30_00.GMT.2025.CACO03.c2.bright.jpg,c2,1735864200,2025-01-03T00:30:00+00:00,30.0,0.7613292398487768,5.361930294906166,adcp linear at epoch+300s
1735866000.Fri.Jan.03_01_00_00.GMT.2025.CACO03.c2.bright.jpg,c2,1735866000,2025-01-03T01:00:00+00:00,0.0,0.8137163115875061,5.361930294906166,adcp linear at epoch+300s
1735867800.Fri.Jan.03_01_30_00.GMT.2025.CACO03.c2.bright.jpg,c2,1735867800,2025-01-03T01:30:00+00:00,30.0,0.8314776151918621,5.594405594405594,adcp linear at epoch+300s
1735869600.Fri.Jan.03_02_00_00.GMT.2025.CACO03.c2.bright.jpg,c2,1735869600,2025-01-03T02:00:00+00:00,0.0,0.851830769321731,5.594405594405594,adcp linear at epoch+300s
1735871400.Fri.Jan.03_02_30_00.GMT.2025.CACO03.c2.bright.jpg,c2,1735871400,2025-01-03T02:30:00+00:00,30.0,0.885143176079164,4.767580452920143,adcp linear at epoch+300s
1735873200.Fri.Jan.03_03_00_00.GMT.2025.CACO03.c2.bright.jpg,c2,1735873200,2025-01-03T03:00:00+00:00,0.0,0.9169437267675419,4.767580452920143,adcp linear at epoch+300s
1735903800.Fri.Jan.03_11_30_00.GMT.2025.CACO03.c2.bright.jpg,c2,1735903800,2025-01-03T11:30:00+00:00,30.0,0.6324069666194545,12.82051282051282,adcp linear at epoch+300s
1735905600.Fri.Jan.03_12_00_00.GMT.2025.CACO03.c2.bright.jpg,c2,1735905600,2025-01-03T12:00:00+00:00,0.0,0.6163307966027439,12.82051282051282,adcp linear at epoch+300s
1735907400.Fri.Jan.03_12_30_00.GMT.2025.CACO03.c2.bright.jpg,c2,1735907400,2025-01-03T12:30:00+00:00,30.0,0.6246996715003521,6.125574272588055,adcp linear at epoch+300s
1735909200.Fri.Jan.03_13_00_00.GMT.2025.CACO03.c2.bright.jpg,c2,1735909200,2025-01-03T13:00:00+00:00,0.0,0.6393476384030978,6.125574272588055,adcp linear at epoch+300s
1735911000.Fri.Jan.03_13_30_00.GMT.2025.CACO03.c2.bright.jpg,c2,1735911000,2025-01-03T13:30:00+00:00,30.0,0.6853910653315306,6.768189509306261,adcp linear at epoch+300s
1735912800.Fri.Jan.03_14_00_00.GMT.2025.CACO03.c2.bright.jpg,c2,1735912800,2025-01-03T14:00:00+00:00,0.0,0.7316486045782101,6.768189509306261,adcp linear at epoch+300s
1735914600.Fri.Jan.03_14_30_00.GMT.2025.CACO03.c2.bright.jpg,c2,1735914600,2025-01-03T14:30:00+00:00,30.0,0.7789767054161237,6.430868167202571,adcp linear at epoch+300s
1735916400.Fri.Jan.03_15_00_00.GMT.2025.CACO03.c2.bright.jpg,c2,1735916400,2025-01-03T15:00:00+00:00,0.0,0.814414084185874,6.430868167202571,adcp linear at epoch+300s
1735918200.Fri.Jan.03_15_30_00.GMT.2025.CACO03.c2.bright.jpg,c2,1735918200,2025-01-03T15:30:00+00:00,30.0,0.7903978526148073,5.847953216374269,adcp linear at epoch+300s
1735920000.Fri.Jan.03_16_00_00.GMT.2025.CACO03.c2.bright.jpg,c2,1735920000,2025-01-03T16:00:00+00:00,0.0,0.7687343711967359,5.847953216374269,adcp linear at epoch+300s
1735921800.Fri.Jan.03_16_30_00.GMT.2025.CACO03.c2.bright.jpg,c2,1735921800,2025-01-03T16:30:00+00:00,30.0,0.7588346405436409,6.125574272588055,adcp linear at epoch+300s
1735923600.Fri.Jan.03_17_00_00.GMT.2025.CACO03.c2.bright.jpg,c2,1735923600,2025-01-03T17:00:00+00:00,0.0,0.7495856572598928,6.125574272588055,adcp linear at epoch+300s
1735925400.Fri.Jan.03_17_30_00.GMT.2025.CACO03.c2.bright.jpg,c2,1735925400,2025-01-03T17:30:00+00:00,30.0,0.7435904108228789,6.430868167202571,adcp linear at epoch+300s
1735927200.Fri.Jan.03_18_00_00.GMT.2025.CACO03.c2.bright.jpg,c2,1735927200,2025-01-03T18:00:00+00:00,0.0,0.7352509856316688,6.430868167202571,adcp linear at epoch+300s
1735929000.Fri.Jan.03_18_30_00.GMT.2025.CACO03.c2.bright.jpg,c2,1735929000,2025-01-03T18:30:00+00:00,30.0,0.7151906666694774,6.125574272588055,adcp linear at epoch+300s
1735930800.Fri.Jan.03_19_00_00.GMT.2025.CACO03.c2.bright.jpg,c2,1735930800,2025-01-03T19:00:00+00:00,0.0,0.6823984085049548,6.125574272588055,adcp linear at epoch+300s
1735932600.Fri.Jan.03_19_30_00.GMT.2025.CACO03.c2.bright.jpg,c2,1735932600,2025-01-03T19:30:00+00:00,30.0,0.5859464543287768,6.125574272588055,adcp linear at epoch+300s
1735934400.Fri.Jan.03_20_00_00.GMT.2025.CACO03.c2.bright.jpg,c2,1735934400,2025-01-03T20:00:00+00:00,0.0,0.5070529720664294,6.125574272588055,adcp linear at epoch+300s
1735936200.Fri.Jan.03_20_30_00.GMT.2025.CACO03.c2.bright.jpg,c2,1735936200,2025-01-03T20:30:00+00:00,30.0,0.5159518493732349,5.361930294906166,adcp linear at epoch+300s
1735938000.Fri.Jan.03_21_00_00.GMT.2025.CACO03.c2.bright.jpg,c2,1735938000,2025-01-03T21:00:00+00:00,0.0,0.5252762539125742,5.361930294906166,adcp linear at epoch+300s
1735939800.Fri.Jan.03_21_30_00.GMT.2025.CACO03.c2.bright.jpg,c2,1735939800,2025-01-03T21:30:00+00:00,30.0,0.5367282946145817,16.0,adcp linear at epoch+300s
1735941600.Fri.Jan.03_22_00_00.GMT.2025.CACO03.c2.bright.jpg,c2,1735941600,2025-01-03T22:00:00+00:00,0.0,0.5436286916772778,16.0,adcp linear at epoch+300s
1735943400.Fri.Jan.03_22_30_00.GMT.2025.CACO03.c2.bright.jpg,c2,1735943400,2025-01-03T22:30:00+00:00,30.0,0.5277708705434174,16.0,adcp linear at epoch+300s
1735945200.Fri.Jan.03_23_00_00.GMT.2025.CACO03.c2.bright.jpg,c2,1735945200,2025-01-03T23:00:00+00:00,0.0,0.5180984314817432,16.0,adcp linear at epoch+300s
1735947000.Fri.Jan.03_23_30_00.GMT.2025.CACO03.c2.bright.jpg,c2,1735947000,2025-01-03T23:30:00+00:00,30.0,0.5393529027809992,5.148005148005149,adcp linear at epoch+300s
1735948800.Sat.Jan.04_00_00_00.GMT.2025.CACO03.c2.bright.jpg,c2,1735948800,2025-01-04T00:00:00+00:00,0.0,0.5569004116936762,5.148005148005149,adcp linear at epoch+300s
1735950600.Sat.Jan.04_00_30_00.GMT.2025.CACO03.c2.bright.jpg,c2,1735950600,2025-01-04T00:30:00+00:00,30.0,0.5559131086734573,14.234875444839856,adcp linear at epoch+300s
1735952400.Sat.Jan.04_01_00_00.GMT.2025.CACO03.c2.bright.jpg,c2,1735952400,2025-01-04T01:00:00+00:00,0.0,0.5621596603515593,14.234875444839856,adcp linear at epoch+300s
1735954200.Sat.Jan.04_01_30_00.GMT.2025.CACO03.c2.bright.jpg,c2,1735954200,2025-01-04T01:30:00+00:00,30.0,0.6045754855212659,14.234875444839856,adcp linear at epoch+300s
1735956000.Sat.Jan.04_02_00_00.GMT.2025.CACO03.c2.bright.jpg,c2,1735956000,2025-01-04T02:00:00+00:00,0.0,0.6397870082395138,14.234875444839856,adcp linear at epoch+300s
1735957800.Sat.Jan.04_02_30_00.GMT.2025.CACO03.c2.bright.jpg,c2,1735957800,2025-01-04T02:30:00+00:00,30.0,0.6389770187004682,14.234875444839856,adcp linear at epoch+300s
1735959600.Sat.Jan.04_03_00_00.GMT.2025.CACO03.c2.bright.jpg,c2,1735959600,2025-01-04T03:00:00+00:00,0.0,0.6267110897047876,14.234875444839856,adcp linear at epoch+300s
1735990200.Sat.Jan.04_11_30_00.GMT.2025.CACO03.c2.bright.jpg,c2,1735990200,2025-01-04T11:30:00+00:00,30.0,0.6471373454372962,16.0,adcp linear at epoch+300s
1735992000.Sat.Jan.04_12_00_00.GMT.2025.CACO03.c2.bright.jpg,c2,1735992000,2025-01-04T12:00:00+00:00,0.0,0.6679588032578205,16.0,adcp linear at epoch+300s
1735993800.Sat.Jan.04_12_30_00.GMT.2025.CACO03.c2.bright.jpg,c2,1735993800,2025-01-04T12:30:00+00:00,30.0,0.6518845817148982,16.0,adcp linear at epoch+300s
1735995600.Sat.Jan.04_13_00_00.GMT.2025.CACO03.c2.bright.jpg,c2,1735995600,2025-01-04T13:00:00+00:00,0.0,0.6355385515943338,16.0,adcp linear at epoch+300s
1735997400.Sat.Jan.04_13_30_00.GMT.2025.CACO03.c2.bright.jpg,c2,1735997400,2025-01-04T13:30:00+00:00,30.0,0.6178334785855595,14.234875444839856,adcp linear at epoch+300s
1735999200.Sat.Jan.04_14_00_00.GMT.2025.CACO03.c2.bright.jpg,c2,1735999200,2025-01-04T14:00:00+00:00,0.0,0.6038961410897778,14.234875444839856,adcp linear at epoch+300s
1736001000.Sat.Jan.04_14_30_00.GMT.2025.CACO03.c2.bright.jpg,c2,1736001000,2025-01-04T14:30:00+00:00,30.0,0.6087974811589606,14.234875444839856,adcp linear at epoch+300s
1736002800.Sat.Jan.04_15_00_00.GMT.2025.CACO03.c2.bright.jpg,c2,1736002800,2025-01-04T15:00:00+00:00,0.0,0.6305002769665689,14.234875444839856,adcp linear at epoch+300s
1736004600.Sat.Jan.04_15_30_00.GMT.2025.CACO03.c2.bright.jpg,c2,1736004600,2025-01-04T15:30:00+00:00,30.0,0.7362103514663054,16.0,adcp linear at epoch+300s
1736006400.Sat.Jan.04_16_00_00.GMT.2025.CACO03.c2.bright.jpg,c2,1736006400,2025-01-04T16:00:00+00:00,0.0,0.8298651038471354,16.0,adcp linear at epoch+300s
1736008200.Sat.Jan.04_16_30_00.GMT.2025.CACO03.c2.bright.jpg,c2,1736008200,2025-01-04T16:30:00+00:00,30.0,0.8632432456334336,14.234875444839856,adcp linear at epoch+300s
1736010000.Sat.Jan.04_17_00_00.GMT.2025.CACO03.c2.bright.jpg,c2,1736010000,2025-01-04T17:00:00+00:00,0.0,0.9036706419981974,14.234875444839856,adcp linear at epoch+300s
1736011800.Sat.Jan.04_17_30_00.GMT.2025.CACO03.c2.bright.jpg,c2,1736011800,2025-01-04T17:30:00+00:00,30.0,0.9793443112552886,14.234875444839856,adcp linear at epoch+300s
1736013600.Sat.Jan.04_18_00_00.GMT.2025.CACO03.c2.bright.jpg,c2,1736013600,2025-01-04T18:00:00+00:00,0.0,1.0358105722000812,14.234875444839856,adcp linear at epoch+300s
1736015400.Sat.Jan.04_18_30_00.GMT.2025.CACO03.c2.bright.jpg,c2,1736015400,2025-01-04T18:30:00+00:00,30.0,0.9962397915833799,14.234875444839856,adcp linear at epoch+300s
1736017200.Sat.Jan.04_19_00_00.GMT.2025.CACO03.c2.bright.jpg,c2,1736017200,2025-01-04T19:00:00+00:00,0.0,0.9705791575653755,14.234875444839856,adcp linear at epoch+300s
1736019000.Sat.Jan.04_19_30_00.GMT.2025.CACO03.c2.bright.jpg,c2,1736019000,2025-01-04T19:30:00+00:00,30.0,1.0144692565408546,6.125574272588055,adcp linear at epoch+300s
1736020800.Sat.Jan.04_20_00_00.GMT.2025.CACO03.c2.bright.jpg,c2,1736020800,2025-01-04T20:00:00+00:00,0.0,1.056235025088782,6.125574272588055,adcp linear at epoch+300s
1736022600.Sat.Jan.04_20_30_00.GMT.2025.CACO03.c2.bright.jpg,c2,1736022600,2025-01-04T20:30:00+00:00,30.0,1.0873791414989493,14.234875444839856,adcp linear at epoch+300s
1736024400.Sat.Jan.04_21_00_00.GMT.2025.CACO03.c2.bright.jpg,c2,1736024400,2025-01-04T21:00:00+00:00,0.0,1.1223213972447195,14.234875444839856,adcp linear at epoch+300s
1736026200.Sat.Jan.04_21_30_00.GMT.2025.CACO03.c2.bright.jpg,c2,1736026200,2025-01-04T21:30:00+00:00,30.0,1.1762543496685036,14.234875444839856,adcp linear at epoch+300s
1736028000.Sat.Jan.04_22_00_00.GMT.2025.CACO03.c2.bright.jpg,c2,1736028000,2025-01-04T22:00:00+00:00,0.0,1.2114423070851932,14.234875444839856,adcp linear at epoch+300s
1736029800.Sat.Jan.04_22_30_00.GMT.2025.CACO03.c2.bright.jpg,c2,1736029800,2025-01-04T22:30:00+00:00,30.0,1.1529052894664098,14.234875444839856,adcp linear at epoch+300s
1736031600.Sat.Jan.04_23_00_00.GMT.2025.CACO03.c2.bright.jpg,c2,1736031600,2025-01-04T23:00:00+00:00,0.0,1.0952975400709932,14.234875444839856,adcp linear at epoch+300s
1736033400.Sat.Jan.04_23_30_00.GMT.2025.CACO03.c2.bright.jpg,c2,1736033400,2025-01-04T23:30:00+00:00,30.0,1.0423361317924094,5.847953216374269,adcp linear at epoch+300s
1736035200.Sun.Jan.05_00_00_00.GMT.2025.CACO03.c2.bright.jpg,c2,1736035200,2025-01-05T00:00:00+00:00,0.0,1.0066193620206294,5.847953216374269,adcp linear at epoch+300s
1736037000.Sun.Jan.05_00_30_00.GMT.2025.CACO03.c2.bright.jpg,c2,1736037000,2025-01-05T00:30:00+00:00,30.0,1.0571257847828692,14.234875444839856,adcp linear at epoch+300s
1736038800.Sun.Jan.05_01_00_00.GMT.2025.CACO03.c2.bright.jpg,c2,1736038800,2025-01-05T01:00:00+00:00,0.0,1.0816993237751622,14.234875444839856,adcp linear at epoch+300s
1736040600.Sun.Jan.05_01_30_00.GMT.2025.CACO03.c2.bright.jpg,c2,1736040600,2025-01-05T01:30:00+00:00,30.0,0.9766084439177224,14.234875444839856,adcp linear at epoch+300s
1736042400.Sun.Jan.05_02_00_00.GMT.2025.CACO03.c2.bright.jpg,c2,1736042400,2025-01-05T02:00:00+00:00,0.0,0.8868646162033116,14.234875444839856,adcp linear at epoch+300s
1736044200.Sun.Jan.05_02_30_00.GMT.2025.CACO03.c2.bright.jpg,c2,1736044200,2025-01-05T02:30:00+00:00,30.0,0.8738560492040461,14.234875444839856,adcp linear at epoch+300s
1736046000.Sun.Jan.05_03_00_00.GMT.2025.CACO03.c2.bright.jpg,c2,1736046000,2025-01-05T03:00:00+00:00,0.0,0.8624771596921657,14.234875444839856,adcp linear at epoch+300s
1736076600.Sun.Jan.05_11_30_00.GMT.2025.CACO03.c2.bright.jpg,c2,1736076600,2025-01-05T11:30:00+00:00,30.0,0.8193219742247377,12.82051282051282,adcp linear at epoch+300s
1736078400.Sun.Jan.05_12_00_00.GMT.2025.CACO03.c2.bright.jpg,c2,1736078400,2025-01-05T12:00:00+00:00,0.0,0.8737891679245999,12.82051282051282,adcp linear at epoch+300s
1736080200.Sun.Jan.05_12_30_00.GMT.2025.CACO03.c2.bright.jpg,c2,1736080200,2025-01-05T12:30:00+00:00,30.0,0.8348564924200756,14.234875444839856,adcp linear at epoch+300s
1736082000.Sun.Jan.05_13_00_00.GMT.2025.CACO03.c2.bright.jpg,c2,1736082000,2025-01-05T13:00:00+00:00,0.0,0.7982145924602686,14.234875444839856,adcp linear at epoch+300s
1736083800.Sun.Jan.05_13_30_00.GMT.2025.CACO03.c2.bright.jpg,c2,1736083800,2025-01-05T13:30:00+00:00,30.0,0.7730265702240476,12.82051282051282,adcp linear at epoch+300s
1736085600.Sun.Jan.05_14_00_00.GMT.2025.CACO03.c2.bright.jpg,c2,1736085600,2025-01-05T14:00:00+00:00,0.0,0.7485159852698914,12.82051282051282,adcp linear at epoch+300s
1736087400.Sun.Jan.05_14_30_00.GMT.2025.CACO03.c2.bright.jpg,c2,1736087400,2025-01-05T14:30:00+00:00,30.0,0.7273925867260583,12.82051282051282,adcp linear at epoch+300s
1736089200.Sun.Jan.05_15_00_00.GMT.2025.CACO03.c2.bright.jpg,c2,1736089200,2025-01-05T15:00:00+00:00,0.0,0.7210289562452847,12.82051282051282,adcp linear at epoch+300s
1736091000.Sun.Jan.05_15_30_00.GMT.2025.CACO03.c2.bright.jpg,c2,1736091000,2025-01-05T15:30:00+00:00,30.0,0.7884641660798076,12.82051282051282,adcp linear at epoch+300s
1736092800.Sun.Jan.05_16_00_00.GMT.2025.CACO03.c2.bright.jpg,c2,1736092800,2025-01-05T16:00:00+00:00,0.0,0.8532498365768759,12.82051282051282,adcp linear at epoch+300s
1736094600.Sun.Jan.05_16_30_00.GMT.2025.CACO03.c2.bright.jpg,c2,1736094600,2025-01-05T16:30:00+00:00,30.0,0.9047878103866707,12.82051282051282,adcp linear at epoch+300s
1736096400.Sun.Jan.05_17_00_00.GMT.2025.CACO03.c2.bright.jpg,c2,1736096400,2025-01-05T17:00:00+00:00,0.0,0.9497522209175825,12.82051282051282,adcp linear at epoch+300s
1736098200.Sun.Jan.05_17_30_00.GMT.2025.CACO03.c2.bright.jpg,c2,1736098200,2025-01-05T17:30:00+00:00,30.0,0.9618488150540789,12.82051282051282,adcp linear at epoch+300s
1736100000.Sun.Jan.05_18_00_00.GMT.2025.CACO03.c2.bright.jpg,c2,1736100000,2025-01-05T18:00:00+00:00,0.0,0.9667324291425686,12.82051282051282,adcp linear at epoch+300s
1736101800.Sun.Jan.05_18_30_00.GMT.2025.CACO03.c2.bright.jpg,c2,1736101800,2025-01-05T18:30:00+00:00,30.0,0.9355511429910245,12.82051282051282,adcp linear at epoch+300s
1736103600.Sun.Jan.05_19_00_00.GMT.2025.CACO03.c2.bright.jpg,c2,1736103600,2025-01-05T19:00:00+00:00,0.0,0.9050116993722863,12.82051282051282,adcp linear at epoch+300s
1736105400.Sun.Jan.05_19_30_00.GMT.2025.CACO03.c2.bright.jpg,c2,1736105400,2025-01-05T19:30:00+00:00,30.0,0.877681468417578,12.82051282051282,adcp linear at epoch+300s
1736107200.Sun.Jan.05_20_00_00.GMT.2025.CACO03.c2.bright.jpg,c2,1736107200,2025-01-05T20:00:00+00:00,0.0,0.847417767663797,12.82051282051282,adcp linear at epoch+300s
1736109000.Sun.Jan.05_20_30_00.GMT.2025.CACO03.c2.bright.jpg,c2,1736109000,2025-01-05T20:30:00+00:00,30.0,0.8024867179146518,4.950495049504951,adcp linear at epoch+300s
1736110800.Sun.Jan.05_21_00_00.GMT.2025.CACO03.c2.bright.jpg,c2,1736110800,2025-01-05T21:00:00+00:00,0.0,0.7704020475465889,4.950495049504951,adcp linear at epoch+300s
1736112600.Sun.Jan.05_21_30_00.GMT.2025.CACO03.c2.bright.jpg,c2,1736112600,2025-01-05T21:30:00+00:00,30.0,0.8025492740839373,5.594405594405594,adcp linear at epoch+300s
1736114400.Sun.Jan.05_22_00_00.GMT.2025.CACO03.c2.bright.jpg,c2,1736114400,2025-01-05T22:00:00+00:00,0.0,0.8488826113057919,5.594405594405594,adcp linear at epoch+300s
1736116200.Sun.Jan.05_22_30_00.GMT.2025.CACO03.c2.bright.jpg,c2,1736116200,2025-01-05T22:30:00+00:00,30.0,0.9661465019501779,5.594405594405594,adcp linear at epoch+300s
1736118000.Sun.Jan.05_23_00_00.GMT.2025.CACO03.c2.bright.jpg,c2,1736118000,2025-01-05T23:00:00+00:00,0.0,1.0849850937136287,5.594405594405594,adcp linear at epoch+300s
1736119800.Sun.Jan.05_23_30_00.GMT.2025.CACO03.c2.bright.jpg,c2,1736119800,2025-01-05T23:30:00+00:00,30.0,1.2116971910724033,7.142857142857142,adcp linear at epoch+300s
1736121600.Mon.Jan.06_00_00_00.GMT.2025.CACO03.c2.bright.jpg,c2,1736121600,2025-01-06T00:00:00+00:00,0.0,1.3387792112070032,7.142857142857142,adcp linear at epoch+300s
1736123400.Mon.Jan.06_00_30_00.GMT.2025.CACO03.c2.bright.jpg,c2,1736123400,2025-01-06T00:30:00+00:00,30.0,1.4677108452207293,6.768189509306261,adcp linear at epoch+300s
1736125200.Mon.Jan.06_01_00_00.GMT.2025.CACO03.c2.bright.jpg,c2,1736125200,2025-01-06T01:00:00+00:00,0.0,1.584242318199248,6.768189509306261,adcp linear at epoch+300s
1736127000.Mon.Jan.06_01_30_00.GMT.2025.CACO03.c2.bright.jpg,c2,1736127000,2025-01-06T01:30:00+00:00,30.0,1.63877298600173,7.561436672967865,adcp linear at epoch+300s
1736128800.Mon.Jan.06_02_00_00.GMT.2025.CACO03.c2.bright.jpg,c2,1736128800,2025-01-06T02:00:00+00:00,0.0,1.7023503163013263,7.561436672967865,adcp linear at epoch+300s
1736130600.Mon.Jan.06_02_30_00.GMT.2025.CACO03.c2.bright.jpg,c2,1736130600,2025-01-06T02:30:00+00:00,30.0,1.8111609590864959,8.032128514056225,adcp linear at epoch+300s
1736132400.Mon.Jan.06_03_00_00.GMT.2025.CACO03.c2.bright.jpg,c2,1736132400,2025-01-06T03:00:00+00:00,0.0,1.9071499063529507,8.032128514056225,adcp linear at epoch+300s
1736163000.Mon.Jan.06_11_30_00.GMT.2025.CACO03.c2.bright.jpg,c2,1736163000,2025-01-06T11:30:00+00:00,30.0,1.1043830433064223,6.125574272588055,adcp linear at epoch+300s
1736164800.Mon.Jan.06_12_00_00.GMT.2025.CACO03.c2.bright.jpg,c2,1736164800,2025-01-06T12:00:00+00:00,0.0,0.9989071372594339,6.125574272588055,adcp linear at epoch+300s
1736166600.Mon.Jan.06_12_30_00.GMT.2025.CACO03.c2.bright.jpg,c2,1736166600,2025-01-06T12:30:00+00:00,30.0,0.8959658370765972,6.125574272588055,adcp linear at epoch+300s
1736168400.Mon.Jan.06_13_00_00.GMT.2025.CACO03.c2.bright.jpg,c2,1736168400,2025-01-06T13:00:00+00:00,0.0,0.8085851077295279,6.125574272588055,adcp linear at epoch+300s
1736170200.Mon.Jan.06_13_30_00.GMT.2025.CACO03.c2.bright.jpg,c2,1736170200,2025-01-06T13:30:00+00:00,30.0,0.7990072325612959,5.594405594405594,adcp linear at epoch+300s
1736172000.Mon.Jan.06_14_00_00.GMT.2025.CACO03.c2.bright.jpg,c2,1736172000,2025-01-06T14:00:00+00:00,0.0,0.7915735107591559,5.594405594405594,adcp linear at epoch+300s
1736173800.Mon.Jan.06_14_30_00.GMT.2025.CACO03.c2.bright.jpg,c2,1736173800,2025-01-06T14:30:00+00:00,30.0,0.7948605557874757,5.847953216374269,adcp linear at epoch+300s
1736175600.Mon.Jan.06_15_00_00.GMT.2025.CACO03.c2.bright.jpg,c2,1736175600,2025-01-06T15:00:00+00:00,0.0,0.794805828499981,5.847953216374269,adcp linear at epoch+300s
1736177400.Mon.Jan.06_15_30_00.GMT.2025.CACO03.c2.bright.jpg,c2,1736177400,2025-01-06T15:30:00+00:00,30.0,0.7780422396334142,5.847953216374269,adcp linear at epoch+300s
1736179200.Mon.Jan.06_16_00_00.GMT.2025.CACO03.c2.bright.jpg,c2,1736179200,2025-01-06T16:00:00+00:00,0.0,0.7581353756994784,5.847953216374269,adcp linear at epoch+300s
1736181000.Mon.Jan.06_16_30_00.GMT.2025.CACO03.c2.bright.jpg,c2,1736181000,2025-01-06T16:30:00+00:00,30.0,0.7225121364286973,5.594405594405594,adcp linear at epoch+300s
1736182800.Mon.Jan.06_17_00_00.GMT.2025.CACO03.c2.bright.jpg,c2,1736182800,2025-01-06T17:00:00+00:00,0.0,0.6837868254977366,5.594405594405594,adcp linear at epoch+300s
1736184600.Mon.Jan.06_17_30_00.GMT.2025.CACO03.c2.bright.jpg,c2,1736184600,2025-01-06T17:30:00+00:00,30.0,0.6295511562658787,5.361930294906166,adcp linear at epoch+300s
1736186400.Mon.Jan.06_18_00_00.GMT.2025.CACO03.c2.bright.jpg,c2,1736186400,2025-01-06T18:00:00+00:00,0.0,0.5802215705725348,5.361930294906166,adcp linear at epoch+300s
1736188200.Mon.Jan.06_18_30_00.GMT.2025.CACO03.c2.bright.jpg,c2,1736188200,2025-01-06T18:30:00+00:00,30.0,0.5554224025717609,5.361930294906166,adcp linear at epoch+300s
1736190000.Mon.Jan.06_19_00_00.GMT.2025.CACO03.c2.bright.jpg,c2,1736190000,2025-01-06T19:00:00+00:00,0.0,0.5327800004536792,5.361930294906166,adcp linear at epoch+300s
1736191800.Mon.Jan.06_19_30_00.GMT.2025.CACO03.c2.bright.jpg,c2,1736191800,2025-01-06T19:30:00+00:00,30.0,0.520921427749059,5.361930294906166,adcp linear at epoch+300s
1736193600.Mon.Jan.06_20_00_00.GMT.2025.CACO03.c2.bright.jpg,c2,1736193600,2025-01-06T20:00:00+00:00,0.0,0.5069483776785142,5.361930294906166,adcp linear at epoch+300s
1736195400.Mon.Jan.06_20_30_00.GMT.2025.CACO03.c2.bright.jpg,c2,1736195400,2025-01-06T20:30:00+00:00,30.0,0.4824029407783468,6.125574272588055,adcp linear at epoch+300s
1736197200.Mon.Jan.06_21_00_00.GMT.2025.CACO03.c2.bright.jpg,c2,1736197200,2025-01-06T21:00:00+00:00,0.0,0.4586083840920361,6.125574272588055,adcp linear at epoch+300s
1736199000.Mon.Jan.06_21_30_00.GMT.2025.CACO03.c2.bright.jpg,c2,1736199000,2025-01-06T21:30:00+00:00,30.0,0.43856822847500926,5.594405594405594,adcp linear at epoch+300s
1736200800.Mon.Jan.06_22_00_00.GMT.2025.CACO03.c2.bright.jpg,c2,1736200800,2025-01-06T22:00:00+00:00,0.0,0.4340803610307839,5.594405594405594,adcp linear at epoch+300s
1736202600.Mon.Jan.06_22_30_00.GMT.2025.CACO03.c2.bright.jpg,c2,1736202600,2025-01-06T22:30:00+00:00,30.0,0.5073539344505658,4.597701149425287,adcp linear at epoch+300s
1736204400.Mon.Jan.06_23_00_00.GMT.2025.CACO03.c2.bright.jpg,c2,1736204400,2025-01-06T23:00:00+00:00,0.0,0.5599576435456328,4.597701149425287,adcp linear at epoch+300s
1736206200.Mon.Jan.06_23_30_00.GMT.2025.CACO03.c2.bright.jpg,c2,1736206200,2025-01-06T23:30:00+00:00,30.0,0.5092120310171265,5.594405594405594,adcp linear at epoch+300s
1736208000.Tue.Jan.07_00_00_00.GMT.2025.CACO03.c2.bright.jpg,c2,1736208000,2025-01-07T00:00:00+00:00,0.0,0.460495334973804,5.594405594405594,adcp linear at epoch+300s
1736209800.Tue.Jan.07_00_30_00.GMT.2025.CACO03.c2.bright.jpg,c2,1736209800,2025-01-07T00:30:00+00:00,30.0,0.42192322135640015,5.361930294906166,adcp linear at epoch+300s
1736211600.Tue.Jan.07_01_00_00.GMT.2025.CACO03.c2.bright.jpg,c2,1736211600,2025-01-07T01:00:00+00:00,0.0,0.3917683107935455,5.361930294906166,adcp linear at epoch+300s
1736213400.Tue.Jan.07_01_30_00.GMT.2025.CACO03.c2.bright.jpg,c2,1736213400,2025-01-07T01:30:00+00:00,30.0,0.4036994155034368,5.361930294906166,adcp linear at epoch+300s
1736215200.Tue.Jan.07_02_00_00.GMT.2025.CACO03.c2.bright.jpg,c2,1736215200,2025-01-07T02:00:00+00:00,0.0,0.40755345914356256,5.361930294906166,adcp linear at epoch+300s
1736217000.Tue.Jan.07_02_30_00.GMT.2025.CACO03.c2.bright.jpg,c2,1736217000,2025-01-07T02:30:00+00:00,30.0,0.371022197434861,5.148005148005149,adcp linear at epoch+300s
1736218800.Tue.Jan.07_03_00_00.GMT.2025.CACO03.c2.bright.jpg,c2,1736218800,2025-01-07T03:00:00+00:00,0.0,0.3376781672462102,5.148005148005149,adcp linear at epoch+300s
1736249400.Tue.Jan.07_11_30_00.GMT.2025.CACO03.c2.bright.jpg,c2,1736249400,2025-01-07T11:30:00+00:00,30.0,1.2984517469561194,5.847953216374269,adcp linear at epoch+300s
1736251200.Tue.Jan.07_12_00_00.GMT.2025.CACO03.c2.bright.jpg,c2,1736251200,2025-01-07T12:00:00+00:00,0.0,1.3165461598185497,5.847953216374269,adcp linear at epoch+300s
1736253000.Tue.Jan.07_12_30_00.GMT.2025.CACO03.c2.bright.jpg,c2,1736253000,2025-01-07T12:30:00+00:00,30.0,1.2849373817420506,6.430868167202571,adcp linear at epoch+300s
1736254800.Tue.Jan.07_13_00_00.GMT.2025.CACO03.c2.bright.jpg,c2,1736254800,2025-01-07T13:00:00+00:00,0.0,1.2606483560953172,6.430868167202571,adcp linear at epoch+300s
1736256600.Tue.Jan.07_13_30_00.GMT.2025.CACO03.c2.bright.jpg,c2,1736256600,2025-01-07T13:30:00+00:00,30.0,1.2729580925974124,6.125574272588055,adcp linear at epoch+300s
1736258400.Tue.Jan.07_14_00_00.GMT.2025.CACO03.c2.bright.jpg,c2,1736258400,2025-01-07T14:00:00+00:00,0.0,1.2922802605330053,6.125574272588055,adcp linear at epoch+300s
1736260200.Tue.Jan.07_14_30_00.GMT.2025.CACO03.c2.bright.jpg,c2,1736260200,2025-01-07T14:30:00+00:00,30.0,1.3466645856360855,6.430868167202571,adcp linear at epoch+300s
1736262000.Tue.Jan.07_15_00_00.GMT.2025.CACO03.c2.bright.jpg,c2,1736262000,2025-01-07T15:00:00+00:00,0.0,1.387178941416458,6.430868167202571,adcp linear at epoch+300s
1736263800.Tue.Jan.07_15_30_00.GMT.2025.CACO03.c2.bright.jpg,c2,1736263800,2025-01-07T15:30:00+00:00,30.0,1.3583434505832912,6.768189509306261,adcp linear at epoch+300s
1736265600.Tue.Jan.07_16_00_00.GMT.2025.CACO03.c2.bright.jpg,c2,1736265600,2025-01-07T16:00:00+00:00,0.0,1.3350217455207738,6.768189509306261,adcp linear at epoch+300s
1736267400.Tue.Jan.07_16_30_00.GMT.2025.CACO03.c2.bright.jpg,c2,1736267400,2025-01-07T16:30:00+00:00,30.0,1.3392689693115036,6.768189509306261,adcp linear at epoch+300s
1736269200.Tue.Jan.07_17_00_00.GMT.2025.CACO03.c2.bright.jpg,c2,1736269200,2025-01-07T17:00:00+00:00,0.0,1.3425775901783707,6.768189509306261,adcp linear at epoch+300s
1736271000.Tue.Jan.07_17_30_00.GMT.2025.CACO03.c2.bright.jpg,c2,1736271000,2025-01-07T17:30:00+00:00,30.0,1.3411931964259256,6.768189509306261,adcp linear at epoch+300s
1736272800.Tue.Jan.07_18_00_00.GMT.2025.CACO03.c2.bright.jpg,c2,1736272800,2025-01-07T18:00:00+00:00,0.0,1.34453467094883,6.768189509306261,adcp linear at epoch+300s
1736274600.Tue.Jan.07_18_30_00.GMT.2025.CACO03.c2.bright.jpg,c2,1736274600,2025-01-07T18:30:00+00:00,30.0,1.3715054868484833,7.142857142857142,adcp linear at epoch+300s
1736276400.Tue.Jan.07_19_00_00.GMT.2025.CACO03.c2.bright.jpg,c2,1736276400,2025-01-07T19:00:00+00:00,0.0,1.3918069687742491,7.142857142857142,adcp linear at epoch+300s
1736278200.Tue.Jan.07_19_30_00.GMT.2025.CACO03.c2.bright.jpg,c2,1736278200,2025-01-07T19:30:00+00:00,30.0,1.3787617808305785,6.768189509306261,adcp linear at epoch+300s
1736280000.Tue.Jan.07_20_00_00.GMT.2025.CACO03.c2.bright.jpg,c2,1736280000,2025-01-07T20:00:00+00:00,0.0,1.3627214113910329,6.768189509306261,adcp linear at epoch+300s
1736281800.Tue.Jan.07_20_30_00.GMT.2025.CACO03.c2.bright.jpg,c2,1736281800,2025-01-07T20:30:00+00:00,30.0,1.331705134472112,5.594405594405594,adcp linear at epoch+300s
1736283600.Tue.Jan.07_21_00_00.GMT.2025.CACO03.c2.bright.jpg,c2,1736283600,2025-01-07T21:00:00+00:00,0.0,1.3121208104729218,5.594405594405594,adcp linear at epoch+300s
1736285400.Tue.Jan.07_21_30_00.GMT.2025.CACO03.c2.bright.jpg,c2,1736285400,2025-01-07T21:30:00+00:00,30.0,1.3496962510723836,6.768189509306261,adcp linear at epoch+300s
1736287200.Tue.Jan.07_22_00_00.GMT.2025.CACO03.c2.bright.jpg,c2,1736287200,2025-01-07T22:00:00+00:00,0.0,1.3776142111283887,6.768189509306261,adcp linear at epoch+300s
1736289000.Tue.Jan.07_22_30_00.GMT.2025.CACO03.c2.bright.jpg,c2,1736289000,2025-01-07T22:30:00+00:00,30.0,1.357244768467111,7.142857142857142,adcp linear at epoch+300s
1736290800.Tue.Jan.07_23_00_00.GMT.2025.CACO03.c2.bright.jpg,c2,1736290800,2025-01-07T23:00:00+00:00,0.0,1.353026952206235,7.142857142857142,adcp linear at epoch+300s
1736292600.Tue.Jan.07_23_30_00.GMT.2025.CACO03.c2.bright.jpg,c2,1736292600,2025-01-07T23:30:00+00:00,30.0,1.4295672679473679,7.142857142857142,adcp linear at epoch+300s
1736294400.Wed.Jan.08_00_00_00.GMT.2025.CACO03.c2.bright.jpg,c2,1736294400,2025-01-08T00:00:00+00:00,0.0,1.4926313897780938,7.142857142857142,adcp linear at epoch+300s
1736296200.Wed.Jan.08_00_30_00.GMT.2025.CACO03.c2.bright.jpg,c2,1736296200,2025-01-08T00:30:00+00:00,30.0,1.4883145420567865,7.142857142857142,adcp linear at epoch+300s
1736298000.Wed.Jan.08_01_00_00.GMT.2025.CACO03.c2.bright.jpg,c2,1736298000,2025-01-08T01:00:00+00:00,0.0,1.4905216203907166,7.142857142857142,adcp linear at epoch+300s
1736299800.Wed.Jan.08_01_30_00.GMT.2025.CACO03.c2.bright.jpg,c2,1736299800,2025-01-08T01:30:00+00:00,30.0,1.5253483290008356,8.565310492505352,adcp linear at epoch+300s
1736301600.Wed.Jan.08_02_00_00.GMT.2025.CACO03.c2.bright.jpg,c2,1736301600,2025-01-08T02:00:00+00:00,0.0,1.5446597711959253,8.565310492505352,adcp linear at epoch+300s
1736303400.Wed.Jan.08_02_30_00.GMT.2025.CACO03.c2.bright.jpg,c2,1736303400,2025-01-08T02:30:00+00:00,30.0,1.4863948813158694,7.142857142857142,adcp linear at epoch+300s
1736305200.Wed.Jan.08_03_00_00.GMT.2025.CACO03.c2.bright.jpg,c2,1736305200,2025-01-08T03:00:00+00:00,0.0,1.4457113537249475,7.142857142857142,adcp linear at epoch+300s
1736335800.Wed.Jan.08_11_30_00.GMT.2025.CACO03.c2.bright.jpg,c2,1736335800,2025-01-08T11:30:00+00:00,30.0,1.209435256766374,6.430868167202571,adcp linear at epoch+300s
1736337600.Wed.Jan.08_12_00_00.GMT.2025.CACO03.c2.bright.jpg,c2,1736337600,2025-01-08T12:00:00+00:00,0.0,1.1845905505460836,6.430868167202571,adcp linear at epoch+300s
1736339400.Wed.Jan.08_12_30_00.GMT.2025.CACO03.c2.bright.jpg,c2,1736339400,2025-01-08T12:30:00+00:00,30.0,1.1905160014231364,6.768189509306261,adcp linear at epoch+300s
1736341200.Wed.Jan.08_13_00_00.GMT.2025.CACO03.c2.bright.jpg,c2,1736341200,2025-01-08T13:00:00+00:00,0.0,1.1872546561561066,6.768189509306261,adcp linear at epoch+300s
1736343000.Wed.Jan.08_13_30_00.GMT.2025.CACO03.c2.bright.jpg,c2,1736343000,2025-01-08T13:30:00+00:00,30.0,1.1380593301686648,6.768189509306261,adcp linear at epoch+300s
1736344800.Wed.Jan.08_14_00_00.GMT.2025.CACO03.c2.bright.jpg,c2,1736344800,2025-01-08T14:00:00+00:00,0.0,1.0988908959882109,6.768189509306261,adcp linear at epoch+300s
1736346600.Wed.Jan.08_14_30_00.GMT.2025.CACO03.c2.bright.jpg,c2,1736346600,2025-01-08T14:30:00+00:00,30.0,1.1098569208426965,6.430868167202571,adcp linear at epoch+300s
1736348400.Wed.Jan.08_15_00_00.GMT.2025.CACO03.c2.bright.jpg,c2,1736348400,2025-01-08T15:00:00+00:00,0.0,1.1264473024380008,6.430868167202571,adcp linear at epoch+300s
1736350200.Wed.Jan.08_15_30_00.GMT.2025.CACO03.c2.bright.jpg,c2,1736350200,2025-01-08T15:30:00+00:00,30.0,1.1711594677373987,6.768189509306261,adcp linear at epoch+300s
1736352000.Wed.Jan.08_16_00_00.GMT.2025.CACO03.c2.bright.jpg,c2,1736352000,2025-01-08T16:00:00+00:00,0.0,1.2094157475091283,6.768189509306261,adcp linear at epoch+300s
1736353800.Wed.Jan.08_16_30_00.GMT.2025.CACO03.c2.bright.jpg,c2,1736353800,2025-01-08T16:30:00+00:00,30.0,1.2153925996425168,7.142857142857142,adcp linear at epoch+300s
1736355600.Wed.Jan.08_17_00_00.GMT.2025.CACO03.c2.bright.jpg,c2,1736355600,2025-01-08T17:00:00+00:00,0.0,1.221133442581312,7.142857142857142,adcp linear at epoch+300s
1736357400.Wed.Jan.08_17_30_00.GMT.2025.CACO03.c2.bright.jpg,c2,1736357400,2025-01-08T17:30:00+00:00,30.0,1.2256942395471402,7.561436672967865,adcp linear at epoch+300s
1736359200.Wed.Jan.08_18_00_00.GMT.2025.CACO03.c2.bright.jpg,c2,1736359200,2025-01-08T18:00:00+00:00,0.0,1.2308301084692483,7.561436672967865,adcp linear at epoch+300s
1736361000.Wed.Jan.08_18_30_00.GMT.2025.CACO03.c2.bright.jpg,c2,1736361000,2025-01-08T18:30:00+00:00,30.0,1.2388413371727562,7.142857142857142,adcp linear at epoch+300s
1736362800.Wed.Jan.08_19_00_00.GMT.2025.CACO03.c2.bright.jpg,c2,1736362800,2025-01-08T19:00:00+00:00,0.0,1.2431776559503915,7.142857142857142,adcp linear at epoch+300s
1736364600.Wed.Jan.08_19_30_00.GMT.2025.CACO03.c2.bright.jpg,c2,1736364600,2025-01-08T19:30:00+00:00,30.0,1.2291394250986618,6.125574272588055,adcp linear at epoch+300s
1736366400.Wed.Jan.08_20_00_00.GMT.2025.CACO03.c2.bright.jpg,c2,1736366400,2025-01-08T20:00:00+00:00,0.0,1.2242316437220737,6.125574272588055,adcp linear at epoch+300s
1736368200.Wed.Jan.08_20_30_00.GMT.2025.CACO03.c2.bright.jpg,c2,1736368200,2025-01-08T20:30:00+00:00,30.0,1.2649761097211938,7.142857142857142,adcp linear at epoch+300s
1736370000.Wed.Jan.08_21_00_00.GMT.2025.CACO03.c2.bright.jpg,c2,1736370000,2025-01-08T21:00:00+00:00,0.0,1.2949897536291213,7.142857142857142,adcp linear at epoch+300s
1736371800.Wed.Jan.08_21_30_00.GMT.2025.CACO03.c2.bright.jpg,c2,1736371800,2025-01-08T21:30:00+00:00,30.0,1.2713492870810854,6.768189509306261,adcp linear at epoch+300s
1736373600.Wed.Jan.08_22_00_00.GMT.2025.CACO03.c2.bright.jpg,c2,1736373600,2025-01-08T22:00:00+00:00,0.0,1.2383865286362765,6.768189509306261,adcp linear at epoch+300s
1736375400.Wed.Jan.08_22_30_00.GMT.2025.CACO03.c2.bright.jpg,c2,1736375400,2025-01-08T22:30:00+00:00,30.0,1.1588123107076038,7.142857142857142,adcp linear at epoch+300s
1736377200.Wed.Jan.08_23_00_00.GMT.2025.CACO03.c2.bright.jpg,c2,1736377200,2025-01-08T23:00:00+00:00,0.0,1.0872280010114541,7.142857142857142,adcp linear at epoch+300s
1736379000.Wed.Jan.08_23_30_00.GMT.2025.CACO03.c2.bright.jpg,c2,1736379000,2025-01-08T23:30:00+00:00,30.0,1.0555932324779191,6.768189509306261,adcp linear at epoch+300s
1736380800.Thu.Jan.09_00_00_00.GMT.2025.CACO03.c2.bright.jpg,c2,1736380800,2025-01-09T00:00:00+00:00,0.0,1.028292292380704,6.768189509306261,adcp linear at epoch+300s
1736382600.Thu.Jan.09_00_30_00.GMT.2025.CACO03.c2.bright.jpg,c2,1736382600,2025-01-09T00:30:00+00:00,30.0,1.0226604944650868,7.142857142857142,adcp linear at epoch+300s
1736384400.Thu.Jan.09_01_00_00.GMT.2025.CACO03.c2.bright.jpg,c2,1736384400,2025-01-09T01:00:00+00:00,0.0,1.0339220630061203,7.142857142857142,adcp linear at epoch+300s
1736386200.Thu.Jan.09_01_30_00.GMT.2025.CACO03.c2.bright.jpg,c2,1736386200,2025-01-09T01:30:00+00:00,30.0,1.129650463830409,6.768189509306261,adcp linear at epoch+300s
1736388000.Thu.Jan.09_02_00_00.GMT.2025.CACO03.c2.bright.jpg,c2,1736388000,2025-01-09T02:00:00+00:00,0.0,1.2206836799971366,6.768189509306261,adcp linear at epoch+300s
1736389800.Thu.Jan.09_02_30_00.GMT.2025.CACO03.c2.bright.jpg,c2,1736389800,2025-01-09T02:30:00+00:00,30.0,1.28824097287606,7.142857142857142,adcp linear at epoch+300s
1736391600.Thu.Jan.09_03_00_00.GMT.2025.CACO03.c2.bright.jpg,c2,1736391600,2025-01-09T03:00:00+00:00,0.0,1.3464185894037437,7.142857142857142,adcp linear at epoch+300s
1736422200.Thu.Jan.09_11_30_00.GMT.2025.CACO03.c2.bright.jpg,c2,1736422200,2025-01-09T11:30:00+00:00,30.0,1.312848044527119,6.768189509306261,adcp linear at epoch+300s
1736424000.Thu.Jan.09_12_00_00.GMT.2025.CACO03.c2.bright.jpg,c2,1736424000,2025-01-09T12:00:00+00:00,0.0,1.267371420976987,6.768189509306261,adcp linear at epoch+300s
1736425800.Thu.Jan.09_12_30_00.GMT.2025.CACO03.c2.bright.jpg,c2,1736425800,2025-01-09T12:30:00+00:00,30.0,1.2761338658288413,6.430868167202571,adcp linear at epoch+300s
1736427600.Thu.Jan.09_13_00_00.GMT.2025.CACO03.c2.bright.jpg,c2,1736427600,2025-01-09T13:00:00+00:00,0.0,1.2801490510937912,6.430868167202571,adcp linear at epoch+300s
1736429400.Thu.Jan.09_13_30_00.GMT.2025.CACO03.c2.bright.jpg,c2,1736429400,2025-01-09T13:30:00+00:00,30.0,1.2604279384242205,4.291845493562232,adcp linear at epoch+300s
1736431200.Thu.Jan.09_14_00_00.GMT.2025.CACO03.c2.bright.jpg,c2,1736431200,2025-01-09T14:00:00+00:00,0.0,1.254819112386056,4.291845493562232,adcp linear at epoch+300s
1736433000.Thu.Jan.09_14_30_00.GMT.2025.CACO03.c2.bright.jpg,c2,1736433000,2025-01-09T14:30:00+00:00,30.0,1.3197717195049226,6.430868167202571,adcp linear at epoch+300s
1736434800.Thu.Jan.09_15_00_00.GMT.2025.CACO03.c2.bright.jpg,c2,1736434800,2025-01-09T15:00:00+00:00,0.0,1.3664107664410707,6.430868167202571,adcp linear at epoch+300s
1736436600.Thu.Jan.09_15_30_00.GMT.2025.CACO03.c2.bright.jpg,c2,1736436600,2025-01-09T15:30:00+00:00,30.0,1.3214820124636264,7.142857142857142,adcp linear at epoch+300s
1736438400.Thu.Jan.09_16_00_00.GMT.2025.CACO03.c2.bright.jpg,c2,1736438400,2025-01-09T16:00:00+00:00,0.0,1.2993568374626607,7.142857142857142,adcp linear at epoch+300s
1736440200.Thu.Jan.09_16_30_00.GMT.2025.CACO03.c2.bright.jpg,c2,1736440200,2025-01-09T16:30:00+00:00,30.0,1.3912495573440875,6.430868167202571,adcp linear at epoch+300s
1736442000.Thu.Jan.09_17_00_00.GMT.2025.CACO03.c2.bright.jpg,c2,1736442000,2025-01-09T17:00:00+00:00,0.0,1.475458737195712,6.430868167202571,adcp linear at epoch+300s
1736443800.Thu.Jan.09_17_30_00.GMT.2025.CACO03.c2.bright.jpg,c2,1736443800,2025-01-09T17:30:00+00:00,30.0,1.5212502168983248,7.142857142857142,adcp linear at epoch+300s
1736445600.Thu.Jan.09_18_00_00.GMT.2025.CACO03.c2.bright.jpg,c2,1736445600,2025-01-09T18:00:00+00:00,0.0,1.570537915847424,7.142857142857142,adcp linear at epoch+300s
1736447400.Thu.Jan.09_18_30_00.GMT.2025.CACO03.c2.bright.jpg,c2,1736447400,2025-01-09T18:30:00+00:00,30.0,1.6373067110289552,7.142857142857142,adcp linear at epoch+300s
1736449200.Thu.Jan.09_19_00_00.GMT.2025.CACO03.c2.bright.jpg,c2,1736449200,2025-01-09T19:00:00+00:00,0.0,1.6824811739596497,7.142857142857142,adcp linear at epoch+300s
1736451000.Thu.Jan.09_19_30_00.GMT.2025.CACO03.c2.bright.jpg,c2,1736451000,2025-01-09T19:30:00+00:00,30.0,1.6196839756361596,6.768189509306261,adcp linear at epoch+300s
1736452800.Thu.Jan.09_20_00_00.GMT.2025.CACO03.c2.bright.jpg,c2,1736452800,2025-01-09T20:00:00+00:00,0.0,1.5756111788458167,6.768189509306261,adcp linear at epoch+300s
1736454600.Thu.Jan.09_20_30_00.GMT.2025.CACO03.c2.bright.jpg,c2,1736454600,2025-01-09T20:30:00+00:00,30.0,1.6251603897212101,7.142857142857142,adcp linear at epoch+300s
1736456400.Thu.Jan.09_21_00_00.GMT.2025.CACO03.c2.bright.jpg,c2,1736456400,2025-01-09T21:00:00+00:00,0.0,1.67921421093292,7.142857142857142,adcp linear at epoch+300s
1736458200.Thu.Jan.09_21_30_00.GMT.2025.CACO03.c2.bright.jpg,c2,1736458200,2025-01-09T21:30:00+00:00,30.0,1.7557910838262145,7.561436672967865,adcp linear at epoch+300s
1736460000.Thu.Jan.09_22_00_00.GMT.2025.CACO03.c2.bright.jpg,c2,1736460000,2025-01-09T22:00:00+00:00,0.0,1.812764068958621,7.561436672967865,adcp linear at epoch+300s
1736461800.Thu.Jan.09_22_30_00.GMT.2025.CACO03.c2.bright.jpg,c2,1736461800,2025-01-09T22:30:00+00:00,30.0,1.7717176152865883,7.561436672967865,adcp linear at epoch+300s
1736463600.Thu.Jan.09_23_00_00.GMT.2025.CACO03.c2.bright.jpg,c2,1736463600,2025-01-09T23:00:00+00:00,0.0,1.7434888383606029,7.561436672967865,adcp linear at epoch+300s
1736465400.Thu.Jan.09_23_30_00.GMT.2025.CACO03.c2.bright.jpg,c2,1736465400,2025-01-09T23:30:00+00:00,30.0,1.7793484451648545,7.561436672967865,adcp linear at epoch+300s
1736467200.Fri.Jan.10_00_00_00.GMT.2025.CACO03.c2.bright.jpg,c2,1736467200,2025-01-10T00:00:00+00:00,0.0,1.825916954628742,7.561436672967865,adcp linear at epoch+300s
1736469000.Fri.Jan.10_00_30_00.GMT.2025.CACO03.c2.bright.jpg,c2,1736469000,2025-01-10T00:30:00+00:00,30.0,1.9260299773908098,7.561436672967865,adcp linear at epoch+300s
1736470800.Fri.Jan.10_01_00_00.GMT.2025.CACO03.c2.bright.jpg,c2,1736470800,2025-01-10T01:00:00+00:00,0.0,1.9829624915750843,7.561436672967865,adcp linear at epoch+300s
1736472600.Fri.Jan.10_01_30_00.GMT.2025.CACO03.c2.bright.jpg,c2,1736472600,2025-01-10T01:30:00+00:00,30.0,1.8239924628703907,7.561436672967865,adcp linear at epoch+300s
1736474400.Fri.Jan.10_02_00_00.GMT.2025.CACO03.c2.bright.jpg,c2,1736474400,2025-01-10T02:00:00+00:00,0.0,1.7083133999139013,7.561436672967865,adcp linear at epoch+300s
1736476200.Fri.Jan.10_02_30_00.GMT.2025.CACO03.c2.bright.jpg,c2,1736476200,2025-01-10T02:30:00+00:00,30.0,1.8090891656984318,7.561436672967865,adcp linear at epoch+300s
1736478000.Fri.Jan.10_03_00_00.GMT.2025.CACO03.c2.bright.jpg,c2,1736478000,2025-01-10T03:00:00+00:00,0.0,1.884757724438857,7.561436672967865,adcp linear at epoch+300s
1736508600.Fri.Jan.10_11_30_00.GMT.2025.CACO03.c2.bright.jpg,c2,1736508600,2025-01-10T11:30:00+00:00,30.0,1.9069044098105516,7.142857142857142,adcp linear at epoch+300s
1736510400.Fri.Jan.10_12_00_00.GMT.2025.CACO03.c2.bright.jpg,c2,1736510400,2025-01-10T12:00:00+00:00,0.0,1.866834827144435,7.142857142857142,adcp linear at epoch+300s
1736512200.Fri.Jan.10_12_30_00.GMT.2025.CACO03.c2.bright.jpg,c2,1736512200,2025-01-10T12:30:00+00:00,30.0,1.7163142077329319,7.142857142857142,adcp linear at epoch+300s
1736514000.Fri.Jan.10_13_00_00.GMT.2025.CACO03.c2.bright.jpg,c2,1736514000,2025-01-10T13:00:00+00:00,0.0,1.5987565429165518,7.142857142857142,adcp linear at epoch+300s
1736515800.Fri.Jan.10_13_30_00.GMT.2025.CACO03.c2.bright.jpg,c2,1736515800,2025-01-10T13:30:00+00:00,30.0,1.646013651075787,7.142857142857142,adcp linear at epoch+300s
1736517600.Fri.Jan.10_14_00_00.GMT.2025.CACO03.c2.bright.jpg,c2,1736517600,2025-01-10T14:00:00+00:00,0.0,1.6857714654260558,7.142857142857142,adcp linear at epoch+300s
1736519400.Fri.Jan.10_14_30_00.GMT.2025.CACO03.c2.bright.jpg,c2,1736519400,2025-01-10T14:30:00+00:00,30.0,1.688032810731493,7.561436672967865,adcp linear at epoch+300s
1736521200.Fri.Jan.10_15_00_00.GMT.2025.CACO03.c2.bright.jpg,c2,1736521200,2025-01-10T15:00:00+00:00,0.0,1.6752899696103856,7.561436672967865,adcp linear at epoch+300s
1736523000.Fri.Jan.10_15_30_00.GMT.2025.CACO03.c2.bright.jpg,c2,1736523000,2025-01-10T15:30:00+00:00,30.0,1.5875261963565543,6.768189509306261,adcp linear at epoch+300s
1736524800.Fri.Jan.10_16_00_00.GMT.2025.CACO03.c2.bright.jpg,c2,1736524800,2025-01-10T16:00:00+00:00,0.0,1.5250661220008956,6.768189509306261,adcp linear at epoch+300s
1736526600.Fri.Jan.10_16_30_00.GMT.2025.CACO03.c2.bright.jpg,c2,1736526600,2025-01-10T16:30:00+00:00,30.0,1.5891245421360998,7.561436672967865,adcp linear at epoch+300s
1736528400.Fri.Jan.10_17_00_00.GMT.2025.CACO03.c2.bright.jpg,c2,1736528400,2025-01-10T17:00:00+00:00,0.0,1.6087993039871111,7.561436672967865,adcp linear at epoch+300s
1736530200.Fri.Jan.10_17_30_00.GMT.2025.CACO03.c2.bright.jpg,c2,1736530200,2025-01-10T17:30:00+00:00,30.0,1.4065557744171575,6.768189509306261,adcp linear at epoch+300s
1736532000.Fri.Jan.10_18_00_00.GMT.2025.CACO03.c2.bright.jpg,c2,1736532000,2025-01-10T18:00:00+00:00,0.0,1.2338284183092085,6.768189509306261,adcp linear at epoch+300s
1736533800.Fri.Jan.10_18_30_00.GMT.2025.CACO03.c2.bright.jpg,c2,1736533800,2025-01-10T18:30:00+00:00,30.0,1.2086819295112818,6.430868167202571,adcp linear at epoch+300s
1736535600.Fri.Jan.10_19_00_00.GMT.2025.CACO03.c2.bright.jpg,c2,1736535600,2025-01-10T19:00:00+00:00,0.0,1.1789467043866884,6.430868167202571,adcp linear at epoch+300s
1736537400.Fri.Jan.10_19_30_00.GMT.2025.CACO03.c2.bright.jpg,c2,1736537400,2025-01-10T19:30:00+00:00,30.0,1.1262677976287603,6.768189509306261,adcp linear at epoch+300s
1736539200.Fri.Jan.10_20_00_00.GMT.2025.CACO03.c2.bright.jpg,c2,1736539200,2025-01-10T20:00:00+00:00,0.0,1.0718145756799142,6.768189509306261,adcp linear at epoch+300s
1736541000.Fri.Jan.10_20_30_00.GMT.2025.CACO03.c2.bright.jpg,c2,1736541000,2025-01-10T20:30:00+00:00,30.0,1.0084897777764794,6.430868167202571,adcp linear at epoch+300s
1736542800.Fri.Jan.10_21_00_00.GMT.2025.CACO03.c2.bright.jpg,c2,1736542800,2025-01-10T21:00:00+00:00,0.0,0.9552379001269126,6.430868167202571,adcp linear at epoch+300s
1736544600.Fri.Jan.10_21_30_00.GMT.2025.CACO03.c2.bright.jpg,c2,1736544600,2025-01-10T21:30:00+00:00,30.0,0.9523506237466854,6.125574272588055,adcp linear at epoch+300s
1736546400.Fri.Jan.10_22_00_00.GMT.2025.CACO03.c2.bright.jpg,c2,1736546400,2025-01-10T22:00:00+00:00,0.0,0.96337722326841,6.125574272588055,adcp linear at epoch+300s
1736548200.Fri.Jan.10_22_30_00.GMT.2025.CACO03.c2.bright.jpg,c2,1736548200,2025-01-10T22:30:00+00:00,30.0,1.0439732022998933,5.594405594405594,adcp linear at epoch+300s
1736550000.Fri.Jan.10_23_00_00.GMT.2025.CACO03.c2.bright.jpg,c2,1736550000,2025-01-10T23:00:00+00:00,0.0,1.1018989820841103,5.594405594405594,adcp linear at epoch+300s
1736551800.Fri.Jan.10_23_30_00.GMT.2025.CACO03.c2.bright.jpg,c2,1736551800,2025-01-10T23:30:00+00:00,30.0,1.0464737656319973,5.594405594405594,adcp linear at epoch+300s
1736553600.Sat.Jan.11_00_00_00.GMT.2025.CACO03.c2.bright.jpg,c2,1736553600,2025-01-11T00:00:00+00:00,0.0,0.9868460794318432,5.594405594405594,adcp linear at epoch+300s
1736555400.Sat.Jan.11_00_30_00.GMT.2025.CACO03.c2.bright.jpg,c2,1736555400,2025-01-11T00:30:00+00:00,30.0,0.9062060444914835,6.125574272588055,adcp linear at epoch+300s
1736557200.Sat.Jan.11_01_00_00.GMT.2025.CACO03.c2.bright.jpg,c2,1736557200,2025-01-11T01:00:00+00:00,0.0,0.8501160313266937,6.125574272588055,adcp linear at epoch+300s
1736559000.Sat.Jan.11_01_30_00.GMT.2025.CACO03.c2.bright.jpg,c2,1736559000,2025-01-11T01:30:00+00:00,30.0,0.9167761270397526,5.594405594405594,adcp linear at epoch+300s
1736560800.Sat.Jan.11_02_00_00.GMT.2025.CACO03.c2.bright.jpg,c2,1736560800,2025-01-11T02:00:00+00:00,0.0,0.9591567488362829,5.594405594405594,adcp linear at epoch+300s
1736562600.Sat.Jan.11_02_30_00.GMT.2025.CACO03.c2.bright.jpg,c2,1736562600,2025-01-11T02:30:00+00:00,30.0,0.880140001050169,5.847953216374269,adcp linear at epoch+300s
1736564400.Sat.Jan.11_03_00_00.GMT.2025.CACO03.c2.bright.jpg,c2,1736564400,2025-01-11T03:00:00+00:00,0.0,0.8081414057985732,5.847953216374269,adcp linear at epoch+300s
1736595000.Sat.Jan.11_11_30_00.GMT.2025.CACO03.c2.bright.jpg,c2,1736595000,2025-01-11T11:30:00+00:00,30.0,0.6476455475504763,5.847953216374269,adcp linear at epoch+300s
1736596800.Sat.Jan.11_12_00_00.GMT.2025.CACO03.c2.bright.jpg,c2,1736596800,2025-01-11T12:00:00+00:00,0.0,0.6471375199564089,5.847953216374269,adcp linear at epoch+300s
1736598600.Sat.Jan.11_12_30_00.GMT.2025.CACO03.c2.bright.jpg,c2,1736598600,2025-01-11T12:30:00+00:00,30.0,0.6448437322266426,6.125574272588055,adcp linear at epoch+300s
1736600400.Sat.Jan.11_13_00_00.GMT.2025.CACO03.c2.bright.jpg,c2,1736600400,2025-01-11T13:00:00+00:00,0.0,0.6429410140402472,6.125574272588055,adcp linear at epoch+300s
1736602200.Sat.Jan.11_13_30_00.GMT.2025.CACO03.c2.bright.jpg,c2,1736602200,2025-01-11T13:30:00+00:00,30.0,0.6429936435707057,5.594405594405594,adcp linear at epoch+300s
1736604000.Sat.Jan.11_14_00_00.GMT.2025.CACO03.c2.bright.jpg,c2,1736604000,2025-01-11T14:00:00+00:00,0.0,0.645540189298101,5.594405594405594,adcp linear at epoch+300s
1736605800.Sat.Jan.11_14_30_00.GMT.2025.CACO03.c2.bright.jpg,c2,1736605800,2025-01-11T14:30:00+00:00,30.0,0.6605563160101809,5.847953216374269,adcp linear at epoch+300s
1736607600.Sat.Jan.11_15_00_00.GMT.2025.CACO03.c2.bright.jpg,c2,1736607600,2025-01-11T15:00:00+00:00,0.0,0.6616929080874859,5.847953216374269,adcp linear at epoch+300s
1736609400.Sat.Jan.11_15_30_00.GMT.2025.CACO03.c2.bright.jpg,c2,1736609400,2025-01-11T15:30:00+00:00,30.0,0.5934318269909152,6.125574272588055,adcp linear at epoch+300s
1736611200.Sat.Jan.11_16_00_00.GMT.2025.CACO03.c2.bright.jpg,c2,1736611200,2025-01-11T16:00:00+00:00,0.0,0.5392952857526914,6.125574272588055,adcp linear at epoch+300s
1736613000.Sat.Jan.11_16_30_00.GMT.2025.CACO03.c2.bright.jpg,c2,1736613000,2025-01-11T16:30:00+00:00,30.0,0.5557814438062014,5.594405594405594,adcp linear at epoch+300s
1736614800.Sat.Jan.11_17_00_00.GMT.2025.CACO03.c2.bright.jpg,c2,1736614800,2025-01-11T17:00:00+00:00,0.0,0.5687836451764962,5.594405594405594,adcp linear at epoch+300s
1736616600.Sat.Jan.11_17_30_00.GMT.2025.CACO03.c2.bright.jpg,c2,1736616600,2025-01-11T17:30:00+00:00,30.0,0.5643660631307142,5.594405594405594,adcp linear at epoch+300s
1736618400.Sat.Jan.11_18_00_00.GMT.2025.CACO03.c2.bright.jpg,c2,1736618400,2025-01-11T18:00:00+00:00,0.0,0.561722277598456,5.594405594405594,adcp linear at epoch+300s
1736620200.Sat.Jan.11_18_30_00.GMT.2025.CACO03.c2.bright.jpg,c2,1736620200,2025-01-11T18:30:00+00:00,30.0,0.567947474633817,5.847953216374269,adcp linear at epoch+300s
1736622000.Sat.Jan.11_19_00_00.GMT.2025.CACO03.c2.bright.jpg,c2,1736622000,2025-01-11T19:00:00+00:00,0.0,0.5725151746265636,5.847953216374269,adcp linear at epoch+300s
1736623800.Sat.Jan.11_19_30_00.GMT.2025.CACO03.c2.bright.jpg,c2,1736623800,2025-01-11T19:30:00+00:00,30.0,0.5687953894062392,5.847953216374269,adcp linear at epoch+300s
1736625600.Sat.Jan.11_20_00_00.GMT.2025.CACO03.c2.bright.jpg,c2,1736625600,2025-01-11T20:00:00+00:00,0.0,0.5573815088815512,5.847953216374269,adcp linear at epoch+300s
1736627400.Sat.Jan.11_20_30_00.GMT.2025.CACO03.c2.bright.jpg,c2,1736627400,2025-01-11T20:30:00+00:00,30.0,0.5074971518350462,14.234875444839856,adcp linear at epoch+300s
1736629200.Sat.Jan.11_21_00_00.GMT.2025.CACO03.c2.bright.jpg,c2,1736629200,2025-01-11T21:00:00+00:00,0.0,0.517052095774162,14.234875444839856,adcp linear at epoch+300s
1736631000.Sat.Jan.11_21_30_00.GMT.2025.CACO03.c2.bright.jpg,c2,1736631000,2025-01-11T21:30:00+00:00,30.0,0.8238035446413825,4.291845493562232,adcp linear at epoch+300s
1736632800.Sat.Jan.11_22_00_00.GMT.2025.CACO03.c2.bright.jpg,c2,1736632800,2025-01-11T22:00:00+00:00,0.0,1.109640010320317,4.291845493562232,adcp linear at epoch+300s
1736634600.Sat.Jan.11_22_30_00.GMT.2025.CACO03.c2.bright.jpg,c2,1736634600,2025-01-11T22:30:00+00:00,30.0,1.2909015600578209,5.148005148005149,adcp linear at epoch+300s
1736636400.Sat.Jan.11_23_00_00.GMT.2025.CACO03.c2.bright.jpg,c2,1736636400,2025-01-11T23:00:00+00:00,0.0,1.4687367065009487,5.148005148005149,adcp linear at epoch+300s
1736638200.Sat.Jan.11_23_30_00.GMT.2025.CACO03.c2.bright.jpg,c2,1736638200,2025-01-11T23:30:00+00:00,30.0,1.6294398364721945,5.847953216374269,adcp linear at epoch+300s
1736640000.Sun.Jan.12_00_00_00.GMT.2025.CACO03.c2.bright.jpg,c2,1736640000,2025-01-12T00:00:00+00:00,0.0,1.7659022364896746,5.847953216374269,adcp linear at epoch+300s
1736641800.Sun.Jan.12_00_30_00.GMT.2025.CACO03.c2.bright.jpg,c2,1736641800,2025-01-12T00:30:00+00:00,30.0,1.7811609867383262,6.125574272588055,adcp linear at epoch+300s
1736643600.Sun.Jan.12_01_00_00.GMT.2025.CACO03.c2.bright.jpg,c2,1736643600,2025-01-12T01:00:00+00:00,0.0,1.7824216639824153,6.125574272588055,adcp linear at epoch+300s
1736645400.Sun.Jan.12_01_30_00.GMT.2025.CACO03.c2.bright.jpg,c2,1736645400,2025-01-12T01:30:00+00:00,30.0,1.7136919762036928,6.125574272588055,adcp linear at epoch+300s
1736647200.Sun.Jan.12_02_00_00.GMT.2025.CACO03.c2.bright.jpg,c2,1736647200,2025-01-12T02:00:00+00:00,0.0,1.6582982871324594,6.125574272588055,adcp linear at epoch+300s
1736649000.Sun.Jan.12_02_30_00.GMT.2025.CACO03.c2.bright.jpg,c2,1736649000,2025-01-12T02:30:00+00:00,30.0,1.6695845915986705,5.847953216374269,adcp linear at epoch+300s
1736650800.Sun.Jan.12_03_00_00.GMT.2025.CACO03.c2.bright.jpg,c2,1736650800,2025-01-12T03:00:00+00:00,0.0,1.678903549149549,5.847953216374269,adcp linear at epoch+300s
1736681400.Sun.Jan.12_11_30_00.GMT.2025.CACO03.c2.bright.jpg,c2,1736681400,2025-01-12T11:30:00+00:00,30.0,1.812421748711754,7.142857142857142,adcp linear at epoch+300s
1736683200.Sun.Jan.12_12_00_00.GMT.2025.CACO03.c2.bright.jpg,c2,1736683200,2025-01-12T12:00:00+00:00,0.0,1.8038098709393,7.142857142857142,adcp linear at epoch+300s
1736685000.Sun.Jan.12_12_30_00.GMT.2025.CACO03.c2.bright.jpg,c2,1736685000,2025-01-12T12:30:00+00:00,30.0,1.8068848159577457,6.768189509306261,adcp linear at epoch+300s
1736686800.Sun.Jan.12_13_00_00.GMT.2025.CACO03.c2.bright.jpg,c2,1736686800,2025-01-12T13:00:00+00:00,0.0,1.7938852227722457,6.768189509306261,adcp linear at epoch+300s
1736688600.Sun.Jan.12_13_30_00.GMT.2025.CACO03.c2.bright.jpg,c2,1736688600,2025-01-12T13:30:00+00:00,30.0,1.7005129385670166,6.768189509306261,adcp linear at epoch+300s
1736690400.Sun.Jan.12_14_00_00.GMT.2025.CACO03.c2.bright.jpg,c2,1736690400,2025-01-12T14:00:00+00:00,0.0,1.6166692181784417,6.768189509306261,adcp linear at epoch+300s
1736692200.Sun.Jan.12_14_30_00.GMT.2025.CACO03.c2.bright.jpg,c2,1736692200,2025-01-12T14:30:00+00:00,30.0,1.5804683168731375,7.142857142857142,adcp linear at epoch+300s
1736694000.Sun.Jan.12_15_00_00.GMT.2025.CACO03.c2.bright.jpg,c2,1736694000,2025-01-12T15:00:00+00:00,0.0,1.5494853743851507,7.142857142857142,adcp linear at epoch+300s
1736695800.Sun.Jan.12_15_30_00.GMT.2025.CACO03.c2.bright.jpg,c2,1736695800,2025-01-12T15:30:00+00:00,30.0,1.544592225983751,6.768189509306261,adcp linear at epoch+300s
1736697600.Sun.Jan.12_16_00_00.GMT.2025.CACO03.c2.bright.jpg,c2,1736697600,2025-01-12T16:00:00+00:00,0.0,1.5401281574243222,6.768189509306261,adcp linear at epoch+300s
1736699400.Sun.Jan.12_16_30_00.GMT.2025.CACO03.c2.bright.jpg,c2,1736699400,2025-01-12T16:30:00+00:00,30.0,1.5378094880747482,6.430868167202571,adcp linear at epoch+300s
1736701200.Sun.Jan.12_17_00_00.GMT.2025.CACO03.c2.bright.jpg,c2,1736701200,2025-01-12T17:00:00+00:00,0.0,1.5169664384110386,6.430868167202571,adcp linear at epoch+300s
1736703000.Sun.Jan.12_17_30_00.GMT.2025.CACO03.c2.bright.jpg,c2,1736703000,2025-01-12T17:30:00+00:00,30.0,1.4035014871766527,6.430868167202571,adcp linear at epoch+300s
1736704800.Sun.Jan.12_18_00_00.GMT.2025.CACO03.c2.bright.jpg,c2,1736704800,2025-01-12T18:00:00+00:00,0.0,1.3104865559730006,6.430868167202571,adcp linear at epoch+300s
1736706600.Sun.Jan.12_18_30_00.GMT.2025.CACO03.c2.bright.jpg,c2,1736706600,2025-01-12T18:30:00+00:00,30.0,1.3197217249230166,6.430868167202571,adcp linear at epoch+300s
1736708400.Sun.Jan.12_19_00_00.GMT.2025.CACO03.c2.bright.jpg,c2,1736708400,2025-01-12T19:00:00+00:00,0.0,1.326282133765226,6.430868167202571,adcp linear at epoch+300s
1736710200.Sun.Jan.12_19_30_00.GMT.2025.CACO03.c2.bright.jpg,c2,1736710200,2025-01-12T19:30:00+00:00,30.0,1.3194687420684004,6.768189509306261,adcp linear at epoch+300s
1736712000.Sun.Jan.12_20_00_00.GMT.2025.CACO03.c2.bright.jpg,c2,1736712000,2025-01-12T20:00:00+00:00,0.0,1.3101355187258261,6.768189509306261,adcp linear at epoch+300s
1736713800.Sun.Jan.12_20_30_00.GMT.2025.CACO03.c2.bright.jpg,c2,1736713800,2025-01-12T20:30:00+00:00,30.0,1.288203137154507,6.430868167202571,adcp linear at epoch+300s
1736715600.Sun.Jan.12_21_00_00.GMT.2025.CACO03.c2.bright.jpg,c2,1736715600,2025-01-12T21:00:00+00:00,0.0,1.2767059013254585,6.430868167202571,adcp linear at epoch+300s
1736717400.Sun.Jan.12_21_30_00.GMT.2025.CACO03.c2.bright.jpg,c2,1736717400,2025-01-12T21:30:00+00:00,30.0,1.3173843942077628,6.768189509306261,adcp linear at epoch+300s
1736719200.Sun.Jan.12_22_00_00.GMT.2025.CACO03.c2.bright.jpg,c2,1736719200,2025-01-12T22:00:00+00:00,0.0,1.3517042354886672,6.768189509306261,adcp linear at epoch+300s
1736721000.Sun.Jan.12_22_30_00.GMT.2025.CACO03.c2.bright.jpg,c2,1736721000,2025-01-12T22:30:00+00:00,30.0,1.354230818762574,6.768189509306261,adcp linear at epoch+300s
1736722800.Sun.Jan.12_23_00_00.GMT.2025.CACO03.c2.bright.jpg,c2,1736722800,2025-01-12T23:00:00+00:00,0.0,1.3454198205322165,6.768189509306261,adcp linear at epoch+300s
1736724600.Sun.Jan.12_23_30_00.GMT.2025.CACO03.c2.bright.jpg,c2,1736724600,2025-01-12T23:30:00+00:00,30.0,1.2799209147805388,6.125574272588055,adcp linear at epoch+300s
1736726400.Mon.Jan.13_00_00_00.GMT.2025.CACO03.c2.bright.jpg,c2,1736726400,2025-01-13T00:00:00+00:00,0.0,1.2235769900011562,6.125574272588055,adcp linear at epoch+300s
1736728200.Mon.Jan.13_00_30_00.GMT.2025.CACO03.c2.bright.jpg,c2,1736728200,2025-01-13T00:30:00+00:00,30.0,1.2130079700832488,6.768189509306261,adcp linear at epoch+300s
1736730000.Mon.Jan.13_01_00_00.GMT.2025.CACO03.c2.bright.jpg,c2,1736730000,2025-01-13T01:00:00+00:00,0.0,1.2025820836768488,6.768189509306261,adcp linear at epoch+300s
1736731800.Mon.Jan.13_01_30_00.GMT.2025.CACO03.c2.bright.jpg,c2,1736731800,2025-01-13T01:30:00+00:00,30.0,1.1928718648279848,6.768189509306261,adcp linear at epoch+300s
1736733600.Mon.Jan.13_02_00_00.GMT.2025.CACO03.c2.bright.jpg,c2,1736733600,2025-01-13T02:00:00+00:00,0.0,1.1871854265984783,6.768189509306261,adcp linear at epoch+300s
1736735400.Mon.Jan.13_02_30_00.GMT.2025.CACO03.c2.bright.jpg,c2,1736735400,2025-01-13T02:30:00+00:00,30.0,1.201617891465759,6.768189509306261,adcp linear at epoch+300s
1736737200.Mon.Jan.13_03_00_00.GMT.2025.CACO03.c2.bright.jpg,c2,1736737200,2025-01-13T03:00:00+00:00,0.0,1.2147835909458202,6.768189509306261,adcp linear at epoch+300s
1736767800.Mon.Jan.13_11_30_00.GMT.2025.CACO03.c2.bright.jpg,c2,1736767800,2025-01-13T11:30:00+00:00,30.0,1.2039588111174393,9.876543209876544,adcp linear at epoch+300s
1736769600.Mon.Jan.13_12_00_00.GMT.2025.CACO03.c2.bright.jpg,c2,1736769600,2025-01-13T12:00:00+00:00,0.0,1.2812025863421719,9.876543209876544,adcp linear at epoch+300s
1736771400.Mon.Jan.13_12_30_00.GMT.2025.CACO03.c2.bright.jpg,c2,1736771400,2025-01-13T12:30:00+00:00,30.0,1.2835052133371454,9.876543209876544,adcp linear at epoch+300s
1736773200.Mon.Jan.13_13_00_00.GMT.2025.CACO03.c2.bright.jpg,c2,1736773200,2025-01-13T13:00:00+00:00,0.0,1.2784111322022047,9.876543209876544,adcp linear at epoch+300s
1736775000.Mon.Jan.13_13_30_00.GMT.2025.CACO03.c2.bright.jpg,c2,1736775000,2025-01-13T13:30:00+00:00,30.0,1.2363335104176936,9.876543209876544,adcp linear at epoch+300s
1736776800.Mon.Jan.13_14_00_00.GMT.2025.CACO03.c2.bright.jpg,c2,1736776800,2025-01-13T14:00:00+00:00,0.0,1.1932480270190604,9.876543209876544,adcp linear at epoch+300s
1736778600.Mon.Jan.13_14_30_00.GMT.2025.CACO03.c2.bright.jpg,c2,1736778600,2025-01-13T14:30:00+00:00,30.0,1.145123235549819,10.6951871657754,adcp linear at epoch+300s
1736780400.Mon.Jan.13_15_00_00.GMT.2025.CACO03.c2.bright.jpg,c2,1736780400,2025-01-13T15:00:00+00:00,0.0,1.1143384868685806,10.6951871657754,adcp linear at epoch+300s
1736782200.Mon.Jan.13_15_30_00.GMT.2025.CACO03.c2.bright.jpg,c2,1736782200,2025-01-13T15:30:00+00:00,30.0,1.1702539521273583,11.661807580174926,adcp linear at epoch+300s
1736784000.Mon.Jan.13_16_00_00.GMT.2025.CACO03.c2.bright.jpg,c2,1736784000,2025-01-13T16:00:00+00:00,0.0,1.2046810913877188,11.661807580174926,adcp linear at epoch+300s
1736785800.Mon.Jan.13_16_30_00.GMT.2025.CACO03.c2.bright.jpg,c2,1736785800,2025-01-13T16:30:00+00:00,30.0,1.1316666006559932,11.661807580174926,adcp linear at epoch+300s
1736787600.Mon.Jan.13_17_00_00.GMT.2025.CACO03.c2.bright.jpg,c2,1736787600,2025-01-13T17:00:00+00:00,0.0,1.0647061794830588,11.661807580174926,adcp linear at epoch+300s
1736789400.Mon.Jan.13_17_30_00.GMT.2025.CACO03.c2.bright.jpg,c2,1736789400,2025-01-13T17:30:00+00:00,30.0,1.0280161061040807,9.174311926605505,adcp linear at epoch+300s
1736791200.Mon.Jan.13_18_00_00.GMT.2025.CACO03.c2.bright.jpg,c2,1736791200,2025-01-13T18:00:00+00:00,0.0,1.0042420320796939,9.174311926605505,adcp linear at epoch+300s
1736793000.Mon.Jan.13_18_30_00.GMT.2025.CACO03.c2.bright.jpg,c2,1736793000,2025-01-13T18:30:00+00:00,30.0,1.0450479548282632,11.661807580174926,adcp linear at epoch+300s
1736794800.Mon.Jan.13_19_00_00.GMT.2025.CACO03.c2.bright.jpg,c2,1736794800,2025-01-13T19:00:00+00:00,0.0,1.0680626169624603,11.661807580174926,adcp linear at epoch+300s
1736796600.Mon.Jan.13_19_30_00.GMT.2025.CACO03.c2.bright.jpg,c2,1736796600,2025-01-13T19:30:00+00:00,30.0,1.0021209760247964,11.661807580174926,adcp linear at epoch+300s
1736798400.Mon.Jan.13_20_00_00.GMT.2025.CACO03.c2.bright.jpg,c2,1736798400,2025-01-13T20:00:00+00:00,0.0,0.9488550369771135,11.661807580174926,adcp linear at epoch+300s
1736800200.Mon.Jan.13_20_30_00.GMT.2025.CACO03.c2.bright.jpg,c2,1736800200,2025-01-13T20:30:00+00:00,30.0,0.9589676073793352,11.661807580174926,adcp linear at epoch+300s
1736802000.Mon.Jan.13_21_00_00.GMT.2025.CACO03.c2.bright.jpg,c2,1736802000,2025-01-13T21:00:00+00:00,0.0,0.9587102750110791,11.661807580174926,adcp linear at epoch+300s
1736803800.Mon.Jan.13_21_30_00.GMT.2025.CACO03.c2.bright.jpg,c2,1736803800,2025-01-13T21:30:00+00:00,30.0,0.9066034287904339,11.661807580174926,adcp linear at epoch+300s
1736805600.Mon.Jan.13_22_00_00.GMT.2025.CACO03.c2.bright.jpg,c2,1736805600,2025-01-13T22:00:00+00:00,0.0,0.8709978213190961,11.661807580174926,adcp linear at epoch+300s
1736807400.Mon.Jan.13_22_30_00.GMT.2025.CACO03.c2.bright.jpg,c2,1736807400,2025-01-13T22:30:00+00:00,30.0,0.9178984075942958,11.661807580174926,adcp linear at epoch+300s
1736809200.Mon.Jan.13_23_00_00.GMT.2025.CACO03.c2.bright.jpg,c2,1736809200,2025-01-13T23:00:00+00:00,0.0,0.9605742785655266,11.661807580174926,adcp linear at epoch+300s
1736811000.Mon.Jan.13_23_30_00.GMT.2025.CACO03.c2.bright.jpg,c2,1736811000,2025-01-13T23:30:00+00:00,30.0,0.9821265730169136,10.6951871657754,adcp linear at epoch+300s
1736812800.Tue.Jan.14_00_00_00.GMT.2025.CACO03.c2.bright.jpg,c2,1736812800,2025-01-14T00:00:00+00:00,0.0,1.0064490323149156,10.6951871657754,adcp linear at epoch+300s
1736814600.Tue.Jan.14_00_30_00.GMT.2025.CACO03.c2.bright.jpg,c2,1736814600,2025-01-14T00:30:00+00:00,30.0,1.0446223158459913,10.6951871657754,adcp linear at epoch+300s
1736816400.Tue.Jan.14_01_00_00.GMT.2025.CACO03.c2.bright.jpg,c2,1736816400,2025-01-14T01:00:00+00:00,0.0,1.0793690189783027,10.6951871657754,adcp linear at epoch+300s
1736818200.Tue.Jan.14_01_30_00.GMT.2025.CACO03.c2.bright.jpg,c2,1736818200,2025-01-14T01:30:00+00:00,30.0,1.0969828201167926,11.661807580174926,adcp linear at epoch+300s
1736820000.Tue.Jan.14_02_00_00.GMT.2025.CACO03.c2.bright.jpg,c2,1736820000,2025-01-14T02:00:00+00:00,0.0,1.1071448321156372,11.661807580174926,adcp linear at epoch+300s
1736821800.Tue.Jan.14_02_30_00.GMT.2025.CACO03.c2.bright.jpg,c2,1736821800,2025-01-14T02:30:00+00:00,30.0,1.0800478984162565,11.661807580174926,adcp linear at epoch+300s
1736823600.Tue.Jan.14_03_00_00.GMT.2025.CACO03.c2.bright.jpg,c2,1736823600,2025-01-14T03:00:00+00:00,0.0,1.0715064824905156,11.661807580174926,adcp linear at epoch+300s
1736854200.Tue.Jan.14_11_30_00.GMT.2025.CACO03.c2.bright.jpg,c2,1736854200,2025-01-14T11:30:00+00:00,30.0,0.8578642233655875,11.661807580174926,adcp linear at epoch+300s
1736856000.Tue.Jan.14_12_00_00.GMT.2025.CACO03.c2.bright.jpg,c2,1736856000,2025-01-14T12:00:00+00:00,0.0,0.8896761384081938,11.661807580174926,adcp linear at epoch+300s
1736857800.Tue.Jan.14_12_30_00.GMT.2025.CACO03.c2.bright.jpg,c2,1736857800,2025-01-14T12:30:00+00:00,30.0,0.9660345159133488,11.661807580174926,adcp linear at epoch+300s
1736859600.Tue.Jan.14_13_00_00.GMT.2025.CACO03.c2.bright.jpg,c2,1736859600,2025-01-14T13:00:00+00:00,0.0,1.0301546293210886,11.661807580174926,adcp linear at epoch+300s
1736861400.Tue.Jan.14_13_30_00.GMT.2025.CACO03.c2.bright.jpg,c2,1736861400,2025-01-14T13:30:00+00:00,30.0,1.0330834222417524,11.661807580174926,adcp linear at epoch+300s
1736863200.Tue.Jan.14_14_00_00.GMT.2025.CACO03.c2.bright.jpg,c2,1736863200,2025-01-14T14:00:00+00:00,0.0,1.0392593010421756,11.661807580174926,adcp linear at epoch+300s
1736865000.Tue.Jan.14_14_30_00.GMT.2025.CACO03.c2.bright.jpg,c2,1736865000,2025-01-14T14:30:00+00:00,30.0,1.061670609241395,11.661807580174926,adcp linear at epoch+300s
1736866800.Tue.Jan.14_15_00_00.GMT.2025.CACO03.c2.bright.jpg,c2,1736866800,2025-01-14T15:00:00+00:00,0.0,1.0686904920314766,11.661807580174926,adcp linear at epoch+300s
1736868600.Tue.Jan.14_15_30_00.GMT.2025.CACO03.c2.bright.jpg,c2,1736868600,2025-01-14T15:30:00+00:00,30.0,0.9987532477758704,9.876543209876544,adcp linear at epoch+300s
1736870400.Tue.Jan.14_16_00_00.GMT.2025.CACO03.c2.bright.jpg,c2,1736870400,2025-01-14T16:00:00+00:00,0.0,0.9399542991615355,9.876543209876544,adcp linear at epoch+300s
1736872200.Tue.Jan.14_16_30_00.GMT.2025.CACO03.c2.bright.jpg,c2,1736872200,2025-01-14T16:30:00+00:00,30.0,0.9368468287535567,11.661807580174926,adcp linear at epoch+300s
1736874000.Tue.Jan.14_17_00_00.GMT.2025.CACO03.c2.bright.jpg,c2,1736874000,2025-01-14T17:00:00+00:00,0.0,0.9232236503018529,11.661807580174926,adcp linear at epoch+300s
1736875800.Tue.Jan.14_17_30_00.GMT.2025.CACO03.c2.bright.jpg,c2,1736875800,2025-01-14T17:30:00+00:00,30.0,0.8570219316315236,9.876543209876544,adcp linear at epoch+300s
1736877600.Tue.Jan.14_18_00_00.GMT.2025.CACO03.c2.bright.jpg,c2,1736877600,2025-01-14T18:00:00+00:00,0.0,0.7988253174363555,9.876543209876544,adcp linear at epoch+300s
1736879400.Tue.Jan.14_18_30_00.GMT.2025.CACO03.c2.bright.jpg,c2,1736879400,2025-01-14T18:30:00+00:00,30.0,0.7806542256169937,9.876543209876544,adcp linear at epoch+300s
1736881200.Tue.Jan.14_19_00_00.GMT.2025.CACO03.c2.bright.jpg,c2,1736881200,2025-01-14T19:00:00+00:00,0.0,0.7670674428143615,9.876543209876544,adcp linear at epoch+300s
1736883000.Tue.Jan.14_19_30_00.GMT.2025.CACO03.c2.bright.jpg,c2,1736883000,2025-01-14T19:30:00+00:00,30.0,0.7764022050953777,11.661807580174926,adcp linear at epoch+300s
1736884800.Tue.Jan.14_20_00_00.GMT.2025.CACO03.c2.bright.jpg,c2,1736884800,2025-01-14T20:00:00+00:00,0.0,0.7724437553915978,11.661807580174926,adcp linear at epoch+300s
1736886600.Tue.Jan.14_20_30_00.GMT.2025.CACO03.c2.bright.jpg,c2,1736886600,2025-01-14T20:30:00+00:00,30.0,0.7020192457638375,10.6951871657754,adcp linear at epoch+300s
1736888400.Tue.Jan.14_21_00_00.GMT.2025.CACO03.c2.bright.jpg,c2,1736888400,2025-01-14T21:00:00+00:00,0.0,0.6410293550946853,10.6951871657754,adcp linear at epoch+300s
1736890200.Tue.Jan.14_21_30_00.GMT.2025.CACO03.c2.bright.jpg,c2,1736890200,2025-01-14T21:30:00+00:00,30.0,0.6272125592185738,10.6951871657754,adcp linear at epoch+300s
1736892000.Tue.Jan.14_22_00_00.GMT.2025.CACO03.c2.bright.jpg,c2,1736892000,2025-01-14T22:00:00+00:00,0.0,0.6271899073564522,10.6951871657754,adcp linear at epoch+300s
1736893800.Tue.Jan.14_22_30_00.GMT.2025.CACO03.c2.bright.jpg,c2,1736893800,2025-01-14T22:30:00+00:00,30.0,0.6961379755642805,11.661807580174926,adcp linear at epoch+300s
1736895600.Tue.Jan.14_23_00_00.GMT.2025.CACO03.c2.bright.jpg,c2,1736895600,2025-01-14T23:00:00+00:00,0.0,0.7637486330660875,11.661807580174926,adcp linear at epoch+300s
1736897400.Tue.Jan.14_23_30_00.GMT.2025.CACO03.c2.bright.jpg,c2,1736897400,2025-01-14T23:30:00+00:00,30.0,0.8246722370377888,5.594405594405594,adcp linear at epoch+300s
1736899200.Wed.Jan.15_00_00_00.GMT.2025.CACO03.c2.bright.jpg,c2,1736899200,2025-01-15T00:00:00+00:00,0.0,0.8818666904764371,5.594405594405594,adcp linear at epoch+300s
1736901000.Wed.Jan.15_00_30_00.GMT.2025.CACO03.c2.bright.jpg,c2,1736901000,2025-01-15T00:30:00+00:00,30.0,0.9204153912498202,4.024144869215292,adcp linear at epoch+300s
1736902800.Wed.Jan.15_01_00_00.GMT.2025.CACO03.c2.bright.jpg,c2,1736902800,2025-01-15T01:00:00+00:00,0.0,0.9653672960253709,4.024144869215292,adcp linear at epoch+300s
1736904600.Wed.Jan.15_01_30_00.GMT.2025.CACO03.c2.bright.jpg,c2,1736904600,2025-01-15T01:30:00+00:00,30.0,1.042335220811759,5.594405594405594,adcp linear at epoch+300s
1736906400.Wed.Jan.15_02_00_00.GMT.2025.CACO03.c2.bright.jpg,c2,1736906400,2025-01-15T02:00:00+00:00,0.0,1.0983547629468322,5.594405594405594,adcp linear at epoch+300s
1736908200.Wed.Jan.15_02_30_00.GMT.2025.CACO03.c2.bright.jpg,c2,1736908200,2025-01-15T02:30:00+00:00,30.0,1.0496323918253305,5.148005148005149,adcp linear at epoch+300s
1736910000.Wed.Jan.15_03_00_00.GMT.2025.CACO03.c2.bright.jpg,c2,1736910000,2025-01-15T03:00:00+00:00,0.0,1.0052798368956046,5.148005148005149,adcp linear at epoch+300s
1736940600.Wed.Jan.15_11_30_00.GMT.2025.CACO03.c2.bright.jpg,c2,1736940600,2025-01-15T11:30:00+00:00,30.0,0.8737762646195725,6.125574272588055,adcp linear at epoch+300s
1736942400.Wed.Jan.15_12_00_00.GMT.2025.CACO03.c2.bright.jpg,c2,1736942400,2025-01-15T12:00:00+00:00,0.0,0.8858405316534403,6.125574272588055,adcp linear at epoch+300s
1736944200.Wed.Jan.15_12_30_00.GMT.2025.CACO03.c2.bright.jpg,c2,1736944200,2025-01-15T12:30:00+00:00,30.0,1.057472592469333,6.125574272588055,adcp linear at epoch+300s
1736946000.Wed.Jan.15_13_00_00.GMT.2025.CACO03.c2.bright.jpg,c2,1736946000,2025-01-15T13:00:00+00:00,0.0,1.202340593181009,6.125574272588055,adcp linear at epoch+300s
1736947800.Wed.Jan.15_13_30_00.GMT.2025.CACO03.c2.bright.jpg,c2,1736947800,2025-01-15T13:30:00+00:00,30.0,1.2133882933716025,6.430868167202571,adcp linear at epoch+300s
1736949600.Wed.Jan.15_14_00_00.GMT.2025.CACO03.c2.bright.jpg,c2,1736949600,2025-01-15T14:00:00+00:00,0.0,1.218388976044329,6.430868167202571,adcp linear at epoch+300s
1736951400.Wed.Jan.15_14_30_00.GMT.2025.CACO03.c2.bright.jpg,c2,1736951400,2025-01-15T14:30:00+00:00,30.0,1.1931545711277203,5.847953216374269,adcp linear at epoch+300s
1736953200.Wed.Jan.15_15_00_00.GMT.2025.CACO03.c2.bright.jpg,c2,1736953200,2025-01-15T15:00:00+00:00,0.0,1.1747548966649999,5.847953216374269,adcp linear at epoch+300s
1736955000.Wed.Jan.15_15_30_00.GMT.2025.CACO03.c2.bright.jpg,c2,1736955000,2025-01-15T15:30:00+00:00,30.0,1.1905288744717226,6.125574272588055,adcp linear at epoch+300s
1736956800.Wed.Jan.15_16_00_00.GMT.2025.CACO03.c2.bright.jpg,c2,1736956800,2025-01-15T16:00:00+00:00,0.0,1.1986371109486949,6.125574272588055,adcp linear at epoch+300s
1736958600.Wed.Jan.15_16_30_00.GMT.2025.CACO03.c2.bright.jpg,c2,1736958600,2025-01-15T16:30:00+00:00,30.0,1.1684166407769156,6.430868167202571,adcp linear at epoch+300s
1736960400.Wed.Jan.15_17_00_00.GMT.2025.CACO03.c2.bright.jpg,c2,1736960400,2025-01-15T17:00:00+00:00,0.0,1.1339323515195177,6.430868167202571,adcp linear at epoch+300s
1736962200.Wed.Jan.15_17_30_00.GMT.2025.CACO03.c2.bright.jpg,c2,1736962200,2025-01-15T17:30:00+00:00,30.0,1.078128966834026,5.847953216374269,adcp linear at epoch+300s
1736964000.Wed.Jan.15_18_00_00.GMT.2025.CACO03.c2.bright.jpg,c2,1736964000,2025-01-15T18:00:00+00:00,0.0,1.0368855773816823,5.847953216374269,adcp linear at epoch+300s
1736965800.Wed.Jan.15_18_30_00.GMT.2025.CACO03.c2.bright.jpg,c2,1736965800,2025-01-15T18:30:00+00:00,30.0,1.068442164095078,5.594405594405594,adcp linear at epoch+300s
1736967600.Wed.Jan.15_19_00_00.GMT.2025.CACO03.c2.bright.jpg,c2,1736967600,2025-01-15T19:00:00+00:00,0.0,1.0959778870578891,5.594405594405594,adcp linear at epoch+300s
1736969400.Wed.Jan.15_19_30_00.GMT.2025.CACO03.c2.bright.jpg,c2,1736969400,2025-01-15T19:30:00+00:00,30.0,1.103409291267777,6.125574272588055,adcp linear at epoch+300s
1736971200.Wed.Jan.15_20_00_00.GMT.2025.CACO03.c2.bright.jpg,c2,1736971200,2025-01-15T20:00:00+00:00,0.0,1.1144143630719139,6.125574272588055,adcp linear at epoch+300s
1736973000.Wed.Jan.15_20_30_00.GMT.2025.CACO03.c2.bright.jpg,c2,1736973000,2025-01-15T20:30:00+00:00,30.0,1.143287772847296,6.125574272588055,adcp linear at epoch+300s
1736974800.Wed.Jan.15_21_00_00.GMT.2025.CACO03.c2.bright.jpg,c2,1736974800,2025-01-15T21:00:00+00:00,0.0,1.1722749059382984,6.125574272588055,adcp linear at epoch+300s
1736976600.Wed.Jan.15_21_30_00.GMT.2025.CACO03.c2.bright.jpg,c2,1736976600,2025-01-15T21:30:00+00:00,30.0,1.2018306556074028,6.125574272588055,adcp linear at epoch+300s
1736978400.Wed.Jan.15_22_00_00.GMT.2025.CACO03.c2.bright.jpg,c2,1736978400,2025-01-15T22:00:00+00:00,0.0,1.2106475242557804,6.125574272588055,adcp linear at epoch+300s
1736980200.Wed.Jan.15_22_30_00.GMT.2025.CACO03.c2.bright.jpg,c2,1736980200,2025-01-15T22:30:00+00:00,30.0,1.1157699878005258,6.430868167202571,adcp linear at epoch+300s
1736982000.Wed.Jan.15_23_00_00.GMT.2025.CACO03.c2.bright.jpg,c2,1736982000,2025-01-15T23:00:00+00:00,0.0,1.0402070048478715,6.430868167202571,adcp linear at epoch+300s
1736983800.Wed.Jan.15_23_30_00.GMT.2025.CACO03.c2.bright.jpg,c2,1736983800,2025-01-15T23:30:00+00:00,30.0,1.0612167894082183,5.847953216374269,adcp linear at epoch+300s
1736985600.Thu.Jan.16_00_00_00.GMT.2025.CACO03.c2.bright.jpg,c2,1736985600,2025-01-16T00:00:00+00:00,0.0,1.0952458438248753,5.847953216374269,adcp linear at epoch+300s
1736987400.Thu.Jan.16_00_30_00.GMT.2025.CACO03.c2.bright.jpg,c2,1736987400,2025-01-16T00:30:00+00:00,30.0,1.1943712475230823,6.430868167202571,adcp linear at epoch+300s
1736989200.Thu.Jan.16_01_00_00.GMT.2025.CACO03.c2.bright.jpg,c2,1736989200,2025-01-16T01:00:00+00:00,0.0,1.2648123891404859,6.430868167202571,adcp linear at epoch+300s
1736991000.Thu.Jan.16_01_30_00.GMT.2025.CACO03.c2.bright.jpg,c2,1736991000,2025-01-16T01:30:00+00:00,30.0,1.191832220353874,6.125574272588055,adcp linear at epoch+300s
1736992800.Thu.Jan.16_02_00_00.GMT.2025.CACO03.c2.bright.jpg,c2,1736992800,2025-01-16T02:00:00+00:00,0.0,1.1346447841267702,6.125574272588055,adcp linear at epoch+300s
1736994600.Thu.Jan.16_02_30_00.GMT.2025.CACO03.c2.bright.jpg,c2,1736994600,2025-01-16T02:30:00+00:00,30.0,1.1564210106972064,6.430868167202571,adcp linear at epoch+300s
1736996400.Thu.Jan.16_03_00_00.GMT.2025.CACO03.c2.bright.jpg,c2,1736996400,2025-01-16T03:00:00+00:00,0.0,1.1663610328471627,6.430868167202571,adcp linear at epoch+300s
1737027000.Thu.Jan.16_11_30_00.GMT.2025.CACO03.c2.bright.jpg,c2,1737027000,2025-01-16T11:30:00+00:00,30.0,0.7083085157457981,5.594405594405594,adcp linear at epoch+300s
1737028800.Thu.Jan.16_12_00_00.GMT.2025.CACO03.c2.bright.jpg,c2,1737028800,2025-01-16T12:00:00+00:00,0.0,0.6720920772849608,5.594405594405594,adcp linear at epoch+300s
1737030600.Thu.Jan.16_12_30_00.GMT.2025.CACO03.c2.bright.jpg,c2,1737030600,2025-01-16T12:30:00+00:00,30.0,0.6525548724372322,5.361930294906166,adcp linear at epoch+300s
1737032400.Thu.Jan.16_13_00_00.GMT.2025.CACO03.c2.bright.jpg,c2,1737032400,2025-01-16T13:00:00+00:00,0.0,0.6268069437397875,5.361930294906166,adcp linear at epoch+300s
1737034200.Thu.Jan.16_13_30_00.GMT.2025.CACO03.c2.bright.jpg,c2,1737034200,2025-01-16T13:30:00+00:00,30.0,0.5700053957937615,6.125574272588055,adcp linear at epoch+300s
1737036000.Thu.Jan.16_14_00_00.GMT.2025.CACO03.c2.bright.jpg,c2,1737036000,2025-01-16T14:00:00+00:00,0.0,0.5266025030699921,6.125574272588055,adcp linear at epoch+300s
1737037800.Thu.Jan.16_14_30_00.GMT.2025.CACO03.c2.bright.jpg,c2,1737037800,2025-01-16T14:30:00+00:00,30.0,0.5501928864575057,5.594405594405594,adcp linear at epoch+300s
1737039600.Thu.Jan.16_15_00_00.GMT.2025.CACO03.c2.bright.jpg,c2,1737039600,2025-01-16T15:00:00+00:00,0.0,0.5634272640585787,5.594405594405594,adcp linear at epoch+300s
1737041400.Thu.Jan.16_15_30_00.GMT.2025.CACO03.c2.bright.jpg,c2,1737041400,2025-01-16T15:30:00+00:00,30.0,0.5248816127274479,5.361930294906166,adcp linear at epoch+300s
1737043200.Thu.Jan.16_16_00_00.GMT.2025.CACO03.c2.bright.jpg,c2,1737043200,2025-01-16T16:00:00+00:00,0.0,0.4869335995200246,5.361930294906166,adcp linear at epoch+300s
1737045000.Thu.Jan.16_16_30_00.GMT.2025.CACO03.c2.bright.jpg,c2,1737045000,2025-01-16T16:30:00+00:00,30.0,0.451973776931139,5.361930294906166,adcp linear at epoch+300s
1737046800.Thu.Jan.16_17_00_00.GMT.2025.CACO03.c2.bright.jpg,c2,1737046800,2025-01-16T17:00:00+00:00,0.0,0.42453092195920855,5.361930294906166,adcp linear at epoch+300s
1737048600.Thu.Jan.16_17_30_00.GMT.2025.CACO03.c2.bright.jpg,c2,1737048600,2025-01-16T17:30:00+00:00,30.0,0.4346729050720539,5.361930294906166,adcp linear at epoch+300s
1737050400.Thu.Jan.16_18_00_00.GMT.2025.CACO03.c2.bright.jpg,c2,1737050400,2025-01-16T18:00:00+00:00,0.0,0.4475330543854329,5.361930294906166,adcp linear at epoch+300s
1737052200.Thu.Jan.16_18_30_00.GMT.2025.CACO03.c2.bright.jpg,c2,1737052200,2025-01-16T18:30:00+00:00,30.0,0.4739840347014798,4.153686396677051,adcp linear at epoch+300s
1737054000.Thu.Jan.16_19_00_00.GMT.2025.CACO03.c2.bright.jpg,c2,1737054000,2025-01-16T19:00:00+00:00,0.0,0.4935855106628658,4.153686396677051,adcp linear at epoch+300s
1737055800.Thu.Jan.16_19_30_00.GMT.2025.CACO03.c2.bright.jpg,c2,1737055800,2025-01-16T19:30:00+00:00,30.0,0.47893946485094724,4.597701149425287,adcp linear at epoch+300s
1737057600.Thu.Jan.16_20_00_00.GMT.2025.CACO03.c2.bright.jpg,c2,1737057600,2025-01-16T20:00:00+00:00,0.0,0.4621566171725695,4.597701149425287,adcp linear at epoch+300s
1737059400.Thu.Jan.16_20_30_00.GMT.2025.CACO03.c2.bright.jpg,c2,1737059400,2025-01-16T20:30:00+00:00,30.0,0.4346897601618963,4.767580452920143,adcp linear at epoch+300s
1737061200.Thu.Jan.16_21_00_00.GMT.2025.CACO03.c2.bright.jpg,c2,1737061200,2025-01-16T21:00:00+00:00,0.0,0.4102369761957087,4.767580452920143,adcp linear at epoch+300s
1737063000.Thu.Jan.16_21_30_00.GMT.2025.CACO03.c2.bright.jpg,c2,1737063000,2025-01-16T21:30:00+00:00,30.0,0.4008545574519488,5.594405594405594,adcp linear at epoch+300s
1737064800.Thu.Jan.16_22_00_00.GMT.2025.CACO03.c2.bright.jpg,c2,1737064800,2025-01-16T22:00:00+00:00,0.0,0.39158470047612365,5.594405594405594,adcp linear at epoch+300s
1737066600.Thu.Jan.16_22_30_00.GMT.2025.CACO03.c2.bright.jpg,c2,1737066600,2025-01-16T22:30:00+00:00,30.0,0.38287765233997195,4.950495049504951,adcp linear at epoch+300s
1737068400.Thu.Jan.16_23_00_00.GMT.2025.CACO03.c2.bright.jpg,c2,1737068400,2025-01-16T23:00:00+00:00,0.0,0.37323663721580363,4.950495049504951,adcp linear at epoch+300s
1737070200.Thu.Jan.16_23_30_00.GMT.2025.CACO03.c2.bright.jpg,c2,1737070200,2025-01-16T23:30:00+00:00,30.0,0.35892578715155243,5.361930294906166,adcp linear at epoch+300s
1737072000.Fri.Jan.17_00_00_00.GMT.2025.CACO03.c2.bright.jpg,c2,1737072000,2025-01-17T00:00:00+00:00,0.0,0.346484480736014,5.361930294906166,adcp linear at epoch+300s
1737073800.Fri.Jan.17_00_30_00.GMT.2025.CACO03.c2.bright.jpg,c2,1737073800,2025-01-17T00:30:00+00:00,30.0,0.3433908925640393,5.148005148005149,adcp linear at epoch+300s
1737075600.Fri.Jan.17_01_00_00.GMT.2025.CACO03.c2.bright.jpg,c2,1737075600,2025-01-17T01:00:00+00:00,0.0,0.3401526507237358,5.148005148005149,adcp linear at epoch+300s
1737077400.Fri.Jan.17_01_30_00.GMT.2025.CACO03.c2.bright.jpg,c2,1737077400,2025-01-17T01:30:00+00:00,30.0,0.33619114054178806,10.6951871657754,adcp linear at epoch+300s
1737079200.Fri.Jan.17_02_00_00.GMT.2025.CACO03.c2.bright.jpg,c2,1737079200,2025-01-17T02:00:00+00:00,0.0,0.33132083959137404,10.6951871657754,adcp linear at epoch+300s
1737081000.Fri.Jan.17_02_30_00.GMT.2025.CACO03.c2.bright.jpg,c2,1737081000,2025-01-17T02:30:00+00:00,30.0,0.32190658479862866,10.6951871657754,adcp linear at epoch+300s
1737082800.Fri.Jan.17_03_00_00.GMT.2025.CACO03.c2.bright.jpg,c2,1737082800,2025-01-17T03:00:00+00:00,0.0,0.3142962137315347,10.6951871657754,adcp linear at epoch+300s
1737113400.Fri.Jan.17_11_30_00.GMT.2025.CACO03.c2.bright.jpg,c2,1737113400,2025-01-17T11:30:00+00:00,30.0,0.32360423112025055,9.174311926605505,adcp linear at epoch+300s
1737115200.Fri.Jan.17_12_00_00.GMT.2025.CACO03.c2.bright.jpg,c2,1737115200,2025-01-17T12:00:00+00:00,0.0,0.33340909513595746,9.174311926605505,adcp linear at epoch+300s
1737117000.Fri.Jan.17_12_30_00.GMT.2025.CACO03.c2.bright.jpg,c2,1737117000,2025-01-17T12:30:00+00:00,30.0,0.36593679967958304,10.6951871657754,adcp linear at epoch+300s
1737118800.Fri.Jan.17_13_00_00.GMT.2025.CACO03.c2.bright.jpg,c2,1737118800,2025-01-17T13:00:00+00:00,0.0,0.38532363841490636,10.6951871657754,adcp linear at epoch+300s
1737120600.Fri.Jan.17_13_30_00.GMT.2025.CACO03.c2.bright.jpg,c2,1737120600,2025-01-17T13:30:00+00:00,30.0,0.3390061481087181,10.6951871657754,adcp linear at epoch+300s
1737122400.Fri.Jan.17_14_00_00.GMT.2025.CACO03.c2.bright.jpg,c2,1737122400,2025-01-17T14:00:00+00:00,0.0,0.34968311646366784,10.6951871657754,adcp linear at epoch+300s
1737124200.Fri.Jan.17_14_30_00.GMT.2025.CACO03.c2.bright.jpg,c2,1737124200,2025-01-17T14:30:00+00:00,30.0,0.6453323781243077,4.439511653718091,adcp linear at epoch+300s
1737126000.Fri.Jan.17_15_00_00.GMT.2025.CACO03.c2.bright.jpg,c2,1737126000,2025-01-17T15:00:00+00:00,0.0,0.908878283284023,4.439511653718091,adcp linear at epoch+300s
1737127800.Fri.Jan.17_15_30_00.GMT.2025.CACO03.c2.bright.jpg,c2,1737127800,2025-01-17T15:30:00+00:00,30.0,1.0119074059391153,4.950495049504951,adcp linear at epoch+300s
1737129600.Fri.Jan.17_16_00_00.GMT.2025.CACO03.c2.bright.jpg,c2,1737129600,2025-01-17T16:00:00+00:00,0.0,1.1101303175569708,4.950495049504951,adcp linear at epoch+300s
1737131400.Fri.Jan.17_16_30_00.GMT.2025.CACO03.c2.bright.jpg,c2,1737131400,2025-01-17T16:30:00+00:00,30.0,1.1843221739886425,5.847953216374269,adcp linear at epoch+300s
1737133200.Fri.Jan.17_17_00_00.GMT.2025.CACO03.c2.bright.jpg,c2,1737133200,2025-01-17T17:00:00+00:00,0.0,1.2399320014962427,5.847953216374269,adcp linear at epoch+300s
1737135000.Fri.Jan.17_17_30_00.GMT.2025.CACO03.c2.bright.jpg,c2,1737135000,2025-01-17T17:30:00+00:00,30.0,1.2026316843834854,5.847953216374269,adcp linear at epoch+300s
1737136800.Fri.Jan.17_18_00_00.GMT.2025.CACO03.c2.bright.jpg,c2,1737136800,2025-01-17T18:00:00+00:00,0.0,1.1693835775121344,5.847953216374269,adcp linear at epoch+300s
1737138600.Fri.Jan.17_18_30_00.GMT.2025.CACO03.c2.bright.jpg,c2,1737138600,2025-01-17T18:30:00+00:00,30.0,1.156396521847815,5.594405594405594,adcp linear at epoch+300s
1737140400.Fri.Jan.17_19_00_00.GMT.2025.CACO03.c2.bright.jpg,c2,1737140400,2025-01-17T19:00:00+00:00,0.0,1.1596091419197578,5.594405594405594,adcp linear at epoch+300s
1737142200.Fri.Jan.17_19_30_00.GMT.2025.CACO03.c2.bright.jpg,c2,1737142200,2025-01-17T19:30:00+00:00,30.0,1.243820140673013,5.594405594405594,adcp linear at epoch+300s
1737144000.Fri.Jan.17_20_00_00.GMT.2025.CACO03.c2.bright.jpg,c2,1737144000,2025-01-17T20:00:00+00:00,0.0,1.2899682089721165,5.594405594405594,adcp linear at epoch+300s
1737145800.Fri.Jan.17_20_30_00.GMT.2025.CACO03.c2.bright.jpg,c2,1737145800,2025-01-17T20:30:00+00:00,30.0,1.145801625000464,5.594405594405594,adcp linear at epoch+300s
1737147600.Fri.Jan.17_21_00_00.GMT.2025.CACO03.c2.bright.jpg,c2,1737147600,2025-01-17T21:00:00+00:00,0.0,1.0128254407896708,5.594405594405594,adcp linear at epoch+300s
1737149400.Fri.Jan.17_21_30_00.GMT.2025.CACO03.c2.bright.jpg,c2,1737149400,2025-01-17T21:30:00+00:00,30.0,0.9358012553831769,5.361930294906166,adcp linear at epoch+300s
1737151200.Fri.Jan.17_22_00_00.GMT.2025.CACO03.c2.bright.jpg,c2,1737151200,2025-01-17T22:00:00+00:00,0.0,0.8626927414980685,5.361930294906166,adcp linear at epoch+300s
1737153000.Fri.Jan.17_22_30_00.GMT.2025.CACO03.c2.bright.jpg,c2,1737153000,2025-01-17T22:30:00+00:00,30.0,0.8091625852198882,5.148005148005149,adcp linear at epoch+300s
1737154800.Fri.Jan.17_23_00_00.GMT.2025.CACO03.c2.bright.jpg,c2,1737154800,2025-01-17T23:00:00+00:00,0.0,0.754250658272778,5.148005148005149,adcp linear at epoch+300s
1737156600.Fri.Jan.17_23_30_00.GMT.2025.CACO03.c2.bright.jpg,c2,1737156600,2025-01-17T23:30:00+00:00,30.0,0.6924298779810186,5.148005148005149,adcp linear at epoch+300s
1737158400.Sat.Jan.18_00_00_00.GMT.2025.CACO03.c2.bright.jpg,c2,1737158400,2025-01-18T00:00:00+00:00,0.0,0.6291623122959621,5.148005148005149,adcp linear at epoch+300s
1737160200.Sat.Jan.18_00_30_00.GMT.2025.CACO03.c2.bright.jpg,c2,1737160200,2025-01-18T00:30:00+00:00,30.0,0.5586608196444202,5.148005148005149,adcp linear at epoch+300s
1737162000.Sat.Jan.18_01_00_00.GMT.2025.CACO03.c2.bright.jpg,c2,1737162000,2025-01-18T01:00:00+00:00,0.0,0.5066768248182084,5.148005148005149,adcp linear at epoch+300s
1737163800.Sat.Jan.18_01_30_00.GMT.2025.CACO03.c2.bright.jpg,c2,1737163800,2025-01-18T01:30:00+00:00,30.0,0.5472803191186476,4.767580452920143,adcp linear at epoch+300s
1737165600.Sat.Jan.18_02_00_00.GMT.2025.CACO03.c2.bright.jpg,c2,1737165600,2025-01-18T02:00:00+00:00,0.0,0.5763915692819678,4.767580452920143,adcp linear at epoch+300s
1737167400.Sat.Jan.18_02_30_00.GMT.2025.CACO03.c2.bright.jpg,c2,1737167400,2025-01-18T02:30:00+00:00,30.0,0.5480415987596929,4.950495049504951,adcp linear at epoch+300s
1737169200.Sat.Jan.18_03_00_00.GMT.2025.CACO03.c2.bright.jpg,c2,1737169200,2025-01-18T03:00:00+00:00,0.0,0.5232758791097168,4.950495049504951,adcp linear at epoch+300s
1737199800.Sat.Jan.18_11_30_00.GMT.2025.CACO03.c2.bright.jpg,c2,1737199800,2025-01-18T11:30:00+00:00,30.0,0.4434572149651921,5.361930294906166,adcp linear at epoch+300s
1737201600.Sat.Jan.18_12_00_00.GMT.2025.CACO03.c2.bright.jpg,c2,1737201600,2025-01-18T12:00:00+00:00,0.0,0.45900087152537167,5.361930294906166,adcp linear at epoch+300s
1737203400.Sat.Jan.18_12_30_00.GMT.2025.CACO03.c2.bright.jpg,c2,1737203400,2025-01-18T12:30:00+00:00,30.0,0.4780709567881206,5.361930294906166,adcp linear at epoch+300s
1737205200.Sat.Jan.18_13_00_00.GMT.2025.CACO03.c2.bright.jpg,c2,1737205200,2025-01-18T13:00:00+00:00,0.0,0.49764394135653844,5.361930294906166,adcp linear at epoch+300s
1737207000.Sat.Jan.18_13_30_00.GMT.2025.CACO03.c2.bright.jpg,c2,1737207000,2025-01-18T13:30:00+00:00,30.0,0.5197314224533006,5.361930294906166,adcp linear at epoch+300s
1737208800.Sat.Jan.18_14_00_00.GMT.2025.CACO03.c2.bright.jpg,c2,1737208800,2025-01-18T14:00:00+00:00,0.0,0.5636451426672221,5.361930294906166,adcp linear at epoch+300s
1737210600.Sat.Jan.18_14_30_00.GMT.2025.CACO03.c2.bright.jpg,c2,1737210600,2025-01-18T14:30:00+00:00,30.0,0.7166900584669402,4.597701149425287,adcp linear at epoch+300s
1737212400.Sat.Jan.18_15_00_00.GMT.2025.CACO03.c2.bright.jpg,c2,1737212400,2025-01-18T15:00:00+00:00,0.0,0.8455289339075195,4.597701149425287,adcp linear at epoch+300s
1737214200.Sat.Jan.18_15_30_00.GMT.2025.CACO03.c2.bright.jpg,c2,1737214200,2025-01-18T15:30:00+00:00,30.0,0.8533376075524041,4.291845493562232,adcp linear at epoch+300s
1737216000.Sat.Jan.18_16_00_00.GMT.2025.CACO03.c2.bright.jpg,c2,1737216000,2025-01-18T16:00:00+00:00,0.0,0.871361341951281,4.291845493562232,adcp linear at epoch+300s
1737217800.Sat.Jan.18_16_30_00.GMT.2025.CACO03.c2.bright.jpg,c2,1737217800,2025-01-18T16:30:00+00:00,30.0,0.9404603801201199,4.767580452920143,adcp linear at epoch+300s
1737219600.Sat.Jan.18_17_00_00.GMT.2025.CACO03.c2.bright.jpg,c2,1737219600,2025-01-18T17:00:00+00:00,0.0,0.9949243787696379,4.767580452920143,adcp linear at epoch+300s
1737221400.Sat.Jan.18_17_30_00.GMT.2025.CACO03.c2.bright.jpg,c2,1737221400,2025-01-18T17:30:00+00:00,30.0,0.9762131798225517,4.950495049504951,adcp linear at epoch+300s
1737223200.Sat.Jan.18_18_00_00.GMT.2025.CACO03.c2.bright.jpg,c2,1737223200,2025-01-18T18:00:00+00:00,0.0,0.9603035153173276,4.950495049504951,adcp linear at epoch+300s
1737225000.Sat.Jan.18_18_30_00.GMT.2025.CACO03.c2.bright.jpg,c2,1737225000,2025-01-18T18:30:00+00:00,30.0,0.9584015230214138,4.950495049504951,adcp linear at epoch+300s
1737226800.Sat.Jan.18_19_00_00.GMT.2025.CACO03.c2.bright.jpg,c2,1737226800,2025-01-18T19:00:00+00:00,0.0,0.9578220359204291,4.950495049504951,adcp linear at epoch+300s
1737228600.Sat.Jan.18_19_30_00.GMT.2025.CACO03.c2.bright.jpg,c2,1737228600,2025-01-18T19:30:00+00:00,30.0,0.9638550747940895,5.361930294906166,adcp linear at epoch+300s
1737230400.Sat.Jan.18_20_00_00.GMT.2025.CACO03.c2.bright.jpg,c2,1737230400,2025-01-18T20:00:00+00:00,0.0,0.9732502069809463,5.361930294906166,adcp linear at epoch+300s
1737232200.Sat.Jan.18_20_30_00.GMT.2025.CACO03.c2.bright.jpg,c2,1737232200,2025-01-18T20:30:00+00:00,30.0,0.9994558057337863,5.594405594405594,adcp linear at epoch+300s
1737234000.Sat.Jan.18_21_00_00.GMT.2025.CACO03.c2.bright.jpg,c2,1737234000,2025-01-18T21:00:00+00:00,0.0,1.0365413353511646,5.594405594405594,adcp linear at epoch+300s
1737235800.Sat.Jan.18_21_30_00.GMT.2025.CACO03.c2.bright.jpg,c2,1737235800,2025-01-18T21:30:00+00:00,30.0,1.128026519291233,5.594405594405594,adcp linear at epoch+300s
1737237600.Sat.Jan.18_22_00_00.GMT.2025.CACO03.c2.bright.jpg,c2,1737237600,2025-01-18T22:00:00+00:00,0.0,1.2060579841630688,5.594405594405594,adcp linear at epoch+300s
1737239400.Sat.Jan.18_22_30_00.GMT.2025.CACO03.c2.bright.jpg,c2,1737239400,2025-01-18T22:30:00+00:00,30.0,1.216820853693739,5.847953216374269,adcp linear at epoch+300s
1737241200.Sat.Jan.18_23_00_00.GMT.2025.CACO03.c2.bright.jpg,c2,1737241200,2025-01-18T23:00:00+00:00,0.0,1.2539831191902993,5.847953216374269,adcp linear at epoch+300s
1737243000.Sat.Jan.18_23_30_00.GMT.2025.CACO03.c2.bright.jpg,c2,1737243000,2025-01-18T23:30:00+00:00,30.0,1.4231423645163088,6.125574272588055,adcp linear at epoch+300s
1737244800.Sun.Jan.19_00_00_00.GMT.2025.CACO03.c2.bright.jpg,c2,1737244800,2025-01-19T00:00:00+00:00,0.0,1.5679116182539061,6.125574272588055,adcp linear at epoch+300s
1737246600.Sun.Jan.19_00_30_00.GMT.2025.CACO03.c2.bright.jpg,c2,1737246600,2025-01-19T00:30:00+00:00,30.0,1.5907309140494403,6.125574272588055,adcp linear at epoch+300s
1737248400.Sun.Jan.19_01_00_00.GMT.2025.CACO03.c2.bright.jpg,c2,1737248400,2025-01-19T01:00:00+00:00,0.0,1.614751477328627,6.125574272588055,adcp linear at epoch+300s
1737250200.Sun.Jan.19_01_30_00.GMT.2025.CACO03.c2.bright.jpg,c2,1737250200,2025-01-19T01:30:00+00:00,30.0,1.6447783780260752,6.430868167202571,adcp linear at epoch+300s
1737252000.Sun.Jan.19_02_00_00.GMT.2025.CACO03.c2.bright.jpg,c2,1737252000,2025-01-19T02:00:00+00:00,0.0,1.6637978634532047,6.430868167202571,adcp linear at epoch+300s
1737253800.Sun.Jan.19_02_30_00.GMT.2025.CACO03.c2.bright.jpg,c2,1737253800,2025-01-19T02:30:00+00:00,30.0,1.62778027252874,6.768189509306261,adcp linear at epoch+300s
1737255600.Sun.Jan.19_03_00_00.GMT.2025.CACO03.c2.bright.jpg,c2,1737255600,2025-01-19T03:00:00+00:00,0.0,1.5851170310401639,6.768189509306261,adcp linear at epoch+300s
1737286200.Sun.Jan.19_11_30_00.GMT.2025.CACO03.c2.bright.jpg,c2,1737286200,2025-01-19T11:30:00+00:00,30.0,1.0181082573054907,7.142857142857142,adcp linear at epoch+300s
1737288000.Sun.Jan.19_12_00_00.GMT.2025.CACO03.c2.bright.jpg,c2,1737288000,2025-01-19T12:00:00+00:00,0.0,1.0429093878453801,7.142857142857142,adcp linear at epoch+300s
1737289800.Sun.Jan.19_12_30_00.GMT.2025.CACO03.c2.bright.jpg,c2,1737289800,2025-01-19T12:30:00+00:00,30.0,1.0237436168355065,7.142857142857142,adcp linear at epoch+300s
1737291600.Sun.Jan.19_13_00_00.GMT.2025.CACO03.c2.bright.jpg,c2,1737291600,2025-01-19T13:00:00+00:00,0.0,0.9991372136219503,7.142857142857142,adcp linear at epoch+300s
1737293400.Sun.Jan.19_13_30_00.GMT.2025.CACO03.c2.bright.jpg,c2,1737293400,2025-01-19T13:30:00+00:00,30.0,0.9473276493899818,6.768189509306261,adcp linear at epoch+300s
1737295200.Sun.Jan.19_14_00_00.GMT.2025.CACO03.c2.bright.jpg,c2,1737295200,2025-01-19T14:00:00+00:00,0.0,0.9090168341625805,6.768189509306261,adcp linear at epoch+300s
1737297000.Sun.Jan.19_14_30_00.GMT.2025.CACO03.c2.bright.jpg,c2,1737297000,2025-01-19T14:30:00+00:00,30.0,0.9381997639580153,6.430868167202571,adcp linear at epoch+300s
1737298800.Sun.Jan.19_15_00_00.GMT.2025.CACO03.c2.bright.jpg,c2,1737298800,2025-01-19T15:00:00+00:00,0.0,0.9491237432689991,6.430868167202571,adcp linear at epoch+300s
1737300600.Sun.Jan.19_15_30_00.GMT.2025.CACO03.c2.bright.jpg,c2,1737300600,2025-01-19T15:30:00+00:00,30.0,0.8687529701577281,6.768189509306261,adcp linear at epoch+300s
1737302400.Sun.Jan.19_16_00_00.GMT.2025.CACO03.c2.bright.jpg,c2,1737302400,2025-01-19T16:00:00+00:00,0.0,0.7981705369941203,6.768189509306261,adcp linear at epoch+300s
1737304200.Sun.Jan.19_16_30_00.GMT.2025.CACO03.c2.bright.jpg,c2,1737304200,2025-01-19T16:30:00+00:00,30.0,0.7765298035688285,6.430868167202571,adcp linear at epoch+300s
1737306000.Sun.Jan.19_17_00_00.GMT.2025.CACO03.c2.bright.jpg,c2,1737306000,2025-01-19T17:00:00+00:00,0.0,0.7630639107874291,6.430868167202571,adcp linear at epoch+300s
1737307800.Sun.Jan.19_17_30_00.GMT.2025.CACO03.c2.bright.jpg,c2,1737307800,2025-01-19T17:30:00+00:00,30.0,0.7904722212254907,6.768189509306261,adcp linear at epoch+300s
1737309600.Sun.Jan.19_18_00_00.GMT.2025.CACO03.c2.bright.jpg,c2,1737309600,2025-01-19T18:00:00+00:00,0.0,0.8172824849917392,6.768189509306261,adcp linear at epoch+300s
1737311400.Sun.Jan.19_18_30_00.GMT.2025.CACO03.c2.bright.jpg,c2,1737311400,2025-01-19T18:30:00+00:00,30.0,0.8411025153989214,6.430868167202571,adcp linear at epoch+300s
1737313200.Sun.Jan.19_19_00_00.GMT.2025.CACO03.c2.bright.jpg,c2,1737313200,2025-01-19T19:00:00+00:00,0.0,0.854432968240129,6.430868167202571,adcp linear at epoch+300s
1737315000.Sun.Jan.19_19_30_00.GMT.2025.CACO03.c2.bright.jpg,c2,1737315000,2025-01-19T19:30:00+00:00,30.0,0.815315533251463,9.876543209876544,adcp linear at epoch+300s
1737316800.Sun.Jan.19_20_00_00.GMT.2025.CACO03.c2.bright.jpg,c2,1737316800,2025-01-19T20:00:00+00:00,0.0,0.7896526168050515,9.876543209876544,adcp linear at epoch+300s
1737318600.Sun.Jan.19_20_30_00.GMT.2025.CACO03.c2.bright.jpg,c2,1737318600,2025-01-19T20:30:00+00:00,30.0,0.8312622930699126,9.174311926605505,adcp linear at epoch+300s
1737320400.Sun.Jan.19_21_00_00.GMT.2025.CACO03.c2.bright.jpg,c2,1737320400,2025-01-19T21:00:00+00:00,0.0,0.8854724974117377,9.174311926605505,adcp linear at epoch+300s
1737322200.Sun.Jan.19_21_30_00.GMT.2025.CACO03.c2.bright.jpg,c2,1737322200,2025-01-19T21:30:00+00:00,30.0,1.0026853421383828,9.876543209876544,adcp linear at epoch+300s
1737324000.Sun.Jan.19_22_00_00.GMT.2025.CACO03.c2.bright.jpg,c2,1737324000,2025-01-19T22:00:00+00:00,0.0,1.0929169214315773,9.876543209876544,adcp linear at epoch+300s
1737325800.Sun.Jan.19_22_30_00.GMT.2025.CACO03.c2.bright.jpg,c2,1737325800,2025-01-19T22:30:00+00:00,30.0,1.04824217355752,9.876543209876544,adcp linear at epoch+300s
1737327600.Sun.Jan.19_23_00_00.GMT.2025.CACO03.c2.bright.jpg,c2,1737327600,2025-01-19T23:00:00+00:00,0.0,1.0148569758414467,9.876543209876544,adcp linear at epoch+300s
1737329400.Sun.Jan.19_23_30_00.GMT.2025.CACO03.c2.bright.jpg,c2,1737329400,2025-01-19T23:30:00+00:00,30.0,1.037919528915292,9.174311926605505,adcp linear at epoch+300s
1737331200.Mon.Jan.20_00_00_00.GMT.2025.CACO03.c2.bright.jpg,c2,1737331200,2025-01-20T00:00:00+00:00,0.0,1.0583976777697826,9.174311926605505,adcp linear at epoch+300s
1737333000.Mon.Jan.20_00_30_00.GMT.2025.CACO03.c2.bright.jpg,c2,1737333000,2025-01-20T00:30:00+00:00,30.0,1.0659538055274966,9.174311926605505,adcp linear at epoch+300s
1737334800.Mon.Jan.20_01_00_00.GMT.2025.CACO03.c2.bright.jpg,c2,1737334800,2025-01-20T01:00:00+00:00,0.0,1.086198925589808,9.174311926605505,adcp linear at epoch+300s
1737336600.Mon.Jan.20_01_30_00.GMT.2025.CACO03.c2.bright.jpg,c2,1737336600,2025-01-20T01:30:00+00:00,30.0,1.169889007175105,9.876543209876544,adcp linear at epoch+300s
1737338400.Mon.Jan.20_02_00_00.GMT.2025.CACO03.c2.bright.jpg,c2,1737338400,2025-01-20T02:00:00+00:00,0.0,1.239044617885864,9.876543209876544,adcp linear at epoch+300s
1737340200.Mon.Jan.20_02_30_00.GMT.2025.CACO03.c2.bright.jpg,c2,1737340200,2025-01-20T02:30:00+00:00,30.0,1.235527874223935,10.6951871657754,adcp linear at epoch+300s
1737342000.Mon.Jan.20_03_00_00.GMT.2025.CACO03.c2.bright.jpg,c2,1737342000,2025-01-20T03:00:00+00:00,0.0,1.2559831655458633,10.6951871657754,adcp linear at epoch+300s
1737372600.Mon.Jan.20_11_30_00.GMT.2025.CACO03.c2.bright.jpg,c2,1737372600,2025-01-20T11:30:00+00:00,30.0,2.126440444112646,8.032128514056225,adcp linear at epoch+300s
1737374400.Mon.Jan.20_12_00_00.GMT.2025.CACO03.c2.bright.jpg,c2,1737374400,2025-01-20T12:00:00+00:00,0.0,2.1251146138466632,8.032128514056225,adcp linear at epoch+300s
1737376200.Mon.Jan.20_12_30_00.GMT.2025.CACO03.c2.bright.jpg,c2,1737376200,2025-01-20T12:30:00+00:00,30.0,2.188073087506023,8.032128514056225,adcp linear at epoch+300s
1737378000.Mon.Jan.20_13_00_00.GMT.2025.CACO03.c2.bright.jpg,c2,1737378000,2025-01-20T13:00:00+00:00,0.0,2.242813132141843,8.032128514056225,adcp linear at epoch+300s
1737379800.Mon.Jan.20_13_30_00.GMT.2025.CACO03.c2.bright.jpg,c2,1737379800,2025-01-20T13:30:00+00:00,30.0,2.2564610316599607,8.032128514056225,adcp linear at epoch+300s
1737381600.Mon.Jan.20_14_00_00.GMT.2025.CACO03.c2.bright.jpg,c2,1737381600,2025-01-20T14:00:00+00:00,0.0,2.2585960353337424,8.032128514056225,adcp linear at epoch+300s
1737383400.Mon.Jan.20_14_30_00.GMT.2025.CACO03.c2.bright.jpg,c2,1737383400,2025-01-20T14:30:00+00:00,30.0,2.203166559785845,7.561436672967865,adcp linear at epoch+300s
1737385200.Mon.Jan.20_15_00_00.GMT.2025.CACO03.c2.bright.jpg,c2,1737385200,2025-01-20T15:00:00+00:00,0.0,2.1437835440488135,7.561436672967865,adcp linear at epoch+300s
1737387000.Mon.Jan.20_15_30_00.GMT.2025.CACO03.c2.bright.jpg,c2,1737387000,2025-01-20T15:30:00+00:00,30.0,2.064632827366107,8.032128514056225,adcp linear at epoch+300s
1737388800.Mon.Jan.20_16_00_00.GMT.2025.CACO03.c2.bright.jpg,c2,1737388800,2025-01-20T16:00:00+00:00,0.0,1.999379161617175,8.032128514056225,adcp linear at epoch+300s
1737390600.Mon.Jan.20_16_30_00.GMT.2025.CACO03.c2.bright.jpg,c2,1737390600,2025-01-20T16:30:00+00:00,30.0,2.0036107505371143,8.032128514056225,adcp linear at epoch+300s
1737392400.Mon.Jan.20_17_00_00.GMT.2025.CACO03.c2.bright.jpg,c2,1737392400,2025-01-20T17:00:00+00:00,0.0,2.0121920272056286,8.032128514056225,adcp linear at epoch+300s
1737394200.Mon.Jan.20_17_30_00.GMT.2025.CACO03.c2.bright.jpg,c2,1737394200,2025-01-20T17:30:00+00:00,30.0,2.0425217426170184,8.565310492505352,adcp linear at epoch+300s
1737396000.Mon.Jan.20_18_00_00.GMT.2025.CACO03.c2.bright.jpg,c2,1737396000,2025-01-20T18:00:00+00:00,0.0,2.065665462831239,8.565310492505352,adcp linear at epoch+300s
1737397800.Mon.Jan.20_18_30_00.GMT.2025.CACO03.c2.bright.jpg,c2,1737397800,2025-01-20T18:30:00+00:00,30.0,2.052879207059619,7.561436672967865,adcp linear at epoch+300s
1737399600.Mon.Jan.20_19_00_00.GMT.2025.CACO03.c2.bright.jpg,c2,1737399600,2025-01-20T19:00:00+00:00,0.0,2.0169209460515507,7.561436672967865,adcp linear at epoch+300s
1737401400.Mon.Jan.20_19_30_00.GMT.2025.CACO03.c2.bright.jpg,c2,1737401400,2025-01-20T19:30:00+00:00,30.0,1.8651026588612452,8.032128514056225,adcp linear at epoch+300s
1737403200.Mon.Jan.20_20_00_00.GMT.2025.CACO03.c2.bright.jpg,c2,1737403200,2025-01-20T20:00:00+00:00,0.0,1.727922941553482,8.032128514056225,adcp linear at epoch+300s
1737405000.Mon.Jan.20_20_30_00.GMT.2025.CACO03.c2.bright.jpg,c2,1737405000,2025-01-20T20:30:00+00:00,30.0,1.6639360736584305,7.561436672967865,adcp linear at epoch+300s
1737406800.Mon.Jan.20_21_00_00.GMT.2025.CACO03.c2.bright.jpg,c2,1737406800,2025-01-20T21:00:00+00:00,0.0,1.5987352160113006,7.561436672967865,adcp linear at epoch+300s
1737408600.Mon.Jan.20_21_30_00.GMT.2025.CACO03.c2.bright.jpg,c2,1737408600,2025-01-20T21:30:00+00:00,30.0,1.5274644096037773,8.032128514056225,adcp linear at epoch+300s
1737410400.Mon.Jan.20_22_00_00.GMT.2025.CACO03.c2.bright.jpg,c2,1737410400,2025-01-20T22:00:00+00:00,0.0,1.4533919331004121,8.032128514056225,adcp linear at epoch+300s
1737412200.Mon.Jan.20_22_30_00.GMT.2025.CACO03.c2.bright.jpg,c2,1737412200,2025-01-20T22:30:00+00:00,30.0,1.3653111061178378,8.032128514056225,adcp linear at epoch+300s
1737414000.Mon.Jan.20_23_00_00.GMT.2025.CACO03.c2.bright.jpg,c2,1737414000,2025-01-20T23:00:00+00:00,0.0,1.2888622586093166,8.032128514056225,adcp linear at epoch+300s
1737415800.Mon.Jan.20_23_30_00.GMT.2025.CACO03.c2.bright.jpg,c2,1737415800,2025-01-20T23:30:00+00:00,30.0,1.2705733084710624,6.768189509306261,adcp linear at epoch+300s
1737417600.Tue.Jan.21_00_00_00.GMT.2025.CACO03.c2.bright.jpg,c2,1737417600,2025-01-21T00:00:00+00:00,0.0,1.2430504383468493,6.768189509306261,adcp linear at epoch+300s
1737419400.Tue.Jan.21_00_30_00.GMT.2025.CACO03.c2.bright.jpg,c2,1737419400,2025-01-21T00:30:00+00:00,30.0,1.169357968292841,8.032128514056225,adcp linear at epoch+300s
1737421200.Tue.Jan.21_01_00_00.GMT.2025.CACO03.c2.bright.jpg,c2,1737421200,2025-01-21T01:00:00+00:00,0.0,1.103226587811817,8.032128514056225,adcp linear at epoch+300s
1737423000.Tue.Jan.21_01_30_00.GMT.2025.CACO03.c2.bright.jpg,c2,1737423000,2025-01-21T01:30:00+00:00,30.0,1.074900655195715,10.6951871657754,adcp linear at epoch+300s
1737424800.Tue.Jan.21_02_00_00.GMT.2025.CACO03.c2.bright.jpg,c2,1737424800,2025-01-21T02:00:00+00:00,0.0,1.0451189442891196,10.6951871657754,adcp linear at epoch+300s
1737426600.Tue.Jan.21_02_30_00.GMT.2025.CACO03.c2.bright.jpg,c2,1737426600,2025-01-21T02:30:00+00:00,30.0,1.008058341930056,10.6951871657754,adcp linear at epoch+300s
1737428400.Tue.Jan.21_03_00_00.GMT.2025.CACO03.c2.bright.jpg,c2,1737428400,2025-01-21T03:00:00+00:00,0.0,0.9762826949017878,10.6951871657754,adcp linear at epoch+300s
1737459000.Tue.Jan.21_11_30_00.GMT.2025.CACO03.c2.bright.jpg,c2,1737459000,2025-01-21T11:30:00+00:00,30.0,0.6591851499795985,10.6951871657754,adcp linear at epoch+300s
1737460800.Tue.Jan.21_12_00_00.GMT.2025.CACO03.c2.bright.jpg,c2,1737460800,2025-01-21T12:00:00+00:00,0.0,0.6292757590952449,10.6951871657754,adcp linear at epoch+300s
1737462600.Tue.Jan.21_12_30_00.GMT.2025.CACO03.c2.bright.jpg,c2,1737462600,2025-01-21T12:30:00+00:00,30.0,0.651617142057537,10.6951871657754,adcp linear at epoch+300s
1737464400.Tue.Jan.21_13_00_00.GMT.2025.CACO03.c2.bright.jpg,c2,1737464400,2025-01-21T13:00:00+00:00,0.0,0.6642777044999015,10.6951871657754,adcp linear at epoch+300s
1737466200.Tue.Jan.21_13_30_00.GMT.2025.CACO03.c2.bright.jpg,c2,1737466200,2025-01-21T13:30:00+00:00,30.0,0.6285341643426278,9.876543209876544,adcp linear at epoch+300s
1737468000.Tue.Jan.21_14_00_00.GMT.2025.CACO03.c2.bright.jpg,c2,1737468000,2025-01-21T14:00:00+00:00,0.0,0.5881285903790529,9.876543209876544,adcp linear at epoch+300s
1737469800.Tue.Jan.21_14_30_00.GMT.2025.CACO03.c2.bright.jpg,c2,1737469800,2025-01-21T14:30:00+00:00,30.0,0.524412847383972,10.6951871657754,adcp linear at epoch+300s
1737471600.Tue.Jan.21_15_00_00.GMT.2025.CACO03.c2.bright.jpg,c2,1737471600,2025-01-21T15:00:00+00:00,0.0,0.4759126066166951,10.6951871657754,adcp linear at epoch+300s
1737473400.Tue.Jan.21_15_30_00.GMT.2025.CACO03.c2.bright.jpg,c2,1737473400,2025-01-21T15:30:00+00:00,30.0,0.5034898769884377,9.876543209876544,adcp linear at epoch+300s
1737475200.Tue.Jan.21_16_00_00.GMT.2025.CACO03.c2.bright.jpg,c2,1737475200,2025-01-21T16:00:00+00:00,0.0,0.5148967242601398,9.876543209876544,adcp linear at epoch+300s
1737477000.Tue.Jan.21_16_30_00.GMT.2025.CACO03.c2.bright.jpg,c2,1737477000,2025-01-21T16:30:00+00:00,30.0,0.4454514560316382,10.6951871657754,adcp linear at epoch+300s
1737478800.Tue.Jan.21_17_00_00.GMT.2025.CACO03.c2.bright.jpg,c2,1737478800,2025-01-21T17:00:00+00:00,0.0,0.3856885903420689,10.6951871657754,adcp linear at epoch+300s
1737480600.Tue.Jan.21_17_30_00.GMT.2025.CACO03.c2.bright.jpg,c2,1737480600,2025-01-21T17:30:00+00:00,30.0,0.37433773734716075,9.876543209876544,adcp linear at epoch+300s
1737482400.Tue.Jan.21_18_00_00.GMT.2025.CACO03.c2.bright.jpg,c2,1737482400,2025-01-21T18:00:00+00:00,0.0,0.3673865526722675,9.876543209876544,adcp linear at epoch+300s
1737484200.Tue.Jan.21_18_30_00.GMT.2025.CACO03.c2.bright.jpg,c2,1737484200,2025-01-21T18:30:00+00:00,30.0,0.38243370959744877,10.6951871657754,adcp linear at epoch+300s
1737486000.Tue.Jan.21_19_00_00.GMT.2025.CACO03.c2.bright.jpg,c2,1737486000,2025-01-21T19:00:00+00:00,0.0,0.39586045909380624,10.6951871657754,adcp linear at epoch+300s
1737487800.Tue.Jan.21_19_30_00.GMT.2025.CACO03.c2.bright.jpg,c2,1737487800,2025-01-21T19:30:00+00:00,30.0,0.4011851714460448,9.174311926605505,adcp linear at epoch+300s
1737489600.Tue.Jan.21_20_00_00.GMT.2025.CACO03.c2.bright.jpg,c2,1737489600,2025-01-21T20:00:00+00:00,0.0,0.407648051091366,9.174311926605505,adcp linear at epoch+300s
1737491400.Tue.Jan.21_20_30_00.GMT.2025.CACO03.c2.bright.jpg,c2,1737491400,2025-01-21T20:30:00+00:00,30.0,0.41980176720209966,9.174311926605505,adcp linear at epoch+300s
1737493200.Tue.Jan.21_21_00_00.GMT.2025.CACO03.c2.bright.jpg,c2,1737493200,2025-01-21T21:00:00+00:00,0.0,0.4279236131430566,9.174311926605505,adcp linear at epoch+300s
1737495000.Tue.Jan.21_21_30_00.GMT.2025.CACO03.c2.bright.jpg,c2,1737495000,2025-01-21T21:30:00+00:00,30.0,0.41588610823513006,9.876543209876544,adcp linear at epoch+300s
1737496800.Tue.Jan.21_22_00_00.GMT.2025.CACO03.c2.bright.jpg,c2,1737496800,2025-01-21T22:00:00+00:00,0.0,0.4108356475347837,9.876543209876544,adcp linear at epoch+300s
1737498600.Tue.Jan.21_22_30_00.GMT.2025.CACO03.c2.bright.jpg,c2,1737498600,2025-01-21T22:30:00+00:00,30.0,0.4407204078723381,9.876543209876544,adcp linear at epoch+300s
1737500400.Tue.Jan.21_23_00_00.GMT.2025.CACO03.c2.bright.jpg,c2,1737500400,2025-01-21T23:00:00+00:00,0.0,0.4637760154750247,9.876543209876544,adcp linear at epoch+300s
1737502200.Tue.Jan.21_23_30_00.GMT.2025.CACO03.c2.bright.jpg,c2,1737502200,2025-01-21T23:30:00+00:00,30.0,0.4526858594033724,9.174311926605505,adcp linear at epoch+300s
1737504000.Wed.Jan.22_00_00_00.GMT.2025.CACO03.c2.bright.jpg,c2,1737504000,2025-01-22T00:00:00+00:00,0.0,0.44321809206529994,9.174311926605505,adcp linear at epoch+300s
1737505800.Wed.Jan.22_00_30_00.GMT.2025.CACO03.c2.bright.jpg,c2,1737505800,2025-01-22T00:30:00+00:00,30.0,0.4418622683951268,9.174311926605505,adcp linear at epoch+300s
1737507600.Wed.Jan.22_01_00_00.GMT.2025.CACO03.c2.bright.jpg,c2,1737507600,2025-01-22T01:00:00+00:00,0.0,0.44088085222488566,9.174311926605505,adcp linear at epoch+300s
1737509400.Wed.Jan.22_01_30_00.GMT.2025.CACO03.c2.bright.jpg,c2,1737509400,2025-01-22T01:30:00+00:00,30.0,0.44177147355430435,9.876543209876544,adcp linear at epoch+300s
1737511200.Wed.Jan.22_02_00_00.GMT.2025.CACO03.c2.bright.jpg,c2,1737511200,2025-01-22T02:00:00+00:00,0.0,0.4397218886980828,9.876543209876544,adcp linear at epoch+300s
1737513000.Wed.Jan.22_02_30_00.GMT.2025.CACO03.c2.bright.jpg,c2,1737513000,2025-01-22T02:30:00+00:00,30.0,0.42297127291366005,9.174311926605505,adcp linear at epoch+300s
1737514800.Wed.Jan.22_03_00_00.GMT.2025.CACO03.c2.bright.jpg,c2,1737514800,2025-01-22T03:00:00+00:00,0.0,0.40865144149915056,9.174311926605505,adcp linear at epoch+300s
1737545400.Wed.Jan.22_11_30_00.GMT.2025.CACO03.c2.bright.jpg,c2,1737545400,2025-01-22T11:30:00+00:00,30.0,0.7726265452519662,4.439511653718091,adcp linear at epoch+300s
1737547200.Wed.Jan.22_12_00_00.GMT.2025.CACO03.c2.bright.jpg,c2,1737547200,2025-01-22T12:00:00+00:00,0.0,0.8075963219356171,4.439511653718091,adcp linear at epoch+300s
1737549000.Wed.Jan.22_12_30_00.GMT.2025.CACO03.c2.bright.jpg,c2,1737549000,2025-01-22T12:30:00+00:00,30.0,0.8839950651919195,4.291845493562232,adcp linear at epoch+300s
1737550800.Wed.Jan.22_13_00_00.GMT.2025.CACO03.c2.bright.jpg,c2,1737550800,2025-01-22T13:00:00+00:00,0.0,0.9253803650106202,4.291845493562232,adcp linear at epoch+300s
1737552600.Wed.Jan.22_13_30_00.GMT.2025.CACO03.c2.bright.jpg,c2,1737552600,2025-01-22T13:30:00+00:00,30.0,0.7916984476413116,5.148005148005149,adcp linear at epoch+300s
1737554400.Wed.Jan.22_14_00_00.GMT.2025.CACO03.c2.bright.jpg,c2,1737554400,2025-01-22T14:00:00+00:00,0.0,0.6896798835682797,5.148005148005149,adcp linear at epoch+300s
1737556200.Wed.Jan.22_14_30_00.GMT.2025.CACO03.c2.bright.jpg,c2,1737556200,2025-01-22T14:30:00+00:00,30.0,0.7459780859766303,5.361930294906166,adcp linear at epoch+300s
1737558000.Wed.Jan.22_15_00_00.GMT.2025.CACO03.c2.bright.jpg,c2,1737558000,2025-01-22T15:00:00+00:00,0.0,0.7932293662673249,5.361930294906166,adcp linear at epoch+300s
1737559800.Wed.Jan.22_15_30_00.GMT.2025.CACO03.c2.bright.jpg,c2,1737559800,2025-01-22T15:30:00+00:00,30.0,0.795246035969739,5.361930294906166,adcp linear at epoch+300s
1737561600.Wed.Jan.22_16_00_00.GMT.2025.CACO03.c2.bright.jpg,c2,1737561600,2025-01-22T16:00:00+00:00,0.0,0.8017685432703079,5.361930294906166,adcp linear at epoch+300s
1737563400.Wed.Jan.22_16_30_00.GMT.2025.CACO03.c2.bright.jpg,c2,1737563400,2025-01-22T16:30:00+00:00,30.0,0.8308202385616502,5.594405594405594,adcp linear at epoch+300s
1737565200.Wed.Jan.22_17_00_00.GMT.2025.CACO03.c2.bright.jpg,c2,1737565200,2025-01-22T17:00:00+00:00,0.0,0.8648648102474691,5.594405594405594,adcp linear at epoch+300s
1737567000.Wed.Jan.22_17_30_00.GMT.2025.CACO03.c2.bright.jpg,c2,1737567000,2025-01-22T17:30:00+00:00,30.0,0.9238737639056704,5.361930294906166,adcp linear at epoch+300s
1737568800.Wed.Jan.22_18_00_00.GMT.2025.CACO03.c2.bright.jpg,c2,1737568800,2025-01-22T18:00:00+00:00,0.0,0.9625867926797118,5.361930294906166,adcp linear at epoch+300s
1737570600.Wed.Jan.22_18_30_00.GMT.2025.CACO03.c2.bright.jpg,c2,1737570600,2025-01-22T18:30:00+00:00,30.0,0.899820197032953,5.361930294906166,adcp linear at epoch+300s
1737572400.Wed.Jan.22_19_00_00.GMT.2025.CACO03.c2.bright.jpg,c2,1737572400,2025-01-22T19:00:00+00:00,0.0,0.835447159740505,5.361930294906166,adcp linear at epoch+300s
1737574200.Wed.Jan.22_19_30_00.GMT.2025.CACO03.c2.bright.jpg,c2,1737574200,2025-01-22T19:30:00+00:00,30.0,0.7630419142196116,5.361930294906166,adcp linear at epoch+300s
1737576000.Wed.Jan.22_20_00_00.GMT.2025.CACO03.c2.bright.jpg,c2,1737576000,2025-01-22T20:00:00+00:00,0.0,0.7000195307114596,5.361930294906166,adcp linear at epoch+300s
1737577800.Wed.Jan.22_20_30_00.GMT.2025.CACO03.c2.bright.jpg,c2,1737577800,2025-01-22T20:30:00+00:00,30.0,0.683911457267014,5.361930294906166,adcp linear at epoch+300s
1737579600.Wed.Jan.22_21_00_00.GMT.2025.CACO03.c2.bright.jpg,c2,1737579600,2025-01-22T21:00:00+00:00,0.0,0.6819228296248635,5.361930294906166,adcp linear at epoch+300s
1737581400.Wed.Jan.22_21_30_00.GMT.2025.CACO03.c2.bright.jpg,c2,1737581400,2025-01-22T21:30:00+00:00,30.0,0.7505314309941895,6.125574272588055,adcp linear at epoch+300s
1737583200.Wed.Jan.22_22_00_00.GMT.2025.CACO03.c2.bright.jpg,c2,1737583200,2025-01-22T22:00:00+00:00,0.0,0.81281769779544,6.125574272588055,adcp linear at epoch+300s
1737585000.Wed.Jan.22_22_30_00.GMT.2025.CACO03.c2.bright.jpg,c2,1737585000,2025-01-22T22:30:00+00:00,30.0,0.8434922917563127,5.847953216374269,adcp linear at epoch+300s
1737586800.Wed.Jan.22_23_00_00.GMT.2025.CACO03.c2.bright.jpg,c2,1737586800,2025-01-22T23:00:00+00:00,0.0,0.8743404811065719,5.847953216374269,adcp linear at epoch+300s
1737588600.Wed.Jan.22_23_30_00.GMT.2025.CACO03.c2.bright.jpg,c2,1737588600,2025-01-22T23:30:00+00:00,30.0,0.9060566474037639,6.125574272588055,adcp linear at epoch+300s
1737590400.Thu.Jan.23_00_00_00.GMT.2025.CACO03.c2.bright.jpg,c2,1737590400,2025-01-23T00:00:00+00:00,0.0,0.925901189846096,6.125574272588055,adcp linear at epoch+300s
1737592200.Thu.Jan.23_00_30_00.GMT.2025.CACO03.c2.bright.jpg,c2,1737592200,2025-01-23T00:30:00+00:00,30.0,0.8863876130141293,5.594405594405594,adcp linear at epoch+300s
1737594000.Thu.Jan.23_01_00_00.GMT.2025.CACO03.c2.bright.jpg,c2,1737594000,2025-01-23T01:00:00+00:00,0.0,0.8475434892843696,5.594405594405594,adcp linear at epoch+300s
1737595800.Thu.Jan.23_01_30_00.GMT.2025.CACO03.c2.bright.jpg,c2,1737595800,2025-01-23T01:30:00+00:00,30.0,0.8120466310656457,5.847953216374269,adcp linear at epoch+300s
1737597600.Thu.Jan.23_02_00_00.GMT.2025.CACO03.c2.bright.jpg,c2,1737597600,2025-01-23T02:00:00+00:00,0.0,0.782483001047929,5.847953216374269,adcp linear at epoch+300s
1737599400.Thu.Jan.23_02_30_00.GMT.2025.CACO03.c2.bright.jpg,c2,1737599400,2025-01-23T02:30:00+00:00,30.0,0.7825855120352487,5.361930294906166,adcp linear at epoch+300s
1737601200.Thu.Jan.23_03_00_00.GMT.2025.CACO03.c2.bright.jpg,c2,1737601200,2025-01-23T03:00:00+00:00,0.0,0.7785983860437434,5.361930294906166,adcp linear at epoch+300s
1737631800.Thu.Jan.23_11_30_00.GMT.2025.CACO03.c2.bright.jpg,c2,1737631800,2025-01-23T11:30:00+00:00,30.0,0.7370841249846795,8.032128514056225,adcp linear at epoch+300s
1737633600.Thu.Jan.23_12_00_00.GMT.2025.CACO03.c2.bright.jpg,c2,1737633600,2025-01-23T12:00:00+00:00,0.0,0.7361267180854066,8.032128514056225,adcp linear at epoch+300s
1737635400.Thu.Jan.23_12_30_00.GMT.2025.CACO03.c2.bright.jpg,c2,1737635400,2025-01-23T12:30:00+00:00,30.0,0.7394567250369768,7.142857142857142,adcp linear at epoch+300s
1737637200.Thu.Jan.23_13_00_00.GMT.2025.CACO03.c2.bright.jpg,c2,1737637200,2025-01-23T13:00:00+00:00,0.0,0.7453313031029402,7.142857142857142,adcp linear at epoch+300s
1737639000.Thu.Jan.23_13_30_00.GMT.2025.CACO03.c2.bright.jpg,c2,1737639000,2025-01-23T13:30:00+00:00,30.0,0.7639287367408697,7.561436672967865,adcp linear at epoch+300s
1737640800.Thu.Jan.23_14_00_00.GMT.2025.CACO03.c2.bright.jpg,c2,1737640800,2025-01-23T14:00:00+00:00,0.0,0.7704575135453327,7.561436672967865,adcp linear at epoch+300s
1737642600.Thu.Jan.23_14_30_00.GMT.2025.CACO03.c2.bright.jpg,c2,1737642600,2025-01-23T14:30:00+00:00,30.0,0.7166430061824631,7.561436672967865,adcp linear at epoch+300s
1737644400.Thu.Jan.23_15_00_00.GMT.2025.CACO03.c2.bright.jpg,c2,1737644400,2025-01-23T15:00:00+00:00,0.0,0.6746038132627185,7.561436672967865,adcp linear at epoch+300s
1737646200.Thu.Jan.23_15_30_00.GMT.2025.CACO03.c2.bright.jpg,c2,1737646200,2025-01-23T15:30:00+00:00,30.0,0.6914411925585975,7.561436672967865,adcp linear at epoch+300s
1737648000.Thu.Jan.23_16_00_00.GMT.2025.CACO03.c2.bright.jpg,c2,1737648000,2025-01-23T16:00:00+00:00,0.0,0.7009049050254004,7.561436672967865,adcp linear at epoch+300s
1737649800.Thu.Jan.23_16_30_00.GMT.2025.CACO03.c2.bright.jpg,c2,1737649800,2025-01-23T16:30:00+00:00,30.0,0.673500283346822,7.142857142857142,adcp linear at epoch+300s
1737739800.Fri.Jan.24_17_30_00.GMT.2025.CACO03.c2.bright.jpg,c2,1737739800,2025-01-24T17:30:00+00:00,30.0,0.5225267136060059,11.661807580174926,adcp linear at epoch+300s
1737741600.Fri.Jan.24_18_00_00.GMT.2025.CACO03.c2.bright.jpg,c2,1737741600,2025-01-24T18:00:00+00:00,0.0,0.5221425034845509,11.661807580174926,adcp linear at epoch+300s
1737743400.Fri.Jan.24_18_30_00.GMT.2025.CACO03.c2.bright.jpg,c2,1737743400,2025-01-24T18:30:00+00:00,30.0,0.5005423833878864,9.876543209876544,adcp linear at epoch+300s
1737745200.Fri.Jan.24_19_00_00.GMT.2025.CACO03.c2.bright.jpg,c2,1737745200,2025-01-24T19:00:00+00:00,0.0,0.49239149660568426,9.876543209876544,adcp linear at epoch+300s
1737747000.Fri.Jan.24_19_30_00.GMT.2025.CACO03.c2.bright.jpg,c2,1737747000,2025-01-24T19:30:00+00:00,30.0,0.5514867763957939,9.876543209876544,adcp linear at epoch+300s
1737748800.Fri.Jan.24_20_00_00.GMT.2025.CACO03.c2.bright.jpg,c2,1737748800,2025-01-24T20:00:00+00:00,0.0,0.5980321894494742,9.876543209876544,adcp linear at epoch+300s
1737750600.Fri.Jan.24_20_30_00.GMT.2025.CACO03.c2.bright.jpg,c2,1737750600,2025-01-24T20:30:00+00:00,30.0,0.5818282688210082,9.876543209876544,adcp linear at epoch+300s
1737752400.Fri.Jan.24_21_00_00.GMT.2025.CACO03.c2.bright.jpg,c2,1737752400,2025-01-24T21:00:00+00:00,0.0,0.5700042348123348,9.876543209876544,adcp linear at epoch+300s
1737754200.Fri.Jan.24_21_30_00.GMT.2025.CACO03.c2.bright.jpg,c2,1737754200,2025-01-24T21:30:00+00:00,30.0,0.5800796339026238,9.876543209876544,adcp linear at epoch+300s
1737756000.Fri.Jan.24_22_00_00.GMT.2025.CACO03.c2.bright.jpg,c2,1737756000,2025-01-24T22:00:00+00:00,0.0,0.5854757780874693,9.876543209876544,adcp linear at epoch+300s
1737757800.Fri.Jan.24_22_30_00.GMT.2025.CACO03.c2.bright.jpg,c2,1737757800,2025-01-24T22:30:00+00:00,30.0,0.5674756477450973,9.876543209876544,adcp linear at epoch+300s
1737759600.Fri.Jan.24_23_00_00.GMT.2025.CACO04.c2.bright.jpg,c2,1737759600,2025-01-24T23:00:00+00:00,0.0,0.552122247228205,9.876543209876544,adcp linear at epoch+300s
1737761400.Fri.Jan.24_23_30_00.GMT.2025.CACO04.c2.bright.jpg,c2,1737761400,2025-01-24T23:30:00+00:00,30.0,0.5500024958387121,9.174311926605505,adcp linear at epoch+300s
1737763200.Sat.Jan.25_00_00_00.GMT.2025.CACO04.c2.bright.jpg,c2,1737763200,2025-01-25T00:00:00+00:00,0.0,0.5346704714942918,9.174311926605505,adcp linear at epoch+300s
1737765000.Sat.Jan.25_00_30_00.GMT.2025.CACO04.c2.bright.jpg,c2,1737765000,2025-01-25T00:30:00+00:00,30.0,0.45327708237523545,9.174311926605505,adcp linear at epoch+300s
1737766800.Sat.Jan.25_01_00_00.GMT.2025.CACO04.c2.bright.jpg,c2,1737766800,2025-01-25T01:00:00+00:00,0.0,0.38602684826926764,9.174311926605505,adcp linear at epoch+300s
1737768600.Sat.Jan.25_01_30_00.GMT.2025.CACO04.c2.bright.jpg,c2,1737768600,2025-01-25T01:30:00+00:00,30.0,0.38949238922874296,9.174311926605505,adcp linear at epoch+300s
1737770400.Sat.Jan.25_02_00_00.GMT.2025.CACO04.c2.bright.jpg,c2,1737770400,2025-01-25T02:00:00+00:00,0.0,0.39884423350611153,9.174311926605505,adcp linear at epoch+300s
1737772200.Sat.Jan.25_02_30_00.GMT.2025.CACO04.c2.bright.jpg,c2,1737772200,2025-01-25T02:30:00+00:00,30.0,0.4376275943729465,5.361930294906166,adcp linear at epoch+300s
1737774000.Sat.Jan.25_03_00_00.GMT.2025.CACO04.c2.bright.jpg,c2,1737774000,2025-01-25T03:00:00+00:00,0.0,0.5032458747722609,5.361930294906166,adcp linear at epoch+300s
1737804600.Sat.Jan.25_11_30_00.GMT.2025.CACO04.c2.bright.jpg,c2,1737804600,2025-01-25T11:30:00+00:00,30.0,0.8632695202333494,5.594405594405594,adcp linear at epoch+300s
1737806400.Sat.Jan.25_12_00_00.GMT.2025.CACO04.c2.bright.jpg,c2,1737806400,2025-01-25T12:00:00+00:00,0.0,0.824440491787565,5.594405594405594,adcp linear at epoch+300s
1737808200.Sat.Jan.25_12_30_00.GMT.2025.CACO04.c2.bright.jpg,c2,1737808200,2025-01-25T12:30:00+00:00,30.0,0.7947945741205986,5.361930294906166,adcp linear at epoch+300s
1737810000.Sat.Jan.25_13_00_00.GMT.2025.CACO04.c2.bright.jpg,c2,1737810000,2025-01-25T13:00:00+00:00,0.0,0.7661975183113706,5.361930294906166,adcp linear at epoch+300s
1737811800.Sat.Jan.25_13_30_00.GMT.2025.CACO04.c2.bright.jpg,c2,1737811800,2025-01-25T13:30:00+00:00,30.0,0.7428447717908343,4.950495049504951,adcp linear at epoch+300s
1737813600.Sat.Jan.25_14_00_00.GMT.2025.CACO04.c2.bright.jpg,c2,1737813600,2025-01-25T14:00:00+00:00,0.0,0.7208648349930166,4.950495049504951,adcp linear at epoch+300s
1737815400.Sat.Jan.25_14_30_00.GMT.2025.CACO04.c2.bright.jpg,c2,1737815400,2025-01-25T14:30:00+00:00,30.0,0.7057489468087911,5.148005148005149,adcp linear at epoch+300s
1737817200.Sat.Jan.25_15_00_00.GMT.2025.CACO04.c2.bright.jpg,c2,1737817200,2025-01-25T15:00:00+00:00,0.0,0.6846487077393223,5.148005148005149,adcp linear at epoch+300s
1737819000.Sat.Jan.25_15_30_00.GMT.2025.CACO04.c2.bright.jpg,c2,1737819000,2025-01-25T15:30:00+00:00,30.0,0.6336267142436374,5.148005148005149,adcp linear at epoch+300s
1737820800.Sat.Jan.25_16_00_00.GMT.2025.CACO04.c2.bright.jpg,c2,1737820800,2025-01-25T16:00:00+00:00,0.0,0.5923368366566188,5.148005148005149,adcp linear at epoch+300s
1737822600.Sat.Jan.25_16_30_00.GMT.2025.CACO04.c2.bright.jpg,c2,1737822600,2025-01-25T16:30:00+00:00,30.0,0.5997075386129327,5.361930294906166,adcp linear at epoch+300s
1737824400.Sat.Jan.25_17_00_00.GMT.2025.CACO04.c2.bright.jpg,c2,1737824400,2025-01-25T17:00:00+00:00,0.0,0.5979365023807508,5.361930294906166,adcp linear at epoch+300s
1737826200.Sat.Jan.25_17_30_00.GMT.2025.CACO04.c2.bright.jpg,c2,1737826200,2025-01-25T17:30:00+00:00,30.0,0.5504567752060899,5.361930294906166,adcp linear at epoch+300s
1737828000.Sat.Jan.25_18_00_00.GMT.2025.CACO04.c2.bright.jpg,c2,1737828000,2025-01-25T18:00:00+00:00,0.0,0.5070485800207304,5.361930294906166,adcp linear at epoch+300s
1737829800.Sat.Jan.25_18_30_00.GMT.2025.CACO04.c2.bright.jpg,c2,1737829800,2025-01-25T18:30:00+00:00,30.0,0.4839980447818773,4.597701149425287,adcp linear at epoch+300s
1737831600.Sat.Jan.25_19_00_00.GMT.2025.CACO04.c2.bright.jpg,c2,1737831600,2025-01-25T19:00:00+00:00,0.0,0.45095869043212383,4.597701149425287,adcp linear at epoch+300s
1737833400.Sat.Jan.25_19_30_00.GMT.2025.CACO04.c2.bright.jpg,c2,1737833400,2025-01-25T19:30:00+00:00,30.0,0.36797524052786856,5.361930294906166,adcp linear at epoch+300s
1737835200.Sat.Jan.25_20_00_00.GMT.2025.CACO04.c2.bright.jpg,c2,1737835200,2025-01-25T20:00:00+00:00,0.0,0.3070558135912067,5.361930294906166,adcp linear at epoch+300s
1737837000.Sat.Jan.25_20_30_00.GMT.2025.CACO04.c2.bright.jpg,c2,1737837000,2025-01-25T20:30:00+00:00,30.0,0.35645650149251207,4.153686396677051,adcp linear at epoch+300s
1737838800.Sat.Jan.25_21_00_00.GMT.2025.CACO04.c2.bright.jpg,c2,1737838800,2025-01-25T21:00:00+00:00,0.0,0.40129307400015446,4.153686396677051,adcp linear at epoch+300s
1737840600.Sat.Jan.25_21_30_00.GMT.2025.CACO04.c2.bright.jpg,c2,1737840600,2025-01-25T21:30:00+00:00,30.0,0.42330906953948183,4.153686396677051,adcp linear at epoch+300s
1737842400.Sat.Jan.25_22_00_00.GMT.2025.CACO04.c2.bright.jpg,c2,1737842400,2025-01-25T22:00:00+00:00,0.0,0.4230880276585541,4.153686396677051,adcp linear at epoch+300s
1737844200.Sat.Jan.25_22_30_00.GMT.2025.CACO04.c2.bright.jpg,c2,1737844200,2025-01-25T22:30:00+00:00,30.0,0.3116817986763507,8.032128514056225,adcp linear at epoch+300s
1737846000.Sat.Jan.25_23_00_00.GMT.2025.CACO04.c2.bright.jpg,c2,1737846000,2025-01-25T23:00:00+00:00,0.0,0.2193532916175959,8.032128514056225,adcp linear at epoch+300s
1737847800.Sat.Jan.25_23_30_00.GMT.2025.CACO04.c2.bright.jpg,c2,1737847800,2025-01-25T23:30:00+00:00,30.0,0.22241339417608358,9.174311926605505,adcp linear at epoch+300s
1737849600.Sun.Jan.26_00_00_00.GMT.2025.CACO04.c2.bright.jpg,c2,1737849600,2025-01-26T00:00:00+00:00,0.0,0.23958109366543143,9.174311926605505,adcp linear at epoch+300s
1737851400.Sun.Jan.26_00_30_00.GMT.2025.CACO04.c2.bright.jpg,c2,1737851400,2025-01-26T00:30:00+00:00,30.0,0.3272867778090801,4.291845493562232,adcp linear at epoch+300s
1737853200.Sun.Jan.26_01_00_00.GMT.2025.CACO04.c2.bright.jpg,c2,1737853200,2025-01-26T01:00:00+00:00,0.0,0.40170163188976915,4.291845493562232,adcp linear at epoch+300s
1737855000.Sun.Jan.26_01_30_00.GMT.2025.CACO04.c2.bright.jpg,c2,1737855000,2025-01-26T01:30:00+00:00,30.0,0.40966233565566024,8.565310492505352,adcp linear at epoch+300s
1737856800.Sun.Jan.26_02_00_00.GMT.2025.CACO04.c2.bright.jpg,c2,1737856800,2025-01-26T02:00:00+00:00,0.0,0.4130680888219609,8.565310492505352,adcp linear at epoch+300s
1737858600.Sun.Jan.26_02_30_00.GMT.2025.CACO04.c2.bright.jpg,c2,1737858600,2025-01-26T02:30:00+00:00,30.0,0.3936990889903094,8.032128514056225,adcp linear at epoch+300s
1737860400.Sun.Jan.26_03_00_00.GMT.2025.CACO04.c2.bright.jpg,c2,1737860400,2025-01-26T03:00:00+00:00,0.0,0.37517456012719724,8.032128514056225,adcp linear at epoch+300s
1737891000.Sun.Jan.26_11_30_00.GMT.2025.CACO04.c2.bright.jpg,c2,1737891000,2025-01-26T11:30:00+00:00,30.0,0.2344963107816619,8.565310492505352,adcp linear at epoch+300s
1737892800.Sun.Jan.26_12_00_00.GMT.2025.CACO04.c2.bright.jpg,c2,1737892800,2025-01-26T12:00:00+00:00,0.0,0.24693774396604454,8.565310492505352,adcp linear at epoch+300s
1737894600.Sun.Jan.26_12_30_00.GMT.2025.CACO04.c2.bright.jpg,c2,1737894600,2025-01-26T12:30:00+00:00,30.0,0.32787546469985607,9.174311926605505,adcp linear at epoch+300s
1737896400.Sun.Jan.26_13_00_00.GMT.2025.CACO04.c2.bright.jpg,c2,1737896400,2025-01-26T13:00:00+00:00,0.0,0.39797649146986525,9.174311926605505,adcp linear at epoch+300s
1737898200.Sun.Jan.26_13_30_00.GMT.2025.CACO04.c2.bright.jpg,c2,1737898200,2025-01-26T13:30:00+00:00,30.0,0.41389404842086236,4.024144869215292,adcp linear at epoch+300s
1737900000.Sun.Jan.26_14_00_00.GMT.2025.CACO04.c2.bright.jpg,c2,1737900000,2025-01-26T14:00:00+00:00,0.0,0.43118031240805377,4.024144869215292,adcp linear at epoch+300s
1737901800.Sun.Jan.26_14_30_00.GMT.2025.CACO04.c2.bright.jpg,c2,1737901800,2025-01-26T14:30:00+00:00,30.0,0.45531011157621665,4.439511653718091,adcp linear at epoch+300s
1737903600.Sun.Jan.26_15_00_00.GMT.2025.CACO04.c2.bright.jpg,c2,1737903600,2025-01-26T15:00:00+00:00,0.0,0.4724388860742904,4.439511653718091,adcp linear at epoch+300s
1737905400.Sun.Jan.26_15_30_00.GMT.2025.CACO04.c2.bright.jpg,c2,1737905400,2025-01-26T15:30:00+00:00,30.0,0.45456253722191897,5.148005148005149,adcp linear at epoch+300s
1737907200.Sun.Jan.26_16_00_00.GMT.2025.CACO04.c2.bright.jpg,c2,1737907200,2025-01-26T16:00:00+00:00,0.0,0.42288656281829745,5.148005148005149,adcp linear at epoch+300s
1737909000.Sun.Jan.26_16_30_00.GMT.2025.CACO04.c2.bright.jpg,c2,1737909000,2025-01-26T16:30:00+00:00,30.0,0.3222124606584258,7.561436672967865,adcp linear at epoch+300s
1737910800.Sun.Jan.26_17_00_00.GMT.2025.CACO04.c2.bright.jpg,c2,1737910800,2025-01-26T17:00:00+00:00,0.0,0.23804491090810131,7.561436672967865,adcp linear at epoch+300s
1737912600.Sun.Jan.26_17_30_00.GMT.2025.CACO04.c2.bright.jpg,c2,1737912600,2025-01-26T17:30:00+00:00,30.0,0.2364101232055127,5.361930294906166,adcp linear at epoch+300s
1737914400.Sun.Jan.26_18_00_00.GMT.2025.CACO04.c2.bright.jpg,c2,1737914400,2025-01-26T18:00:00+00:00,0.0,0.23618073407897494,5.361930294906166,adcp linear at epoch+300s
1737916200.Sun.Jan.26_18_30_00.GMT.2025.CACO04.c2.bright.jpg,c2,1737916200,2025-01-26T18:30:00+00:00,30.0,0.24297833783269157,5.361930294906166,adcp linear at epoch+300s
1737918000.Sun.Jan.26_19_00_00.GMT.2025.CACO04.c2.bright.jpg,c2,1737918000,2025-01-26T19:00:00+00:00,0.0,0.2577546228078892,5.361930294906166,adcp linear at epoch+300s
1737919800.Sun.Jan.26_19_30_00.GMT.2025.CACO04.c2.bright.jpg,c2,1737919800,2025-01-26T19:30:00+00:00,30.0,0.31242431389049197,5.361930294906166,adcp linear at epoch+300s
1737921600.Sun.Jan.26_20_00_00.GMT.2025.CACO04.c2.bright.jpg,c2,1737921600,2025-01-26T20:00:00+00:00,0.0,0.3567639459957557,5.361930294906166,adcp linear at epoch+300s
1737923400.Sun.Jan.26_20_30_00.GMT.2025.CACO04.c2.bright.jpg,c2,1737923400,2025-01-26T20:30:00+00:00,30.0,0.34945328321432473,5.594405594405594,adcp linear at epoch+300s
1737925200.Sun.Jan.26_21_00_00.GMT.2025.CACO04.c2.bright.jpg,c2,1737925200,2025-01-26T21:00:00+00:00,0.0,0.3477142255304512,5.594405594405594,adcp linear at epoch+300s
1737927000.Sun.Jan.26_21_30_00.GMT.2025.CACO04.c2.bright.jpg,c2,1737927000,2025-01-26T21:30:00+00:00,30.0,0.37383319333436527,5.847953216374269,adcp linear at epoch+300s
1737928800.Sun.Jan.26_22_00_00.GMT.2025.CACO04.c2.bright.jpg,c2,1737928800,2025-01-26T22:00:00+00:00,0.0,0.3992543578842984,5.847953216374269,adcp linear at epoch+300s
1737930600.Sun.Jan.26_22_30_00.GMT.2025.CACO04.c2.bright.jpg,c2,1737930600,2025-01-26T22:30:00+00:00,30.0,0.4211865061643269,5.594405594405594,adcp linear at epoch+300s
1737932400.Sun.Jan.26_23_00_00.GMT.2025.CACO04.c2.bright.jpg,c2,1737932400,2025-01-26T23:00:00+00:00,0.0,0.4380394444578168,5.594405594405594,adcp linear at epoch+300s
1737934200.Sun.Jan.26_23_30_00.GMT.2025.CACO04.c2.bright.jpg,c2,1737934200,2025-01-26T23:30:00+00:00,30.0,0.4294963328186134,5.594405594405594,adcp linear at epoch+300s
1737936000.Mon.Jan.27_00_00_00.GMT.2025.CACO04.c2.bright.jpg,c2,1737936000,2025-01-27T00:00:00+00:00,0.0,0.4422164265530796,5.594405594405594,adcp linear at epoch+300s
1737937800.Mon.Jan.27_00_30_00.GMT.2025.CACO04.c2.bright.jpg,c2,1737937800,2025-01-27T00:30:00+00:00,30.0,0.561252547155894,5.594405594405594,adcp linear at epoch+300s
1737939600.Mon.Jan.27_01_00_00.GMT.2025.CACO04.c2.bright.jpg,c2,1737939600,2025-01-27T01:00:00+00:00,0.0,0.656469200108478,5.594405594405594,adcp linear at epoch+300s
1737941400.Mon.Jan.27_01_30_00.GMT.2025.CACO04.c2.bright.jpg,c2,1737941400,2025-01-27T01:30:00+00:00,30.0,0.6325885148099097,6.125574272588055,adcp linear at epoch+300s
1737943200.Mon.Jan.27_02_00_00.GMT.2025.CACO04.c2.bright.jpg,c2,1737943200,2025-01-27T02:00:00+00:00,0.0,0.6135568615795878,6.125574272588055,adcp linear at epoch+300s
1737945000.Mon.Jan.27_02_30_00.GMT.2025.CACO04.c2.bright.jpg,c2,1737945000,2025-01-27T02:30:00+00:00,30.0,0.6187703686904965,5.847953216374269,adcp linear at epoch+300s
1737946800.Mon.Jan.27_03_00_00.GMT.2025.CACO04.c2.bright.jpg,c2,1737946800,2025-01-27T03:00:00+00:00,0.0,0.607495821579229,5.847953216374269,adcp linear at epoch+300s
1737977400.Mon.Jan.27_11_30_00.GMT.2025.CACO04.c2.bright.jpg,c2,1737977400,2025-01-27T11:30:00+00:00,30.0,0.316759947287602,7.561436672967865,adcp linear at epoch+300s
1737979200.Mon.Jan.27_12_00_00.GMT.2025.CACO04.c2.bright.jpg,c2,1737979200,2025-01-27T12:00:00+00:00,0.0,0.23850018706372955,7.561436672967865,adcp linear at epoch+300s
1737981000.Mon.Jan.27_12_30_00.GMT.2025.CACO04.c2.bright.jpg,c2,1737981000,2025-01-27T12:30:00+00:00,30.0,0.23791293935419633,6.768189509306261,adcp linear at epoch+300s
1737982800.Mon.Jan.27_13_00_00.GMT.2025.CACO04.c2.bright.jpg,c2,1737982800,2025-01-27T13:00:00+00:00,0.0,0.25092625501466204,6.768189509306261,adcp linear at epoch+300s
1737984600.Mon.Jan.27_13_30_00.GMT.2025.CACO04.c2.bright.jpg,c2,1737984600,2025-01-27T13:30:00+00:00,30.0,0.33194238752512273,7.142857142857142,adcp linear at epoch+300s
1737986400.Mon.Jan.27_14_00_00.GMT.2025.CACO04.c2.bright.jpg,c2,1737986400,2025-01-27T14:00:00+00:00,0.0,0.40028249326888354,7.142857142857142,adcp linear at epoch+300s
1737988200.Mon.Jan.27_14_30_00.GMT.2025.CACO04.c2.bright.jpg,c2,1737988200,2025-01-27T14:30:00+00:00,30.0,0.40524246517914464,7.561436672967865,adcp linear at epoch+300s
1737990000.Mon.Jan.27_15_00_00.GMT.2025.CACO04.c2.bright.jpg,c2,1737990000,2025-01-27T15:00:00+00:00,0.0,0.4070289399781843,7.561436672967865,adcp linear at epoch+300s
1737991800.Mon.Jan.27_15_30_00.GMT.2025.CACO04.c2.bright.jpg,c2,1737991800,2025-01-27T15:30:00+00:00,30.0,0.39294792922111643,7.142857142857142,adcp linear at epoch+300s
1737993600.Mon.Jan.27_16_00_00.GMT.2025.CACO04.c2.bright.jpg,c2,1737993600,2025-01-27T16:00:00+00:00,0.0,0.38107322260423093,7.142857142857142,adcp linear at epoch+300s
1737997200.Mon.Jan.27_17_00_00.GMT.2025.CACO04.c2.bright.jpg,c2,1737997200,2025-01-27T17:00:00+00:00,0.0,0.37784401225730696,7.561436672967865,adcp linear at epoch+300s
1737999000.Mon.Jan.27_17_30_00.GMT.2025.CACO04.c2.bright.jpg,c2,1737999000,2025-01-27T17:30:00+00:00,30.0,0.367743795251474,8.032128514056225,adcp linear at epoch+300s
1738000800.Mon.Jan.27_18_00_00.GMT.2025.CACO04.c2.bright.jpg,c2,1738000800,2025-01-27T18:00:00+00:00,0.0,0.3469727221131619,8.032128514056225,adcp linear at epoch+300s
1738002600.Mon.Jan.27_18_30_00.GMT.2025.CACO04.c2.bright.jpg,c2,1738002600,2025-01-27T18:30:00+00:00,30.0,0.2728473683124537,8.032128514056225,adcp linear at epoch+300s
1738004400.Mon.Jan.27_19_00_00.GMT.2025.CACO04.c2.bright.jpg,c2,1738004400,2025-01-27T19:00:00+00:00,0.0,0.2132235930139038,8.032128514056225,adcp linear at epoch+300s
1738006200.Mon.Jan.27_19_30_00.GMT.2025.CACO04.c2.bright.jpg,c2,1738006200,2025-01-27T19:30:00+00:00,30.0,0.22610771022614515,5.148005148005149,adcp linear at epoch+300s
1738008000.Mon.Jan.27_20_00_00.GMT.2025.CACO04.c2.bright.jpg,c2,1738008000,2025-01-27T20:00:00+00:00,0.0,0.26197279318984606,5.148005148005149,adcp linear at epoch+300s
1738009800.Mon.Jan.27_20_30_00.GMT.2025.CACO04.c2.bright.jpg,c2,1738009800,2025-01-27T20:30:00+00:00,30.0,0.4127427049108447,2.9962546816479403,adcp linear at epoch+300s
1738011600.Mon.Jan.27_21_00_00.GMT.2025.CACO04.c2.bright.jpg,c2,1738011600,2025-01-27T21:00:00+00:00,0.0,0.518658346235793,2.9962546816479403,adcp linear at epoch+300s
1738013400.Mon.Jan.27_21_30_00.GMT.2025.CACO04.c2.bright.jpg,c2,1738013400,2025-01-27T21:30:00+00:00,30.0,0.4003026355804895,5.361930294906166,adcp linear at epoch+300s
1738015200.Mon.Jan.27_22_00_00.GMT.2025.CACO04.c2.bright.jpg,c2,1738015200,2025-01-27T22:00:00+00:00,0.0,0.31973935039855567,5.361930294906166,adcp linear at epoch+300s
1738017000.Mon.Jan.27_22_30_00.GMT.2025.CACO04.c2.bright.jpg,c2,1738017000,2025-01-27T22:30:00+00:00,30.0,0.42813819258346963,3.902439024390244,adcp linear at epoch+300s
1738018800.Mon.Jan.27_23_00_00.GMT.2025.CACO04.c2.bright.jpg,c2,1738018800,2025-01-27T23:00:00+00:00,0.0,0.5268835895619506,3.902439024390244,adcp linear at epoch+300s
1738020600.Mon.Jan.27_23_30_00.GMT.2025.CACO04.c2.bright.jpg,c2,1738020600,2025-01-27T23:30:00+00:00,30.0,0.5773617605082665,4.291845493562232,adcp linear at epoch+300s
1738022400.Tue.Jan.28_00_00_00.GMT.2025.CACO04.c2.bright.jpg,c2,1738022400,2025-01-28T00:00:00+00:00,0.0,0.6215146564005429,4.291845493562232,adcp linear at epoch+300s
1738024200.Tue.Jan.28_00_30_00.GMT.2025.CACO04.c2.bright.jpg,c2,1738024200,2025-01-28T00:30:00+00:00,30.0,0.6340411770226221,4.597701149425287,adcp linear at epoch+300s
1738026000.Tue.Jan.28_01_00_00.GMT.2025.CACO04.c2.bright.jpg,c2,1738026000,2025-01-28T01:00:00+00:00,0.0,0.6480899049552508,4.597701149425287,adcp linear at epoch+300s
1738027800.Tue.Jan.28_01_30_00.GMT.2025.CACO04.c2.bright.jpg,c2,1738027800,2025-01-28T01:30:00+00:00,30.0,0.6697496694406279,4.767580452920143,adcp linear at epoch+300s
1738029600.Tue.Jan.28_02_00_00.GMT.2025.CACO04.c2.bright.jpg,c2,1738029600,2025-01-28T02:00:00+00:00,0.0,0.6870882949926403,4.767580452920143,adcp linear at epoch+300s
1738031400.Tue.Jan.28_02_30_00.GMT.2025.CACO04.c2.bright.jpg,c2,1738031400,2025-01-28T02:30:00+00:00,30.0,0.6828212258778298,4.767580452920143,adcp linear at epoch+300s
1738033200.Tue.Jan.28_03_00_00.GMT.2025.CACO04.c2.bright.jpg,c2,1738033200,2025-01-28T03:00:00+00:00,0.0,0.6926189116038478,4.767580452920143,adcp linear at epoch+300s
1738063800.Tue.Jan.28_11_30_00.GMT.2025.CACO04.c2.bright.jpg,c2,1738063800,2025-01-28T11:30:00+00:00,30.0,0.4733370513028935,4.597701149425287,adcp linear at epoch+300s
1738065600.Tue.Jan.28_12_00_00.GMT.2025.CACO04.c2.bright.jpg,c2,1738065600,2025-01-28T12:00:00+00:00,0.0,0.4707237326123863,4.597701149425287,adcp linear at epoch+300s
1738067400.Tue.Jan.28_12_30_00.GMT.2025.CACO04.c2.bright.jpg,c2,1738067400,2025-01-28T12:30:00+00:00,30.0,0.4646716863397839,5.594405594405594,adcp linear at epoch+300s
1738069200.Tue.Jan.28_13_00_00.GMT.2025.CACO04.c2.bright.jpg,c2,1738069200,2025-01-28T13:00:00+00:00,0.0,0.46151227419742585,5.594405594405594,adcp linear at epoch+300s
1738071000.Tue.Jan.28_13_30_00.GMT.2025.CACO04.c2.bright.jpg,c2,1738071000,2025-01-28T13:30:00+00:00,30.0,0.4728160327062893,5.148005148005149,adcp linear at epoch+300s
1738072800.Tue.Jan.28_14_00_00.GMT.2025.CACO04.c2.bright.jpg,c2,1738072800,2025-01-28T14:00:00+00:00,0.0,0.48320814375541793,5.148005148005149,adcp linear at epoch+300s
1738074600.Tue.Jan.28_14_30_00.GMT.2025.CACO04.c2.bright.jpg,c2,1738074600,2025-01-28T14:30:00+00:00,30.0,0.4890420175058727,7.561436672967865,adcp linear at epoch+300s
1738076400.Tue.Jan.28_15_00_00.GMT.2025.CACO04.c2.bright.jpg,c2,1738076400,2025-01-28T15:00:00+00:00,0.0,0.4989464730699044,7.561436672967865,adcp linear at epoch+300s
1738078200.Tue.Jan.28_15_30_00.GMT.2025.CACO04.c2.bright.jpg,c2,1738078200,2025-01-28T15:30:00+00:00,30.0,0.5292038377018211,8.565310492505352,adcp linear at epoch+300s
1738080000.Tue.Jan.28_16_00_00.GMT.2025.CACO04.c2.bright.jpg,c2,1738080000,2025-01-28T16:00:00+00:00,0.0,0.5600161445797935,8.565310492505352,adcp linear at epoch+300s
1738081800.Tue.Jan.28_16_30_00.GMT.2025.CACO04.c2.bright.jpg,c2,1738081800,2025-01-28T16:30:00+00:00,30.0,0.5936031626880445,9.174311926605505,adcp linear at epoch+300s
1738083600.Tue.Jan.28_17_00_00.GMT.2025.CACO04.c2.bright.jpg,c2,1738083600,2025-01-28T17:00:00+00:00,0.0,0.6283320137162178,9.174311926605505,adcp linear at epoch+300s
1738085400.Tue.Jan.28_17_30_00.GMT.2025.CACO04.c2.bright.jpg,c2,1738085400,2025-01-28T17:30:00+00:00,30.0,0.6687700293440022,2.386634844868735,adcp linear at epoch+300s
1738087200.Tue.Jan.28_18_00_00.GMT.2025.CACO04.c2.bright.jpg,c2,1738087200,2025-01-28T18:00:00+00:00,0.0,0.7025143685837089,2.386634844868735,adcp linear at epoch+300s
1738089000.Tue.Jan.28_18_30_00.GMT.2025.CACO04.c2.bright.jpg,c2,1738089000,2025-01-28T18:30:00+00:00,30.0,0.702790325883027,6.430868167202571,adcp linear at epoch+300s
1738090800.Tue.Jan.28_19_00_00.GMT.2025.CACO04.c2.bright.jpg,c2,1738090800,2025-01-28T19:00:00+00:00,0.0,0.7064342279079915,6.430868167202571,adcp linear at epoch+300s
1738092600.Tue.Jan.28_19_30_00.GMT.2025.CACO04.c2.bright.jpg,c2,1738092600,2025-01-28T19:30:00+00:00,30.0,0.7269178535611872,4.439511653718091,adcp linear at epoch+300s
1738094400.Tue.Jan.28_20_00_00.GMT.2025.CACO04.c2.bright.jpg,c2,1738094400,2025-01-28T20:00:00+00:00,0.0,0.7406941796900887,4.439511653718091,adcp linear at epoch+300s
1738096200.Tue.Jan.28_20_30_00.GMT.2025.CACO04.c2.bright.jpg,c2,1738096200,2025-01-28T20:30:00+00:00,30.0,0.720934008197518,7.142857142857142,adcp linear at epoch+300s
1738098000.Tue.Jan.28_21_00_00.GMT.2025.CACO04.c2.bright.jpg,c2,1738098000,2025-01-28T21:00:00+00:00,0.0,0.729120788853772,7.142857142857142,adcp linear at epoch+300s
1738099800.Tue.Jan.28_21_30_00.GMT.2025.CACO04.c2.bright.jpg,c2,1738099800,2025-01-28T21:30:00+00:00,30.0,0.8770423302541492,6.768189509306261,adcp linear at epoch+300s
1738101600.Tue.Jan.28_22_00_00.GMT.2025.CACO04.c2.bright.jpg,c2,1738101600,2025-01-28T22:00:00+00:00,0.0,0.9832056183084403,6.768189509306261,adcp linear at epoch+300s
1738103400.Tue.Jan.28_22_30_00.GMT.2025.CACO04.c2.bright.jpg,c2,1738103400,2025-01-28T22:30:00+00:00,30.0,0.8805776396323013,7.142857142857142,adcp linear at epoch+300s
1738105200.Tue.Jan.28_23_00_00.GMT.2025.CACO04.c2.bright.jpg,c2,1738105200,2025-01-28T23:00:00+00:00,0.0,0.7986496053741251,7.142857142857142,adcp linear at epoch+300s
1738107000.Tue.Jan.28_23_30_00.GMT.2025.CACO04.c2.bright.jpg,c2,1738107000,2025-01-28T23:30:00+00:00,30.0,0.8202212932057634,7.142857142857142,adcp linear at epoch+300s
1738108800.Wed.Jan.29_00_00_00.GMT.2025.CACO04.c2.bright.jpg,c2,1738108800,2025-01-29T00:00:00+00:00,0.0,0.8404796851676446,7.142857142857142,adcp linear at epoch+300s
1738110600.Wed.Jan.29_00_30_00.GMT.2025.CACO04.c2.bright.jpg,c2,1738110600,2025-01-29T00:30:00+00:00,30.0,0.8541715977807405,7.142857142857142,adcp linear at epoch+300s
1738112400.Wed.Jan.29_01_00_00.GMT.2025.CACO04.c2.bright.jpg,c2,1738112400,2025-01-29T01:00:00+00:00,0.0,0.8586467655688511,7.142857142857142,adcp linear at epoch+300s
1738114200.Wed.Jan.29_01_30_00.GMT.2025.CACO04.c2.bright.jpg,c2,1738114200,2025-01-29T01:30:00+00:00,30.0,0.8170382092320356,6.768189509306261,adcp linear at epoch+300s
1738116000.Wed.Jan.29_02_00_00.GMT.2025.CACO04.c2.bright.jpg,c2,1738116000,2025-01-29T02:00:00+00:00,0.0,0.7870574924625678,6.768189509306261,adcp linear at epoch+300s
1738117800.Wed.Jan.29_02_30_00.GMT.2025.CACO04.c2.bright.jpg,c2,1738117800,2025-01-29T02:30:00+00:00,30.0,0.8152159735298383,6.125574272588055,adcp linear at epoch+300s
1738119600.Wed.Jan.29_03_00_00.GMT.2025.CACO04.c2.bright.jpg,c2,1738119600,2025-01-29T03:00:00+00:00,0.0,0.8441039626423952,6.125574272588055,adcp linear at epoch+300s
1738150200.Wed.Jan.29_11_30_00.GMT.2025.CACO04.c2.bright.jpg,c2,1738150200,2025-01-29T11:30:00+00:00,30.0,0.7359772244006515,4.767580452920143,adcp linear at epoch+300s
1738152000.Wed.Jan.29_12_00_00.GMT.2025.CACO04.c2.bright.jpg,c2,1738152000,2025-01-29T12:00:00+00:00,0.0,0.858606661712727,4.767580452920143,adcp linear at epoch+300s
1738153800.Wed.Jan.29_12_30_00.GMT.2025.CACO04.c2.bright.jpg,c2,1738153800,2025-01-29T12:30:00+00:00,30.0,0.8264042926409294,4.767580452920143,adcp linear at epoch+300s
1738155600.Wed.Jan.29_13_00_00.GMT.2025.CACO04.c2.bright.jpg,c2,1738155600,2025-01-29T13:00:00+00:00,0.0,0.788410613680454,4.767580452920143,adcp linear at epoch+300s
1738157400.Wed.Jan.29_13_30_00.GMT.2025.CACO04.c2.bright.jpg,c2,1738157400,2025-01-29T13:30:00+00:00,30.0,0.7214603852765894,4.950495049504951,adcp linear at epoch+300s
1738159200.Wed.Jan.29_14_00_00.GMT.2025.CACO04.c2.bright.jpg,c2,1738159200,2025-01-29T14:00:00+00:00,0.0,0.6635542347023426,4.950495049504951,adcp linear at epoch+300s
1738161000.Wed.Jan.29_14_30_00.GMT.2025.CACO04.c2.bright.jpg,c2,1738161000,2025-01-29T14:30:00+00:00,30.0,0.6508684732761852,4.950495049504951,adcp linear at epoch+300s
1738162800.Wed.Jan.29_15_00_00.GMT.2025.CACO04.c2.bright.jpg,c2,1738162800,2025-01-29T15:00:00+00:00,0.0,0.6487359687201718,4.950495049504951,adcp linear at epoch+300s
1738164600.Wed.Jan.29_15_30_00.GMT.2025.CACO04.c2.bright.jpg,c2,1738164600,2025-01-29T15:30:00+00:00,30.0,0.6993697485148782,5.594405594405594,adcp linear at epoch+300s
1738166400.Wed.Jan.29_16_00_00.GMT.2025.CACO04.c2.bright.jpg,c2,1738166400,2025-01-29T16:00:00+00:00,0.0,0.7375946490166736,5.594405594405594,adcp linear at epoch+300s
1738168200.Wed.Jan.29_16_30_00.GMT.2025.CACO04.c2.bright.jpg,c2,1738168200,2025-01-29T16:30:00+00:00,30.0,0.7137751530539138,5.594405594405594,adcp linear at epoch+300s
1738170000.Wed.Jan.29_17_00_00.GMT.2025.CACO04.c2.bright.jpg,c2,1738170000,2025-01-29T17:00:00+00:00,0.0,0.7006136461760526,5.594405594405594,adcp linear at epoch+300s
1738171800.Wed.Jan.29_17_30_00.GMT.2025.CACO04.c2.bright.jpg,c2,1738171800,2025-01-29T17:30:00+00:00,30.0,0.7407420847226849,6.768189509306261,adcp linear at epoch+300s
1738173600.Wed.Jan.29_18_00_00.GMT.2025.CACO04.c2.bright.jpg,c2,1738173600,2025-01-29T18:00:00+00:00,0.0,0.7698273138954183,6.768189509306261,adcp linear at epoch+300s
1738175400.Wed.Jan.29_18_30_00.GMT.2025.CACO04.c2.bright.jpg,c2,1738175400,2025-01-29T18:30:00+00:00,30.0,0.7436964961986574,8.032128514056225,adcp linear at epoch+300s
1738177200.Wed.Jan.29_19_00_00.GMT.2025.CACO04.c2.bright.jpg,c2,1738177200,2025-01-29T19:00:00+00:00,0.0,0.713676306986299,8.032128514056225,adcp linear at epoch+300s
1738179000.Wed.Jan.29_19_30_00.GMT.2025.CACO04.c2.bright.jpg,c2,1738179000,2025-01-29T19:30:00+00:00,30.0,0.6642092601959529,6.768189509306261,adcp linear at epoch+300s
1738180800.Wed.Jan.29_20_00_00.GMT.2025.CACO04.c2.bright.jpg,c2,1738180800,2025-01-29T20:00:00+00:00,0.0,0.6175693288581753,6.768189509306261,adcp linear at epoch+300s
1738182600.Wed.Jan.29_20_30_00.GMT.2025.CACO04.c2.bright.jpg,c2,1738182600,2025-01-29T20:30:00+00:00,30.0,0.5850649747832395,5.847953216374269,adcp linear at epoch+300s
1738184400.Wed.Jan.29_21_00_00.GMT.2025.CACO04.c2.bright.jpg,c2,1738184400,2025-01-29T21:00:00+00:00,0.0,0.5503396629313045,5.847953216374269,adcp linear at epoch+300s
1738186200.Wed.Jan.29_21_30_00.GMT.2025.CACO04.c2.bright.jpg,c2,1738186200,2025-01-29T21:30:00+00:00,30.0,0.5045095621943738,5.361930294906166,adcp linear at epoch+300s
1738188000.Wed.Jan.29_22_00_00.GMT.2025.CACO04.c2.bright.jpg,c2,1738188000,2025-01-29T22:00:00+00:00,0.0,0.47326402896359004,5.361930294906166,adcp linear at epoch+300s
1738189800.Wed.Jan.29_22_30_00.GMT.2025.CACO04.c2.bright.jpg,c2,1738189800,2025-01-29T22:30:00+00:00,30.0,0.5149413332635403,9.174311926605505,adcp linear at epoch+300s
1738191600.Wed.Jan.29_23_00_00.GMT.2025.CACO04.c2.bright.jpg,c2,1738191600,2025-01-29T23:00:00+00:00,0.0,0.5548422663248531,9.174311926605505,adcp linear at epoch+300s
1738193400.Wed.Jan.29_23_30_00.GMT.2025.CACO04.c2.bright.jpg,c2,1738193400,2025-01-29T23:30:00+00:00,30.0,0.5858613431929792,9.876543209876544,adcp linear at epoch+300s
1738195200.Thu.Jan.30_00_00_00.GMT.2025.CACO04.c2.bright.jpg,c2,1738195200,2025-01-30T00:00:00+00:00,0.0,0.6359365201333234,9.876543209876544,adcp linear at epoch+300s
1738197000.Thu.Jan.30_00_30_00.GMT.2025.CACO04.c2.bright.jpg,c2,1738197000,2025-01-30T00:30:00+00:00,30.0,0.7812921974347583,4.153686396677051,adcp linear at epoch+300s
1738198800.Thu.Jan.30_01_00_00.GMT.2025.CACO04.c2.bright.jpg,c2,1738198800,2025-01-30T01:00:00+00:00,0.0,0.9056409053433792,4.153686396677051,adcp linear at epoch+300s
1738200600.Thu.Jan.30_01_30_00.GMT.2025.CACO04.c2.bright.jpg,c2,1738200600,2025-01-30T01:30:00+00:00,30.0,0.9249547662879296,6.430868167202571,adcp linear at epoch+300s
1738202400.Thu.Jan.30_02_00_00.GMT.2025.CACO04.c2.bright.jpg,c2,1738202400,2025-01-30T02:00:00+00:00,0.0,0.9401477486251111,6.430868167202571,adcp linear at epoch+300s
1738204200.Thu.Jan.30_02_30_00.GMT.2025.CACO04.c2.bright.jpg,c2,1738204200,2025-01-30T02:30:00+00:00,30.0,0.9347363379254471,7.142857142857142,adcp linear at epoch+300s
1738206000.Thu.Jan.30_03_00_00.GMT.2025.CACO04.c2.bright.jpg,c2,1738206000,2025-01-30T03:00:00+00:00,0.0,0.9223947672447469,7.142857142857142,adcp linear at epoch+300s
1738236600.Thu.Jan.30_11_30_00.GMT.2025.CACO04.c2.bright.jpg,c2,1738236600,2025-01-30T11:30:00+00:00,30.0,1.3732693671860425,6.768189509306261,adcp linear at epoch+300s
1738238400.Thu.Jan.30_12_00_00.GMT.2025.CACO04.c2.bright.jpg,c2,1738238400,2025-01-30T12:00:00+00:00,0.0,1.3678960555443542,6.768189509306261,adcp linear at epoch+300s
1738240200.Thu.Jan.30_12_30_00.GMT.2025.CACO04.c2.bright.jpg,c2,1738240200,2025-01-30T12:30:00+00:00,30.0,1.3704456462520247,6.430868167202571,adcp linear at epoch+300s
1738242000.Thu.Jan.30_13_00_00.GMT.2025.CACO04.c2.bright.jpg,c2,1738242000,2025-01-30T13:00:00+00:00,0.0,1.3686581727920604,6.430868167202571,adcp linear at epoch+300s
1738243800.Thu.Jan.30_13_30_00.GMT.2025.CACO04.c2.bright.jpg,c2,1738243800,2025-01-30T13:30:00+00:00,30.0,1.3451853784939212,6.768189509306261,adcp linear at epoch+300s
1738245600.Thu.Jan.30_14_00_00.GMT.2025.CACO04.c2.bright.jpg,c2,1738245600,2025-01-30T14:00:00+00:00,0.0,1.3149504253156437,6.768189509306261,adcp linear at epoch+300s
1738247400.Thu.Jan.30_14_30_00.GMT.2025.CACO04.c2.bright.jpg,c2,1738247400,2025-01-30T14:30:00+00:00,30.0,1.2509046777366741,6.768189509306261,adcp linear at epoch+300s
1738249200.Thu.Jan.30_15_00_00.GMT.2025.CACO04.c2.bright.jpg,c2,1738249200,2025-01-30T15:00:00+00:00,0.0,1.1892705352669373,6.768189509306261,adcp linear at epoch+300s
1738251000.Thu.Jan.30_15_30_00.GMT.2025.CACO04.c2.bright.jpg,c2,1738251000,2025-01-30T15:30:00+00:00,30.0,1.1396944183433613,6.430868167202571,adcp linear at epoch+300s
1738252800.Thu.Jan.30_16_00_00.GMT.2025.CACO04.c2.bright.jpg,c2,1738252800,2025-01-30T16:00:00+00:00,0.0,1.0853306306527557,6.430868167202571,adcp linear at epoch+300s
1738254600.Thu.Jan.30_16_30_00.GMT.2025.CACO04.c2.bright.jpg,c2,1738254600,2025-01-30T16:30:00+00:00,30.0,1.0070284891270018,6.768189509306261,adcp linear at epoch+300s
1738256400.Thu.Jan.30_17_00_00.GMT.2025.CACO04.c2.bright.jpg,c2,1738256400,2025-01-30T17:00:00+00:00,0.0,0.9347283961053048,6.768189509306261,adcp linear at epoch+300s
1738258200.Thu.Jan.30_17_30_00.GMT.2025.CACO04.c2.bright.jpg,c2,1738258200,2025-01-30T17:30:00+00:00,30.0,0.8924385456038928,6.768189509306261,adcp linear at epoch+300s
1738260000.Thu.Jan.30_18_00_00.GMT.2025.CACO04.c2.bright.jpg,c2,1738260000,2025-01-30T18:00:00+00:00,0.0,0.8574465280661144,6.768189509306261,adcp linear at epoch+300s
1738261800.Thu.Jan.30_18_30_00.GMT.2025.CACO04.c2.bright.jpg,c2,1738261800,2025-01-30T18:30:00+00:00,30.0,0.858943675346505,6.430868167202571,adcp linear at epoch+300s
1738263600.Thu.Jan.30_19_00_00.GMT.2025.CACO04.c2.bright.jpg,c2,1738263600,2025-01-30T19:00:00+00:00,0.0,0.8544894030152983,6.430868167202571,adcp linear at epoch+300s
1738265400.Thu.Jan.30_19_30_00.GMT.2025.CACO04.c2.bright.jpg,c2,1738265400,2025-01-30T19:30:00+00:00,30.0,0.8202780326261062,6.125574272588055,adcp linear at epoch+300s
1738267200.Thu.Jan.30_20_00_00.GMT.2025.CACO04.c2.bright.jpg,c2,1738267200,2025-01-30T20:00:00+00:00,0.0,0.7848735217894326,6.125574272588055,adcp linear at epoch+300s
1738269000.Thu.Jan.30_20_30_00.GMT.2025.CACO04.c2.bright.jpg,c2,1738269000,2025-01-30T20:30:00+00:00,30.0,0.7435033087153514,6.125574272588055,adcp linear at epoch+300s
1738270800.Thu.Jan.30_21_00_00.GMT.2025.CACO04.c2.bright.jpg,c2,1738270800,2025-01-30T21:00:00+00:00,0.0,0.704085942855115,6.125574272588055,adcp linear at epoch+300s
1738272600.Thu.Jan.30_21_30_00.GMT.2025.CACO04.c2.bright.jpg,c2,1738272600,2025-01-30T21:30:00+00:00,30.0,0.6744328130641029,6.125574272588055,adcp linear at epoch+300s
1738274400.Thu.Jan.30_22_00_00.GMT.2025.CACO04.c2.bright.jpg,c2,1738274400,2025-01-30T22:00:00+00:00,0.0,0.6482329109093143,6.125574272588055,adcp linear at epoch+300s
1738276200.Thu.Jan.30_22_30_00.GMT.2025.CACO04.c2.bright.jpg,c2,1738276200,2025-01-30T22:30:00+00:00,30.0,0.6392991469356444,5.847953216374269,adcp linear at epoch+300s
1738278000.Thu.Jan.30_23_00_00.GMT.2025.CACO04.c2.bright.jpg,c2,1738278000,2025-01-30T23:00:00+00:00,0.0,0.6239021229383187,5.847953216374269,adcp linear at epoch+300s
1738279800.Thu.Jan.30_23_30_00.GMT.2025.CACO04.c2.bright.jpg,c2,1738279800,2025-01-30T23:30:00+00:00,30.0,0.5761887988227142,5.361930294906166,adcp linear at epoch+300s
1738281600.Fri.Jan.31_00_00_00.GMT.2025.CACO04.c2.bright.jpg,c2,1738281600,2025-01-31T00:00:00+00:00,0.0,0.5392875220487017,5.361930294906166,adcp linear at epoch+300s
1738283400.Fri.Jan.31_00_30_00.GMT.2025.CACO04.c2.bright.jpg,c2,1738283400,2025-01-31T00:30:00+00:00,30.0,0.5564464819826487,5.148005148005149,adcp linear at epoch+300s
1738285200.Fri.Jan.31_01_00_00.GMT.2025.CACO04.c2.bright.jpg,c2,1738285200,2025-01-31T01:00:00+00:00,0.0,0.5733064240533171,5.148005148005149,adcp linear at epoch+300s
1738287000.Fri.Jan.31_01_30_00.GMT.2025.CACO04.c2.bright.jpg,c2,1738287000,2025-01-31T01:30:00+00:00,30.0,0.588671276807593,6.125574272588055,adcp linear at epoch+300s
1738288800.Fri.Jan.31_02_00_00.GMT.2025.CACO04.c2.bright.jpg,c2,1738288800,2025-01-31T02:00:00+00:00,0.0,0.6052354602339772,6.125574272588055,adcp linear at epoch+300s
1738290600.Fri.Jan.31_02_30_00.GMT.2025.CACO04.c2.bright.jpg,c2,1738290600,2025-01-31T02:30:00+00:00,30.0,0.6277962970209031,5.361930294906166,adcp linear at epoch+300s
1738292400.Fri.Jan.31_03_00_00.GMT.2025.CACO04.c2.bright.jpg,c2,1738292400,2025-01-31T03:00:00+00:00,0.0,0.6389904497127433,5.361930294906166,adcp linear at epoch+300s
1738323000.Fri.Jan.31_11_30_00.GMT.2025.CACO04.c2.bright.jpg,c2,1738323000,2025-01-31T11:30:00+00:00,30.0,0.5653080153523338,5.594405594405594,adcp linear at epoch+300s
1738324800.Fri.Jan.31_12_00_00.GMT.2025.CACO04.c2.bright.jpg,c2,1738324800,2025-01-31T12:00:00+00:00,0.0,0.568906059149618,5.594405594405594,adcp linear at epoch+300s
1738326600.Fri.Jan.31_12_30_00.GMT.2025.CACO04.c2.bright.jpg,c2,1738326600,2025-01-31T12:30:00+00:00,30.0,0.6647161305503196,4.767580452920143,adcp linear at epoch+300s
1738328400.Fri.Jan.31_13_00_00.GMT.2025.CACO04.c2.bright.jpg,c2,1738328400,2025-01-31T13:00:00+00:00,0.0,0.74886464649513,4.767580452920143,adcp linear at epoch+300s
1738330200.Fri.Jan.31_13_30_00.GMT.2025.CACO04.c2.bright.jpg,c2,1738330200,2025-01-31T13:30:00+00:00,30.0,0.7747053851604838,5.594405594405594,adcp linear at epoch+300s
1738332000.Fri.Jan.31_14_00_00.GMT.2025.CACO04.c2.bright.jpg,c2,1738332000,2025-01-31T14:00:00+00:00,0.0,0.802064185148434,5.594405594405594,adcp linear at epoch+300s
1738333800.Fri.Jan.31_14_30_00.GMT.2025.CACO04.c2.bright.jpg,c2,1738333800,2025-01-31T14:30:00+00:00,30.0,0.8370132917493659,6.125574272588055,adcp linear at epoch+300s
1738335600.Fri.Jan.31_15_00_00.GMT.2025.CACO04.c2.bright.jpg,c2,1738335600,2025-01-31T15:00:00+00:00,0.0,0.8674702062241786,6.125574272588055,adcp linear at epoch+300s
1738337400.Fri.Jan.31_15_30_00.GMT.2025.CACO04.c2.bright.jpg,c2,1738337400,2025-01-31T15:30:00+00:00,30.0,0.8754661600683951,5.847953216374269,adcp linear at epoch+300s
1738339200.Fri.Jan.31_16_00_00.GMT.2025.CACO04.c2.bright.jpg,c2,1738339200,2025-01-31T16:00:00+00:00,0.0,0.8865059596882712,5.847953216374269,adcp linear at epoch+300s
1738341000.Fri.Jan.31_16_30_00.GMT.2025.CACO04.c2.bright.jpg,c2,1738341000,2025-01-31T16:30:00+00:00,30.0,0.912764988186445,6.430868167202571,adcp linear at epoch+300s
1738342800.Fri.Jan.31_17_00_00.GMT.2025.CACO04.c2.bright.jpg,c2,1738342800,2025-01-31T17:00:00+00:00,0.0,0.9376866878517699,6.430868167202571,adcp linear at epoch+300s
1738344600.Fri.Jan.31_17_30_00.GMT.2025.CACO04.c2.bright.jpg,c2,1738344600,2025-01-31T17:30:00+00:00,30.0,0.9559217433528495,6.125574272588055,adcp linear at epoch+300s
1738346400.Fri.Jan.31_18_00_00.GMT.2025.CACO04.c2.bright.jpg,c2,1738346400,2025-01-31T18:00:00+00:00,0.0,0.9568921018022651,6.125574272588055,adcp linear at epoch+300s
1738348200.Fri.Jan.31_18_30_00.GMT.2025.CACO04.c2.bright.jpg,c2,1738348200,2025-01-31T18:30:00+00:00,30.0,0.8715389749933603,6.125574272588055,adcp linear at epoch+300s
1738350000.Fri.Jan.31_19_00_00.GMT.2025.CACO04.c2.bright.jpg,c2,1738350000,2025-01-31T19:00:00+00:00,0.0,0.8044515273135195,6.125574272588055,adcp linear at epoch+300s
1738351800.Fri.Jan.31_19_30_00.GMT.2025.CACO04.c2.bright.jpg,c2,1738351800,2025-01-31T19:30:00+00:00,30.0,0.8286924752789987,6.430868167202571,adcp linear at epoch+300s
1738353600.Fri.Jan.31_20_00_00.GMT.2025.CACO04.c2.bright.jpg,c2,1738353600,2025-01-31T20:00:00+00:00,0.0,0.8342415703255973,6.430868167202571,adcp linear at epoch+300s
1738355400.Fri.Jan.31_20_30_00.GMT.2025.CACO04.c2.bright.jpg,c2,1738355400,2025-01-31T20:30:00+00:00,30.0,0.7463314007777935,6.430868167202571,adcp linear at epoch+300s
1738357200.Fri.Jan.31_21_00_00.GMT.2025.CACO04.c2.bright.jpg,c2,1738357200,2025-01-31T21:00:00+00:00,0.0,0.6786501931793293,6.430868167202571,adcp linear at epoch+300s
1738359000.Fri.Jan.31_21_30_00.GMT.2025.CACO04.c2.bright.jpg,c2,1738359000,2025-01-31T21:30:00+00:00,30.0,0.7121137953275639,6.430868167202571,adcp linear at epoch+300s
1738360800.Fri.Jan.31_22_00_00.GMT.2025.CACO04.c2.bright.jpg,c2,1738360800,2025-01-31T22:00:00+00:00,0.0,0.7337045062619744,6.430868167202571,adcp linear at epoch+300s
1738362600.Fri.Jan.31_22_30_00.GMT.2025.CACO04.c2.bright.jpg,c2,1738362600,2025-01-31T22:30:00+00:00,30.0,0.6959307611272636,5.594405594405594,adcp linear at epoch+300s
1738364400.Fri.Jan.31_23_00_00.GMT.2025.CACO04.c2.bright.jpg,c2,1738364400,2025-01-31T23:00:00+00:00,0.0,0.6675497243378896,5.594405594405594,adcp linear at epoch+300s
1738366200.Fri.Jan.31_23_30_00.GMT.2025.CACO04.c2.bright.jpg,c2,1738366200,2025-01-31T23:30:00+00:00,30.0,0.6861322292751989,6.125574272588055,adcp linear at epoch+300s
1738368000.Sat.Feb.01_00_00_00.GMT.2025.CACO04.c2.bright.jpg,c2,1738368000,2025-02-01T00:00:00+00:00,0.0,0.6895820215223024,6.125574272588055,adcp linear at epoch+300s
1738369800.Sat.Feb.01_00_30_00.GMT.2025.CACO04.c2.bright.jpg,c2,1738369800,2025-02-01T00:30:00+00:00,30.0,0.617368250318377,5.847953216374269,adcp linear at epoch+300s
1738371600.Sat.Feb.01_01_00_00.GMT.2025.CACO04.c2.bright.jpg,c2,1738371600,2025-02-01T01:00:00+00:00,0.0,0.5522346833806794,5.847953216374269,adcp linear at epoch+300s
1738373400.Sat.Feb.01_01_30_00.GMT.2025.CACO04.c2.bright.jpg,c2,1738373400,2025-02-01T01:30:00+00:00,30.0,0.5225021377741194,6.125574272588055,adcp linear at epoch+300s
1738375200.Sat.Feb.01_02_00_00.GMT.2025.CACO04.c2.bright.jpg,c2,1738375200,2025-02-01T02:00:00+00:00,0.0,0.4960791697036784,6.125574272588055,adcp linear at epoch+300s
1738377000.Sat.Feb.01_02_30_00.GMT.2025.CACO04.c2.bright.jpg,c2,1738377000,2025-02-01T02:30:00+00:00,30.0,0.4862040893138323,7.142857142857142,adcp linear at epoch+300s
1738378800.Sat.Feb.01_03_00_00.GMT.2025.CACO04.c2.bright.jpg,c2,1738378800,2025-02-01T03:00:00+00:00,0.0,0.4874345498179094,7.142857142857142,adcp linear at epoch+300s
1738409400.Sat.Feb.01_11_30_00.GMT.2025.CACO04.c2.bright.jpg,c2,1738409400,2025-02-01T11:30:00+00:00,30.0,1.7364517276308118,5.847953216374269,adcp linear at epoch+300s
1738411200.Sat.Feb.01_12_00_00.GMT.2025.CACO04.c2.bright.jpg,c2,1738411200,2025-02-01T12:00:00+00:00,0.0,1.9346911291663036,5.847953216374269,adcp linear at epoch+300s
1738413000.Sat.Feb.01_12_30_00.GMT.2025.CACO04.c2.bright.jpg,c2,1738413000,2025-02-01T12:30:00+00:00,30.0,2.172241452308527,6.430868167202571,adcp linear at epoch+300s
1738414800.Sat.Feb.01_13_00_00.GMT.2025.CACO04.c2.bright.jpg,c2,1738414800,2025-02-01T13:00:00+00:00,0.0,2.4081492507032536,6.430868167202571,adcp linear at epoch+300s
1738416600.Sat.Feb.01_13_30_00.GMT.2025.CACO04.c2.bright.jpg,c2,1738416600,2025-02-01T13:30:00+00:00,30.0,2.6358444253604945,7.142857142857142,adcp linear at epoch+300s
1738418400.Sat.Feb.01_14_00_00.GMT.2025.CACO04.c2.bright.jpg,c2,1738418400,2025-02-01T14:00:00+00:00,0.0,2.8396079901423916,7.142857142857142,adcp linear at epoch+300s
1738420200.Sat.Feb.01_14_30_00.GMT.2025.CACO04.c2.bright.jpg,c2,1738420200,2025-02-01T14:30:00+00:00,30.0,2.9237135055475694,7.561436672967865,adcp linear at epoch+300s
1738422000.Sat.Feb.01_15_00_00.GMT.2025.CACO04.c2.bright.jpg,c2,1738422000,2025-02-01T15:00:00+00:00,0.0,3.0084612422039805,7.561436672967865,adcp linear at epoch+300s
1738423800.Sat.Feb.01_15_30_00.GMT.2025.CACO04.c2.bright.jpg,c2,1738423800,2025-02-01T15:30:00+00:00,30.0,3.096420085116561,8.032128514056225,adcp linear at epoch+300s
1738425600.Sat.Feb.01_16_00_00.GMT.2025.CACO04.c2.bright.jpg,c2,1738425600,2025-02-01T16:00:00+00:00,0.0,3.162535543601808,8.032128514056225,adcp linear at epoch+300s
1738427400.Sat.Feb.01_16_30_00.GMT.2025.CACO04.c2.bright.jpg,c2,1738427400,2025-02-01T16:30:00+00:00,30.0,3.119434079950388,8.565310492505352,adcp linear at epoch+300s
1738429200.Sat.Feb.01_17_00_00.GMT.2025.CACO04.c2.bright.jpg,c2,1738429200,2025-02-01T17:00:00+00:00,0.0,3.099388650229334,8.565310492505352,adcp linear at epoch+300s
1738431000.Sat.Feb.01_17_30_00.GMT.2025.CACO04.c2.bright.jpg,c2,1738431000,2025-02-01T17:30:00+00:00,30.0,3.1946233901601118,8.565310492505352,adcp linear at epoch+300s
1738432800.Sat.Feb.01_18_00_00.GMT.2025.CACO04.c2.bright.jpg,c2,1738432800,2025-02-01T18:00:00+00:00,0.0,3.251257107022032,8.565310492505352,adcp linear at epoch+300s
1738434600.Sat.Feb.01_18_30_00.GMT.2025.CACO04.c2.bright.jpg,c2,1738434600,2025-02-01T18:30:00+00:00,30.0,3.1148857085396657,8.032128514056225,adcp linear at epoch+300s
1738436400.Sat.Feb.01_19_00_00.GMT.2025.CACO04.c2.bright.jpg,c2,1738436400,2025-02-01T19:00:00+00:00,0.0,2.9625515077629982,8.032128514056225,adcp linear at epoch+300s
1738438200.Sat.Feb.01_19_30_00.GMT.2025.CACO04.c2.bright.jpg,c2,1738438200,2025-02-01T19:30:00+00:00,30.0,2.7304032955148285,8.565310492505352,adcp linear at epoch+300s
1738440000.Sat.Feb.01_20_00_00.GMT.2025.CACO04.c2.bright.jpg,c2,1738440000,2025-02-01T20:00:00+00:00,0.0,2.5343641554877414,8.565310492505352,adcp linear at epoch+300s
1738441800.Sat.Feb.01_20_30_00.GMT.2025.CACO04.c2.bright.jpg,c2,1738441800,2025-02-01T20:30:00+00:00,30.0,2.518870376566072,8.032128514056225,adcp linear at epoch+300s
1738443600.Sat.Feb.01_21_00_00.GMT.2025.CACO04.c2.bright.jpg,c2,1738443600,2025-02-01T21:00:00+00:00,0.0,2.4815223598614184,8.032128514056225,adcp linear at epoch+300s
1738445400.Sat.Feb.01_21_30_00.GMT.2025.CACO04.c2.bright.jpg,c2,1738445400,2025-02-01T21:30:00+00:00,30.0,2.334903154241849,8.565310492505352,adcp linear at epoch+300s
1738447200.Sat.Feb.01_22_00_00.GMT.2025.CACO04.c2.bright.jpg,c2,1738447200,2025-02-01T22:00:00+00:00,0.0,2.227498219799295,8.565310492505352,adcp linear at epoch+300s
1738449000.Sat.Feb.01_22_30_00.GMT.2025.CACO04.c2.bright.jpg,c2,1738449000,2025-02-01T22:30:00+00:00,30.0,2.3161646412418224,8.032128514056225,adcp linear at epoch+300s
1738450800.Sat.Feb.01_23_00_00.GMT.2025.CACO04.c2.bright.jpg,c2,1738450800,2025-02-01T23:00:00+00:00,0.0,2.353760278256516,8.032128514056225,adcp linear at epoch+300s
1738452600.Sat.Feb.01_23_30_00.GMT.2025.CACO04.c2.bright.jpg,c2,1738452600,2025-02-01T23:30:00+00:00,30.0,2.1360019931320395,8.032128514056225,adcp linear at epoch+300s
1738454400.Sun.Feb.02_00_00_00.GMT.2025.CACO04.c2.bright.jpg,c2,1738454400,2025-02-02T00:00:00+00:00,0.0,1.9754135446235286,8.032128514056225,adcp linear at epoch+300s
1738456200.Sun.Feb.02_00_30_00.GMT.2025.CACO04.c2.bright.jpg,c2,1738456200,2025-02-02T00:30:00+00:00,30.0,2.100674279194846,8.565310492505352,adcp linear at epoch+300s
1738458000.Sun.Feb.02_01_00_00.GMT.2025.CACO04.c2.bright.jpg,c2,1738458000,2025-02-02T01:00:00+00:00,0.0,2.2206835517519625,8.565310492505352,adcp linear at epoch+300s
1738459800.Sun.Feb.02_01_30_00.GMT.2025.CACO04.c2.bright.jpg,c2,1738459800,2025-02-02T01:30:00+00:00,30.0,2.3144355142380753,8.565310492505352,adcp linear at epoch+300s
1738461600.Sun.Feb.02_02_00_00.GMT.2025.CACO04.c2.bright.jpg,c2,1738461600,2025-02-02T02:00:00+00:00,0.0,2.383498823045581,8.565310492505352,adcp linear at epoch+300s
1738463400.Sun.Feb.02_02_30_00.GMT.2025.CACO04.c2.bright.jpg,c2,1738463400,2025-02-02T02:30:00+00:00,30.0,2.329118863460051,8.032128514056225,adcp linear at epoch+300s
1738465200.Sun.Feb.02_03_00_00.GMT.2025.CACO04.c2.bright.jpg,c2,1738465200,2025-02-02T03:00:00+00:00,0.0,2.2868780310391315,8.032128514056225,adcp linear at epoch+300s
1738495800.Sun.Feb.02_11_30_00.GMT.2025.CACO04.c2.bright.jpg,c2,1738495800,2025-02-02T11:30:00+00:00,30.0,1.6579199549968935,6.768189509306261,adcp linear at epoch+300s
1738497600.Sun.Feb.02_12_00_00.GMT.2025.CACO04.c2.bright.jpg,c2,1738497600,2025-02-02T12:00:00+00:00,0.0,1.5324865929749476,6.768189509306261,adcp linear at epoch+300s
1738499400.Sun.Feb.02_12_30_00.GMT.2025.CACO04.c2.bright.jpg,c2,1738499400,2025-02-02T12:30:00+00:00,30.0,1.4248507258457164,7.142857142857142,adcp linear at epoch+300s
1738501200.Sun.Feb.02_13_00_00.GMT.2025.CACO04.c2.bright.jpg,c2,1738501200,2025-02-02T13:00:00+00:00,0.0,1.3259575846794065,7.142857142857142,adcp linear at epoch+300s
1738503000.Sun.Feb.02_13_30_00.GMT.2025.CACO04.c2.bright.jpg,c2,1738503000,2025-02-02T13:30:00+00:00,30.0,1.2707780733277028,6.768189509306261,adcp linear at epoch+300s
1738504800.Sun.Feb.02_14_00_00.GMT.2025.CACO04.c2.bright.jpg,c2,1738504800,2025-02-02T14:00:00+00:00,0.0,1.2231574526248266,6.768189509306261,adcp linear at epoch+300s
1738506600.Sun.Feb.02_14_30_00.GMT.2025.CACO04.c2.bright.jpg,c2,1738506600,2025-02-02T14:30:00+00:00,30.0,1.2133312851660887,6.768189509306261,adcp linear at epoch+300s
1738508400.Sun.Feb.02_15_00_00.GMT.2025.CACO04.c2.bright.jpg,c2,1738508400,2025-02-02T15:00:00+00:00,0.0,1.2097970809913359,6.768189509306261,adcp linear at epoch+300s
1738510200.Sun.Feb.02_15_30_00.GMT.2025.CACO04.c2.bright.jpg,c2,1738510200,2025-02-02T15:30:00+00:00,30.0,1.2377226932365082,7.561436672967865,adcp linear at epoch+300s
1738512000.Sun.Feb.02_16_00_00.GMT.2025.CACO04.c2.bright.jpg,c2,1738512000,2025-02-02T16:00:00+00:00,0.0,1.265910177309112,7.561436672967865,adcp linear at epoch+300s
1738513800.Sun.Feb.02_16_30_00.GMT.2025.CACO04.c2.bright.jpg,c2,1738513800,2025-02-02T16:30:00+00:00,30.0,1.2954070205188715,7.561436672967865,adcp linear at epoch+300s
1738515600.Sun.Feb.02_17_00_00.GMT.2025.CACO04.c2.bright.jpg,c2,1738515600,2025-02-02T17:00:00+00:00,0.0,1.3185229548491033,7.561436672967865,adcp linear at epoch+300s
1738517400.Sun.Feb.02_17_30_00.GMT.2025.CACO04.c2.bright.jpg,c2,1738517400,2025-02-02T17:30:00+00:00,30.0,1.3097343447816958,6.125574272588055,adcp linear at epoch+300s
1738519200.Sun.Feb.02_18_00_00.GMT.2025.CACO04.c2.bright.jpg,c2,1738519200,2025-02-02T18:00:00+00:00,0.0,1.2970972990695708,6.125574272588055,adcp linear at epoch+300s
1738521000.Sun.Feb.02_18_30_00.GMT.2025.CACO04.c2.bright.jpg,c2,1738521000,2025-02-02T18:30:00+00:00,30.0,1.2652180751338582,8.032128514056225,adcp linear at epoch+300s
1738522800.Sun.Feb.02_19_00_00.GMT.2025.CACO04.c2.bright.jpg,c2,1738522800,2025-02-02T19:00:00+00:00,0.0,1.2308790377293117,8.032128514056225,adcp linear at epoch+300s
1738524600.Sun.Feb.02_19_30_00.GMT.2025.CACO04.c2.bright.jpg,c2,1738524600,2025-02-02T19:30:00+00:00,30.0,1.1842409329805985,8.032128514056225,adcp linear at epoch+300s
1738526400.Sun.Feb.02_20_00_00.GMT.2025.CACO04.c2.bright.jpg,c2,1738526400,2025-02-02T20:00:00+00:00,0.0,1.141014375322505,8.032128514056225,adcp linear at epoch+300s
1738528200.Sun.Feb.02_20_30_00.GMT.2025.CACO04.c2.bright.jpg,c2,1738528200,2025-02-02T20:30:00+00:00,30.0,1.1148455531175108,7.561436672967865,adcp linear at epoch+300s
1738530000.Sun.Feb.02_21_00_00.GMT.2025.CACO04.c2.bright.jpg,c2,1738530000,2025-02-02T21:00:00+00:00,0.0,1.0854634004267676,7.561436672967865,adcp linear at epoch+300s
1738531800.Sun.Feb.02_21_30_00.GMT.2025.CACO04.c2.bright.jpg,c2,1738531800,2025-02-02T21:30:00+00:00,30.0,1.0400145953072792,7.561436672967865,adcp linear at epoch+300s
1738533600.Sun.Feb.02_22_00_00.GMT.2025.CACO04.c2.bright.jpg,c2,1738533600,2025-02-02T22:00:00+00:00,0.0,0.9956666281848431,7.561436672967865,adcp linear at epoch+300s
1738535400.Sun.Feb.02_22_30_00.GMT.2025.CACO04.c2.bright.jpg,c2,1738535400,2025-02-02T22:30:00+00:00,30.0,0.9568228510476658,7.142857142857142,adcp linear at epoch+300s
1738537200.Sun.Feb.02_23_00_00.GMT.2025.CACO04.c2.bright.jpg,c2,1738537200,2025-02-02T23:00:00+00:00,0.0,0.920583439957716,7.142857142857142,adcp linear at epoch+300s
1738539000.Sun.Feb.02_23_30_00.GMT.2025.CACO04.c2.bright.jpg,c2,1738539000,2025-02-02T23:30:00+00:00,30.0,0.8973658591039035,6.768189509306261,adcp linear at epoch+300s
1738540800.Mon.Feb.03_00_00_00.GMT.2025.CACO04.c2.bright.jpg,c2,1738540800,2025-02-03T00:00:00+00:00,0.0,0.8772253522941034,6.768189509306261,adcp linear at epoch+300s
1738542600.Mon.Feb.03_00_30_00.GMT.2025.CACO04.c2.bright.jpg,c2,1738542600,2025-02-03T00:30:00+00:00,30.0,0.872470215704365,6.768189509306261,adcp linear at epoch+300s
1738544400.Mon.Feb.03_01_00_00.GMT.2025.CACO04.c2.bright.jpg,c2,1738544400,2025-02-03T01:00:00+00:00,0.0,0.8691987347483539,6.768189509306261,adcp linear at epoch+300s
1738546200.Mon.Feb.03_01_30_00.GMT.2025.CACO04.c2.bright.jpg,c2,1738546200,2025-02-03T01:30:00+00:00,30.0,0.8733455319609789,7.561436672967865,adcp linear at epoch+300s
1738548000.Mon.Feb.03_02_00_00.GMT.2025.CACO04.c2.bright.jpg,c2,1738548000,2025-02-03T02:00:00+00:00,0.0,0.9036738072673047,7.561436672967865,adcp linear at epoch+300s
1738549800.Mon.Feb.03_02_30_00.GMT.2025.CACO04.c2.bright.jpg,c2,1738549800,2025-02-03T02:30:00+00:00,30.0,1.0649094730421358,7.142857142857142,adcp linear at epoch+300s
1738551600.Mon.Feb.03_03_00_00.GMT.2025.CACO04.c2.bright.jpg,c2,1738551600,2025-02-03T03:00:00+00:00,0.0,1.210789466197506,7.142857142857142,adcp linear at epoch+300s
1738582200.Mon.Feb.03_11_30_00.GMT.2025.CACO04.c2.bright.jpg,c2,1738582200,2025-02-03T11:30:00+00:00,30.0,1.028810115591004,6.125574272588055,adcp linear at epoch+300s
1738584000.Mon.Feb.03_12_00_00.GMT.2025.CACO04.c2.bright.jpg,c2,1738584000,2025-02-03T12:00:00+00:00,0.0,0.9970070728837681,6.125574272588055,adcp linear at epoch+300s
1738585800.Mon.Feb.03_12_30_00.GMT.2025.CACO04.c2.bright.jpg,c2,1738585800,2025-02-03T12:30:00+00:00,30.0,0.9601040360746624,6.125574272588055,adcp linear at epoch+300s
1738587600.Mon.Feb.03_13_00_00.GMT.2025.CACO04.c2.bright.jpg,c2,1738587600,2025-02-03T13:00:00+00:00,0.0,0.9210897827685206,6.125574272588055,adcp linear at epoch+300s
1738589400.Mon.Feb.03_13_30_00.GMT.2025.CACO04.c2.bright.jpg,c2,1738589400,2025-02-03T13:30:00+00:00,30.0,0.8715194469771991,5.847953216374269,adcp linear at epoch+300s
1738591200.Mon.Feb.03_14_00_00.GMT.2025.CACO04.c2.bright.jpg,c2,1738591200,2025-02-03T14:00:00+00:00,0.0,0.8330403295599393,5.847953216374269,adcp linear at epoch+300s
1738593000.Mon.Feb.03_14_30_00.GMT.2025.CACO04.c2.bright.jpg,c2,1738593000,2025-02-03T14:30:00+00:00,30.0,0.8500173040129894,5.594405594405594,adcp linear at epoch+300s
1738594800.Mon.Feb.03_15_00_00.GMT.2025.CACO04.c2.bright.jpg,c2,1738594800,2025-02-03T15:00:00+00:00,0.0,0.8638214992604151,5.594405594405594,adcp linear at epoch+300s
1738596600.Mon.Feb.03_15_30_00.GMT.2025.CACO04.c2.bright.jpg,c2,1738596600,2025-02-03T15:30:00+00:00,30.0,0.8617617984797197,5.847953216374269,adcp linear at epoch+300s
1738598400.Mon.Feb.03_16_00_00.GMT.2025.CACO04.c2.bright.jpg,c2,1738598400,2025-02-03T16:00:00+00:00,0.0,0.8459938045744236,5.847953216374269,adcp linear at epoch+300s
1738600200.Mon.Feb.03_16_30_00.GMT.2025.CACO04.c2.bright.jpg,c2,1738600200,2025-02-03T16:30:00+00:00,30.0,0.7616843450461251,5.594405594405594,adcp linear at epoch+300s
1738602000.Mon.Feb.03_17_00_00.GMT.2025.CACO04.c2.bright.jpg,c2,1738602000,2025-02-03T17:00:00+00:00,0.0,0.6885871437992617,5.594405594405594,adcp linear at epoch+300s
1738603800.Mon.Feb.03_17_30_00.GMT.2025.CACO04.c2.bright.jpg,c2,1738603800,2025-02-03T17:30:00+00:00,30.0,0.6715512339595732,5.847953216374269,adcp linear at epoch+300s
1738605600.Mon.Feb.03_18_00_00.GMT.2025.CACO04.c2.bright.jpg,c2,1738605600,2025-02-03T18:00:00+00:00,0.0,0.6568150352136037,5.847953216374269,adcp linear at epoch+300s
1738607400.Mon.Feb.03_18_30_00.GMT.2025.CACO04.c2.bright.jpg,c2,1738607400,2025-02-03T18:30:00+00:00,30.0,0.6535773919362307,5.847953216374269,adcp linear at epoch+300s
1738609200.Mon.Feb.03_19_00_00.GMT.2025.CACO04.c2.bright.jpg,c2,1738609200,2025-02-03T19:00:00+00:00,0.0,0.6528959071611126,5.847953216374269,adcp linear at epoch+300s
1738611000.Mon.Feb.03_19_30_00.GMT.2025.CACO04.c2.bright.jpg,c2,1738611000,2025-02-03T19:30:00+00:00,30.0,0.6649952148972705,5.847953216374269,adcp linear at epoch+300s
1738612800.Mon.Feb.03_20_00_00.GMT.2025.CACO04.c2.bright.jpg,c2,1738612800,2025-02-03T20:00:00+00:00,0.0,0.6832550520954485,5.847953216374269,adcp linear at epoch+300s
1738614600.Mon.Feb.03_20_30_00.GMT.2025.CACO04.c2.bright.jpg,c2,1738614600,2025-02-03T20:30:00+00:00,30.0,0.7323175366037261,5.847953216374269,adcp linear at epoch+300s
1738616400.Mon.Feb.03_21_00_00.GMT.2025.CACO04.c2.bright.jpg,c2,1738616400,2025-02-03T21:00:00+00:00,0.0,0.7643211325382546,5.847953216374269,adcp linear at epoch+300s
1738618200.Mon.Feb.03_21_30_00.GMT.2025.CACO04.c2.bright.jpg,c2,1738618200,2025-02-03T21:30:00+00:00,30.0,0.711030285604038,5.847953216374269,adcp linear at epoch+300s
1738620000.Mon.Feb.03_22_00_00.GMT.2025.CACO04.c2.bright.jpg,c2,1738620000,2025-02-03T22:00:00+00:00,0.0,0.659780161262628,5.847953216374269,adcp linear at epoch+300s
1738621800.Mon.Feb.03_22_30_00.GMT.2025.CACO04.c2.bright.jpg,c2,1738621800,2025-02-03T22:30:00+00:00,30.0,0.6187336498852504,5.847953216374269,adcp linear at epoch+300s
1738623600.Mon.Feb.03_23_00_00.GMT.2025.CACO04.c2.bright.jpg,c2,1738623600,2025-02-03T23:00:00+00:00,0.0,0.598754222731726,5.847953216374269,adcp linear at epoch+300s
1738625400.Mon.Feb.03_23_30_00.GMT.2025.CACO04.c2.bright.jpg,c2,1738625400,2025-02-03T23:30:00+00:00,30.0,0.6841102166974676,6.768189509306261,adcp linear at epoch+300s
1738627200.Tue.Feb.04_00_00_00.GMT.2025.CACO04.c2.bright.jpg,c2,1738627200,2025-02-04T00:00:00+00:00,0.0,0.7570353484503581,6.768189509306261,adcp linear at epoch+300s
1738629000.Tue.Feb.04_00_30_00.GMT.2025.CACO04.c2.bright.jpg,c2,1738629000,2025-02-04T00:30:00+00:00,30.0,0.7678061691389928,6.768189509306261,adcp linear at epoch+300s
1738630800.Tue.Feb.04_01_00_00.GMT.2025.CACO04.c2.bright.jpg,c2,1738630800,2025-02-04T01:00:00+00:00,0.0,0.7836750710205328,6.768189509306261,adcp linear at epoch+300s
1738632600.Tue.Feb.04_01_30_00.GMT.2025.CACO04.c2.bright.jpg,c2,1738632600,2025-02-04T01:30:00+00:00,30.0,0.8250343788665992,6.430868167202571,adcp linear at epoch+300s
1738634400.Tue.Feb.04_02_00_00.GMT.2025.CACO04.c2.bright.jpg,c2,1738634400,2025-02-04T02:00:00+00:00,0.0,0.8597439643858988,6.430868167202571,adcp linear at epoch+300s
1738636200.Tue.Feb.04_02_30_00.GMT.2025.CACO04.c2.bright.jpg,c2,1738636200,2025-02-04T02:30:00+00:00,30.0,0.8612049382713645,7.142857142857142,adcp linear at epoch+300s
1738638000.Tue.Feb.04_03_00_00.GMT.2025.CACO04.c2.bright.jpg,c2,1738638000,2025-02-04T03:00:00+00:00,0.0,0.8538749875651651,7.142857142857142,adcp linear at epoch+300s
1738668600.Tue.Feb.04_11_30_00.GMT.2025.CACO04.c2.bright.jpg,c2,1738668600,2025-02-04T11:30:00+00:00,30.0,0.5487003880898713,6.430868167202571,adcp linear at epoch+300s
1738670400.Tue.Feb.04_12_00_00.GMT.2025.CACO04.c2.bright.jpg,c2,1738670400,2025-02-04T12:00:00+00:00,0.0,0.5003176349023924,6.430868167202571,adcp linear at epoch+300s
1738672200.Tue.Feb.04_12_30_00.GMT.2025.CACO04.c2.bright.jpg,c2,1738672200,2025-02-04T12:30:00+00:00,30.0,0.5017507222824511,10.6951871657754,adcp linear at epoch+300s
1738674000.Tue.Feb.04_13_00_00.GMT.2025.CACO04.c2.bright.jpg,c2,1738674000,2025-02-04T13:00:00+00:00,0.0,0.5481072504503629,10.6951871657754,adcp linear at epoch+300s
1738675800.Tue.Feb.04_13_30_00.GMT.2025.CACO04.c2.bright.jpg,c2,1738675800,2025-02-04T13:30:00+00:00,30.0,0.8190809825575407,4.767580452920143,adcp linear at epoch+300s
1738677600.Tue.Feb.04_14_00_00.GMT.2025.CACO04.c2.bright.jpg,c2,1738677600,2025-02-04T14:00:00+00:00,0.0,1.0670747924875963,4.767580452920143,adcp linear at epoch+300s
1738679400.Tue.Feb.04_14_30_00.GMT.2025.CACO04.c2.bright.jpg,c2,1738679400,2025-02-04T14:30:00+00:00,30.0,1.2001689915320406,5.594405594405594,adcp linear at epoch+300s
1738681200.Tue.Feb.04_15_00_00.GMT.2025.CACO04.c2.bright.jpg,c2,1738681200,2025-02-04T15:00:00+00:00,0.0,1.30119276103505,5.594405594405594,adcp linear at epoch+300s
1738683000.Tue.Feb.04_15_30_00.GMT.2025.CACO04.c2.bright.jpg,c2,1738683000,2025-02-04T15:30:00+00:00,30.0,1.2418643828308844,5.847953216374269,adcp linear at epoch+300s
1738684800.Tue.Feb.04_16_00_00.GMT.2025.CACO04.c2.bright.jpg,c2,1738684800,2025-02-04T16:00:00+00:00,0.0,1.1979537045056654,5.847953216374269,adcp linear at epoch+300s
1738686600.Tue.Feb.04_16_30_00.GMT.2025.CACO04.c2.bright.jpg,c2,1738686600,2025-02-04T16:30:00+00:00,30.0,1.2311315255751785,6.125574272588055,adcp linear at epoch+300s
1738688400.Tue.Feb.04_17_00_00.GMT.2025.CACO04.c2.bright.jpg,c2,1738688400,2025-02-04T17:00:00+00:00,0.0,1.2539616445658417,6.125574272588055,adcp linear at epoch+300s
1738690200.Tue.Feb.04_17_30_00.GMT.2025.CACO04.c2.bright.jpg,c2,1738690200,2025-02-04T17:30:00+00:00,30.0,1.2250532531622544,5.847953216374269,adcp linear at epoch+300s
1738692000.Tue.Feb.04_18_00_00.GMT.2025.CACO04.c2.bright.jpg,c2,1738692000,2025-02-04T18:00:00+00:00,0.0,1.1948542455939735,5.847953216374269,adcp linear at epoch+300s
1738693800.Tue.Feb.04_18_30_00.GMT.2025.CACO04.c2.bright.jpg,c2,1738693800,2025-02-04T18:30:00+00:00,30.0,1.158202157202224,5.361930294906166,adcp linear at epoch+300s
1738695600.Tue.Feb.04_19_00_00.GMT.2025.CACO04.c2.bright.jpg,c2,1738695600,2025-02-04T19:00:00+00:00,0.0,1.1435572619950896,5.361930294906166,adcp linear at epoch+300s
1738697400.Tue.Feb.04_19_30_00.GMT.2025.CACO04.c2.bright.jpg,c2,1738697400,2025-02-04T19:30:00+00:00,30.0,1.2389483327110304,5.847953216374269,adcp linear at epoch+300s
1738699200.Tue.Feb.04_20_00_00.GMT.2025.CACO04.c2.bright.jpg,c2,1738699200,2025-02-04T20:00:00+00:00,0.0,1.3426558873936472,5.847953216374269,adcp linear at epoch+300s
1738701000.Tue.Feb.04_20_30_00.GMT.2025.CACO04.c2.bright.jpg,c2,1738701000,2025-02-04T20:30:00+00:00,30.0,1.487945861909645,6.125574272588055,adcp linear at epoch+300s
1738702800.Tue.Feb.04_21_00_00.GMT.2025.CACO04.c2.bright.jpg,c2,1738702800,2025-02-04T21:00:00+00:00,0.0,1.603064805910945,6.125574272588055,adcp linear at epoch+300s
1738704600.Tue.Feb.04_21_30_00.GMT.2025.CACO04.c2.bright.jpg,c2,1738704600,2025-02-04T21:30:00+00:00,30.0,1.5673285973387547,7.142857142857142,adcp linear at epoch+300s
1738706400.Tue.Feb.04_22_00_00.GMT.2025.CACO04.c2.bright.jpg,c2,1738706400,2025-02-04T22:00:00+00:00,0.0,1.5302605878976496,7.142857142857142,adcp linear at epoch+300s
1738708200.Tue.Feb.04_22_30_00.GMT.2025.CACO04.c2.bright.jpg,c2,1738708200,2025-02-04T22:30:00+00:00,30.0,1.4865335741119676,6.768189509306261,adcp linear at epoch+300s
1738710000.Tue.Feb.04_23_00_00.GMT.2025.CACO04.c2.bright.jpg,c2,1738710000,2025-02-04T23:00:00+00:00,0.0,1.4396906242092518,6.768189509306261,adcp linear at epoch+300s
1738711800.Tue.Feb.04_23_30_00.GMT.2025.CACO04.c2.bright.jpg,c2,1738711800,2025-02-04T23:30:00+00:00,30.0,1.3772679937213652,6.768189509306261,adcp linear at epoch+300s
1738713600.Wed.Feb.05_00_00_00.GMT.2025.CACO04.c2.bright.jpg,c2,1738713600,2025-02-05T00:00:00+00:00,0.0,1.3329160938224889,6.768189509306261,adcp linear at epoch+300s
1738715400.Wed.Feb.05_00_30_00.GMT.2025.CACO04.c2.bright.jpg,c2,1738715400,2025-02-05T00:30:00+00:00,30.0,1.3789178468686623,6.768189509306261,adcp linear at epoch+300s
1738717200.Wed.Feb.05_01_00_00.GMT.2025.CACO04.c2.bright.jpg,c2,1738717200,2025-02-05T01:00:00+00:00,0.0,1.446756432550566,6.768189509306261,adcp linear at epoch+300s
1738719000.Wed.Feb.05_01_30_00.GMT.2025.CACO04.c2.bright.jpg,c2,1738719000,2025-02-05T01:30:00+00:00,30.0,1.62377918141112,8.032128514056225,adcp linear at epoch+300s
1738720800.Wed.Feb.05_02_00_00.GMT.2025.CACO04.c2.bright.jpg,c2,1738720800,2025-02-05T02:00:00+00:00,0.0,1.78605785435609,8.032128514056225,adcp linear at epoch+300s
1738722600.Wed.Feb.05_02_30_00.GMT.2025.CACO04.c2.bright.jpg,c2,1738722600,2025-02-05T02:30:00+00:00,30.0,1.8746161477231393,8.032128514056225,adcp linear at epoch+300s
1738724400.Wed.Feb.05_03_00_00.GMT.2025.CACO04.c2.bright.jpg,c2,1738724400,2025-02-05T03:00:00+00:00,0.0,1.933469457729454,8.032128514056225,adcp linear at epoch+300s
1738755000.Wed.Feb.05_11_30_00.GMT.2025.CACO04.c2.bright.jpg,c2,1738755000,2025-02-05T11:30:00+00:00,30.0,1.042997285412197,6.125574272588055,adcp linear at epoch+300s
1738756800.Wed.Feb.05_12_00_00.GMT.2025.CACO04.c2.bright.jpg,c2,1738756800,2025-02-05T12:00:00+00:00,0.0,1.030788175450421,6.125574272588055,adcp linear at epoch+300s
1738758600.Wed.Feb.05_12_30_00.GMT.2025.CACO04.c2.bright.jpg,c2,1738758600,2025-02-05T12:30:00+00:00,30.0,0.9917384565170941,6.125574272588055,adcp linear at epoch+300s
1738760400.Wed.Feb.05_13_00_00.GMT.2025.CACO04.c2.bright.jpg,c2,1738760400,2025-02-05T13:00:00+00:00,0.0,0.9704076836955778,6.125574272588055,adcp linear at epoch+300s
1738762200.Wed.Feb.05_13_30_00.GMT.2025.CACO04.c2.bright.jpg,c2,1738762200,2025-02-05T13:30:00+00:00,30.0,1.0376716414331142,5.594405594405594,adcp linear at epoch+300s
1738764000.Wed.Feb.05_14_00_00.GMT.2025.CACO04.c2.bright.jpg,c2,1738764000,2025-02-05T14:00:00+00:00,0.0,1.0936043566489457,5.594405594405594,adcp linear at epoch+300s
1738765800.Wed.Feb.05_14_30_00.GMT.2025.CACO04.c2.bright.jpg,c2,1738765800,2025-02-05T14:30:00+00:00,30.0,1.092880859256254,5.594405594405594,adcp linear at epoch+300s
1738767600.Wed.Feb.05_15_00_00.GMT.2025.CACO04.c2.bright.jpg,c2,1738767600,2025-02-05T15:00:00+00:00,0.0,1.1019776761351536,5.594405594405594,adcp linear at epoch+300s
1738769400.Wed.Feb.05_15_30_00.GMT.2025.CACO04.c2.bright.jpg,c2,1738769400,2025-02-05T15:30:00+00:00,30.0,1.1601760643720096,5.847953216374269,adcp linear at epoch+300s
1738771200.Wed.Feb.05_16_00_00.GMT.2025.CACO04.c2.bright.jpg,c2,1738771200,2025-02-05T16:00:00+00:00,0.0,1.203137107903227,5.847953216374269,adcp linear at epoch+300s
1738773000.Wed.Feb.05_16_30_00.GMT.2025.CACO04.c2.bright.jpg,c2,1738773000,2025-02-05T16:30:00+00:00,30.0,1.1699114279062515,5.594405594405594,adcp linear at epoch+300s
1738774800.Wed.Feb.05_17_00_00.GMT.2025.CACO04.c2.bright.jpg,c2,1738774800,2025-02-05T17:00:00+00:00,0.0,1.1522817216224084,5.594405594405594,adcp linear at epoch+300s
1738776600.Wed.Feb.05_17_30_00.GMT.2025.CACO04.c2.bright.jpg,c2,1738776600,2025-02-05T17:30:00+00:00,30.0,1.2126318839042287,5.148005148005149,adcp linear at epoch+300s
1738778400.Wed.Feb.05_18_00_00.GMT.2025.CACO04.c2.bright.jpg,c2,1738778400,2025-02-05T18:00:00+00:00,0.0,1.2558891554319032,5.148005148005149,adcp linear at epoch+300s
1738780200.Wed.Feb.05_18_30_00.GMT.2025.CACO04.c2.bright.jpg,c2,1738780200,2025-02-05T18:30:00+00:00,30.0,1.213681973188848,5.594405594405594,adcp linear at epoch+300s
1738782000.Wed.Feb.05_19_00_00.GMT.2025.CACO04.c2.bright.jpg,c2,1738782000,2025-02-05T19:00:00+00:00,0.0,1.1638718849483911,5.594405594405594,adcp linear at epoch+300s
1738783800.Wed.Feb.05_19_30_00.GMT.2025.CACO04.c2.bright.jpg,c2,1738783800,2025-02-05T19:30:00+00:00,30.0,1.0760472667209244,4.950495049504951,adcp linear at epoch+300s
1738785600.Wed.Feb.05_20_00_00.GMT.2025.CACO04.c2.bright.jpg,c2,1738785600,2025-02-05T20:00:00+00:00,0.0,0.9962329275555345,4.950495049504951,adcp linear at epoch+300s
1738787400.Wed.Feb.05_20_30_00.GMT.2025.CACO04.c2.bright.jpg,c2,1738787400,2025-02-05T20:30:00+00:00,30.0,0.956469983700529,5.847953216374269,adcp linear at epoch+300s
1738789200.Wed.Feb.05_21_00_00.GMT.2025.CACO04.c2.bright.jpg,c2,1738789200,2025-02-05T21:00:00+00:00,0.0,0.9248935238490723,5.847953216374269,adcp linear at epoch+300s
1738791000.Wed.Feb.05_21_30_00.GMT.2025.CACO04.c2.bright.jpg,c2,1738791000,2025-02-05T21:30:00+00:00,30.0,0.9342494840153585,5.594405594405594,adcp linear at epoch+300s
1738792800.Wed.Feb.05_22_00_00.GMT.2025.CACO04.c2.bright.jpg,c2,1738792800,2025-02-05T22:00:00+00:00,0.0,0.9364413763062802,5.594405594405594,adcp linear at epoch+300s
1738794600.Wed.Feb.05_22_30_00.GMT.2025.CACO04.c2.bright.jpg,c2,1738794600,2025-02-05T22:30:00+00:00,30.0,0.9028129292203795,5.594405594405594,adcp linear at epoch+300s
1738796400.Wed.Feb.05_23_00_00.GMT.2025.CACO04.c2.bright.jpg,c2,1738796400,2025-02-05T23:00:00+00:00,0.0,0.8697299428404301,5.594405594405594,adcp linear at epoch+300s
1738798200.Wed.Feb.05_23_30_00.GMT.2025.CACO04.c2.bright.jpg,c2,1738798200,2025-02-05T23:30:00+00:00,30.0,0.839374259990238,5.361930294906166,adcp linear at epoch+300s
1738800000.Thu.Feb.06_00_00_00.GMT.2025.CACO04.c2.bright.jpg,c2,1738800000,2025-02-06T00:00:00+00:00,0.0,0.8138462767047223,5.361930294906166,adcp linear at epoch+300s
1738801800.Thu.Feb.06_00_30_00.GMT.2025.CACO04.c2.bright.jpg,c2,1738801800,2025-02-06T00:30:00+00:00,30.0,0.8124567912425888,5.361930294906166,adcp linear at epoch+300s
1738803600.Thu.Feb.06_01_00_00.GMT.2025.CACO04.c2.bright.jpg,c2,1738803600,2025-02-06T01:00:00+00:00,0.0,0.8171587183903255,5.361930294906166,adcp linear at epoch+300s
1738805400.Thu.Feb.06_01_30_00.GMT.2025.CACO04.c2.bright.jpg,c2,1738805400,2025-02-06T01:30:00+00:00,30.0,0.852317708587413,5.594405594405594,adcp linear at epoch+300s
1738807200.Thu.Feb.06_02_00_00.GMT.2025.CACO04.c2.bright.jpg,c2,1738807200,2025-02-06T02:00:00+00:00,0.0,0.8606599024967233,5.594405594405594,adcp linear at epoch+300s
1738809000.Thu.Feb.06_02_30_00.GMT.2025.CACO04.c2.bright.jpg,c2,1738809000,2025-02-06T02:30:00+00:00,30.0,0.7349181149671487,5.361930294906166,adcp linear at epoch+300s
1738810800.Thu.Feb.06_03_00_00.GMT.2025.CACO04.c2.bright.jpg,c2,1738810800,2025-02-06T03:00:00+00:00,0.0,0.6293687945004772,5.361930294906166,adcp linear at epoch+300s
1738841400.Thu.Feb.06_11_30_00.GMT.2025.CACO04.c2.bright.jpg,c2,1738841400,2025-02-06T11:30:00+00:00,30.0,0.5292273255325262,3.389830508474576,adcp linear at epoch+300s
1738843200.Thu.Feb.06_12_00_00.GMT.2025.CACO04.c2.bright.jpg,c2,1738843200,2025-02-06T12:00:00+00:00,0.0,0.6261358038443348,3.389830508474576,adcp linear at epoch+300s
1738845000.Thu.Feb.06_12_30_00.GMT.2025.CACO04.c2.bright.jpg,c2,1738845000,2025-02-06T12:30:00+00:00,30.0,0.7164468239800615,3.787878787878788,adcp linear at epoch+300s
1738846800.Thu.Feb.06_13_00_00.GMT.2025.CACO04.c2.bright.jpg,c2,1738846800,2025-02-06T13:00:00+00:00,0.0,0.8044251133992099,3.787878787878788,adcp linear at epoch+300s
1738848600.Thu.Feb.06_13_30_00.GMT.2025.CACO04.c2.bright.jpg,c2,1738848600,2025-02-06T13:30:00+00:00,30.0,0.8807397492354656,4.024144869215292,adcp linear at epoch+300s
1738850400.Thu.Feb.06_14_00_00.GMT.2025.CACO04.c2.bright.jpg,c2,1738850400,2025-02-06T14:00:00+00:00,0.0,0.9604242060408461,4.024144869215292,adcp linear at epoch+300s
1738852200.Thu.Feb.06_14_30_00.GMT.2025.CACO04.c2.bright.jpg,c2,1738852200,2025-02-06T14:30:00+00:00,30.0,1.05695776769185,4.597701149425287,adcp linear at epoch+300s
1738854000.Thu.Feb.06_15_00_00.GMT.2025.CACO04.c2.bright.jpg,c2,1738854000,2025-02-06T15:00:00+00:00,0.0,1.1474585251693803,4.597701149425287,adcp linear at epoch+300s
1738855800.Thu.Feb.06_15_30_00.GMT.2025.CACO04.c2.bright.jpg,c2,1738855800,2025-02-06T15:30:00+00:00,30.0,1.2077952617795422,4.950495049504951,adcp linear at epoch+300s
1738857600.Thu.Feb.06_16_00_00.GMT.2025.CACO04.c2.bright.jpg,c2,1738857600,2025-02-06T16:00:00+00:00,0.0,1.2664730392119528,4.950495049504951,adcp linear at epoch+300s
1738859400.Thu.Feb.06_16_30_00.GMT.2025.CACO04.c2.bright.jpg,c2,1738859400,2025-02-06T16:30:00+00:00,30.0,1.3168560207556077,4.950495049504951,adcp linear at epoch+300s
1738861200.Thu.Feb.06_17_00_00.GMT.2025.CACO04.c2.bright.jpg,c2,1738861200,2025-02-06T17:00:00+00:00,0.0,1.3950764362007624,4.950495049504951,adcp linear at epoch+300s
1738863000.Thu.Feb.06_17_30_00.GMT.2025.CACO04.c2.bright.jpg,c2,1738863000,2025-02-06T17:30:00+00:00,30.0,1.6124840211534162,6.125574272588055,adcp linear at epoch+300s
1738864800.Thu.Feb.06_18_00_00.GMT.2025.CACO04.c2.bright.jpg,c2,1738864800,2025-02-06T18:00:00+00:00,0.0,1.7942122940317653,6.125574272588055,adcp linear at epoch+300s
1738866600.Thu.Feb.06_18_30_00.GMT.2025.CACO04.c2.bright.jpg,c2,1738866600,2025-02-06T18:30:00+00:00,30.0,1.797544006538592,6.125574272588055,adcp linear at epoch+300s
1738868400.Thu.Feb.06_19_00_00.GMT.2025.CACO04.c2.bright.jpg,c2,1738868400,2025-02-06T19:00:00+00:00,0.0,1.8098368906181816,6.125574272588055,adcp linear at epoch+300s
1738870200.Thu.Feb.06_19_30_00.GMT.2025.CACO04.c2.bright.jpg,c2,1738870200,2025-02-06T19:30:00+00:00,30.0,1.8669356325615856,6.768189509306261,adcp linear at epoch+300s
1738872000.Thu.Feb.06_20_00_00.GMT.2025.CACO04.c2.bright.jpg,c2,1738872000,2025-02-06T20:00:00+00:00,0.0,1.9080024724272555,6.768189509306261,adcp linear at epoch+300s
1738873800.Thu.Feb.06_20_30_00.GMT.2025.CACO04.c2.bright.jpg,c2,1738873800,2025-02-06T20:30:00+00:00,30.0,1.8689098019042538,6.768189509306261,adcp linear at epoch+300s
1738875600.Thu.Feb.06_21_00_00.GMT.2025.CACO04.c2.bright.jpg,c2,1738875600,2025-02-06T21:00:00+00:00,0.0,1.8346732168943745,6.768189509306261,adcp linear at epoch+300s
1738877400.Thu.Feb.06_21_30_00.GMT.2025.CACO04.c2.bright.jpg,c2,1738877400,2025-02-06T21:30:00+00:00,30.0,1.8247170594501068,7.561436672967865,adcp linear at epoch+300s
1738879200.Thu.Feb.06_22_00_00.GMT.2025.CACO04.c2.bright.jpg,c2,1738879200,2025-02-06T22:00:00+00:00,0.0,1.8101214080258794,7.561436672967865,adcp linear at epoch+300s
1738881000.Thu.Feb.06_22_30_00.GMT.2025.CACO04.c2.bright.jpg,c2,1738881000,2025-02-06T22:30:00+00:00,30.0,1.772328286701853,8.032128514056225,adcp linear at epoch+300s
1738882800.Thu.Feb.06_23_00_00.GMT.2025.CACO04.c2.bright.jpg,c2,1738882800,2025-02-06T23:00:00+00:00,0.0,1.7166197544369206,8.032128514056225,adcp linear at epoch+300s
1738884600.Thu.Feb.06_23_30_00.GMT.2025.CACO04.c2.bright.jpg,c2,1738884600,2025-02-06T23:30:00+00:00,30.0,1.571334167467458,7.561436672967865,adcp linear at epoch+300s
1738886400.Fri.Feb.07_00_00_00.GMT.2025.CACO04.c2.bright.jpg,c2,1738886400,2025-02-07T00:00:00+00:00,0.0,1.4482958068127114,7.561436672967865,adcp linear at epoch+300s
1738888200.Fri.Feb.07_00_30_00.GMT.2025.CACO04.c2.bright.jpg,c2,1738888200,2025-02-07T00:30:00+00:00,30.0,1.4364935777315475,8.032128514056225,adcp linear at epoch+300s
1738890000.Fri.Feb.07_01_00_00.GMT.2025.CACO04.c2.bright.jpg,c2,1738890000,2025-02-07T01:00:00+00:00,0.0,1.4138457748980888,8.032128514056225,adcp linear at epoch+300s
1738891800.Fri.Feb.07_01_30_00.GMT.2025.CACO04.c2.bright.jpg,c2,1738891800,2025-02-07T01:30:00+00:00,30.0,1.336970103303155,7.561436672967865,adcp linear at epoch+300s
1738893600.Fri.Feb.07_02_00_00.GMT.2025.CACO04.c2.bright.jpg,c2,1738893600,2025-02-07T02:00:00+00:00,0.0,1.2765020545049288,7.561436672967865,adcp linear at epoch+300s
1738895400.Fri.Feb.07_02_30_00.GMT.2025.CACO04.c2.bright.jpg,c2,1738895400,2025-02-07T02:30:00+00:00,30.0,1.2980721196902416,8.032128514056225,adcp linear at epoch+300s
1738897200.Fri.Feb.07_03_00_00.GMT.2025.CACO04.c2.bright.jpg,c2,1738897200,2025-02-07T03:00:00+00:00,0.0,1.3031505493010016,8.032128514056225,adcp linear at epoch+300s
1738927800.Fri.Feb.07_11_30_00.GMT.2025.CACO04.c2.bright.jpg,c2,1738927800,2025-02-07T11:30:00+00:00,30.0,1.0204686742160656,8.032128514056225,adcp linear at epoch+300s
1738929600.Fri.Feb.07_12_00_00.GMT.2025.CACO04.c2.bright.jpg,c2,1738929600,2025-02-07T12:00:00+00:00,0.0,1.1082707182886864,8.032128514056225,adcp linear at epoch+300s
1738931400.Fri.Feb.07_12_30_00.GMT.2025.CACO04.c2.bright.jpg,c2,1738931400,2025-02-07T12:30:00+00:00,30.0,1.1430224351465337,8.565310492505352,adcp linear at epoch+300s
1738933200.Fri.Feb.07_13_00_00.GMT.2025.CACO04.c2.bright.jpg,c2,1738933200,2025-02-07T13:00:00+00:00,0.0,1.1730125555179116,8.565310492505352,adcp linear at epoch+300s
1738935000.Fri.Feb.07_13_30_00.GMT.2025.CACO04.c2.bright.jpg,c2,1738935000,2025-02-07T13:30:00+00:00,30.0,1.1791946934569442,9.876543209876544,adcp linear at epoch+300s
1738936800.Fri.Feb.07_14_00_00.GMT.2025.CACO04.c2.bright.jpg,c2,1738936800,2025-02-07T14:00:00+00:00,0.0,1.1828127225174174,9.876543209876544,adcp linear at epoch+300s
1738938600.Fri.Feb.07_14_30_00.GMT.2025.CACO04.c2.bright.jpg,c2,1738938600,2025-02-07T14:30:00+00:00,30.0,1.1736102071850956,8.565310492505352,adcp linear at epoch+300s
1738940400.Fri.Feb.07_15_00_00.GMT.2025.CACO04.c2.bright.jpg,c2,1738940400,2025-02-07T15:00:00+00:00,0.0,1.1626848773977554,8.565310492505352,adcp linear at epoch+300s
1738942200.Fri.Feb.07_15_30_00.GMT.2025.CACO04.c2.bright.jpg,c2,1738942200,2025-02-07T15:30:00+00:00,30.0,1.1431454753353243,9.876543209876544,adcp linear at epoch+300s
1738944000.Fri.Feb.07_16_00_00.GMT.2025.CACO04.c2.bright.jpg,c2,1738944000,2025-02-07T16:00:00+00:00,0.0,1.1138714225238966,9.876543209876544,adcp linear at epoch+300s
1738945800.Fri.Feb.07_16_30_00.GMT.2025.CACO04.c2.bright.jpg,c2,1738945800,2025-02-07T16:30:00+00:00,30.0,1.0359241159674866,10.6951871657754,adcp linear at epoch+300s
1738947600.Fri.Feb.07_17_00_00.GMT.2025.CACO04.c2.bright.jpg,c2,1738947600,2025-02-07T17:00:00+00:00,0.0,0.9788485770491335,10.6951871657754,adcp linear at epoch+300s
1738949400.Fri.Feb.07_17_30_00.GMT.2025.CACO04.c2.bright.jpg,c2,1738949400,2025-02-07T17:30:00+00:00,30.0,1.0261318763210645,10.6951871657754,adcp linear at epoch+300s
1738951200.Fri.Feb.07_18_00_00.GMT.2025.CACO04.c2.bright.jpg,c2,1738951200,2025-02-07T18:00:00+00:00,0.0,1.0578299174950458,10.6951871657754,adcp linear at epoch+300s
1738953000.Fri.Feb.07_18_30_00.GMT.2025.CACO04.c2.bright.jpg,c2,1738953000,2025-02-07T18:30:00+00:00,30.0,1.0116016681792797,10.6951871657754,adcp linear at epoch+300s
1738954800.Fri.Feb.07_19_00_00.GMT.2025.CACO04.c2.bright.jpg,c2,1738954800,2025-02-07T19:00:00+00:00,0.0,0.9693654395078468,10.6951871657754,adcp linear at epoch+300s
1738956600.Fri.Feb.07_19_30_00.GMT.2025.CACO04.c2.bright.jpg,c2,1738956600,2025-02-07T19:30:00+00:00,30.0,0.9470893140580822,9.876543209876544,adcp linear at epoch+300s
1738958400.Fri.Feb.07_20_00_00.GMT.2025.CACO04.c2.bright.jpg,c2,1738958400,2025-02-07T20:00:00+00:00,0.0,0.9214076787290711,9.876543209876544,adcp linear at epoch+300s
1738960200.Fri.Feb.07_20_30_00.GMT.2025.CACO04.c2.bright.jpg,c2,1738960200,2025-02-07T20:30:00+00:00,30.0,0.8786984940038289,10.6951871657754,adcp linear at epoch+300s
1738962000.Fri.Feb.07_21_00_00.GMT.2025.CACO04.c2.bright.jpg,c2,1738962000,2025-02-07T21:00:00+00:00,0.0,0.8459974567462158,10.6951871657754,adcp linear at epoch+300s
1738963800.Fri.Feb.07_21_30_00.GMT.2025.CACO04.c2.bright.jpg,c2,1738963800,2025-02-07T21:30:00+00:00,30.0,0.8633371568267489,9.876543209876544,adcp linear at epoch+300s
1738965600.Fri.Feb.07_22_00_00.GMT.2025.CACO04.c2.bright.jpg,c2,1738965600,2025-02-07T22:00:00+00:00,0.0,0.8803186032306476,9.876543209876544,adcp linear at epoch+300s
1738967400.Fri.Feb.07_22_30_00.GMT.2025.CACO04.c2.bright.jpg,c2,1738967400,2025-02-07T22:30:00+00:00,30.0,0.8955087812513738,9.876543209876544,adcp linear at epoch+300s
1738969200.Fri.Feb.07_23_00_00.GMT.2025.CACO04.c2.bright.jpg,c2,1738969200,2025-02-07T23:00:00+00:00,0.0,0.9025740607720248,9.876543209876544,adcp linear at epoch+300s
1738971000.Fri.Feb.07_23_30_00.GMT.2025.CACO04.c2.bright.jpg,c2,1738971000,2025-02-07T23:30:00+00:00,30.0,0.8690148477922996,9.876543209876544,adcp linear at epoch+300s
1738972800.Sat.Feb.08_00_00_00.GMT.2025.CACO04.c2.bright.jpg,c2,1738972800,2025-02-08T00:00:00+00:00,0.0,0.8540710219154126,9.876543209876544,adcp linear at epoch+300s
1738974600.Sat.Feb.08_00_30_00.GMT.2025.CACO04.c2.bright.jpg,c2,1738974600,2025-02-08T00:30:00+00:00,30.0,0.9322041315527166,9.876543209876544,adcp linear at epoch+300s
1738976400.Sat.Feb.08_01_00_00.GMT.2025.CACO04.c2.bright.jpg,c2,1738976400,2025-02-08T01:00:00+00:00,0.0,0.9866441677280704,9.876543209876544,adcp linear at epoch+300s
1738978200.Sat.Feb.08_01_30_00.GMT.2025.CACO04.c2.bright.jpg,c2,1738978200,2025-02-08T01:30:00+00:00,30.0,0.9226188365936728,9.876543209876544,adcp linear at epoch+300s
1738980000.Sat.Feb.08_02_00_00.GMT.2025.CACO04.c2.bright.jpg,c2,1738980000,2025-02-08T02:00:00+00:00,0.0,0.8621541346827284,9.876543209876544,adcp linear at epoch+300s
1738981800.Sat.Feb.08_02_30_00.GMT.2025.CACO04.c2.bright.jpg,c2,1738981800,2025-02-08T02:30:00+00:00,30.0,0.8194925788890504,10.6951871657754,adcp linear at epoch+300s
1738983600.Sat.Feb.08_03_00_00.GMT.2025.CACO04.c2.bright.jpg,c2,1738983600,2025-02-08T03:00:00+00:00,0.0,0.781267568978352,10.6951871657754,adcp linear at epoch+300s
1739014200.Sat.Feb.08_11_30_00.GMT.2025.CACO04.c2.bright.jpg,c2,1739014200,2025-02-08T11:30:00+00:00,30.0,0.8442581631056675,5.148005148005149,adcp linear at epoch+300s
1739016000.Sat.Feb.08_12_00_00.GMT.2025.CACO04.c2.bright.jpg,c2,1739016000,2025-02-08T12:00:00+00:00,0.0,0.850986998171013,5.148005148005149,adcp linear at epoch+300s
1739017800.Sat.Feb.08_12_30_00.GMT.2025.CACO04.c2.bright.jpg,c2,1739017800,2025-02-08T12:30:00+00:00,30.0,0.781200855411557,9.876543209876544,adcp linear at epoch+300s
1739019600.Sat.Feb.08_13_00_00.GMT.2025.CACO04.c2.bright.jpg,c2,1739019600,2025-02-08T13:00:00+00:00,0.0,0.7168449220910321,9.876543209876544,adcp linear at epoch+300s
1739021400.Sat.Feb.08_13_30_00.GMT.2025.CACO04.c2.bright.jpg,c2,1739021400,2025-02-08T13:30:00+00:00,30.0,0.6796400359651619,9.876543209876544,adcp linear at epoch+300s
1739023200.Sat.Feb.08_14_00_00.GMT.2025.CACO04.c2.bright.jpg,c2,1739023200,2025-02-08T14:00:00+00:00,0.0,0.6355411567408463,9.876543209876544,adcp linear at epoch+300s
1739025000.Sat.Feb.08_14_30_00.GMT.2025.CACO04.c2.bright.jpg,c2,1739025000,2025-02-08T14:30:00+00:00,30.0,0.5569723120243042,8.565310492505352,adcp linear at epoch+300s
1739026800.Sat.Feb.08_15_00_00.GMT.2025.CACO04.c2.bright.jpg,c2,1739026800,2025-02-08T15:00:00+00:00,0.0,0.4930607841167469,8.565310492505352,adcp linear at epoch+300s
1739028600.Sat.Feb.08_15_30_00.GMT.2025.CACO04.c2.bright.jpg,c2,1739028600,2025-02-08T15:30:00+00:00,30.0,0.5024358402541143,9.876543209876544,adcp linear at epoch+300s
1739030400.Sat.Feb.08_16_00_00.GMT.2025.CACO04.c2.bright.jpg,c2,1739030400,2025-02-08T16:00:00+00:00,0.0,0.5057276552045453,9.876543209876544,adcp linear at epoch+300s
1739032200.Sat.Feb.08_16_30_00.GMT.2025.CACO04.c2.bright.jpg,c2,1739032200,2025-02-08T16:30:00+00:00,30.0,0.47860326422029464,9.174311926605505,adcp linear at epoch+300s
1739034000.Sat.Feb.08_17_00_00.GMT.2025.CACO04.c2.bright.jpg,c2,1739034000,2025-02-08T17:00:00+00:00,0.0,0.46115586120959484,9.174311926605505,adcp linear at epoch+300s
1739035800.Sat.Feb.08_17_30_00.GMT.2025.CACO04.c2.bright.jpg,c2,1739035800,2025-02-08T17:30:00+00:00,30.0,0.4920933980666493,9.876543209876544,adcp linear at epoch+300s
1739037600.Sat.Feb.08_18_00_00.GMT.2025.CACO04.c2.bright.jpg,c2,1739037600,2025-02-08T18:00:00+00:00,0.0,0.5092157747258237,9.876543209876544,adcp linear at epoch+300s
1739039400.Sat.Feb.08_18_30_00.GMT.2025.CACO04.c2.bright.jpg,c2,1739039400,2025-02-08T18:30:00+00:00,30.0,0.45726235039559754,9.876543209876544,adcp linear at epoch+300s
1739041200.Sat.Feb.08_19_00_00.GMT.2025.CACO04.c2.bright.jpg,c2,1739041200,2025-02-08T19:00:00+00:00,0.0,0.4125308594214317,9.876543209876544,adcp linear at epoch+300s
1739043000.Sat.Feb.08_19_30_00.GMT.2025.CACO04.c2.bright.jpg,c2,1739043000,2025-02-08T19:30:00+00:00,30.0,0.40390903522756727,9.174311926605505,adcp linear at epoch+300s
1739044800.Sat.Feb.08_20_00_00.GMT.2025.CACO04.c2.bright.jpg,c2,1739044800,2025-02-08T20:00:00+00:00,0.0,0.39686658734709696,9.174311926605505,adcp linear at epoch+300s
1739046600.Sat.Feb.08_20_30_00.GMT.2025.CACO04.c2.bright.jpg,c2,1739046600,2025-02-08T20:30:00+00:00,30.0,0.3977210210335974,9.174311926605505,adcp linear at epoch+300s
1739048400.Sat.Feb.08_21_00_00.GMT.2025.CACO04.c2.bright.jpg,c2,1739048400,2025-02-08T21:00:00+00:00,0.0,0.3973432695911264,9.174311926605505,adcp linear at epoch+300s
1739050200.Sat.Feb.08_21_30_00.GMT.2025.CACO04.c2.bright.jpg,c2,1739050200,2025-02-08T21:30:00+00:00,30.0,0.3908045925037985,8.565310492505352,adcp linear at epoch+300s
1739052000.Sat.Feb.08_22_00_00.GMT.2025.CACO04.c2.bright.jpg,c2,1739052000,2025-02-08T22:00:00+00:00,0.0,0.39653970031297925,8.565310492505352,adcp linear at epoch+300s
1739053800.Sat.Feb.08_22_30_00.GMT.2025.CACO04.c2.bright.jpg,c2,1739053800,2025-02-08T22:30:00+00:00,30.0,0.4636437326047035,8.565310492505352,adcp linear at epoch+300s
1739055600.Sat.Feb.08_23_00_00.GMT.2025.CACO04.c2.bright.jpg,c2,1739055600,2025-02-08T23:00:00+00:00,0.0,0.5098880483920332,8.565310492505352,adcp linear at epoch+300s
1739057400.Sat.Feb.08_23_30_00.GMT.2025.CACO04.c2.bright.jpg,c2,1739057400,2025-02-08T23:30:00+00:00,30.0,0.4518337816573897,9.876543209876544,adcp linear at epoch+300s
1739059200.Sun.Feb.09_00_00_00.GMT.2025.CACO04.c2.bright.jpg,c2,1739059200,2025-02-09T00:00:00+00:00,0.0,0.40353825301593327,9.876543209876544,adcp linear at epoch+300s
1739061000.Sun.Feb.09_00_30_00.GMT.2025.CACO04.c2.bright.jpg,c2,1739061000,2025-02-09T00:30:00+00:00,30.0,0.4040364148404122,9.174311926605505,adcp linear at epoch+300s
1739062800.Sun.Feb.09_01_00_00.GMT.2025.CACO04.c2.bright.jpg,c2,1739062800,2025-02-09T01:00:00+00:00,0.0,0.40708342619591487,9.174311926605505,adcp linear at epoch+300s
1739064600.Sun.Feb.09_01_30_00.GMT.2025.CACO04.c2.bright.jpg,c2,1739064600,2025-02-09T01:30:00+00:00,30.0,0.42287468520653637,9.174311926605505,adcp linear at epoch+300s
1739066400.Sun.Feb.09_02_00_00.GMT.2025.CACO04.c2.bright.jpg,c2,1739066400,2025-02-09T02:00:00+00:00,0.0,0.4324464631475935,9.174311926605505,adcp linear at epoch+300s
1739068200.Sun.Feb.09_02_30_00.GMT.2025.CACO04.c2.bright.jpg,c2,1739068200,2025-02-09T02:30:00+00:00,30.0,0.4109208357408289,8.565310492505352,adcp linear at epoch+300s
1739070000.Sun.Feb.09_03_00_00.GMT.2025.CACO04.c2.bright.jpg,c2,1739070000,2025-02-09T03:00:00+00:00,0.0,0.40128456837679943,8.565310492505352,adcp linear at epoch+300s
1739100600.Sun.Feb.09_11_30_00.GMT.2025.CACO04.c2.bright.jpg,c2,1739100600,2025-02-09T11:30:00+00:00,30.0,0.7522204224290827,4.597701149425287,adcp linear at epoch+300s
1739102400.Sun.Feb.09_12_00_00.GMT.2025.CACO04.c2.bright.jpg,c2,1739102400,2025-02-09T12:00:00+00:00,0.0,0.9930597978336455,4.597701149425287,adcp linear at epoch+300s
1739104200.Sun.Feb.09_12_30_00.GMT.2025.CACO04.c2.bright.jpg,c2,1739104200,2025-02-09T12:30:00+00:00,30.0,1.0236762486929973,4.950495049504951,adcp linear at epoch+300s
1739106000.Sun.Feb.09_13_00_00.GMT.2025.CACO04.c2.bright.jpg,c2,1739106000,2025-02-09T13:00:00+00:00,0.0,1.0557867300492718,4.950495049504951,adcp linear at epoch+300s
1739107800.Sun.Feb.09_13_30_00.GMT.2025.CACO04.c2.bright.jpg,c2,1739107800,2025-02-09T13:30:00+00:00,30.0,1.0953673638901607,5.594405594405594,adcp linear at epoch+300s
1739109600.Sun.Feb.09_14_00_00.GMT.2025.CACO04.c2.bright.jpg,c2,1739109600,2025-02-09T14:00:00+00:00,0.0,1.125433842719854,5.594405594405594,adcp linear at epoch+300s
1739111400.Sun.Feb.09_14_30_00.GMT.2025.CACO04.c2.bright.jpg,c2,1739111400,2025-02-09T14:30:00+00:00,30.0,1.107929546493571,5.594405594405594,adcp linear at epoch+300s
1739113200.Sun.Feb.09_15_00_00.GMT.2025.CACO04.c2.bright.jpg,c2,1739113200,2025-02-09T15:00:00+00:00,0.0,1.09684525777818,5.594405594405594,adcp linear at epoch+300s
1739115000.Sun.Feb.09_15_30_00.GMT.2025.CACO04.c2.bright.jpg,c2,1739115000,2025-02-09T15:30:00+00:00,30.0,1.1178610066172494,6.125574272588055,adcp linear at epoch+300s
1739116800.Sun.Feb.09_16_00_00.GMT.2025.CACO04.c2.bright.jpg,c2,1739116800,2025-02-09T16:00:00+00:00,0.0,1.1566494539216194,6.125574272588055,adcp linear at epoch+300s
1739118600.Sun.Feb.09_16_30_00.GMT.2025.CACO04.c2.bright.jpg,c2,1739118600,2025-02-09T16:30:00+00:00,30.0,1.284301393552494,6.430868167202571,adcp linear at epoch+300s
1739120400.Sun.Feb.09_17_00_00.GMT.2025.CACO04.c2.bright.jpg,c2,1739120400,2025-02-09T17:00:00+00:00,0.0,1.4261977361997986,6.430868167202571,adcp linear at epoch+300s
1739122200.Sun.Feb.09_17_30_00.GMT.2025.CACO04.c2.bright.jpg,c2,1739122200,2025-02-09T17:30:00+00:00,30.0,1.6393160939292533,6.430868167202571,adcp linear at epoch+300s
1739124000.Sun.Feb.09_18_00_00.GMT.2025.CACO04.c2.bright.jpg,c2,1739124000,2025-02-09T18:00:00+00:00,0.0,1.826621485750628,6.430868167202571,adcp linear at epoch+300s
1739125800.Sun.Feb.09_18_30_00.GMT.2025.CACO04.c2.bright.jpg,c2,1739125800,2025-02-09T18:30:00+00:00,30.0,1.8848620480316054,5.847953216374269,adcp linear at epoch+300s
1739127600.Sun.Feb.09_19_00_00.GMT.2025.CACO04.c2.bright.jpg,c2,1739127600,2025-02-09T19:00:00+00:00,0.0,1.9245826149910652,5.847953216374269,adcp linear at epoch+300s
1739129400.Sun.Feb.09_19_30_00.GMT.2025.CACO04.c2.bright.jpg,c2,1739129400,2025-02-09T19:30:00+00:00,30.0,1.871703205342936,7.142857142857142,adcp linear at epoch+300s
1739131200.Sun.Feb.09_20_00_00.GMT.2025.CACO04.c2.bright.jpg,c2,1739131200,2025-02-09T20:00:00+00:00,0.0,1.8374545489147835,7.142857142857142,adcp linear at epoch+300s
1739133000.Sun.Feb.09_20_30_00.GMT.2025.CACO04.c2.bright.jpg,c2,1739133000,2025-02-09T20:30:00+00:00,30.0,1.8963596585865128,7.142857142857142,adcp linear at epoch+300s
1739134800.Sun.Feb.09_21_00_00.GMT.2025.CACO04.c2.bright.jpg,c2,1739134800,2025-02-09T21:00:00+00:00,0.0,1.9539817169960274,7.142857142857142,adcp linear at epoch+300s
1739136600.Sun.Feb.09_21_30_00.GMT.2025.CACO04.c2.bright.jpg,c2,1739136600,2025-02-09T21:30:00+00:00,30.0,2.005188519094469,7.142857142857142,adcp linear at epoch+300s
1739138400.Sun.Feb.09_22_00_00.GMT.2025.CACO04.c2.bright.jpg,c2,1739138400,2025-02-09T22:00:00+00:00,0.0,2.0290738781383553,7.142857142857142,adcp linear at epoch+300s
1739140200.Sun.Feb.09_22_30_00.GMT.2025.CACO04.c2.bright.jpg,c2,1739140200,2025-02-09T22:30:00+00:00,30.0,1.9163520219094614,7.142857142857142,adcp linear at epoch+300s
1739142000.Sun.Feb.09_23_00_00.GMT.2025.CACO04.c2.bright.jpg,c2,1739142000,2025-02-09T23:00:00+00:00,0.0,1.8234810920711317,7.142857142857142,adcp linear at epoch+300s
1739143800.Sun.Feb.09_23_30_00.GMT.2025.CACO04.c2.bright.jpg,c2,1739143800,2025-02-09T23:30:00+00:00,30.0,1.8298647941856225,6.768189509306261,adcp linear at epoch+300s
1739145600.Mon.Feb.10_00_00_00.GMT.2025.CACO04.c2.bright.jpg,c2,1739145600,2025-02-10T00:00:00+00:00,0.0,1.8472507909875733,6.768189509306261,adcp linear at epoch+300s
1739147400.Mon.Feb.10_00_30_00.GMT.2025.CACO04.c2.bright.jpg,c2,1739147400,2025-02-10T00:30:00+00:00,30.0,1.9196482612268237,6.768189509306261,adcp linear at epoch+300s
1739149200.Mon.Feb.10_01_00_00.GMT.2025.CACO04.c2.bright.jpg,c2,1739149200,2025-02-10T01:00:00+00:00,0.0,1.9670026535141243,6.768189509306261,adcp linear at epoch+300s
1739151000.Mon.Feb.10_01_30_00.GMT.2025.CACO04.c2.bright.jpg,c2,1739151000,2025-02-10T01:30:00+00:00,30.0,1.8891416560416756,6.768189509306261,adcp linear at epoch+300s
1739152800.Mon.Feb.10_02_00_00.GMT.2025.CACO04.c2.bright.jpg,c2,1739152800,2025-02-10T02:00:00+00:00,0.0,1.8068852481850601,6.768189509306261,adcp linear at epoch+300s
1739154600.Mon.Feb.10_02_30_00.GMT.2025.CACO04.c2.bright.jpg,c2,1739154600,2025-02-10T02:30:00+00:00,30.0,1.7026517884076107,7.142857142857142,adcp linear at epoch+300s
1739156400.Mon.Feb.10_03_00_00.GMT.2025.CACO04.c2.bright.jpg,c2,1739156400,2025-02-10T03:00:00+00:00,0.0,1.6052096402492082,7.142857142857142,adcp linear at epoch+300s
1739187000.Mon.Feb.10_11_30_00.GMT.2025.CACO04.c2.bright.jpg,c2,1739187000,2025-02-10T11:30:00+00:00,30.0,1.2172934060674412,7.142857142857142,adcp linear at epoch+300s
1739188800.Mon.Feb.10_12_00_00.GMT.2025.CACO04.c2.bright.jpg,c2,1739188800,2025-02-10T12:00:00+00:00,0.0,1.228582435133002,7.142857142857142,adcp linear at epoch+300s
1739190600.Mon.Feb.10_12_30_00.GMT.2025.CACO04.c2.bright.jpg,c2,1739190600,2025-02-10T12:30:00+00:00,30.0,1.1529612122274928,8.032128514056225,adcp linear at epoch+300s
1739192400.Mon.Feb.10_13_00_00.GMT.2025.CACO04.c2.bright.jpg,c2,1739192400,2025-02-10T13:00:00+00:00,0.0,1.1004250091644023,8.032128514056225,adcp linear at epoch+300s
1739194200.Mon.Feb.10_13_30_00.GMT.2025.CACO04.c2.bright.jpg,c2,1739194200,2025-02-10T13:30:00+00:00,30.0,1.163313905313407,7.561436672967865,adcp linear at epoch+300s
1739196000.Mon.Feb.10_14_00_00.GMT.2025.CACO04.c2.bright.jpg,c2,1739196000,2025-02-10T14:00:00+00:00,0.0,1.213974992473091,7.561436672967865,adcp linear at epoch+300s
1739197800.Mon.Feb.10_14_30_00.GMT.2025.CACO04.c2.bright.jpg,c2,1739197800,2025-02-10T14:30:00+00:00,30.0,1.203497034686173,7.561436672967865,adcp linear at epoch+300s
1739199600.Mon.Feb.10_15_00_00.GMT.2025.CACO04.c2.bright.jpg,c2,1739199600,2025-02-10T15:00:00+00:00,0.0,1.1959673713804535,7.561436672967865,adcp linear at epoch+300s
1739201400.Mon.Feb.10_15_30_00.GMT.2025.CACO04.c2.bright.jpg,c2,1739201400,2025-02-10T15:30:00+00:00,30.0,1.2031791804807257,8.032128514056225,adcp linear at epoch+300s
1739203200.Mon.Feb.10_16_00_00.GMT.2025.CACO04.c2.bright.jpg,c2,1739203200,2025-02-10T16:00:00+00:00,0.0,1.2074228110241199,8.032128514056225,adcp linear at epoch+300s
1739205000.Mon.Feb.10_16_30_00.GMT.2025.CACO04.c2.bright.jpg,c2,1739205000,2025-02-10T16:30:00+00:00,30.0,1.196825548783124,8.032128514056225,adcp linear at epoch+300s
1739206800.Mon.Feb.10_17_00_00.GMT.2025.CACO04.c2.bright.jpg,c2,1739206800,2025-02-10T17:00:00+00:00,0.0,1.1820616320845434,8.032128514056225,adcp linear at epoch+300s
1739208600.Mon.Feb.10_17_30_00.GMT.2025.CACO04.c2.bright.jpg,c2,1739208600,2025-02-10T17:30:00+00:00,30.0,1.146464443098037,8.565310492505352,adcp linear at epoch+300s
1739210400.Mon.Feb.10_18_00_00.GMT.2025.CACO04.c2.bright.jpg,c2,1739210400,2025-02-10T18:00:00+00:00,0.0,1.1179916661943363,8.565310492505352,adcp linear at epoch+300s
1739212200.Mon.Feb.10_18_30_00.GMT.2025.CACO04.c2.bright.jpg,c2,1739212200,2025-02-10T18:30:00+00:00,30.0,1.1251409497046638,8.565310492505352,adcp linear at epoch+300s
1739214000.Mon.Feb.10_19_00_00.GMT.2025.CACO04.c2.bright.jpg,c2,1739214000,2025-02-10T19:00:00+00:00,0.0,1.1290398101966244,8.565310492505352,adcp linear at epoch+300s
1739215800.Mon.Feb.10_19_30_00.GMT.2025.CACO04.c2.bright.jpg,c2,1739215800,2025-02-10T19:30:00+00:00,30.0,1.1166865555967516,9.174311926605505,adcp linear at epoch+300s
1739217600.Mon.Feb.10_20_00_00.GMT.2025.CACO04.c2.bright.jpg,c2,1739217600,2025-02-10T20:00:00+00:00,0.0,1.0872710773336431,9.174311926605505,adcp linear at epoch+300s
1739219400.Mon.Feb.10_20_30_00.GMT.2025.CACO04.c2.bright.jpg,c2,1739219400,2025-02-10T20:30:00+00:00,30.0,0.972544480754357,8.565310492505352,adcp linear at epoch+300s
1739221200.Mon.Feb.10_21_00_00.GMT.2025.CACO04.c2.bright.jpg,c2,1739221200,2025-02-10T21:00:00+00:00,0.0,0.8843088714636842,8.565310492505352,adcp linear at epoch+300s
1739223000.Mon.Feb.10_21_30_00.GMT.2025.CACO04.c2.bright.jpg,c2,1739223000,2025-02-10T21:30:00+00:00,30.0,0.9285281986160783,8.565310492505352,adcp linear at epoch+300s
1739224800.Mon.Feb.10_22_00_00.GMT.2025.CACO04.c2.bright.jpg,c2,1739224800,2025-02-10T22:00:00+00:00,0.0,0.964436083420297,8.565310492505352,adcp linear at epoch+300s
1739226600.Mon.Feb.10_22_30_00.GMT.2025.CACO04.c2.bright.jpg,c2,1739226600,2025-02-10T22:30:00+00:00,30.0,0.9587867564836396,9.174311926605505,adcp linear at epoch+300s
1739228400.Mon.Feb.10_23_00_00.GMT.2025.CACO04.c2.bright.jpg,c2,1739228400,2025-02-10T23:00:00+00:00,0.0,0.9519852443429077,9.174311926605505,adcp linear at epoch+300s
1739230200.Mon.Feb.10_23_30_00.GMT.2025.CACO04.c2.bright.jpg,c2,1739230200,2025-02-10T23:30:00+00:00,30.0,0.9394228061818026,9.174311926605505,adcp linear at epoch+300s
1739232000.Tue.Feb.11_00_00_00.GMT.2025.CACO04.c2.bright.jpg,c2,1739232000,2025-02-11T00:00:00+00:00,0.0,0.945406495210574,9.174311926605505,adcp linear at epoch+300s
1739233800.Tue.Feb.11_00_30_00.GMT.2025.CACO04.c2.bright.jpg,c2,1739233800,2025-02-11T00:30:00+00:00,30.0,1.0441208201887275,9.174311926605505,adcp linear at epoch+300s
1739235600.Tue.Feb.11_01_00_00.GMT.2025.CACO04.c2.bright.jpg,c2,1739235600,2025-02-11T01:00:00+00:00,0.0,1.1255496908242346,9.174311926605505,adcp linear at epoch+300s
1739237400.Tue.Feb.11_01_30_00.GMT.2025.CACO04.c2.bright.jpg,c2,1739237400,2025-02-11T01:30:00+00:00,30.0,1.1205512897465097,8.032128514056225,adcp linear at epoch+300s
1739239200.Tue.Feb.11_02_00_00.GMT.2025.CACO04.c2.bright.jpg,c2,1739239200,2025-02-11T02:00:00+00:00,0.0,1.1275308194060405,8.032128514056225,adcp linear at epoch+300s
1739241000.Tue.Feb.11_02_30_00.GMT.2025.CACO04.c2.bright.jpg,c2,1739241000,2025-02-11T02:30:00+00:00,30.0,1.1944000027518495,5.847953216374269,adcp linear at epoch+300s
1739242800.Tue.Feb.11_03_00_00.GMT.2025.CACO04.c2.bright.jpg,c2,1739242800,2025-02-11T03:00:00+00:00,0.0,1.2424209769809607,5.847953216374269,adcp linear at epoch+300s
1739273400.Tue.Feb.11_11_30_00.GMT.2025.CACO04.c2.bright.jpg,c2,1739273400,2025-02-11T11:30:00+00:00,30.0,0.7345369723022932,5.847953216374269,adcp linear at epoch+300s
1739275200.Tue.Feb.11_12_00_00.GMT.2025.CACO04.c2.bright.jpg,c2,1739275200,2025-02-11T12:00:00+00:00,0.0,0.7068131344684648,5.847953216374269,adcp linear at epoch+300s
1739277000.Tue.Feb.11_12_30_00.GMT.2025.CACO04.c2.bright.jpg,c2,1739277000,2025-02-11T12:30:00+00:00,30.0,0.7123673347160685,5.594405594405594,adcp linear at epoch+300s
1739278800.Tue.Feb.11_13_00_00.GMT.2025.CACO04.c2.bright.jpg,c2,1739278800,2025-02-11T13:00:00+00:00,0.0,0.7144654968464401,5.594405594405594,adcp linear at epoch+300s
1739280600.Tue.Feb.11_13_30_00.GMT.2025.CACO04.c2.bright.jpg,c2,1739280600,2025-02-11T13:30:00+00:00,30.0,0.699283468390652,5.148005148005149,adcp linear at epoch+300s
1739282400.Tue.Feb.11_14_00_00.GMT.2025.CACO04.c2.bright.jpg,c2,1739282400,2025-02-11T14:00:00+00:00,0.0,0.681854200610632,5.148005148005149,adcp linear at epoch+300s
1739284200.Tue.Feb.11_14_30_00.GMT.2025.CACO04.c2.bright.jpg,c2,1739284200,2025-02-11T14:30:00+00:00,30.0,0.6531887362094522,5.148005148005149,adcp linear at epoch+300s
1739286000.Tue.Feb.11_15_00_00.GMT.2025.CACO04.c2.bright.jpg,c2,1739286000,2025-02-11T15:00:00+00:00,0.0,0.6268408551707964,5.148005148005149,adcp linear at epoch+300s
1739287800.Tue.Feb.11_15_30_00.GMT.2025.CACO04.c2.bright.jpg,c2,1739287800,2025-02-11T15:30:00+00:00,30.0,0.6120808909447609,4.597701149425287,adcp linear at epoch+300s
1739289600.Tue.Feb.11_16_00_00.GMT.2025.CACO04.c2.bright.jpg,c2,1739289600,2025-02-11T16:00:00+00:00,0.0,0.5967097835203065,4.597701149425287,adcp linear at epoch+300s
1739291400.Tue.Feb.11_16_30_00.GMT.2025.CACO04.c2.bright.jpg,c2,1739291400,2025-02-11T16:30:00+00:00,30.0,0.5782829601037567,5.847953216374269,adcp linear at epoch+300s
1739293200.Tue.Feb.11_17_00_00.GMT.2025.CACO04.c2.bright.jpg,c2,1739293200,2025-02-11T17:00:00+00:00,0.0,0.5545750208523669,5.847953216374269,adcp linear at epoch+300s
1739295000.Tue.Feb.11_17_30_00.GMT.2025.CACO04.c2.bright.jpg,c2,1739295000,2025-02-11T17:30:00+00:00,30.0,0.5044615024267773,5.594405594405594,adcp linear at epoch+300s
1739296800.Tue.Feb.11_18_00_00.GMT.2025.CACO04.c2.bright.jpg,c2,1739296800,2025-02-11T18:00:00+00:00,0.0,0.4610838132828458,5.594405594405594,adcp linear at epoch+300s
1739298600.Tue.Feb.11_18_30_00.GMT.2025.CACO04.c2.bright.jpg,c2,1739298600,2025-02-11T18:30:00+00:00,30.0,0.45138527054720456,9.876543209876544,adcp linear at epoch+300s
1739300400.Tue.Feb.11_19_00_00.GMT.2025.CACO04.c2.bright.jpg,c2,1739300400,2025-02-11T19:00:00+00:00,0.0,0.4360244427829329,9.876543209876544,adcp linear at epoch+300s
1739302200.Tue.Feb.11_19_30_00.GMT.2025.CACO04.c2.bright.jpg,c2,1739302200,2025-02-11T19:30:00+00:00,30.0,0.39235218987550896,9.876543209876544,adcp linear at epoch+300s
1739304000.Tue.Feb.11_20_00_00.GMT.2025.CACO04.c2.bright.jpg,c2,1739304000,2025-02-11T20:00:00+00:00,0.0,0.35821014436273096,9.876543209876544,adcp linear at epoch+300s
1739305800.Tue.Feb.11_20_30_00.GMT.2025.CACO04.c2.bright.jpg,c2,1739305800,2025-02-11T20:30:00+00:00,30.0,0.37171913582318267,9.174311926605505,adcp linear at epoch+300s
1739307600.Tue.Feb.11_21_00_00.GMT.2025.CACO04.c2.bright.jpg,c2,1739307600,2025-02-11T21:00:00+00:00,0.0,0.3757872281287157,9.174311926605505,adcp linear at epoch+300s
1739309400.Tue.Feb.11_21_30_00.GMT.2025.CACO04.c2.bright.jpg,c2,1739309400,2025-02-11T21:30:00+00:00,30.0,0.33265082465965534,9.174311926605505,adcp linear at epoch+300s
1739311200.Tue.Feb.11_22_00_00.GMT.2025.CACO04.c2.bright.jpg,c2,1739311200,2025-02-11T22:00:00+00:00,0.0,0.2951821844096273,9.174311926605505,adcp linear at epoch+300s
1739313000.Tue.Feb.11_22_30_00.GMT.2025.CACO04.c2.bright.jpg,c2,1739313000,2025-02-11T22:30:00+00:00,30.0,0.2860523602547609,9.174311926605505,adcp linear at epoch+300s
1739314800.Tue.Feb.11_23_00_00.GMT.2025.CACO04.c2.bright.jpg,c2,1739314800,2025-02-11T23:00:00+00:00,0.0,0.2792655822736043,9.174311926605505,adcp linear at epoch+300s
1739316600.Tue.Feb.11_23_30_00.GMT.2025.CACO04.c2.bright.jpg,c2,1739316600,2025-02-11T23:30:00+00:00,30.0,0.2841940351609967,9.876543209876544,adcp linear at epoch+300s
1739318400.Wed.Feb.12_00_00_00.GMT.2025.CACO04.c2.bright.jpg,c2,1739318400,2025-02-12T00:00:00+00:00,0.0,0.2888677556793671,9.876543209876544,adcp linear at epoch+300s
1739320200.Wed.Feb.12_00_30_00.GMT.2025.CACO04.c2.bright.jpg,c2,1739320200,2025-02-12T00:30:00+00:00,30.0,0.29226781435262683,9.174311926605505,adcp linear at epoch+300s
1739322000.Wed.Feb.12_01_00_00.GMT.2025.CACO04.c2.bright.jpg,c2,1739322000,2025-02-12T01:00:00+00:00,0.0,0.3041300824450828,9.174311926605505,adcp linear at epoch+300s
1739323800.Wed.Feb.12_01_30_00.GMT.2025.CACO04.c2.bright.jpg,c2,1739323800,2025-02-12T01:30:00+00:00,30.0,0.35830339763352004,9.174311926605505,adcp linear at epoch+300s
1739325600.Wed.Feb.12_02_00_00.GMT.2025.CACO04.c2.bright.jpg,c2,1739325600,2025-02-12T02:00:00+00:00,0.0,0.4030889511684575,9.174311926605505,adcp linear at epoch+300s
1739327400.Wed.Feb.12_02_30_00.GMT.2025.CACO04.c2.bright.jpg,c2,1739327400,2025-02-12T02:30:00+00:00,30.0,0.4009356964358963,9.174311926605505,adcp linear at epoch+300s
1739329200.Wed.Feb.12_03_00_00.GMT.2025.CACO04.c2.bright.jpg,c2,1739329200,2025-02-12T03:00:00+00:00,0.0,0.39666484611756214,9.174311926605505,adcp linear at epoch+300s
1739359800.Wed.Feb.12_11_30_00.GMT.2025.CACO04.c2.bright.jpg,c2,1739359800,2025-02-12T11:30:00+00:00,30.0,0.258862020800894,9.876543209876544,adcp linear at epoch+300s
1739361600.Wed.Feb.12_12_00_00.GMT.2025.CACO04.c2.bright.jpg,c2,1739361600,2025-02-12T12:00:00+00:00,0.0,0.27393470857568164,9.876543209876544,adcp linear at epoch+300s
1739363400.Wed.Feb.12_12_30_00.GMT.2025.CACO04.c2.bright.jpg,c2,1739363400,2025-02-12T12:30:00+00:00,30.0,0.28375022996385346,9.174311926605505,adcp linear at epoch+300s
1739365200.Wed.Feb.12_13_00_00.GMT.2025.CACO04.c2.bright.jpg,c2,1739365200,2025-02-12T13:00:00+00:00,0.0,0.30726237320712857,9.174311926605505,adcp linear at epoch+300s
1739367000.Wed.Feb.12_13_30_00.GMT.2025.CACO04.c2.bright.jpg,c2,1739367000,2025-02-12T13:30:00+00:00,30.0,0.39925762572592033,10.6951871657754,adcp linear at epoch+300s
1739368800.Wed.Feb.12_14_00_00.GMT.2025.CACO04.c2.bright.jpg,c2,1739368800,2025-02-12T14:00:00+00:00,0.0,0.5188464837294867,10.6951871657754,adcp linear at epoch+300s
1739370600.Wed.Feb.12_14_30_00.GMT.2025.CACO04.c2.bright.jpg,c2,1739370600,2025-02-12T14:30:00+00:00,30.0,0.7764033691569265,3.902439024390244,adcp linear at epoch+300s
1739372400.Wed.Feb.12_15_00_00.GMT.2025.CACO04.c2.bright.jpg,c2,1739372400,2025-02-12T15:00:00+00:00,0.0,1.0441584763993859,3.902439024390244,adcp linear at epoch+300s
1739374200.Wed.Feb.12_15_30_00.GMT.2025.CACO04.c2.bright.jpg,c2,1739374200,2025-02-12T15:30:00+00:00,30.0,1.3629046927169444,5.361930294906166,adcp linear at epoch+300s
1739376000.Wed.Feb.12_16_00_00.GMT.2025.CACO04.c2.bright.jpg,c2,1739376000,2025-02-12T16:00:00+00:00,0.0,1.6425275986233596,5.361930294906166,adcp linear at epoch+300s
1739377800.Wed.Feb.12_16_30_00.GMT.2025.CACO04.c2.bright.jpg,c2,1739377800,2025-02-12T16:30:00+00:00,30.0,1.7265339524740593,5.361930294906166,adcp linear at epoch+300s
1739379600.Wed.Feb.12_17_00_00.GMT.2025.CACO04.c2.bright.jpg,c2,1739379600,2025-02-12T17:00:00+00:00,0.0,1.8025822042415347,5.361930294906166,adcp linear at epoch+300s
1739381400.Wed.Feb.12_17_30_00.GMT.2025.CACO04.c2.bright.jpg,c2,1739381400,2025-02-12T17:30:00+00:00,30.0,1.8388399455928883,6.430868167202571,adcp linear at epoch+300s
1739383200.Wed.Feb.12_18_00_00.GMT.2025.CACO04.c2.bright.jpg,c2,1739383200,2025-02-12T18:00:00+00:00,0.0,1.8665170469723003,6.430868167202571,adcp linear at epoch+300s
1739385000.Wed.Feb.12_18_30_00.GMT.2025.CACO04.c2.bright.jpg,c2,1739385000,2025-02-12T18:30:00+00:00,30.0,1.8512909484920046,6.125574272588055,adcp linear at epoch+300s
1739386800.Wed.Feb.12_19_00_00.GMT.2025.CACO04.c2.bright.jpg,c2,1739386800,2025-02-12T19:00:00+00:00,0.0,1.8356836600742583,6.125574272588055,adcp linear at epoch+300s
1739388600.Wed.Feb.12_19_30_00.GMT.2025.CACO04.c2.bright.jpg,c2,1739388600,2025-02-12T19:30:00+00:00,30.0,1.81817042196926,6.430868167202571,adcp linear at epoch+300s
1739390400.Wed.Feb.12_20_00_00.GMT.2025.CACO04.c2.bright.jpg,c2,1739390400,2025-02-12T20:00:00+00:00,0.0,1.7865673096865944,6.430868167202571,adcp linear at epoch+300s
1739392200.Wed.Feb.12_20_30_00.GMT.2025.CACO04.c2.bright.jpg,c2,1739392200,2025-02-12T20:30:00+00:00,30.0,1.6845148265155914,6.768189509306261,adcp linear at epoch+300s
1739394000.Wed.Feb.12_21_00_00.GMT.2025.CACO04.c2.bright.jpg,c2,1739394000,2025-02-12T21:00:00+00:00,0.0,1.60188753717938,6.768189509306261,adcp linear at epoch+300s
1739395800.Wed.Feb.12_21_30_00.GMT.2025.CACO04.c2.bright.jpg,c2,1739395800,2025-02-12T21:30:00+00:00,30.0,1.6163862170171261,6.430868167202571,adcp linear at epoch+300s
1739397600.Wed.Feb.12_22_00_00.GMT.2025.CACO04.c2.bright.jpg,c2,1739397600,2025-02-12T22:00:00+00:00,0.0,1.6063542591231745,6.430868167202571,adcp linear at epoch+300s
1739399400.Wed.Feb.12_22_30_00.GMT.2025.CACO04.c2.bright.jpg,c2,1739399400,2025-02-12T22:30:00+00:00,30.0,1.4736691125707329,6.430868167202571,adcp linear at epoch+300s
1739401200.Wed.Feb.12_23_00_00.GMT.2025.CACO04.c2.bright.jpg,c2,1739401200,2025-02-12T23:00:00+00:00,0.0,1.3842841314091452,6.430868167202571,adcp linear at epoch+300s
1739403000.Wed.Feb.12_23_30_00.GMT.2025.CACO04.c2.bright.jpg,c2,1739403000,2025-02-12T23:30:00+00:00,30.0,1.5113999772018256,6.430868167202571,adcp linear at epoch+300s
1739404800.Thu.Feb.13_00_00_00.GMT.2025.CACO04.c2.bright.jpg,c2,1739404800,2025-02-13T00:00:00+00:00,0.0,1.6187356714363073,6.430868167202571,adcp linear at epoch+300s
1739406600.Thu.Feb.13_00_30_00.GMT.2025.CACO04.c2.bright.jpg,c2,1739406600,2025-02-13T00:30:00+00:00,30.0,1.6271706078797932,5.847953216374269,adcp linear at epoch+300s
1739408400.Thu.Feb.13_01_00_00.GMT.2025.CACO04.c2.bright.jpg,c2,1739408400,2025-02-13T01:00:00+00:00,0.0,1.6284042231725955,5.847953216374269,adcp linear at epoch+300s
1739410200.Thu.Feb.13_01_30_00.GMT.2025.CACO04.c2.bright.jpg,c2,1739410200,2025-02-13T01:30:00+00:00,30.0,1.5936312327119784,5.361930294906166,adcp linear at epoch+300s
1739412000.Thu.Feb.13_02_00_00.GMT.2025.CACO04.c2.bright.jpg,c2,1739412000,2025-02-13T02:00:00+00:00,0.0,1.5801574019651778,5.361930294906166,adcp linear at epoch+300s
1739413800.Thu.Feb.13_02_30_00.GMT.2025.CACO04.c2.bright.jpg,c2,1739413800,2025-02-13T02:30:00+00:00,30.0,1.6731793697874604,5.847953216374269,adcp linear at epoch+300s
1739415600.Thu.Feb.13_03_00_00.GMT.2025.CACO04.c2.bright.jpg,c2,1739415600,2025-02-13T03:00:00+00:00,0.0,1.7879941968529656,5.847953216374269,adcp linear at epoch+300s
1739446200.Thu.Feb.13_11_30_00.GMT.2025.CACO04.c2.bright.jpg,c2,1739446200,2025-02-13T11:30:00+00:00,30.0,2.743973378049337,7.561436672967865,adcp linear at epoch+300s
1739448000.Thu.Feb.13_12_00_00.GMT.2025.CACO04.c2.bright.jpg,c2,1739448000,2025-02-13T12:00:00+00:00,0.0,2.8306462052889714,7.561436672967865,adcp linear at epoch+300s
1739449800.Thu.Feb.13_12_30_00.GMT.2025.CACO04.c2.bright.jpg,c2,1739449800,2025-02-13T12:30:00+00:00,30.0,2.953366811268722,7.561436672967865,adcp linear at epoch+300s
1739451600.Thu.Feb.13_13_00_00.GMT.2025.CACO04.c2.bright.jpg,c2,1739451600,2025-02-13T13:00:00+00:00,0.0,3.0485413683574416,7.561436672967865,adcp linear at epoch+300s
1739453400.Thu.Feb.13_13_30_00.GMT.2025.CACO04.c2.bright.jpg,c2,1739453400,2025-02-13T13:30:00+00:00,30.0,3.0059856809910075,8.032128514056225,adcp linear at epoch+300s
1739455200.Thu.Feb.13_14_00_00.GMT.2025.CACO04.c2.bright.jpg,c2,1739455200,2025-02-13T14:00:00+00:00,0.0,2.9698089335988973,8.032128514056225,adcp linear at epoch+300s
1739457000.Thu.Feb.13_14_30_00.GMT.2025.CACO04.c2.bright.jpg,c2,1739457000,2025-02-13T14:30:00+00:00,30.0,2.9655268860784076,8.032128514056225,adcp linear at epoch+300s
1739458800.Thu.Feb.13_15_00_00.GMT.2025.CACO04.c2.bright.jpg,c2,1739458800,2025-02-13T15:00:00+00:00,0.0,2.952322505918746,8.032128514056225,adcp linear at epoch+300s
1739460600.Thu.Feb.13_15_30_00.GMT.2025.CACO04.c2.bright.jpg,c2,1739460600,2025-02-13T15:30:00+00:00,30.0,2.894506462563226,8.565310492505352,adcp linear at epoch+300s
1739462400.Thu.Feb.13_16_00_00.GMT.2025.CACO04.c2.bright.jpg,c2,1739462400,2025-02-13T16:00:00+00:00,0.0,2.831485757959925,8.565310492505352,adcp linear at epoch+300s
1739464200.Thu.Feb.13_16_30_00.GMT.2025.CACO04.c2.bright.jpg,c2,1739464200,2025-02-13T16:30:00+00:00,30.0,2.7424417471177165,9.174311926605505,adcp linear at epoch+300s
1739466000.Thu.Feb.13_17_00_00.GMT.2025.CACO04.c2.bright.jpg,c2,1739466000,2025-02-13T17:00:00+00:00,0.0,2.671982525944279,9.174311926605505,adcp linear at epoch+300s
1739467800.Thu.Feb.13_17_30_00.GMT.2025.CACO04.c2.bright.jpg,c2,1739467800,2025-02-13T17:30:00+00:00,30.0,2.694447253114694,8.565310492505352,adcp linear at epoch+300s
1739469600.Thu.Feb.13_18_00_00.GMT.2025.CACO04.c2.bright.jpg,c2,1739469600,2025-02-13T18:00:00+00:00,0.0,2.690220058037003,8.565310492505352,adcp linear at epoch+300s
1739471400.Thu.Feb.13_18_30_00.GMT.2025.CACO04.c2.bright.jpg,c2,1739471400,2025-02-13T18:30:00+00:00,30.0,2.55253325171878,8.565310492505352,adcp linear at epoch+300s
1739473200.Thu.Feb.13_19_00_00.GMT.2025.CACO04.c2.bright.jpg,c2,1739473200,2025-02-13T19:00:00+00:00,0.0,2.412053998166171,8.565310492505352,adcp linear at epoch+300s
1739475000.Thu.Feb.13_19_30_00.GMT.2025.CACO04.c2.bright.jpg,c2,1739475000,2025-02-13T19:30:00+00:00,30.0,2.2576125084416274,8.565310492505352,adcp linear at epoch+300s
1739476800.Thu.Feb.13_20_00_00.GMT.2025.CACO04.c2.bright.jpg,c2,1739476800,2025-02-13T20:00:00+00:00,0.0,2.108220210319274,8.565310492505352,adcp linear at epoch+300s
1739478600.Thu.Feb.13_20_30_00.GMT.2025.CACO04.c2.bright.jpg,c2,1739478600,2025-02-13T20:30:00+00:00,30.0,1.9840738702078684,8.565310492505352,adcp linear at epoch+300s
1739480400.Thu.Feb.13_21_00_00.GMT.2025.CACO04.c2.bright.jpg,c2,1739480400,2025-02-13T21:00:00+00:00,0.0,1.8745108915462165,8.565310492505352,adcp linear at epoch+300s
1739482200.Thu.Feb.13_21_30_00.GMT.2025.CACO04.c2.bright.jpg,c2,1739482200,2025-02-13T21:30:00+00:00,30.0,1.8378647201333331,8.032128514056225,adcp linear at epoch+300s
1739484000.Thu.Feb.13_22_00_00.GMT.2025.CACO04.c2.bright.jpg,c2,1739484000,2025-02-13T22:00:00+00:00,0.0,1.7891759978380737,8.032128514056225,adcp linear at epoch+300s
1739485800.Thu.Feb.13_22_30_00.GMT.2025.CACO04.c2.bright.jpg,c2,1739485800,2025-02-13T22:30:00+00:00,30.0,1.680274521130934,9.174311926605505,adcp linear at epoch+300s
1739487600.Thu.Feb.13_23_00_00.GMT.2025.CACO04.c2.bright.jpg,c2,1739487600,2025-02-13T23:00:00+00:00,0.0,1.5883643084012846,9.174311926605505,adcp linear at epoch+300s
1739489400.Thu.Feb.13_23_30_00.GMT.2025.CACO04.c2.bright.jpg,c2,1739489400,2025-02-13T23:30:00+00:00,30.0,1.5814104155590878,8.565310492505352,adcp linear at epoch+300s
1739491200.Fri.Feb.14_00_00_00.GMT.2025.CACO04.c2.bright.jpg,c2,1739491200,2025-02-14T00:00:00+00:00,0.0,1.558312346073697,8.565310492505352,adcp linear at epoch+300s
1739493000.Fri.Feb.14_00_30_00.GMT.2025.CACO04.c2.bright.jpg,c2,1739493000,2025-02-14T00:30:00+00:00,30.0,1.4544933933723359,8.565310492505352,adcp linear at epoch+300s
1739494800.Fri.Feb.14_01_00_00.GMT.2025.CACO04.c2.bright.jpg,c2,1739494800,2025-02-14T01:00:00+00:00,0.0,1.3806101496250325,8.565310492505352,adcp linear at epoch+300s
1739496600.Fri.Feb.14_01_30_00.GMT.2025.CACO04.c2.bright.jpg,c2,1739496600,2025-02-14T01:30:00+00:00,30.0,1.4564054506480169,8.565310492505352,adcp linear at epoch+300s
1739498400.Fri.Feb.14_02_00_00.GMT.2025.CACO04.c2.bright.jpg,c2,1739498400,2025-02-14T02:00:00+00:00,0.0,1.495362329942369,8.565310492505352,adcp linear at epoch+300s
1739500200.Fri.Feb.14_02_30_00.GMT.2025.CACO04.c2.bright.jpg,c2,1739500200,2025-02-14T02:30:00+00:00,30.0,1.350127100593562,8.565310492505352,adcp linear at epoch+300s
1739502000.Fri.Feb.14_03_00_00.GMT.2025.CACO04.c2.bright.jpg,c2,1739502000,2025-02-14T03:00:00+00:00,0.0,1.2319852285108097,8.565310492505352,adcp linear at epoch+300s
1739532600.Fri.Feb.14_11_30_00.GMT.2025.CACO04.c2.bright.jpg,c2,1739532600,2025-02-14T11:30:00+00:00,30.0,1.1756465778253624,6.768189509306261,adcp linear at epoch+300s
1739534400.Fri.Feb.14_12_00_00.GMT.2025.CACO04.c2.bright.jpg,c2,1739534400,2025-02-14T12:00:00+00:00,0.0,1.2408223178553264,6.768189509306261,adcp linear at epoch+300s
1739536200.Fri.Feb.14_12_30_00.GMT.2025.CACO04.c2.bright.jpg,c2,1739536200,2025-02-14T12:30:00+00:00,30.0,1.2719410024352027,7.142857142857142,adcp linear at epoch+300s
1739538000.Fri.Feb.14_13_00_00.GMT.2025.CACO04.c2.bright.jpg,c2,1739538000,2025-02-14T13:00:00+00:00,0.0,1.3047476766120987,7.142857142857142,adcp linear at epoch+300s
1739539800.Fri.Feb.14_13_30_00.GMT.2025.CACO04.c2.bright.jpg,c2,1739539800,2025-02-14T13:30:00+00:00,30.0,1.3459942987740938,6.768189509306261,adcp linear at epoch+300s
1739541600.Fri.Feb.14_14_00_00.GMT.2025.CACO04.c2.bright.jpg,c2,1739541600,2025-02-14T14:00:00+00:00,0.0,1.3870997968395535,6.768189509306261,adcp linear at epoch+300s
1739543400.Fri.Feb.14_14_30_00.GMT.2025.CACO04.c2.bright.jpg,c2,1739543400,2025-02-14T14:30:00+00:00,30.0,1.4274996744223363,6.768189509306261,adcp linear at epoch+300s
1739545200.Fri.Feb.14_15_00_00.GMT.2025.CACO04.c2.bright.jpg,c2,1739545200,2025-02-14T15:00:00+00:00,0.0,1.4485259673517341,6.768189509306261,adcp linear at epoch+300s
1739547000.Fri.Feb.14_15_30_00.GMT.2025.CACO04.c2.bright.jpg,c2,1739547000,2025-02-14T15:30:00+00:00,30.0,1.3726843370142081,6.768189509306261,adcp linear at epoch+300s
1739548800.Fri.Feb.14_16_00_00.GMT.2025.CACO04.c2.bright.jpg,c2,1739548800,2025-02-14T16:00:00+00:00,0.0,1.3069127821045896,6.768189509306261,adcp linear at epoch+300s
1739550600.Fri.Feb.14_16_30_00.GMT.2025.CACO04.c2.bright.jpg,c2,1739550600,2025-02-14T16:30:00+00:00,30.0,1.2914916043345097,6.768189509306261,adcp linear at epoch+300s
1739552400.Fri.Feb.14_17_00_00.GMT.2025.CACO04.c2.bright.jpg,c2,1739552400,2025-02-14T17:00:00+00:00,0.0,1.2665004602077727,6.768189509306261,adcp linear at epoch+300s
1739554200.Fri.Feb.14_17_30_00.GMT.2025.CACO04.c2.bright.jpg,c2,1739554200,2025-02-14T17:30:00+00:00,30.0,1.1936594842977508,6.430868167202571,adcp linear at epoch+300s
1739556000.Fri.Feb.14_18_00_00.GMT.2025.CACO04.c2.bright.jpg,c2,1739556000,2025-02-14T18:00:00+00:00,0.0,1.1266885394644965,6.430868167202571,adcp linear at epoch+300s
1739557800.Fri.Feb.14_18_30_00.GMT.2025.CACO04.c2.bright.jpg,c2,1739557800,2025-02-14T18:30:00+00:00,30.0,1.0890677500150803,6.430868167202571,adcp linear at epoch+300s
1739559600.Fri.Feb.14_19_00_00.GMT.2025.CACO04.c2.bright.jpg,c2,1739559600,2025-02-14T19:00:00+00:00,0.0,1.0597676159863147,6.430868167202571,adcp linear at epoch+300s
1739561400.Fri.Feb.14_19_30_00.GMT.2025.CACO04.c2.bright.jpg,c2,1739561400,2025-02-14T19:30:00+00:00,30.0,1.0720707590608032,7.561436672967865,adcp linear at epoch+300s
1739563200.Fri.Feb.14_20_00_00.GMT.2025.CACO04.c2.bright.jpg,c2,1739563200,2025-02-14T20:00:00+00:00,0.0,1.0715724644693296,7.561436672967865,adcp linear at epoch+300s
1739565000.Fri.Feb.14_20_30_00.GMT.2025.CACO04.c2.bright.jpg,c2,1739565000,2025-02-14T20:30:00+00:00,30.0,1.0070669815480473,7.142857142857142,adcp linear at epoch+300s
1739566800.Fri.Feb.14_21_00_00.GMT.2025.CACO04.c2.bright.jpg,c2,1739566800,2025-02-14T21:00:00+00:00,0.0,0.9500465772204463,7.142857142857142,adcp linear at epoch+300s
1739568600.Fri.Feb.14_21_30_00.GMT.2025.CACO04.c2.bright.jpg,c2,1739568600,2025-02-14T21:30:00+00:00,30.0,0.9304515658612527,7.561436672967865,adcp linear at epoch+300s
1739570400.Fri.Feb.14_22_00_00.GMT.2025.CACO04.c2.bright.jpg,c2,1739570400,2025-02-14T22:00:00+00:00,0.0,0.9114961955911706,7.561436672967865,adcp linear at epoch+300s
1739572200.Fri.Feb.14_22_30_00.GMT.2025.CACO04.c2.bright.jpg,c2,1739572200,2025-02-14T22:30:00+00:00,30.0,0.8957390307666471,7.142857142857142,adcp linear at epoch+300s
1739574000.Fri.Feb.14_23_00_00.GMT.2025.CACO04.c2.bright.jpg,c2,1739574000,2025-02-14T23:00:00+00:00,0.0,0.8756270841414929,7.142857142857142,adcp linear at epoch+300s
1739575800.Fri.Feb.14_23_30_00.GMT.2025.CACO04.c2.bright.jpg,c2,1739575800,2025-02-14T23:30:00+00:00,30.0,0.8337412285131856,6.768189509306261,adcp linear at epoch+300s
1739577600.Sat.Feb.15_00_00_00.GMT.2025.CACO04.c2.bright.jpg,c2,1739577600,2025-02-15T00:00:00+00:00,0.0,0.8045283160087694,6.768189509306261,adcp linear at epoch+300s
1739579400.Sat.Feb.15_00_30_00.GMT.2025.CACO04.c2.bright.jpg,c2,1739579400,2025-02-15T00:30:00+00:00,30.0,0.8386801191238094,7.142857142857142,adcp linear at epoch+300s
1739581200.Sat.Feb.15_01_00_00.GMT.2025.CACO04.c2.bright.jpg,c2,1739581200,2025-02-15T01:00:00+00:00,0.0,0.8697983492929577,7.142857142857142,adcp linear at epoch+300s
1739583000.Sat.Feb.15_01_30_00.GMT.2025.CACO04.c2.bright.jpg,c2,1739583000,2025-02-15T01:30:00+00:00,30.0,0.8857487147326483,6.125574272588055,adcp linear at epoch+300s
1739584800.Sat.Feb.15_02_00_00.GMT.2025.CACO04.c2.bright.jpg,c2,1739584800,2025-02-15T02:00:00+00:00,0.0,0.924354902201874,6.125574272588055,adcp linear at epoch+300s
1739586600.Sat.Feb.15_02_30_00.GMT.2025.CACO04.c2.bright.jpg,c2,1739586600,2025-02-15T02:30:00+00:00,30.0,1.0762401998187752,7.142857142857142,adcp linear at epoch+300s
1739588400.Sat.Feb.15_03_00_00.GMT.2025.CACO04.c2.bright.jpg,c2,1739588400,2025-02-15T03:00:00+00:00,0.0,1.2003891706801533,7.142857142857142,adcp linear at epoch+300s
1739619000.Sat.Feb.15_11_30_00.GMT.2025.CACO04.c2.bright.jpg,c2,1739619000,2025-02-15T11:30:00+00:00,30.0,0.724651626060343,6.125574272588055,adcp linear at epoch+300s
1739620800.Sat.Feb.15_12_00_00.GMT.2025.CACO04.c2.bright.jpg,c2,1739620800,2025-02-15T12:00:00+00:00,0.0,0.7244404902723497,6.125574272588055,adcp linear at epoch+300s
1739622600.Sat.Feb.15_12_30_00.GMT.2025.CACO04.c2.bright.jpg,c2,1739622600,2025-02-15T12:30:00+00:00,30.0,0.7311709464011411,5.594405594405594,adcp linear at epoch+300s
1739624400.Sat.Feb.15_13_00_00.GMT.2025.CACO04.c2.bright.jpg,c2,1739624400,2025-02-15T13:00:00+00:00,0.0,0.7270301352910072,5.594405594405594,adcp linear at epoch+300s
1739626200.Sat.Feb.15_13_30_00.GMT.2025.CACO04.c2.bright.jpg,c2,1739626200,2025-02-15T13:30:00+00:00,30.0,0.668532987986247,5.361930294906166,adcp linear at epoch+300s
1739628000.Sat.Feb.15_14_00_00.GMT.2025.CACO04.c2.bright.jpg,c2,1739628000,2025-02-15T14:00:00+00:00,0.0,0.625382373149468,5.361930294906166,adcp linear at epoch+300s
1739629800.Sat.Feb.15_14_30_00.GMT.2025.CACO04.c2.bright.jpg,c2,1739629800,2025-02-15T14:30:00+00:00,30.0,0.6589644206525949,5.847953216374269,adcp linear at epoch+300s
1739631600.Sat.Feb.15_15_00_00.GMT.2025.CACO04.c2.bright.jpg,c2,1739631600,2025-02-15T15:00:00+00:00,0.0,0.6845079576930719,5.847953216374269,adcp linear at epoch+300s
1739633400.Sat.Feb.15_15_30_00.GMT.2025.CACO04.c2.bright.jpg,c2,1739633400,2025-02-15T15:30:00+00:00,30.0,0.6698589424203006,5.594405594405594,adcp linear at epoch+300s
1739635200.Sat.Feb.15_16_00_00.GMT.2025.CACO04.c2.bright.jpg,c2,1739635200,2025-02-15T16:00:00+00:00,0.0,0.6469877663937147,5.594405594405594,adcp linear at epoch+300s
1739637000.Sat.Feb.15_16_30_00.GMT.2025.CACO04.c2.bright.jpg,c2,1739637000,2025-02-15T16:30:00+00:00,30.0,0.5830057865980562,5.594405594405594,adcp linear at epoch+300s
1739638800.Sat.Feb.15_17_00_00.GMT.2025.CACO04.c2.bright.jpg,c2,1739638800,2025-02-15T17:00:00+00:00,0.0,0.5382127704525542,5.594405594405594,adcp linear at epoch+300s
1739640600.Sat.Feb.15_17_30_00.GMT.2025.CACO04.c2.bright.jpg,c2,1739640600,2025-02-15T17:30:00+00:00,30.0,0.589364572557835,4.767580452920143,adcp linear at epoch+300s
1739642400.Sat.Feb.15_18_00_00.GMT.2025.CACO04.c2.bright.jpg,c2,1739642400,2025-02-15T18:00:00+00:00,0.0,0.6112850233344244,4.767580452920143,adcp linear at epoch+300s
1739644200.Sat.Feb.15_18_30_00.GMT.2025.CACO04.c2.bright.jpg,c2,1739644200,2025-02-15T18:30:00+00:00,30.0,0.48704871746755607,5.361930294906166,adcp linear at epoch+300s
1739646000.Sat.Feb.15_19_00_00.GMT.2025.CACO04.c2.bright.jpg,c2,1739646000,2025-02-15T19:00:00+00:00,0.0,0.38156979009665365,5.361930294906166,adcp linear at epoch+300s
1739647800.Sat.Feb.15_19_30_00.GMT.2025.CACO04.c2.bright.jpg,c2,1739647800,2025-02-15T19:30:00+00:00,30.0,0.36987775520558097,5.361930294906166,adcp linear at epoch+300s
1739649600.Sat.Feb.15_20_00_00.GMT.2025.CACO04.c2.bright.jpg,c2,1739649600,2025-02-15T20:00:00+00:00,0.0,0.35962761726021375,5.361930294906166,adcp linear at epoch+300s
1739651400.Sat.Feb.15_20_30_00.GMT.2025.CACO04.c2.bright.jpg,c2,1739651400,2025-02-15T20:30:00+00:00,30.0,0.3565869640433735,5.594405594405594,adcp linear at epoch+300s
1739653200.Sat.Feb.15_21_00_00.GMT.2025.CACO04.c2.bright.jpg,c2,1739653200,2025-02-15T21:00:00+00:00,0.0,0.3585480353441015,5.594405594405594,adcp linear at epoch+300s
1739655000.Sat.Feb.15_21_30_00.GMT.2025.CACO04.c2.bright.jpg,c2,1739655000,2025-02-15T21:30:00+00:00,30.0,0.38551772923267086,4.439511653718091,adcp linear at epoch+300s
1739656800.Sat.Feb.15_22_00_00.GMT.2025.CACO04.c2.bright.jpg,c2,1739656800,2025-02-15T22:00:00+00:00,0.0,0.40621016331807663,4.439511653718091,adcp linear at epoch+300s
1739658600.Sat.Feb.15_22_30_00.GMT.2025.CACO04.c2.bright.jpg,c2,1739658600,2025-02-15T22:30:00+00:00,30.0,0.3955162983876644,4.153686396677051,adcp linear at epoch+300s
1739660400.Sat.Feb.15_23_00_00.GMT.2025.CACO04.c2.bright.jpg,c2,1739660400,2025-02-15T23:00:00+00:00,0.0,0.37998812226407247,4.153686396677051,adcp linear at epoch+300s
1739662200.Sat.Feb.15_23_30_00.GMT.2025.CACO04.c2.bright.jpg,c2,1739662200,2025-02-15T23:30:00+00:00,30.0,0.34028839017458246,5.594405594405594,adcp linear at epoch+300s
1739664000.Sun.Feb.16_00_00_00.GMT.2025.CACO04.c2.bright.jpg,c2,1739664000,2025-02-16T00:00:00+00:00,0.0,0.3068812613765671,5.594405594405594,adcp linear at epoch+300s
1739665800.Sun.Feb.16_00_30_00.GMT.2025.CACO04.c2.bright.jpg,c2,1739665800,2025-02-16T00:30:00+00:00,30.0,0.3049371490359256,5.361930294906166,adcp linear at epoch+300s
1739667600.Sun.Feb.16_01_00_00.GMT.2025.CACO04.c2.bright.jpg,c2,1739667600,2025-02-16T01:00:00+00:00,0.0,0.30243555190321864,5.361930294906166,adcp linear at epoch+300s
1739669400.Sun.Feb.16_01_30_00.GMT.2025.CACO04.c2.bright.jpg,c2,1739669400,2025-02-16T01:30:00+00:00,30.0,0.2971465308101849,7.142857142857142,adcp linear at epoch+300s
1739671200.Sun.Feb.16_02_00_00.GMT.2025.CACO04.c2.bright.jpg,c2,1739671200,2025-02-16T02:00:00+00:00,0.0,0.2913099991568461,7.142857142857142,adcp linear at epoch+300s
1739673000.Sun.Feb.16_02_30_00.GMT.2025.CACO04.c2.bright.jpg,c2,1739673000,2025-02-16T02:30:00+00:00,30.0,0.2827359147019824,6.768189509306261,adcp linear at epoch+300s
1739674800.Sun.Feb.16_03_00_00.GMT.2025.CACO04.c2.bright.jpg,c2,1739674800,2025-02-16T03:00:00+00:00,0.0,0.29051259247620986,6.768189509306261,adcp linear at epoch+300s
1739705400.Sun.Feb.16_11_30_00.GMT.2025.CACO04.c2.bright.jpg,c2,1739705400,2025-02-16T11:30:00+00:00,30.0,1.7864284617815576,6.125574272588055,adcp linear at epoch+300s
1739707200.Sun.Feb.16_12_00_00.GMT.2025.CACO04.c2.bright.jpg,c2,1739707200,2025-02-16T12:00:00+00:00,0.0,1.8445763531300845,6.125574272588055,adcp linear at epoch+300s
1739709000.Sun.Feb.16_12_30_00.GMT.2025.CACO04.c2.bright.jpg,c2,1739709000,2025-02-16T12:30:00+00:00,30.0,2.2361616692934376,5.847953216374269,adcp linear at epoch+300s
1739710800.Sun.Feb.16_13_00_00.GMT.2025.CACO04.c2.bright.jpg,c2,1739710800,2025-02-16T13:00:00+00:00,0.0,2.5805904003436133,5.847953216374269,adcp linear at epoch+300s
1739712600.Sun.Feb.16_13_30_00.GMT.2025.CACO04.c2.bright.jpg,c2,1739712600,2025-02-16T13:30:00+00:00,30.0,2.6892362058279033,6.430868167202571,adcp linear at epoch+300s
1739714400.Sun.Feb.16_14_00_00.GMT.2025.CACO04.c2.bright.jpg,c2,1739714400,2025-02-16T14:00:00+00:00,0.0,2.7850726524676364,6.430868167202571,adcp linear at epoch+300s
1739716200.Sun.Feb.16_14_30_00.GMT.2025.CACO04.c2.bright.jpg,c2,1739716200,2025-02-16T14:30:00+00:00,30.0,2.8168623048845816,6.768189509306261,adcp linear at epoch+300s
1739718000.Sun.Feb.16_15_00_00.GMT.2025.CACO04.c2.bright.jpg,c2,1739718000,2025-02-16T15:00:00+00:00,0.0,2.8695546023143206,6.768189509306261,adcp linear at epoch+300s
1739719800.Sun.Feb.16_15_30_00.GMT.2025.CACO04.c2.bright.jpg,c2,1739719800,2025-02-16T15:30:00+00:00,30.0,3.02676012480803,7.142857142857142,adcp linear at epoch+300s
1739721600.Sun.Feb.16_16_00_00.GMT.2025.CACO04.c2.bright.jpg,c2,1739721600,2025-02-16T16:00:00+00:00,0.0,3.1104662628372353,7.142857142857142,adcp linear at epoch+300s
1739723400.Sun.Feb.16_16_30_00.GMT.2025.CACO04.c2.bright.jpg,c2,1739723400,2025-02-16T16:30:00+00:00,30.0,2.82667547854392,7.142857142857142,adcp linear at epoch+300s
1739725200.Sun.Feb.16_17_00_00.GMT.2025.CACO04.c2.bright.jpg,c2,1739725200,2025-02-16T17:00:00+00:00,0.0,2.5768050317426265,7.142857142857142,adcp linear at epoch+300s
1739727000.Sun.Feb.16_17_30_00.GMT.2025.CACO04.c2.bright.jpg,c2,1739727000,2025-02-16T17:30:00+00:00,30.0,2.496536272401441,7.561436672967865,adcp linear at epoch+300s
1739728800.Sun.Feb.16_18_00_00.GMT.2025.CACO04.c2.bright.jpg,c2,1739728800,2025-02-16T18:00:00+00:00,0.0,2.435947111412036,7.561436672967865,adcp linear at epoch+300s
1739730600.Sun.Feb.16_18_30_00.GMT.2025.CACO04.c2.bright.jpg,c2,1739730600,2025-02-16T18:30:00+00:00,30.0,2.473755942181538,8.032128514056225,adcp linear at epoch+300s
1739732400.Sun.Feb.16_19_00_00.GMT.2025.CACO04.c2.bright.jpg,c2,1739732400,2025-02-16T19:00:00+00:00,0.0,2.486237504871159,8.032128514056225,adcp linear at epoch+300s
1739734200.Sun.Feb.16_19_30_00.GMT.2025.CACO04.c2.bright.jpg,c2,1739734200,2025-02-16T19:30:00+00:00,30.0,2.3720827271613802,7.561436672967865,adcp linear at epoch+300s
1739736000.Sun.Feb.16_20_00_00.GMT.2025.CACO04.c2.bright.jpg,c2,1739736000,2025-02-16T20:00:00+00:00,0.0,2.2489294310003083,7.561436672967865,adcp linear at epoch+300s
1739737800.Sun.Feb.16_20_30_00.GMT.2025.CACO04.c2.bright.jpg,c2,1739737800,2025-02-16T20:30:00+00:00,30.0,2.0807835425827728,7.561436672967865,adcp linear at epoch+300s
1739739600.Sun.Feb.16_21_00_00.GMT.2025.CACO04.c2.bright.jpg,c2,1739739600,2025-02-16T21:00:00+00:00,0.0,1.9606028839901692,7.561436672967865,adcp linear at epoch+300s
1739741400.Sun.Feb.16_21_30_00.GMT.2025.CACO04.c2.bright.jpg,c2,1739741400,2025-02-16T21:30:00+00:00,30.0,2.0802483745222276,8.032128514056225,adcp linear at epoch+300s
1739743200.Sun.Feb.16_22_00_00.GMT.2025.CACO04.c2.bright.jpg,c2,1739743200,2025-02-16T22:00:00+00:00,0.0,2.163121022910193,8.032128514056225,adcp linear at epoch+300s
1739745000.Sun.Feb.16_22_30_00.GMT.2025.CACO04.c2.bright.jpg,c2,1739745000,2025-02-16T22:30:00+00:00,30.0,2.0621294605776925,8.032128514056225,adcp linear at epoch+300s
1739746800.Sun.Feb.16_23_00_00.GMT.2025.CACO04.c2.bright.jpg,c2,1739746800,2025-02-16T23:00:00+00:00,0.0,1.9491269628786365,8.032128514056225,adcp linear at epoch+300s
1739748600.Sun.Feb.16_23_30_00.GMT.2025.CACO04.c2.bright.jpg,c2,1739748600,2025-02-16T23:30:00+00:00,30.0,1.7760697883468022,7.142857142857142,adcp linear at epoch+300s
1739750400.Mon.Feb.17_00_00_00.GMT.2025.CACO04.c2.bright.jpg,c2,1739750400,2025-02-17T00:00:00+00:00,0.0,1.6251449595715857,7.142857142857142,adcp linear at epoch+300s
1739752200.Mon.Feb.17_00_30_00.GMT.2025.CACO04.c2.bright.jpg,c2,1739752200,2025-02-17T00:30:00+00:00,30.0,1.5848818595794596,7.561436672967865,adcp linear at epoch+300s
1739754000.Mon.Feb.17_01_00_00.GMT.2025.CACO04.c2.bright.jpg,c2,1739754000,2025-02-17T01:00:00+00:00,0.0,1.5458430033112107,7.561436672967865,adcp linear at epoch+300s
1739755800.Mon.Feb.17_01_30_00.GMT.2025.CACO04.c2.bright.jpg,c2,1739755800,2025-02-17T01:30:00+00:00,30.0,1.5129253656623476,8.032128514056225,adcp linear at epoch+300s
1739757600.Mon.Feb.17_02_00_00.GMT.2025.CACO04.c2.bright.jpg,c2,1739757600,2025-02-17T02:00:00+00:00,0.0,1.4661546207339498,8.032128514056225,adcp linear at epoch+300s
1739759400.Mon.Feb.17_02_30_00.GMT.2025.CACO04.c2.bright.jpg,c2,1739759400,2025-02-17T02:30:00+00:00,30.0,1.350118339407877,8.032128514056225,adcp linear at epoch+300s
1739761200.Mon.Feb.17_03_00_00.GMT.2025.CACO04.c2.bright.jpg,c2,1739761200,2025-02-17T03:00:00+00:00,0.0,1.2471811799101185,8.032128514056225,adcp linear at epoch+300s
1739791800.Mon.Feb.17_11_30_00.GMT.2025.CACO04.c2.bright.jpg,c2,1739791800,2025-02-17T11:30:00+00:00,30.0,1.064872808383345,12.82051282051282,adcp linear at epoch+300s
1739793600.Mon.Feb.17_12_00_00.GMT.2025.CACO04.c2.bright.jpg,c2,1739793600,2025-02-17T12:00:00+00:00,0.0,1.0921161300854685,12.82051282051282,adcp linear at epoch+300s
1739795400.Mon.Feb.17_12_30_00.GMT.2025.CACO04.c2.bright.jpg,c2,1739795400,2025-02-17T12:30:00+00:00,30.0,1.1461814936380421,12.82051282051282,adcp linear at epoch+300s
1739797200.Mon.Feb.17_13_00_00.GMT.2025.CACO04.c2.bright.jpg,c2,1739797200,2025-02-17T13:00:00+00:00,0.0,1.1842417300619892,12.82051282051282,adcp linear at epoch+300s
1739799000.Mon.Feb.17_13_30_00.GMT.2025.CACO04.c2.bright.jpg,c2,1739799000,2025-02-17T13:30:00+00:00,30.0,1.1422763308428032,12.82051282051282,adcp linear at epoch+300s
1739800800.Mon.Feb.17_14_00_00.GMT.2025.CACO04.c2.bright.jpg,c2,1739800800,2025-02-17T14:00:00+00:00,0.0,1.0897920962840495,12.82051282051282,adcp linear at epoch+300s
1739802600.Mon.Feb.17_14_30_00.GMT.2025.CACO04.c2.bright.jpg,c2,1739802600,2025-02-17T14:30:00+00:00,30.0,0.9847136850274554,11.661807580174926,adcp linear at epoch+300s
1739804400.Mon.Feb.17_15_00_00.GMT.2025.CACO04.c2.bright.jpg,c2,1739804400,2025-02-17T15:00:00+00:00,0.0,0.9057827104251326,11.661807580174926,adcp linear at epoch+300s
1739806200.Mon.Feb.17_15_30_00.GMT.2025.CACO04.c2.bright.jpg,c2,1739806200,2025-02-17T15:30:00+00:00,30.0,0.9575889190941668,11.661807580174926,adcp linear at epoch+300s
1739808000.Mon.Feb.17_16_00_00.GMT.2025.CACO04.c2.bright.jpg,c2,1739808000,2025-02-17T16:00:00+00:00,0.0,1.0110109203115483,11.661807580174926,adcp linear at epoch+300s
1739809800.Mon.Feb.17_16_30_00.GMT.2025.CACO04.c2.bright.jpg,c2,1739809800,2025-02-17T16:30:00+00:00,30.0,1.0725118842706671,11.661807580174926,adcp linear at epoch+300s
1739811600.Mon.Feb.17_17_00_00.GMT.2025.CACO04.c2.bright.jpg,c2,1739811600,2025-02-17T17:00:00+00:00,0.0,1.1197214356107486,11.661807580174926,adcp linear at epoch+300s
1739813400.Mon.Feb.17_17_30_00.GMT.2025.CACO04.c2.bright.jpg,c2,1739813400,2025-02-17T17:30:00+00:00,30.0,1.0954739238556421,11.661807580174926,adcp linear at epoch+300s
1739815200.Mon.Feb.17_18_00_00.GMT.2025.CACO04.c2.bright.jpg,c2,1739815200,2025-02-17T18:00:00+00:00,0.0,1.0670587367258992,11.661807580174926,adcp linear at epoch+300s
1739817000.Mon.Feb.17_18_30_00.GMT.2025.CACO04.c2.bright.jpg,c2,1739817000,2025-02-17T18:30:00+00:00,30.0,1.0178051727229733,12.82051282051282,adcp linear at epoch+300s
1739818800.Mon.Feb.17_19_00_00.GMT.2025.CACO04.c2.bright.jpg,c2,1739818800,2025-02-17T19:00:00+00:00,0.0,0.9814421749858717,12.82051282051282,adcp linear at epoch+300s
1739820600.Mon.Feb.17_19_30_00.GMT.2025.CACO04.c2.bright.jpg,c2,1739820600,2025-02-17T19:30:00+00:00,30.0,1.009532008577892,11.661807580174926,adcp linear at epoch+300s
1739822400.Mon.Feb.17_20_00_00.GMT.2025.CACO04.c2.bright.jpg,c2,1739822400,2025-02-17T20:00:00+00:00,0.0,1.0435862150740098,11.661807580174926,adcp linear at epoch+300s
1739824200.Mon.Feb.17_20_30_00.GMT.2025.CACO04.c2.bright.jpg,c2,1739824200,2025-02-17T20:30:00+00:00,30.0,1.107462286090615,12.82051282051282,adcp linear at epoch+300s
1739826000.Mon.Feb.17_21_00_00.GMT.2025.CACO04.c2.bright.jpg,c2,1739826000,2025-02-17T21:00:00+00:00,0.0,1.1518145997766251,12.82051282051282,adcp linear at epoch+300s
1739827800.Mon.Feb.17_21_30_00.GMT.2025.CACO04.c2.bright.jpg,c2,1739827800,2025-02-17T21:30:00+00:00,30.0,1.0985481268096602,11.661807580174926,adcp linear at epoch+300s
1739829600.Mon.Feb.17_22_00_00.GMT.2025.CACO04.c2.bright.jpg,c2,1739829600,2025-02-17T22:00:00+00:00,0.0,1.0555503231676004,11.661807580174926,adcp linear at epoch+300s
1739831400.Mon.Feb.17_22_30_00.GMT.2025.CACO04.c2.bright.jpg,c2,1739831400,2025-02-17T22:30:00+00:00,30.0,1.063895866150067,11.661807580174926,adcp linear at epoch+300s
1739833200.Mon.Feb.17_23_00_00.GMT.2025.CACO04.c2.bright.jpg,c2,1739833200,2025-02-17T23:00:00+00:00,0.0,1.070123289022052,11.661807580174926,adcp linear at epoch+300s
1739835000.Mon.Feb.17_23_30_00.GMT.2025.CACO04.c2.bright.jpg,c2,1739835000,2025-02-17T23:30:00+00:00,30.0,1.0657601113416282,12.82051282051282,adcp linear at epoch+300s
1739836800.Tue.Feb.18_00_00_00.GMT.2025.CACO04.c2.bright.jpg,c2,1739836800,2025-02-18T00:00:00+00:00,0.0,1.0613410978534976,12.82051282051282,adcp linear at epoch+300s
1739838600.Tue.Feb.18_00_30_00.GMT.2025.CACO04.c2.bright.jpg,c2,1739838600,2025-02-18T00:30:00+00:00,30.0,1.0566429053268331,12.82051282051282,adcp linear at epoch+300s
1739840400.Tue.Feb.18_01_00_00.GMT.2025.CACO04.c2.bright.jpg,c2,1739840400,2025-02-18T01:00:00+00:00,0.0,1.0479051884970843,12.82051282051282,adcp linear at epoch+300s
1739842200.Tue.Feb.18_01_30_00.GMT.2025.CACO04.c2.bright.jpg,c2,1739842200,2025-02-18T01:30:00+00:00,30.0,1.0189698501519127,11.661807580174926,adcp linear at epoch+300s
1739844000.Tue.Feb.18_02_00_00.GMT.2025.CACO04.c2.bright.jpg,c2,1739844000,2025-02-18T02:00:00+00:00,0.0,1.0073376200208637,11.661807580174926,adcp linear at epoch+300s
1739845800.Tue.Feb.18_02_30_00.GMT.2025.CACO04.c2.bright.jpg,c2,1739845800,2025-02-18T02:30:00+00:00,30.0,1.0822209309604283,5.148005148005149,adcp linear at epoch+300s
1739847600.Tue.Feb.18_03_00_00.GMT.2025.CACO04.c2.bright.jpg,c2,1739847600,2025-02-18T03:00:00+00:00,0.0,1.146465017657226,5.148005148005149,adcp linear at epoch+300s
1739878200.Tue.Feb.18_11_30_00.GMT.2025.CACO04.c2.bright.jpg,c2,1739878200,2025-02-18T11:30:00+00:00,30.0,0.9644296107221476,6.430868167202571,adcp linear at epoch+300s
1739880000.Tue.Feb.18_12_00_00.GMT.2025.CACO04.c2.bright.jpg,c2,1739880000,2025-02-18T12:00:00+00:00,0.0,0.950084412450777,6.430868167202571,adcp linear at epoch+300s
1739881800.Tue.Feb.18_12_30_00.GMT.2025.CACO04.c2.bright.jpg,c2,1739881800,2025-02-18T12:30:00+00:00,30.0,0.9697402541563321,6.768189509306261,adcp linear at epoch+300s
1739883600.Tue.Feb.18_13_00_00.GMT.2025.CACO04.c2.bright.jpg,c2,1739883600,2025-02-18T13:00:00+00:00,0.0,0.993106202749752,6.768189509306261,adcp linear at epoch+300s
1739885400.Tue.Feb.18_13_30_00.GMT.2025.CACO04.c2.bright.jpg,c2,1739885400,2025-02-18T13:30:00+00:00,30.0,1.0350226857824953,4.950495049504951,adcp linear at epoch+300s
1739887200.Tue.Feb.18_14_00_00.GMT.2025.CACO04.c2.bright.jpg,c2,1739887200,2025-02-18T14:00:00+00:00,0.0,1.066152444389818,4.950495049504951,adcp linear at epoch+300s
1739889000.Tue.Feb.18_14_30_00.GMT.2025.CACO04.c2.bright.jpg,c2,1739889000,2025-02-18T14:30:00+00:00,30.0,1.0433485808700373,4.291845493562232,adcp linear at epoch+300s
1739890800.Tue.Feb.18_15_00_00.GMT.2025.CACO04.c2.bright.jpg,c2,1739890800,2025-02-18T15:00:00+00:00,0.0,1.0250164388990373,4.291845493562232,adcp linear at epoch+300s
1739892600.Tue.Feb.18_15_30_00.GMT.2025.CACO04.c2.bright.jpg,c2,1739892600,2025-02-18T15:30:00+00:00,30.0,1.0290429046719411,5.361930294906166,adcp linear at epoch+300s
1739894400.Tue.Feb.18_16_00_00.GMT.2025.CACO04.c2.bright.jpg,c2,1739894400,2025-02-18T16:00:00+00:00,0.0,1.029637573222678,5.361930294906166,adcp linear at epoch+300s
1739896200.Tue.Feb.18_16_30_00.GMT.2025.CACO04.c2.bright.jpg,c2,1739896200,2025-02-18T16:30:00+00:00,30.0,1.013073255662579,6.768189509306261,adcp linear at epoch+300s
1739898000.Tue.Feb.18_17_00_00.GMT.2025.CACO04.c2.bright.jpg,c2,1739898000,2025-02-18T17:00:00+00:00,0.0,0.9978889380750426,6.768189509306261,adcp linear at epoch+300s
1739899800.Tue.Feb.18_17_30_00.GMT.2025.CACO04.c2.bright.jpg,c2,1739899800,2025-02-18T17:30:00+00:00,30.0,0.9896046203503187,6.125574272588055,adcp linear at epoch+300s
1739901600.Tue.Feb.18_18_00_00.GMT.2025.CACO04.c2.bright.jpg,c2,1739901600,2025-02-18T18:00:00+00:00,0.0,0.979241956167661,6.125574272588055,adcp linear at epoch+300s
1739903400.Tue.Feb.18_18_30_00.GMT.2025.CACO04.c2.bright.jpg,c2,1739903400,2025-02-18T18:30:00+00:00,30.0,0.958487559695335,6.430868167202571,adcp linear at epoch+300s
1739905200.Tue.Feb.18_19_00_00.GMT.2025.CACO04.c2.bright.jpg,c2,1739905200,2025-02-18T19:00:00+00:00,0.0,0.9367622774920907,6.430868167202571,adcp linear at epoch+300s
1739907000.Tue.Feb.18_19_30_00.GMT.2025.CACO04.c2.bright.jpg,c2,1739907000,2025-02-18T19:30:00+00:00,30.0,0.9101825666342555,6.430868167202571,adcp linear at epoch+300s
1739908800.Tue.Feb.18_20_00_00.GMT.2025.CACO04.c2.bright.jpg,c2,1739908800,2025-02-18T20:00:00+00:00,0.0,0.8853984190181559,6.430868167202571,adcp linear at epoch+300s
1739910600.Tue.Feb.18_20_30_00.GMT.2025.CACO04.c2.bright.jpg,c2,1739910600,2025-02-18T20:30:00+00:00,30.0,0.869592087610735,6.430868167202571,adcp linear at epoch+300s
1739912400.Tue.Feb.18_21_00_00.GMT.2025.CACO04.c2.bright.jpg,c2,1739912400,2025-02-18T21:00:00+00:00,0.0,0.8517685485152241,6.430868167202571,adcp linear at epoch+300s
1739914200.Tue.Feb.18_21_30_00.GMT.2025.CACO04.c2.bright.jpg,c2,1739914200,2025-02-18T21:30:00+00:00,30.0,0.8238589709792639,6.430868167202571,adcp linear at epoch+300s
1739916000.Tue.Feb.18_22_00_00.GMT.2025.CACO04.c2.bright.jpg,c2,1739916000,2025-02-18T22:00:00+00:00,0.0,0.8022638950773766,6.430868167202571,adcp linear at epoch+300s
1739917800.Tue.Feb.18_22_30_00.GMT.2025.CACO04.c2.bright.jpg,c2,1739917800,2025-02-18T22:30:00+00:00,30.0,0.8122413273458544,6.430868167202571,adcp linear at epoch+300s
1739919600.Tue.Feb.18_23_00_00.GMT.2025.CACO04.c2.bright.jpg,c2,1739919600,2025-02-18T23:00:00+00:00,0.0,0.8297530780191265,6.430868167202571,adcp linear at epoch+300s
1739921400.Tue.Feb.18_23_30_00.GMT.2025.CACO04.c2.bright.jpg,c2,1739921400,2025-02-18T23:30:00+00:00,30.0,0.8849364207163691,6.125574272588055,adcp linear at epoch+300s
1739923200.Wed.Feb.19_00_00_00.GMT.2025.CACO04.c2.bright.jpg,c2,1739923200,2025-02-19T00:00:00+00:00,0.0,0.93243912245159,6.125574272588055,adcp linear at epoch+300s
1739925000.Wed.Feb.19_00_30_00.GMT.2025.CACO04.c2.bright.jpg,c2,1739925000,2025-02-19T00:30:00+00:00,30.0,0.9415386193767022,6.430868167202571,adcp linear at epoch+300s
1739926800.Wed.Feb.19_01_00_00.GMT.2025.CACO04.c2.bright.jpg,c2,1739926800,2025-02-19T01:00:00+00:00,0.0,0.9523272697483266,6.430868167202571,adcp linear at epoch+300s
1739928600.Wed.Feb.19_01_30_00.GMT.2025.CACO04.c2.bright.jpg,c2,1739928600,2025-02-19T01:30:00+00:00,30.0,0.9715616873525118,5.594405594405594,adcp linear at epoch+300s
1739930400.Wed.Feb.19_02_00_00.GMT.2025.CACO04.c2.bright.jpg,c2,1739930400,2025-02-19T02:00:00+00:00,0.0,0.9840669151161793,5.594405594405594,adcp linear at epoch+300s
1739932200.Wed.Feb.19_02_30_00.GMT.2025.CACO04.c2.bright.jpg,c2,1739932200,2025-02-19T02:30:00+00:00,30.0,0.9629261936772581,6.125574272588055,adcp linear at epoch+300s
1739934000.Wed.Feb.19_03_00_00.GMT.2025.CACO04.c2.bright.jpg,c2,1739934000,2025-02-19T03:00:00+00:00,0.0,0.9490995902589308,6.125574272588055,adcp linear at epoch+300s
1739964600.Wed.Feb.19_11_30_00.GMT.2025.CACO04.c2.bright.jpg,c2,1739964600,2025-02-19T11:30:00+00:00,30.0,0.9348185304634271,7.561436672967865,adcp linear at epoch+300s
1739966400.Wed.Feb.19_12_00_00.GMT.2025.CACO04.c2.bright.jpg,c2,1739966400,2025-02-19T12:00:00+00:00,0.0,0.9405671443218556,7.561436672967865,adcp linear at epoch+300s
1739968200.Wed.Feb.19_12_30_00.GMT.2025.CACO04.c2.bright.jpg,c2,1739968200,2025-02-19T12:30:00+00:00,30.0,0.9699030190094825,7.142857142857142,adcp linear at epoch+300s
1739970000.Wed.Feb.19_13_00_00.GMT.2025.CACO04.c2.bright.jpg,c2,1739970000,2025-02-19T13:00:00+00:00,0.0,0.9922489309390599,7.142857142857142,adcp linear at epoch+300s
1739971800.Wed.Feb.19_13_30_00.GMT.2025.CACO04.c2.bright.jpg,c2,1739971800,2025-02-19T13:30:00+00:00,30.0,0.9796450290783892,6.125574272588055,adcp linear at epoch+300s
1739973600.Wed.Feb.19_14_00_00.GMT.2025.CACO04.c2.bright.jpg,c2,1739973600,2025-02-19T14:00:00+00:00,0.0,0.9593742744040401,6.125574272588055,adcp linear at epoch+300s
1739975400.Wed.Feb.19_14_30_00.GMT.2025.CACO04.c2.bright.jpg,c2,1739975400,2025-02-19T14:30:00+00:00,30.0,0.9007692556612986,5.847953216374269,adcp linear at epoch+300s
1739977200.Wed.Feb.19_15_00_00.GMT.2025.CACO04.c2.bright.jpg,c2,1739977200,2025-02-19T15:00:00+00:00,0.0,0.8472797765897295,5.847953216374269,adcp linear at epoch+300s
1739979000.Wed.Feb.19_15_30_00.GMT.2025.CACO04.c2.bright.jpg,c2,1739979000,2025-02-19T15:30:00+00:00,30.0,0.8193679958740231,5.847953216374269,adcp linear at epoch+300s
1739980800.Wed.Feb.19_16_00_00.GMT.2025.CACO04.c2.bright.jpg,c2,1739980800,2025-02-19T16:00:00+00:00,0.0,0.7924272953404722,5.847953216374269,adcp linear at epoch+300s
1739982600.Wed.Feb.19_16_30_00.GMT.2025.CACO04.c2.bright.jpg,c2,1739982600,2025-02-19T16:30:00+00:00,30.0,0.7703419957176985,5.361930294906166,adcp linear at epoch+300s
1739984400.Wed.Feb.19_17_00_00.GMT.2025.CACO04.c2.bright.jpg,c2,1739984400,2025-02-19T17:00:00+00:00,0.0,0.7502597715540793,5.361930294906166,adcp linear at epoch+300s
1739986200.Wed.Feb.19_17_30_00.GMT.2025.CACO04.c2.bright.jpg,c2,1739986200,2025-02-19T17:30:00+00:00,30.0,0.7401929246862328,5.361930294906166,adcp linear at epoch+300s
1739988000.Wed.Feb.19_18_00_00.GMT.2025.CACO04.c2.bright.jpg,c2,1739988000,2025-02-19T18:00:00+00:00,0.0,0.7320985775596657,5.361930294906166,adcp linear at epoch+300s
1739989800.Wed.Feb.19_18_30_00.GMT.2025.CACO04.c2.bright.jpg,c2,1739989800,2025-02-19T18:30:00+00:00,30.0,0.7338667291394966,4.767580452920143,adcp linear at epoch+300s
1739991600.Wed.Feb.19_19_00_00.GMT.2025.CACO04.c2.bright.jpg,c2,1739991600,2025-02-19T19:00:00+00:00,0.0,0.721454090686718,4.767580452920143,adcp linear at epoch+300s
1739993400.Wed.Feb.19_19_30_00.GMT.2025.CACO04.c2.bright.jpg,c2,1739993400,2025-02-19T19:30:00+00:00,30.0,0.6381375020708919,5.361930294906166,adcp linear at epoch+300s
1739995200.Wed.Feb.19_20_00_00.GMT.2025.CACO04.c2.bright.jpg,c2,1739995200,2025-02-19T20:00:00+00:00,0.0,0.5572785640329944,5.361930294906166,adcp linear at epoch+300s
1739997000.Wed.Feb.19_20_30_00.GMT.2025.CACO04.c2.bright.jpg,c2,1739997000,2025-02-19T20:30:00+00:00,30.0,0.4887078788847396,5.361930294906166,adcp linear at epoch+300s
1739998800.Wed.Feb.19_21_00_00.GMT.2025.CACO04.c2.bright.jpg,c2,1739998800,2025-02-19T21:00:00+00:00,0.0,0.4221814482922936,5.361930294906166,adcp linear at epoch+300s
1740000600.Wed.Feb.19_21_30_00.GMT.2025.CACO04.c2.bright.jpg,c2,1740000600,2025-02-19T21:30:00+00:00,30.0,0.36587629047889186,5.361930294906166,adcp linear at epoch+300s
1740002400.Wed.Feb.19_22_00_00.GMT.2025.CACO04.c2.bright.jpg,c2,1740002400,2025-02-19T22:00:00+00:00,0.0,0.31792070634142144,5.361930294906166,adcp linear at epoch+300s
1740004200.Wed.Feb.19_22_30_00.GMT.2025.CACO04.c2.bright.jpg,c2,1740004200,2025-02-19T22:30:00+00:00,30.0,0.3117129905836078,8.032128514056225,adcp linear at epoch+300s
1740006000.Wed.Feb.19_23_00_00.GMT.2025.CACO04.c2.bright.jpg,c2,1740006000,2025-02-19T23:00:00+00:00,0.0,0.3144569447357007,8.032128514056225,adcp linear at epoch+300s
1740007800.Wed.Feb.19_23_30_00.GMT.2025.CACO04.c2.bright.jpg,c2,1740007800,2025-02-19T23:30:00+00:00,30.0,0.36195924843732613,4.291845493562232,adcp linear at epoch+300s
1740009600.Thu.Feb.20_00_00_00.GMT.2025.CACO04.c2.bright.jpg,c2,1740009600,2025-02-20T00:00:00+00:00,0.0,0.39940222790850005,4.291845493562232,adcp linear at epoch+300s
1740011400.Thu.Feb.20_00_30_00.GMT.2025.CACO04.c2.bright.jpg,c2,1740011400,2025-02-20T00:30:00+00:00,30.0,0.38654858622741656,4.291845493562232,adcp linear at epoch+300s
1740013200.Thu.Feb.20_01_00_00.GMT.2025.CACO04.c2.bright.jpg,c2,1740013200,2025-02-20T01:00:00+00:00,0.0,0.3717421136589635,4.291845493562232,adcp linear at epoch+300s
1740015000.Thu.Feb.20_01_30_00.GMT.2025.CACO04.c2.bright.jpg,c2,1740015000,2025-02-20T01:30:00+00:00,30.0,0.3471714866536622,4.291845493562232,adcp linear at epoch+300s
1740016800.Thu.Feb.20_02_00_00.GMT.2025.CACO04.c2.bright.jpg,c2,1740016800,2025-02-20T02:00:00+00:00,0.0,0.3270699874532334,4.291845493562232,adcp linear at epoch+300s
1740018600.Thu.Feb.20_02_30_00.GMT.2025.CACO04.c2.bright.jpg,c2,1740018600,2025-02-20T02:30:00+00:00,30.0,0.3293141272771669,4.153686396677051,adcp linear at epoch+300s
1740020400.Thu.Feb.20_03_00_00.GMT.2025.CACO04.c2.bright.jpg,c2,1740020400,2025-02-20T03:00:00+00:00,0.0,0.33082860937934805,4.153686396677051,adcp linear at epoch+300s
1740051000.Thu.Feb.20_11_30_00.GMT.2025.CACO04.c2.bright.jpg,c2,1740051000,2025-02-20T11:30:00+00:00,30.0,0.22199787456500628,16.0,adcp linear at epoch+300s
1740052800.Thu.Feb.20_12_00_00.GMT.2025.CACO04.c2.bright.jpg,c2,1740052800,2025-02-20T12:00:00+00:00,0.0,0.22511708981346384,16.0,adcp linear at epoch+300s
1740054600.Thu.Feb.20_12_30_00.GMT.2025.CACO04.c2.bright.jpg,c2,1740054600,2025-02-20T12:30:00+00:00,30.0,0.2321115053173277,16.0,adcp linear at epoch+300s
1740056400.Thu.Feb.20_13_00_00.GMT.2025.CACO04.c2.bright.jpg,c2,1740056400,2025-02-20T13:00:00+00:00,0.0,0.24685668835722477,16.0,adcp linear at epoch+300s
1740058200.Thu.Feb.20_13_30_00.GMT.2025.CACO04.c2.bright.jpg,c2,1740058200,2025-02-20T13:30:00+00:00,30.0,0.30035570907728787,3.902439024390244,adcp linear at epoch+300s
1740060000.Thu.Feb.20_14_00_00.GMT.2025.CACO04.c2.bright.jpg,c2,1740060000,2025-02-20T14:00:00+00:00,0.0,0.3366867538650798,3.902439024390244,adcp linear at epoch+300s
1740061800.Thu.Feb.20_14_30_00.GMT.2025.CACO04.c2.bright.jpg,c2,1740061800,2025-02-20T14:30:00+00:00,30.0,0.28717791899151573,16.0,adcp linear at epoch+300s
1740063600.Thu.Feb.20_15_00_00.GMT.2025.CACO04.c2.bright.jpg,c2,1740063600,2025-02-20T15:00:00+00:00,0.0,0.24630750342371763,16.0,adcp linear at epoch+300s
1740065400.Thu.Feb.20_15_30_00.GMT.2025.CACO04.c2.bright.jpg,c2,1740065400,2025-02-20T15:30:00+00:00,30.0,0.24862918438474943,16.0,adcp linear at epoch+300s
1740067200.Thu.Feb.20_16_00_00.GMT.2025.CACO04.c2.bright.jpg,c2,1740067200,2025-02-20T16:00:00+00:00,0.0,0.2551914084844748,16.0,adcp linear at epoch+300s
1740069000.Thu.Feb.20_16_30_00.GMT.2025.CACO04.c2.bright.jpg,c2,1740069000,2025-02-20T16:30:00+00:00,30.0,0.28295634827766786,5.148005148005149,adcp linear at epoch+300s
1740070800.Thu.Feb.20_17_00_00.GMT.2025.CACO04.c2.bright.jpg,c2,1740070800,2025-02-20T17:00:00+00:00,0.0,0.31590922499478574,5.148005148005149,adcp linear at epoch+300s
1740072600.Thu.Feb.20_17_30_00.GMT.2025.CACO04.c2.bright.jpg,c2,1740072600,2025-02-20T17:30:00+00:00,30.0,0.37480178633152755,4.597701149425287,adcp linear at epoch+300s
1740074400.Thu.Feb.20_18_00_00.GMT.2025.CACO04.c2.bright.jpg,c2,1740074400,2025-02-20T18:00:00+00:00,0.0,0.4079938931707805,4.597701149425287,adcp linear at epoch+300s
1740076200.Thu.Feb.20_18_30_00.GMT.2025.CACO04.c2.bright.jpg,c2,1740076200,2025-02-20T18:30:00+00:00,30.0,0.31268372752258916,16.0,adcp linear at epoch+300s
1740078000.Thu.Feb.20_19_00_00.GMT.2025.CACO04.c2.bright.jpg,c2,1740078000,2025-02-20T19:00:00+00:00,0.0,0.2685879728166959,16.0,adcp linear at epoch+300s
1740079800.Thu.Feb.20_19_30_00.GMT.2025.CACO04.c2.bright.jpg,c2,1740079800,2025-02-20T19:30:00+00:00,30.0,0.4805642728222932,2.9962546816479403,adcp linear at epoch+300s
1740081600.Thu.Feb.20_20_00_00.GMT.2025.CACO04.c2.bright.jpg,c2,1740081600,2025-02-20T20:00:00+00:00,0.0,0.670399730478016,2.9962546816479403,adcp linear at epoch+300s
1740083400.Thu.Feb.20_20_30_00.GMT.2025.CACO04.c2.bright.jpg,c2,1740083400,2025-02-20T20:30:00+00:00,30.0,0.7495309763843666,3.577817531305903,adcp linear at epoch+300s
1740085200.Thu.Feb.20_21_00_00.GMT.2025.CACO04.c2.bright.jpg,c2,1740085200,2025-02-20T21:00:00+00:00,0.0,0.8263473731258872,3.577817531305903,adcp linear at epoch+300s
1740087000.Thu.Feb.20_21_30_00.GMT.2025.CACO04.c2.bright.jpg,c2,1740087000,2025-02-20T21:30:00+00:00,30.0,0.8915895240432582,4.291845493562232,adcp linear at epoch+300s
1740088800.Thu.Feb.20_22_00_00.GMT.2025.CACO04.c2.bright.jpg,c2,1740088800,2025-02-20T22:00:00+00:00,0.0,0.9464515790828132,4.291845493562232,adcp linear at epoch+300s
1740090600.Thu.Feb.20_22_30_00.GMT.2025.CACO04.c2.bright.jpg,c2,1740090600,2025-02-20T22:30:00+00:00,30.0,0.9494131547332884,4.597701149425287,adcp linear at epoch+300s
1740092400.Thu.Feb.20_23_00_00.GMT.2025.CACO04.c2.bright.jpg,c2,1740092400,2025-02-20T23:00:00+00:00,0.0,0.9488337749038827,4.597701149425287,adcp linear at epoch+300s
1740094200.Thu.Feb.20_23_30_00.GMT.2025.CACO04.c2.bright.jpg,c2,1740094200,2025-02-20T23:30:00+00:00,30.0,0.9305496176750727,4.597701149425287,adcp linear at epoch+300s
1740096000.Fri.Feb.21_00_00_00.GMT.2025.CACO04.c2.bright.jpg,c2,1740096000,2025-02-21T00:00:00+00:00,0.0,0.911764788460861,4.597701149425287,adcp linear at epoch+300s
1740097800.Fri.Feb.21_00_30_00.GMT.2025.CACO04.c2.bright.jpg,c2,1740097800,2025-02-21T00:30:00+00:00,30.0,0.8904765993196393,4.597701149425287,adcp linear at epoch+300s
1740099600.Fri.Feb.21_01_00_00.GMT.2025.CACO04.c2.bright.jpg,c2,1740099600,2025-02-21T01:00:00+00:00,0.0,0.8220301283100732,4.597701149425287,adcp linear at epoch+300s
1740101400.Fri.Feb.21_01_30_00.GMT.2025.CACO04.c2.bright.jpg,c2,1740101400,2025-02-21T01:30:00+00:00,30.0,0.5177922479587853,16.0,adcp linear at epoch+300s
1740103200.Fri.Feb.21_02_00_00.GMT.2025.CACO04.c2.bright.jpg,c2,1740103200,2025-02-21T02:00:00+00:00,0.0,0.26478206281981465,16.0,adcp linear at epoch+300s
1740105000.Fri.Feb.21_02_30_00.GMT.2025.CACO04.c2.bright.jpg,c2,1740105000,2025-02-21T02:30:00+00:00,30.0,0.267910353742431,16.0,adcp linear at epoch+300s
1740106800.Fri.Feb.21_03_00_00.GMT.2025.CACO04.c2.bright.jpg,c2,1740106800,2025-02-21T03:00:00+00:00,0.0,0.29745557149651725,16.0,adcp linear at epoch+300s
1740137400.Fri.Feb.21_11_30_00.GMT.2025.CACO04.c2.bright.jpg,c2,1740137400,2025-02-21T11:30:00+00:00,30.0,1.1354702328652273,5.847953216374269,adcp linear at epoch+300s
1740139200.Fri.Feb.21_12_00_00.GMT.2025.CACO04.c2.bright.jpg,c2,1740139200,2025-02-21T12:00:00+00:00,0.0,1.2124136000691093,5.847953216374269,adcp linear at epoch+300s
1740141000.Fri.Feb.21_12_30_00.GMT.2025.CACO04.c2.bright.jpg,c2,1740141000,2025-02-21T12:30:00+00:00,30.0,1.3044244760148016,6.768189509306261,adcp linear at epoch+300s
1740142800.Fri.Feb.21_13_00_00.GMT.2025.CACO04.c2.bright.jpg,c2,1740142800,2025-02-21T13:00:00+00:00,0.0,1.3889786211286594,6.768189509306261,adcp linear at epoch+300s
1740144600.Fri.Feb.21_13_30_00.GMT.2025.CACO04.c2.bright.jpg,c2,1740144600,2025-02-21T13:30:00+00:00,30.0,1.4362491120833445,7.142857142857142,adcp linear at epoch+300s
1740146400.Fri.Feb.21_14_00_00.GMT.2025.CACO04.c2.bright.jpg,c2,1740146400,2025-02-21T14:00:00+00:00,0.0,1.4816357014197659,7.142857142857142,adcp linear at epoch+300s
1740148200.Fri.Feb.21_14_30_00.GMT.2025.CACO04.c2.bright.jpg,c2,1740148200,2025-02-21T14:30:00+00:00,30.0,1.5176027826648675,7.142857142857142,adcp linear at epoch+300s
1740150000.Fri.Feb.21_15_00_00.GMT.2025.CACO04.c2.bright.jpg,c2,1740150000,2025-02-21T15:00:00+00:00,0.0,1.5494715861059691,7.142857142857142,adcp linear at epoch+300s
1740151800.Fri.Feb.21_15_30_00.GMT.2025.CACO04.c2.bright.jpg,c2,1740151800,2025-02-21T15:30:00+00:00,30.0,1.5608490005270717,7.142857142857142,adcp linear at epoch+300s
1740153600.Fri.Feb.21_16_00_00.GMT.2025.CACO04.c2.bright.jpg,c2,1740153600,2025-02-21T16:00:00+00:00,0.0,1.5535049524462852,7.142857142857142,adcp linear at epoch+300s
1740155400.Fri.Feb.21_16_30_00.GMT.2025.CACO04.c2.bright.jpg,c2,1740155400,2025-02-21T16:30:00+00:00,30.0,1.4525535918560548,7.142857142857142,adcp linear at epoch+300s
1740157200.Fri.Feb.21_17_00_00.GMT.2025.CACO04.c2.bright.jpg,c2,1740157200,2025-02-21T17:00:00+00:00,0.0,1.3730134617475809,7.142857142857142,adcp linear at epoch+300s
1740159000.Fri.Feb.21_17_30_00.GMT.2025.CACO04.c2.bright.jpg,c2,1740159000,2025-02-21T17:30:00+00:00,30.0,1.4005294840478888,6.430868167202571,adcp linear at epoch+300s
1740160800.Fri.Feb.21_18_00_00.GMT.2025.CACO04.c2.bright.jpg,c2,1740160800,2025-02-21T18:00:00+00:00,0.0,1.4244978323569737,6.430868167202571,adcp linear at epoch+300s
1740162600.Fri.Feb.21_18_30_00.GMT.2025.CACO04.c2.bright.jpg,c2,1740162600,2025-02-21T18:30:00+00:00,30.0,1.4307278107099415,6.768189509306261,adcp linear at epoch+300s
1740164400.Fri.Feb.21_19_00_00.GMT.2025.CACO04.c2.bright.jpg,c2,1740164400,2025-02-21T19:00:00+00:00,0.0,1.427952124112121,6.768189509306261,adcp linear at epoch+300s
1740166200.Fri.Feb.21_19_30_00.GMT.2025.CACO04.c2.bright.jpg,c2,1740166200,2025-02-21T19:30:00+00:00,30.0,1.3801481127603559,6.430868167202571,adcp linear at epoch+300s
1740168000.Fri.Feb.21_20_00_00.GMT.2025.CACO04.c2.bright.jpg,c2,1740168000,2025-02-21T20:00:00+00:00,0.0,1.3398426128515815,6.430868167202571,adcp linear at epoch+300s
1740169800.Fri.Feb.21_20_30_00.GMT.2025.CACO04.c2.bright.jpg,c2,1740169800,2025-02-21T20:30:00+00:00,30.0,1.3370296701577582,5.594405594405594,adcp linear at epoch+300s
1740171600.Fri.Feb.21_21_00_00.GMT.2025.CACO04.c2.bright.jpg,c2,1740171600,2025-02-21T21:00:00+00:00,0.0,1.333118910561692,5.594405594405594,adcp linear at epoch+300s
1740173400.Fri.Feb.21_21_30_00.GMT.2025.CACO04.c2.bright.jpg,c2,1740173400,2025-02-21T21:30:00+00:00,30.0,1.3237190664544112,6.125574272588055,adcp linear at epoch+300s
1740175200.Fri.Feb.21_22_00_00.GMT.2025.CACO04.c2.bright.jpg,c2,1740175200,2025-02-21T22:00:00+00:00,0.0,1.3078508013327812,6.125574272588055,adcp linear at epoch+300s
1740177000.Fri.Feb.21_22_30_00.GMT.2025.CACO04.c2.bright.jpg,c2,1740177000,2025-02-21T22:30:00+00:00,30.0,1.2596404311394052,6.430868167202571,adcp linear at epoch+300s
1740178800.Fri.Feb.21_23_00_00.GMT.2025.CACO04.c2.bright.jpg,c2,1740178800,2025-02-21T23:00:00+00:00,0.0,1.2192320942386274,6.430868167202571,adcp linear at epoch+300s
1740180600.Fri.Feb.21_23_30_00.GMT.2025.CACO04.c2.bright.jpg,c2,1740180600,2025-02-21T23:30:00+00:00,30.0,1.2178339238008413,6.125574272588055,adcp linear at epoch+300s
1740182400.Sat.Feb.22_00_00_00.GMT.2025.CACO04.c2.bright.jpg,c2,1740182400,2025-02-22T00:00:00+00:00,0.0,1.2122668603101343,6.125574272588055,adcp linear at epoch+300s
1740184200.Sat.Feb.22_00_30_00.GMT.2025.CACO04.c2.bright.jpg,c2,1740184200,2025-02-22T00:30:00+00:00,30.0,1.1858553315548221,6.125574272588055,adcp linear at epoch+300s
1740186000.Sat.Feb.22_01_00_00.GMT.2025.CACO04.c2.bright.jpg,c2,1740186000,2025-02-22T01:00:00+00:00,0.0,1.1684561577640307,6.125574272588055,adcp linear at epoch+300s
1740187800.Sat.Feb.22_01_30_00.GMT.2025.CACO04.c2.bright.jpg,c2,1740187800,2025-02-22T01:30:00+00:00,30.0,1.1961187587958424,6.125574272588055,adcp linear at epoch+300s
1740189600.Sat.Feb.22_02_00_00.GMT.2025.CACO04.c2.bright.jpg,c2,1740189600,2025-02-22T02:00:00+00:00,0.0,1.2229239405297112,6.125574272588055,adcp linear at epoch+300s
1740191400.Sat.Feb.22_02_30_00.GMT.2025.CACO04.c2.bright.jpg,c2,1740191400,2025-02-22T02:30:00+00:00,30.0,1.2454420257738645,6.125574272588055,adcp linear at epoch+300s
1740193200.Sat.Feb.22_03_00_00.GMT.2025.CACO04.c2.bright.jpg,c2,1740193200,2025-02-22T03:00:00+00:00,0.0,1.2857489054761138,6.125574272588055,adcp linear at epoch+300s
1740223800.Sat.Feb.22_11_30_00.GMT.2025.CACO04.c2.bright.jpg,c2,1740223800,2025-02-22T11:30:00+00:00,30.0,1.1140122729686202,6.430868167202571,adcp linear at epoch+300s
1740225600.Sat.Feb.22_12_00_00.GMT.2025.CACO04.c2.bright.jpg,c2,1740225600,2025-02-22T12:00:00+00:00,0.0,1.0645023905312472,6.430868167202571,adcp linear at epoch+300s
1740227400.Sat.Feb.22_12_30_00.GMT.2025.CACO04.c2.bright.jpg,c2,1740227400,2025-02-22T12:30:00+00:00,30.0,1.0538667469863208,6.125574272588055,adcp linear at epoch+300s
1740229200.Sat.Feb.22_13_00_00.GMT.2025.CACO04.c2.bright.jpg,c2,1740229200,2025-02-22T13:00:00+00:00,0.0,1.0310110905806118,6.125574272588055,adcp linear at epoch+300s
1740231000.Sat.Feb.22_13_30_00.GMT.2025.CACO04.c2.bright.jpg,c2,1740231000,2025-02-22T13:30:00+00:00,30.0,0.9470553698709895,6.125574272588055,adcp linear at epoch+300s
1740232800.Sat.Feb.22_14_00_00.GMT.2025.CACO04.c2.bright.jpg,c2,1740232800,2025-02-22T14:00:00+00:00,0.0,0.8706743589184909,6.125574272588055,adcp linear at epoch+300s
1740234600.Sat.Feb.22_14_30_00.GMT.2025.CACO04.c2.bright.jpg,c2,1740234600,2025-02-22T14:30:00+00:00,30.0,0.832166896751611,6.125574272588055,adcp linear at epoch+300s
1740236400.Sat.Feb.22_15_00_00.GMT.2025.CACO04.c2.bright.jpg,c2,1740236400,2025-02-22T15:00:00+00:00,0.0,0.8001011594294625,6.125574272588055,adcp linear at epoch+300s
1740238200.Sat.Feb.22_15_30_00.GMT.2025.CACO04.c2.bright.jpg,c2,1740238200,2025-02-22T15:30:00+00:00,30.0,0.800244046330971,5.361930294906166,adcp linear at epoch+300s
1740240000.Sat.Feb.22_16_00_00.GMT.2025.CACO04.c2.bright.jpg,c2,1740240000,2025-02-22T16:00:00+00:00,0.0,0.7916361617011247,5.361930294906166,adcp linear at epoch+300s
1740241800.Sat.Feb.22_16_30_00.GMT.2025.CACO04.c2.bright.jpg,c2,1740241800,2025-02-22T16:30:00+00:00,30.0,0.7392744194145048,5.594405594405594,adcp linear at epoch+300s
1740243600.Sat.Feb.22_17_00_00.GMT.2025.CACO04.c2.bright.jpg,c2,1740243600,2025-02-22T17:00:00+00:00,0.0,0.6900898768371277,5.594405594405594,adcp linear at epoch+300s
1740245400.Sat.Feb.22_17_30_00.GMT.2025.CACO04.c2.bright.jpg,c2,1740245400,2025-02-22T17:30:00+00:00,30.0,0.6567913328059651,9.876543209876544,adcp linear at epoch+300s
1740247200.Sat.Feb.22_18_00_00.GMT.2025.CACO04.c2.bright.jpg,c2,1740247200,2025-02-22T18:00:00+00:00,0.0,0.6249213734089077,9.876543209876544,adcp linear at epoch+300s
1740249000.Sat.Feb.22_18_30_00.GMT.2025.CACO04.c2.bright.jpg,c2,1740249000,2025-02-22T18:30:00+00:00,30.0,0.6001943371823759,9.876543209876544,adcp linear at epoch+300s
1740250800.Sat.Feb.22_19_00_00.GMT.2025.CACO04.c2.bright.jpg,c2,1740250800,2025-02-22T19:00:00+00:00,0.0,0.5828887789538492,9.876543209876544,adcp linear at epoch+300s
1740252600.Sat.Feb.22_19_30_00.GMT.2025.CACO04.c2.bright.jpg,c2,1740252600,2025-02-22T19:30:00+00:00,30.0,0.6026906107153477,9.876543209876544,adcp linear at epoch+300s
1740254400.Sat.Feb.22_20_00_00.GMT.2025.CACO04.c2.bright.jpg,c2,1740254400,2025-02-22T20:00:00+00:00,0.0,0.6246179144312969,9.876543209876544,adcp linear at epoch+300s
1740256200.Sat.Feb.22_20_30_00.GMT.2025.CACO04.c2.bright.jpg,c2,1740256200,2025-02-22T20:30:00+00:00,30.0,0.6571725779194991,5.594405594405594,adcp linear at epoch+300s
1740258000.Sat.Feb.22_21_00_00.GMT.2025.CACO04.c2.bright.jpg,c2,1740258000,2025-02-22T21:00:00+00:00,0.0,0.6819385098605479,5.594405594405594,adcp linear at epoch+300s
1740259800.Sat.Feb.22_21_30_00.GMT.2025.CACO04.c2.bright.jpg,c2,1740259800,2025-02-22T21:30:00+00:00,30.0,0.6677607840658298,9.174311926605505,adcp linear at epoch+300s
1740261600.Sat.Feb.22_22_00_00.GMT.2025.CACO04.c2.bright.jpg,c2,1740261600,2025-02-22T22:00:00+00:00,0.0,0.6548873582506997,9.174311926605505,adcp linear at epoch+300s
1740263400.Sat.Feb.22_22_30_00.GMT.2025.CACO04.c2.bright.jpg,c2,1740263400,2025-02-22T22:30:00+00:00,30.0,0.6485354323335096,9.876543209876544,adcp linear at epoch+300s
1740265200.Sat.Feb.22_23_00_00.GMT.2025.CACO04.c2.bright.jpg,c2,1740265200,2025-02-22T23:00:00+00:00,0.0,0.6383563102348072,9.876543209876544,adcp linear at epoch+300s
1740267000.Sat.Feb.22_23_30_00.GMT.2025.CACO04.c2.bright.jpg,c2,1740267000,2025-02-22T23:30:00+00:00,30.0,0.6090412072285426,9.174311926605505,adcp linear at epoch+300s
1740268800.Sun.Feb.23_00_00_00.GMT.2025.CACO04.c2.bright.jpg,c2,1740268800,2025-02-23T00:00:00+00:00,0.0,0.5805126600702052,9.174311926605505,adcp linear at epoch+300s
1740270600.Sun.Feb.23_00_30_00.GMT.2025.CACO04.c2.bright.jpg,c2,1740270600,2025-02-23T00:30:00+00:00,30.0,0.555916892151503,9.876543209876544,adcp linear at epoch+300s
1740272400.Sun.Feb.23_01_00_00.GMT.2025.CACO04.c2.bright.jpg,c2,1740272400,2025-02-23T01:00:00+00:00,0.0,0.5341497695551719,9.876543209876544,adcp linear at epoch+300s
1740274200.Sun.Feb.23_01_30_00.GMT.2025.CACO04.c2.bright.jpg,c2,1740274200,2025-02-23T01:30:00+00:00,30.0,0.526525873570696,9.174311926605505,adcp linear at epoch+300s
1740276000.Sun.Feb.23_02_00_00.GMT.2025.CACO04.c2.bright.jpg,c2,1740276000,2025-02-23T02:00:00+00:00,0.0,0.5102590770790248,9.174311926605505,adcp linear at epoch+300s
1740277800.Sun.Feb.23_02_30_00.GMT.2025.CACO04.c2.bright.jpg,c2,1740277800,2025-02-23T02:30:00+00:00,30.0,0.45077777805137764,8.565310492505352,adcp linear at epoch+300s
1740279600.Sun.Feb.23_03_00_00.GMT.2025.CACO04.c2.bright.jpg,c2,1740279600,2025-02-23T03:00:00+00:00,0.0,0.39923968206412863,8.565310492505352,adcp linear at epoch+300s
1740310200.Sun.Feb.23_11_30_00.GMT.2025.CACO04.c2.bright.jpg,c2,1740310200,2025-02-23T11:30:00+00:00,30.0,0.37920706284914796,10.6951871657754,adcp linear at epoch+300s
1740312000.Sun.Feb.23_12_00_00.GMT.2025.CACO04.c2.bright.jpg,c2,1740312000,2025-02-23T12:00:00+00:00,0.0,0.3822592515243727,10.6951871657754,adcp linear at epoch+300s
1740313800.Sun.Feb.23_12_30_00.GMT.2025.CACO04.c2.bright.jpg,c2,1740313800,2025-02-23T12:30:00+00:00,30.0,0.39895494525483904,9.876543209876544,adcp linear at epoch+300s
1740315600.Sun.Feb.23_13_00_00.GMT.2025.CACO04.c2.bright.jpg,c2,1740315600,2025-02-23T13:00:00+00:00,0.0,0.40483579618233706,9.876543209876544,adcp linear at epoch+300s
1740317400.Sun.Feb.23_13_30_00.GMT.2025.CACO04.c2.bright.jpg,c2,1740317400,2025-02-23T13:30:00+00:00,30.0,0.35664243309499355,9.174311926605505,adcp linear at epoch+300s
1740319200.Sun.Feb.23_14_00_00.GMT.2025.CACO04.c2.bright.jpg,c2,1740319200,2025-02-23T14:00:00+00:00,0.0,0.3286309763612042,9.174311926605505,adcp linear at epoch+300s
1740321000.Sun.Feb.23_14_30_00.GMT.2025.CACO04.c2.bright.jpg,c2,1740321000,2025-02-23T14:30:00+00:00,30.0,0.4015290513951858,9.876543209876544,adcp linear at epoch+300s
1740322800.Sun.Feb.23_15_00_00.GMT.2025.CACO04.c2.bright.jpg,c2,1740322800,2025-02-23T15:00:00+00:00,0.0,0.4601722795261297,9.876543209876544,adcp linear at epoch+300s
1740324600.Sun.Feb.23_15_30_00.GMT.2025.CACO04.c2.bright.jpg,c2,1740324600,2025-02-23T15:30:00+00:00,30.0,0.44754127314188524,9.876543209876544,adcp linear at epoch+300s
1740326400.Sun.Feb.23_16_00_00.GMT.2025.CACO04.c2.bright.jpg,c2,1740326400,2025-02-23T16:00:00+00:00,0.0,0.42441655107126675,9.876543209876544,adcp linear at epoch+300s
1740328200.Sun.Feb.23_16_30_00.GMT.2025.CACO04.c2.bright.jpg,c2,1740328200,2025-02-23T16:30:00+00:00,30.0,0.34882325056877833,9.876543209876544,adcp linear at epoch+300s
1740330000.Sun.Feb.23_17_00_00.GMT.2025.CACO04.c2.bright.jpg,c2,1740330000,2025-02-23T17:00:00+00:00,0.0,0.28826397820340804,9.876543209876544,adcp linear at epoch+300s
1740331800.Sun.Feb.23_17_30_00.GMT.2025.CACO04.c2.bright.jpg,c2,1740331800,2025-02-23T17:30:00+00:00,30.0,0.3028748465236287,9.174311926605505,adcp linear at epoch+300s
1740333600.Sun.Feb.23_18_00_00.GMT.2025.CACO04.c2.bright.jpg,c2,1740333600,2025-02-23T18:00:00+00:00,0.0,0.3164334430970599,9.174311926605505,adcp linear at epoch+300s
1740335400.Sun.Feb.23_18_30_00.GMT.2025.CACO04.c2.bright.jpg,c2,1740335400,2025-02-23T18:30:00+00:00,30.0,0.32473068093654356,9.174311926605505,adcp linear at epoch+300s
1740337200.Sun.Feb.23_19_00_00.GMT.2025.CACO04.c2.bright.jpg,c2,1740337200,2025-02-23T19:00:00+00:00,0.0,0.3318600145815205,9.174311926605505,adcp linear at epoch+300s
1740339000.Sun.Feb.23_19_30_00.GMT.2025.CACO04.c2.bright.jpg,c2,1740339000,2025-02-23T19:30:00+00:00,30.0,0.3331498272539633,9.174311926605505,adcp linear at epoch+300s
1740340800.Sun.Feb.23_20_00_00.GMT.2025.CACO04.c2.bright.jpg,c2,1740340800,2025-02-23T20:00:00+00:00,0.0,0.33592551018458744,9.174311926605505,adcp linear at epoch+300s
1740342600.Sun.Feb.23_20_30_00.GMT.2025.CACO04.c2.bright.jpg,c2,1740342600,2025-02-23T20:30:00+00:00,30.0,0.34613054440611807,9.174311926605505,adcp linear at epoch+300s
1740344400.Sun.Feb.23_21_00_00.GMT.2025.CACO04.c2.bright.jpg,c2,1740344400,2025-02-23T21:00:00+00:00,0.0,0.3525812835808435,9.174311926605505,adcp linear at epoch+300s
1740346200.Sun.Feb.23_21_30_00.GMT.2025.CACO04.c2.bright.jpg,c2,1740346200,2025-02-23T21:30:00+00:00,30.0,0.340260547521543,9.876543209876544,adcp linear at epoch+300s
1740348000.Sun.Feb.23_22_00_00.GMT.2025.CACO04.c2.bright.jpg,c2,1740348000,2025-02-23T22:00:00+00:00,0.0,0.3307055135511669,9.876543209876544,adcp linear at epoch+300s
1740349800.Sun.Feb.23_22_30_00.GMT.2025.CACO04.c2.bright.jpg,c2,1740349800,2025-02-23T22:30:00+00:00,30.0,0.33497899002541226,9.876543209876544,adcp linear at epoch+300s
1740351600.Sun.Feb.23_23_00_00.GMT.2025.CACO04.c2.bright.jpg,c2,1740351600,2025-02-23T23:00:00+00:00,0.0,0.34074079286237163,9.876543209876544,adcp linear at epoch+300s
1740353400.Sun.Feb.23_23_30_00.GMT.2025.CACO04.c2.bright.jpg,c2,1740353400,2025-02-23T23:30:00+00:00,30.0,0.35394422751290117,9.876543209876544,adcp linear at epoch+300s
1740355200.Mon.Feb.24_00_00_00.GMT.2025.CACO04.c2.bright.jpg,c2,1740355200,2025-02-24T00:00:00+00:00,0.0,0.3629220286188217,9.876543209876544,adcp linear at epoch+300s
1740357000.Mon.Feb.24_00_30_00.GMT.2025.CACO04.c2.bright.jpg,c2,1740357000,2025-02-24T00:30:00+00:00,30.0,0.35077166200169757,9.876543209876544,adcp linear at epoch+300s
1740358800.Mon.Feb.24_01_00_00.GMT.2025.CACO04.c2.bright.jpg,c2,1740358800,2025-02-24T01:00:00+00:00,0.0,0.33914045955643496,9.876543209876544,adcp linear at epoch+300s
1740360600.Mon.Feb.24_01_30_00.GMT.2025.CACO04.c2.bright.jpg,c2,1740360600,2025-02-24T01:30:00+00:00,30.0,0.33010507797048017,9.174311926605505,adcp linear at epoch+300s
1740362400.Mon.Feb.24_02_00_00.GMT.2025.CACO04.c2.bright.jpg,c2,1740362400,2025-02-24T02:00:00+00:00,0.0,0.3305678702604149,9.174311926605505,adcp linear at epoch+300s
1740364200.Mon.Feb.24_02_30_00.GMT.2025.CACO04.c2.bright.jpg,c2,1740364200,2025-02-24T02:30:00+00:00,30.0,0.37852153192979704,9.876543209876544,adcp linear at epoch+300s
1740366000.Mon.Feb.24_03_00_00.GMT.2025.CACO04.c2.bright.jpg,c2,1740366000,2025-02-24T03:00:00+00:00,0.0,0.4121020879180736,9.876543209876544,adcp linear at epoch+300s
1740396600.Mon.Feb.24_11_30_00.GMT.2025.CACO04.c2.bright.jpg,c2,1740396600,2025-02-24T11:30:00+00:00,30.0,0.33724030607779154,9.876543209876544,adcp linear at epoch+300s
1740398400.Mon.Feb.24_12_00_00.GMT.2025.CACO04.c2.bright.jpg,c2,1740398400,2025-02-24T12:00:00+00:00,0.0,0.32813155436561975,9.876543209876544,adcp linear at epoch+300s
1740400200.Mon.Feb.24_12_30_00.GMT.2025.CACO04.c2.bright.jpg,c2,1740400200,2025-02-24T12:30:00+00:00,30.0,0.3273963822807635,9.876543209876544,adcp linear at epoch+300s
1740402000.Mon.Feb.24_13_00_00.GMT.2025.CACO04.c2.bright.jpg,c2,1740402000,2025-02-24T13:00:00+00:00,0.0,0.3265737418158316,9.876543209876544,adcp linear at epoch+300s
1740403800.Mon.Feb.24_13_30_00.GMT.2025.CACO04.c2.bright.jpg,c2,1740403800,2025-02-24T13:30:00+00:00,30.0,0.3253137594505209,10.6951871657754,adcp linear at epoch+300s
1740405600.Mon.Feb.24_14_00_00.GMT.2025.CACO04.c2.bright.jpg,c2,1740405600,2025-02-24T14:00:00+00:00,0.0,0.32268625740445545,10.6951871657754,adcp linear at epoch+300s
1740407400.Mon.Feb.24_14_30_00.GMT.2025.CACO04.c2.bright.jpg,c2,1740407400,2025-02-24T14:30:00+00:00,30.0,0.3132211569546161,10.6951871657754,adcp linear at epoch+300s
1740409200.Mon.Feb.24_15_00_00.GMT.2025.CACO04.c2.bright.jpg,c2,1740409200,2025-02-24T15:00:00+00:00,0.0,0.30612919092824437,10.6951871657754,adcp linear at epoch+300s
1740411000.Mon.Feb.24_15_30_00.GMT.2025.CACO04.c2.bright.jpg,c2,1740411000,2025-02-24T15:30:00+00:00,30.0,0.3109028970192105,10.6951871657754,adcp linear at epoch+300s
1740412800.Mon.Feb.24_16_00_00.GMT.2025.CACO04.c2.bright.jpg,c2,1740412800,2025-02-24T16:00:00+00:00,0.0,0.32273278178342674,10.6951871657754,adcp linear at epoch+300s
1740414600.Mon.Feb.24_16_30_00.GMT.2025.CACO04.c2.bright.jpg,c2,1740414600,2025-02-24T16:30:00+00:00,30.0,0.3698435599138936,11.661807580174926,adcp linear at epoch+300s
1740416400.Mon.Feb.24_17_00_00.GMT.2025.CACO04.c2.bright.jpg,c2,1740416400,2025-02-24T17:00:00+00:00,0.0,0.40001665598078096,11.661807580174926,adcp linear at epoch+300s
1740418200.Mon.Feb.24_17_30_00.GMT.2025.CACO04.c2.bright.jpg,c2,1740418200,2025-02-24T17:30:00+00:00,30.0,0.34550134172977054,10.6951871657754,adcp linear at epoch+300s
1740420000.Mon.Feb.24_18_00_00.GMT.2025.CACO04.c2.bright.jpg,c2,1740420000,2025-02-24T18:00:00+00:00,0.0,0.2990914646569358,10.6951871657754,adcp linear at epoch+300s
1740421800.Mon.Feb.24_18_30_00.GMT.2025.CACO04.c2.bright.jpg,c2,1740421800,2025-02-24T18:30:00+00:00,30.0,0.29320877347497915,9.876543209876544,adcp linear at epoch+300s
1740423600.Mon.Feb.24_19_00_00.GMT.2025.CACO04.c2.bright.jpg,c2,1740423600,2025-02-24T19:00:00+00:00,0.0,0.2883368323324033,9.876543209876544,adcp linear at epoch+300s
1740425400.Mon.Feb.24_19_30_00.GMT.2025.CACO04.c2.bright.jpg,c2,1740425400,2025-02-24T19:30:00+00:00,30.0,0.28851864138673156,11.661807580174926,adcp linear at epoch+300s
1740427200.Mon.Feb.24_20_00_00.GMT.2025.CACO04.c2.bright.jpg,c2,1740427200,2025-02-24T20:00:00+00:00,0.0,0.29028010560605183,11.661807580174926,adcp linear at epoch+300s
1740429000.Mon.Feb.24_20_30_00.GMT.2025.CACO04.c2.bright.jpg,c2,1740429000,2025-02-24T20:30:00+00:00,30.0,0.2999398456503323,10.6951871657754,adcp linear at epoch+300s
1740430800.Mon.Feb.24_21_00_00.GMT.2025.CACO04.c2.bright.jpg,c2,1740430800,2025-02-24T21:00:00+00:00,0.0,0.3089342727665909,10.6951871657754,adcp linear at epoch+300s
1740432600.Mon.Feb.24_21_30_00.GMT.2025.CACO04.c2.bright.jpg,c2,1740432600,2025-02-24T21:30:00+00:00,30.0,0.3146021352427397,11.661807580174926,adcp linear at epoch+300s
1740434400.Mon.Feb.24_22_00_00.GMT.2025.CACO04.c2.bright.jpg,c2,1740434400,2025-02-24T22:00:00+00:00,0.0,0.31693886467874705,11.661807580174926,adcp linear at epoch+300s
1740436200.Mon.Feb.24_22_30_00.GMT.2025.CACO04.c2.bright.jpg,c2,1740436200,2025-02-24T22:30:00+00:00,30.0,0.30261992891404693,11.661807580174926,adcp linear at epoch+300s
1740438000.Mon.Feb.24_23_00_00.GMT.2025.CACO04.c2.bright.jpg,c2,1740438000,2025-02-24T23:00:00+00:00,0.0,0.3154712846797587,11.661807580174926,adcp linear at epoch+300s
1740439800.Mon.Feb.24_23_30_00.GMT.2025.CACO04.c2.bright.jpg,c2,1740439800,2025-02-24T23:30:00+00:00,30.0,0.4641740980975301,3.679852805887765,adcp linear at epoch+300s
1740441600.Tue.Feb.25_00_00_00.GMT.2025.CACO04.c2.bright.jpg,c2,1740441600,2025-02-25T00:00:00+00:00,0.0,0.5920902836263651,3.679852805887765,adcp linear at epoch+300s
1740443400.Tue.Feb.25_00_30_00.GMT.2025.CACO04.c2.bright.jpg,c2,1740443400,2025-02-25T00:30:00+00:00,30.0,0.6160733297105183,3.4812880765883376,adcp linear at epoch+300s
1740445200.Tue.Feb.25_01_00_00.GMT.2025.CACO04.c2.bright.jpg,c2,1740445200,2025-02-25T01:00:00+00:00,0.0,0.6368368884948657,3.4812880765883376,adcp linear at epoch+300s
1740447000.Tue.Feb.25_01_30_00.GMT.2025.CACO04.c2.bright.jpg,c2,1740447000,2025-02-25T01:30:00+00:00,30.0,0.6415030107801837,3.902439024390244,adcp linear at epoch+300s
1740448800.Tue.Feb.25_02_00_00.GMT.2025.CACO04.c2.bright.jpg,c2,1740448800,2025-02-25T02:00:00+00:00,0.0,0.6508823674897671,3.902439024390244,adcp linear at epoch+300s
1740450600.Tue.Feb.25_02_30_00.GMT.2025.CACO04.c2.bright.jpg,c2,1740450600,2025-02-25T02:30:00+00:00,30.0,0.683827896320678,3.902439024390244,adcp linear at epoch+300s
1740452400.Tue.Feb.25_03_00_00.GMT.2025.CACO04.c2.bright.jpg,c2,1740452400,2025-02-25T03:00:00+00:00,0.0,0.7210054924822334,3.902439024390244,adcp linear at epoch+300s
1740483000.Tue.Feb.25_11_30_00.GMT.2025.CACO04.c2.bright.jpg,c2,1740483000,2025-02-25T11:30:00+00:00,30.0,0.6765717378155541,4.767580452920143,adcp linear at epoch+300s
1740484800.Tue.Feb.25_12_00_00.GMT.2025.CACO04.c2.bright.jpg,c2,1740484800,2025-02-25T12:00:00+00:00,0.0,0.6624336435499851,4.767580452920143,adcp linear at epoch+300s
1740486600.Tue.Feb.25_12_30_00.GMT.2025.CACO04.c2.bright.jpg,c2,1740486600,2025-02-25T12:30:00+00:00,30.0,0.6695470699634882,4.950495049504951,adcp linear at epoch+300s
1740488400.Tue.Feb.25_13_00_00.GMT.2025.CACO04.c2.bright.jpg,c2,1740488400,2025-02-25T13:00:00+00:00,0.0,0.6789415486987228,4.950495049504951,adcp linear at epoch+300s
1740490200.Tue.Feb.25_13_30_00.GMT.2025.CACO04.c2.bright.jpg,c2,1740490200,2025-02-25T13:30:00+00:00,30.0,0.6997412890426137,4.950495049504951,adcp linear at epoch+300s
1740492000.Tue.Feb.25_14_00_00.GMT.2025.CACO04.c2.bright.jpg,c2,1740492000,2025-02-25T14:00:00+00:00,0.0,0.7092773626678962,4.950495049504951,adcp linear at epoch+300s
1740493800.Tue.Feb.25_14_30_00.GMT.2025.CACO04.c2.bright.jpg,c2,1740493800,2025-02-25T14:30:00+00:00,30.0,0.6624951027001365,5.148005148005149,adcp linear at epoch+300s
1740495600.Tue.Feb.25_15_00_00.GMT.2025.CACO04.c2.bright.jpg,c2,1740495600,2025-02-25T15:00:00+00:00,0.0,0.6247021950627812,5.148005148005149,adcp linear at epoch+300s
1740497400.Tue.Feb.25_15_30_00.GMT.2025.CACO04.c2.bright.jpg,c2,1740497400,2025-02-25T15:30:00+00:00,30.0,0.6318560490774481,4.950495049504951,adcp linear at epoch+300s
1740499200.Tue.Feb.25_16_00_00.GMT.2025.CACO04.c2.bright.jpg,c2,1740499200,2025-02-25T16:00:00+00:00,0.0,0.6294863676671207,4.950495049504951,adcp linear at epoch+300s
1740501000.Tue.Feb.25_16_30_00.GMT.2025.CACO04.c2.bright.jpg,c2,1740501000,2025-02-25T16:30:00+00:00,30.0,0.5794990091318221,5.361930294906166,adcp linear at epoch+300s
1740502800.Tue.Feb.25_17_00_00.GMT.2025.CACO04.c2.bright.jpg,c2,1740502800,2025-02-25T17:00:00+00:00,0.0,0.5368534316969563,5.361930294906166,adcp linear at epoch+300s
1740504600.Tue.Feb.25_17_30_00.GMT.2025.CACO04.c2.bright.jpg,c2,1740504600,2025-02-25T17:30:00+00:00,30.0,0.5309167597642553,5.148005148005149,adcp linear at epoch+300s
1740506400.Tue.Feb.25_18_00_00.GMT.2025.CACO04.c2.bright.jpg,c2,1740506400,2025-02-25T18:00:00+00:00,0.0,0.5201555707521165,5.148005148005149,adcp linear at epoch+300s
1740508200.Tue.Feb.25_18_30_00.GMT.2025.CACO04.c2.bright.jpg,c2,1740508200,2025-02-25T18:30:00+00:00,30.0,0.4852717963427878,11.661807580174926,adcp linear at epoch+300s
1740510000.Tue.Feb.25_19_00_00.GMT.2025.CACO04.c2.bright.jpg,c2,1740510000,2025-02-25T19:00:00+00:00,0.0,0.452833304627841,11.661807580174926,adcp linear at epoch+300s
1740511800.Tue.Feb.25_19_30_00.GMT.2025.CACO04.c2.bright.jpg,c2,1740511800,2025-02-25T19:30:00+00:00,30.0,0.4326212263848034,9.876543209876544,adcp linear at epoch+300s
1740513600.Tue.Feb.25_20_00_00.GMT.2025.CACO04.c2.bright.jpg,c2,1740513600,2025-02-25T20:00:00+00:00,0.0,0.4127889351469454,9.876543209876544,adcp linear at epoch+300s
1740515400.Tue.Feb.25_20_30_00.GMT.2025.CACO04.c2.bright.jpg,c2,1740515400,2025-02-25T20:30:00+00:00,30.0,0.39485557893498574,11.661807580174926,adcp linear at epoch+300s
1740517200.Tue.Feb.25_21_00_00.GMT.2025.CACO04.c2.bright.jpg,c2,1740517200,2025-02-25T21:00:00+00:00,0.0,0.3779506194571303,11.661807580174926,adcp linear at epoch+300s
1740519000.Tue.Feb.25_21_30_00.GMT.2025.CACO04.c2.bright.jpg,c2,1740519000,2025-02-25T21:30:00+00:00,30.0,0.36618764364979595,11.661807580174926,adcp linear at epoch+300s
1740520800.Tue.Feb.25_22_00_00.GMT.2025.CACO04.c2.bright.jpg,c2,1740520800,2025-02-25T22:00:00+00:00,0.0,0.3552445522959477,11.661807580174926,adcp linear at epoch+300s
1740522600.Tue.Feb.25_22_30_00.GMT.2025.CACO04.c2.bright.jpg,c2,1740522600,2025-02-25T22:30:00+00:00,30.0,0.34840088320953,11.661807580174926,adcp linear at epoch+300s
1740524400.Tue.Feb.25_23_00_00.GMT.2025.CACO04.c2.bright.jpg,c2,1740524400,2025-02-25T23:00:00+00:00,0.0,0.3441291537706797,11.661807580174926,adcp linear at epoch+300s
1740526200.Tue.Feb.25_23_30_00.GMT.2025.CACO04.c2.bright.jpg,c2,1740526200,2025-02-25T23:30:00+00:00,30.0,0.3527171225696664,10.6951871657754,adcp linear at epoch+300s
1740528000.Wed.Feb.26_00_00_00.GMT.2025.CACO04.c2.bright.jpg,c2,1740528000,2025-02-26T00:00:00+00:00,0.0,0.3584398207027907,10.6951871657754,adcp linear at epoch+300s
1740529800.Wed.Feb.26_00_30_00.GMT.2025.CACO04.c2.bright.jpg,c2,1740529800,2025-02-26T00:30:00+00:00,30.0,0.3498361655066028,10.6951871657754,adcp linear at epoch+300s
1740531600.Wed.Feb.26_01_00_00.GMT.2025.CACO04.c2.bright.jpg,c2,1740531600,2025-02-26T01:00:00+00:00,0.0,0.34347204782295154,10.6951871657754,adcp linear at epoch+300s
1740533400.Wed.Feb.26_01_30_00.GMT.2025.CACO04.c2.bright.jpg,c2,1740533400,2025-02-26T01:30:00+00:00,30.0,0.3483056177019838,12.82051282051282,adcp linear at epoch+300s
1740535200.Wed.Feb.26_02_00_00.GMT.2025.CACO04.c2.bright.jpg,c2,1740535200,2025-02-26T02:00:00+00:00,0.0,0.3666550794769426,12.82051282051282,adcp linear at epoch+300s
1740537000.Wed.Feb.26_02_30_00.GMT.2025.CACO04.c2.bright.jpg,c2,1740537000,2025-02-26T02:30:00+00:00,30.0,0.4525840007315335,11.661807580174926,adcp linear at epoch+300s
1740538800.Wed.Feb.26_03_00_00.GMT.2025.CACO04.c2.bright.jpg,c2,1740538800,2025-02-26T03:00:00+00:00,0.0,0.5205901488868554,11.661807580174926,adcp linear at epoch+300s
1740569400.Wed.Feb.26_11_30_00.GMT.2025.CACO04.c2.bright.jpg,c2,1740569400,2025-02-26T11:30:00+00:00,30.0,0.47381282316093565,11.661807580174926,adcp linear at epoch+300s
1740571200.Wed.Feb.26_12_00_00.GMT.2025.CACO04.c2.bright.jpg,c2,1740571200,2025-02-26T12:00:00+00:00,0.0,0.5572282692346021,11.661807580174926,adcp linear at epoch+300s
1740573000.Wed.Feb.26_12_30_00.GMT.2025.CACO04.c2.bright.jpg,c2,1740573000,2025-02-26T12:30:00+00:00,30.0,0.63886107380168,3.389830508474576,adcp linear at epoch+300s
1740574800.Wed.Feb.26_13_00_00.GMT.2025.CACO04.c2.bright.jpg,c2,1740574800,2025-02-26T13:00:00+00:00,0.0,0.707769141204366,3.389830508474576,adcp linear at epoch+300s
1740576600.Wed.Feb.26_13_30_00.GMT.2025.CACO04.c2.bright.jpg,c2,1740576600,2025-02-26T13:30:00+00:00,30.0,0.7130535227850918,3.902439024390244,adcp linear at epoch+300s
1740578400.Wed.Feb.26_14_00_00.GMT.2025.CACO04.c2.bright.jpg,c2,1740578400,2025-02-26T14:00:00+00:00,0.0,0.7171350879165876,3.902439024390244,adcp linear at epoch+300s
1740580200.Wed.Feb.26_14_30_00.GMT.2025.CACO04.c2.bright.jpg,c2,1740580200,2025-02-26T14:30:00+00:00,30.0,0.7152025708019326,11.661807580174926,adcp linear at epoch+300s
1740582000.Wed.Feb.26_15_00_00.GMT.2025.CACO04.c2.bright.jpg,c2,1740582000,2025-02-26T15:00:00+00:00,0.0,0.7148924436199164,11.661807580174926,adcp linear at epoch+300s
1740583800.Wed.Feb.26_15_30_00.GMT.2025.CACO04.c2.bright.jpg,c2,1740583800,2025-02-26T15:30:00+00:00,30.0,0.7226942661010946,4.950495049504951,adcp linear at epoch+300s
1740585600.Wed.Feb.26_16_00_00.GMT.2025.CACO04.c2.bright.jpg,c2,1740585600,2025-02-26T16:00:00+00:00,0.0,0.723581699760958,4.950495049504951,adcp linear at epoch+300s
1740587400.Wed.Feb.26_16_30_00.GMT.2025.CACO04.c2.bright.jpg,c2,1740587400,2025-02-26T16:30:00+00:00,30.0,0.6898971893142486,4.950495049504951,adcp linear at epoch+300s
1740589200.Wed.Feb.26_17_00_00.GMT.2025.CACO04.c2.bright.jpg,c2,1740589200,2025-02-26T17:00:00+00:00,0.0,0.6483646059563671,4.950495049504951,adcp linear at epoch+300s
1740591000.Wed.Feb.26_17_30_00.GMT.2025.CACO04.c2.bright.jpg,c2,1740591000,2025-02-26T17:30:00+00:00,30.0,0.567591658042626,5.148005148005149,adcp linear at epoch+300s
1740592800.Wed.Feb.26_18_00_00.GMT.2025.CACO04.c2.bright.jpg,c2,1740592800,2025-02-26T18:00:00+00:00,0.0,0.4903259186031729,5.148005148005149,adcp linear at epoch+300s
1740594600.Wed.Feb.26_18_30_00.GMT.2025.CACO04.c2.bright.jpg,c2,1740594600,2025-02-26T18:30:00+00:00,30.0,0.4305962215351594,11.661807580174926,adcp linear at epoch+300s
1740596400.Wed.Feb.26_19_00_00.GMT.2025.CACO04.c2.bright.jpg,c2,1740596400,2025-02-26T19:00:00+00:00,0.0,0.3760591047973325,11.661807580174926,adcp linear at epoch+300s
1740598200.Wed.Feb.26_19_30_00.GMT.2025.CACO04.c2.bright.jpg,c2,1740598200,2025-02-26T19:30:00+00:00,30.0,0.3474848897104387,10.6951871657754,adcp linear at epoch+300s
1740600000.Wed.Feb.26_20_00_00.GMT.2025.CACO04.c2.bright.jpg,c2,1740600000,2025-02-26T20:00:00+00:00,0.0,0.32158354618147084,10.6951871657754,adcp linear at epoch+300s
1740601800.Wed.Feb.26_20_30_00.GMT.2025.CACO04.c2.bright.jpg,c2,1740601800,2025-02-26T20:30:00+00:00,30.0,0.3090465604421323,11.661807580174926,adcp linear at epoch+300s
1740603600.Wed.Feb.26_21_00_00.GMT.2025.CACO04.c2.bright.jpg,c2,1740603600,2025-02-26T21:00:00+00:00,0.0,0.29791373889614575,11.661807580174926,adcp linear at epoch+300s
1740605400.Wed.Feb.26_21_30_00.GMT.2025.CACO04.c2.bright.jpg,c2,1740605400,2025-02-26T21:30:00+00:00,30.0,0.2938017383169189,11.661807580174926,adcp linear at epoch+300s
1740607200.Wed.Feb.26_22_00_00.GMT.2025.CACO04.c2.bright.jpg,c2,1740607200,2025-02-26T22:00:00+00:00,0.0,0.2915813138433278,11.661807580174926,adcp linear at epoch+300s
1740609000.Wed.Feb.26_22_30_00.GMT.2025.CACO04.c2.bright.jpg,c2,1740609000,2025-02-26T22:30:00+00:00,30.0,0.2988187698979154,11.661807580174926,adcp linear at epoch+300s
1740610800.Wed.Feb.26_23_00_00.GMT.2025.CACO04.c2.bright.jpg,c2,1740610800,2025-02-26T23:00:00+00:00,0.0,0.3171969901736639,11.661807580174926,adcp linear at epoch+300s
1740612600.Wed.Feb.26_23_30_00.GMT.2025.CACO04.c2.bright.jpg,c2,1740612600,2025-02-26T23:30:00+00:00,30.0,0.3912790315552168,9.876543209876544,adcp linear at epoch+300s
1740614400.Thu.Feb.27_00_00_00.GMT.2025.CACO04.c2.bright.jpg,c2,1740614400,2025-02-27T00:00:00+00:00,0.0,0.44686598506871744,9.876543209876544,adcp linear at epoch+300s
1740616200.Thu.Feb.27_00_30_00.GMT.2025.CACO04.c2.bright.jpg,c2,1740616200,2025-02-27T00:30:00+00:00,30.0,0.40997749924195653,9.876543209876544,adcp linear at epoch+300s
1740618000.Thu.Feb.27_01_00_00.GMT.2025.CACO04.c2.bright.jpg,c2,1740618000,2025-02-27T01:00:00+00:00,0.0,0.3876181969918773,9.876543209876544,adcp linear at epoch+300s
1740619800.Thu.Feb.27_01_30_00.GMT.2025.CACO04.c2.bright.jpg,c2,1740619800,2025-02-27T01:30:00+00:00,30.0,0.4379048126252066,8.032128514056225,adcp linear at epoch+300s
1740621600.Thu.Feb.27_02_00_00.GMT.2025.CACO04.c2.bright.jpg,c2,1740621600,2025-02-27T02:00:00+00:00,0.0,0.48207077046963687,8.032128514056225,adcp linear at epoch+300s
1740623400.Thu.Feb.27_02_30_00.GMT.2025.CACO04.c2.bright.jpg,c2,1740623400,2025-02-27T02:30:00+00:00,30.0,0.4956334393695721,8.032128514056225,adcp linear at epoch+300s
1740625200.Thu.Feb.27_03_00_00.GMT.2025.CACO04.c2.bright.jpg,c2,1740625200,2025-02-27T03:00:00+00:00,0.0,0.5158459702398477,8.032128514056225,adcp linear at epoch+300s
1740655800.Thu.Feb.27_11_30_00.GMT.2025.CACO04.c2.bright.jpg,c2,1740655800,2025-02-27T11:30:00+00:00,30.0,0.9105148506643665,10.6951871657754,adcp linear at epoch+300s
1740657600.Thu.Feb.27_12_00_00.GMT.2025.CACO04.c2.bright.jpg,c2,1740657600,2025-02-27T12:00:00+00:00,0.0,0.9555937920443993,10.6951871657754,adcp linear at epoch+300s
1740659400.Thu.Feb.27_12_30_00.GMT.2025.CACO04.c2.bright.jpg,c2,1740659400,2025-02-27T12:30:00+00:00,30.0,0.9807784776396772,10.6951871657754,adcp linear at epoch+300s
1740661200.Thu.Feb.27_13_00_00.GMT.2025.CACO04.c2.bright.jpg,c2,1740661200,2025-02-27T13:00:00+00:00,0.0,1.018339313722018,10.6951871657754,adcp linear at epoch+300s
1740663000.Thu.Feb.27_13_30_00.GMT.2025.CACO04.c2.bright.jpg,c2,1740663000,2025-02-27T13:30:00+00:00,30.0,1.1177809022396743,10.6951871657754,adcp linear at epoch+300s
1740664800.Thu.Feb.27_14_00_00.GMT.2025.CACO04.c2.bright.jpg,c2,1740664800,2025-02-27T14:00:00+00:00,0.0,1.19456422655795,10.6951871657754,adcp linear at epoch+300s
1740666600.Thu.Feb.27_14_30_00.GMT.2025.CACO04.c2.bright.jpg,c2,1740666600,2025-02-27T14:30:00+00:00,30.0,1.1580562298793242,10.6951871657754,adcp linear at epoch+300s
1740668400.Thu.Feb.27_15_00_00.GMT.2025.CACO04.c2.bright.jpg,c2,1740668400,2025-02-27T15:00:00+00:00,0.0,1.137737986992761,10.6951871657754,adcp linear at epoch+300s
1740670200.Thu.Feb.27_15_30_00.GMT.2025.CACO04.c2.bright.jpg,c2,1740670200,2025-02-27T15:30:00+00:00,30.0,1.198368513066513,10.6951871657754,adcp linear at epoch+300s
1740672000.Thu.Feb.27_16_00_00.GMT.2025.CACO04.c2.bright.jpg,c2,1740672000,2025-02-27T16:00:00+00:00,0.0,1.270390516832838,10.6951871657754,adcp linear at epoch+300s
1740673800.Thu.Feb.27_16_30_00.GMT.2025.CACO04.c2.bright.jpg,c2,1740673800,2025-02-27T16:30:00+00:00,30.0,1.3993699090620295,11.661807580174926,adcp linear at epoch+300s
1740675600.Thu.Feb.27_17_00_00.GMT.2025.CACO04.c2.bright.jpg,c2,1740675600,2025-02-27T17:00:00+00:00,0.0,1.5123774549957016,11.661807580174926,adcp linear at epoch+300s
1740677400.Thu.Feb.27_17_30_00.GMT.2025.CACO04.c2.bright.jpg,c2,1740677400,2025-02-27T17:30:00+00:00,30.0,1.5455257694517752,5.847953216374269,adcp linear at epoch+300s
1740679200.Thu.Feb.27_18_00_00.GMT.2025.CACO04.c2.bright.jpg,c2,1740679200,2025-02-27T18:00:00+00:00,0.0,1.5792943987644752,5.847953216374269,adcp linear at epoch+300s
1740681000.Thu.Feb.27_18_30_00.GMT.2025.CACO04.c2.bright.jpg,c2,1740681000,2025-02-27T18:30:00+00:00,30.0,1.6161646023603056,5.847953216374269,adcp linear at epoch+300s
1740682800.Thu.Feb.27_19_00_00.GMT.2025.CACO04.c2.bright.jpg,c2,1740682800,2025-02-27T19:00:00+00:00,0.0,1.6403929400293942,5.847953216374269,adcp linear at epoch+300s
1740684600.Thu.Feb.27_19_30_00.GMT.2025.CACO04.c2.bright.jpg,c2,1740684600,2025-02-27T19:30:00+00:00,30.0,1.6014119480647717,6.125574272588055,adcp linear at epoch+300s
1740686400.Thu.Feb.27_20_00_00.GMT.2025.CACO04.c2.bright.jpg,c2,1740686400,2025-02-27T20:00:00+00:00,0.0,1.5757920084340453,6.125574272588055,adcp linear at epoch+300s
1740688200.Thu.Feb.27_20_30_00.GMT.2025.CACO04.c2.bright.jpg,c2,1740688200,2025-02-27T20:30:00+00:00,30.0,1.6169773304727986,6.430868167202571,adcp linear at epoch+300s
1740690000.Thu.Feb.27_21_00_00.GMT.2025.CACO04.c2.bright.jpg,c2,1740690000,2025-02-27T21:00:00+00:00,0.0,1.6291806618476339,6.430868167202571,adcp linear at epoch+300s
1740691800.Thu.Feb.27_21_30_00.GMT.2025.CACO04.c2.bright.jpg,c2,1740691800,2025-02-27T21:30:00+00:00,30.0,1.4964740399028809,6.768189509306261,adcp linear at epoch+300s
1740693600.Thu.Feb.27_22_00_00.GMT.2025.CACO04.c2.bright.jpg,c2,1740693600,2025-02-27T22:00:00+00:00,0.0,1.3800711636025758,6.768189509306261,adcp linear at epoch+300s
1740695400.Thu.Feb.27_22_30_00.GMT.2025.CACO04.c2.bright.jpg,c2,1740695400,2025-02-27T22:30:00+00:00,30.0,1.3451870155245096,9.876543209876544,adcp linear at epoch+300s
1740697200.Thu.Feb.27_23_00_00.GMT.2025.CACO04.c2.bright.jpg,c2,1740697200,2025-02-27T23:00:00+00:00,0.0,1.3046784782121523,9.876543209876544,adcp linear at epoch+300s
1740699000.Thu.Feb.27_23_30_00.GMT.2025.CACO04.c2.bright.jpg,c2,1740699000,2025-02-27T23:30:00+00:00,30.0,1.2360479947283403,8.032128514056225,adcp linear at epoch+300s
1740700800.Fri.Feb.28_00_00_00.GMT.2025.CACO04.c2.bright.jpg,c2,1740700800,2025-02-28T00:00:00+00:00,0.0,1.177853642212406,8.032128514056225,adcp linear at epoch+300s
1740702600.Fri.Feb.28_00_30_00.GMT.2025.CACO04.c2.bright.jpg,c2,1740702600,2025-02-28T00:30:00+00:00,30.0,1.1718399445358603,9.174311926605505,adcp linear at epoch+300s
1740704400.Fri.Feb.28_01_00_00.GMT.2025.CACO04.c2.bright.jpg,c2,1740704400,2025-02-28T01:00:00+00:00,0.0,1.1661257405853844,9.174311926605505,adcp linear at epoch+300s
1740706200.Fri.Feb.28_01_30_00.GMT.2025.CACO04.c2.bright.jpg,c2,1740706200,2025-02-28T01:30:00+00:00,30.0,1.1619090052652579,9.174311926605505,adcp linear at epoch+300s
1740708000.Fri.Feb.28_02_00_00.GMT.2025.CACO04.c2.bright.jpg,c2,1740708000,2025-02-28T02:00:00+00:00,0.0,1.1645625659893348,9.174311926605505,adcp linear at epoch+300s
1740709800.Fri.Feb.28_02_30_00.GMT.2025.CACO04.c2.bright.jpg,c2,1740709800,2025-02-28T02:30:00+00:00,30.0,1.2015676069344294,8.032128514056225,adcp linear at epoch+300s
1740711600.Fri.Feb.28_03_00_00.GMT.2025.CACO04.c2.bright.jpg,c2,1740711600,2025-02-28T03:00:00+00:00,0.0,1.22996412506303,8.032128514056225,adcp linear at epoch+300s
1740742200.Fri.Feb.28_11_30_00.GMT.2025.CACO04.c2.bright.jpg,c2,1740742200,2025-02-28T11:30:00+00:00,30.0,0.8780020064380675,9.876543209876544,adcp linear at epoch+300s
1740744000.Fri.Feb.28_12_00_00.GMT.2025.CACO04.c2.bright.jpg,c2,1740744000,2025-02-28T12:00:00+00:00,0.0,0.8287603622112254,9.876543209876544,adcp linear at epoch+300s
1740745800.Fri.Feb.28_12_30_00.GMT.2025.CACO04.c2.bright.jpg,c2,1740745800,2025-02-28T12:30:00+00:00,30.0,0.8225895267400877,9.876543209876544,adcp linear at epoch+300s
1740747600.Fri.Feb.28_13_00_00.GMT.2025.CACO04.c2.bright.jpg,c2,1740747600,2025-02-28T13:00:00+00:00,0.0,0.8212148737352626,9.876543209876544,adcp linear at epoch+300s
1740749400.Fri.Feb.28_13_30_00.GMT.2025.CACO04.c2.bright.jpg,c2,1740749400,2025-02-28T13:30:00+00:00,30.0,0.8438211330620013,9.876543209876544,adcp linear at epoch+300s
1740751200.Fri.Feb.28_14_00_00.GMT.2025.CACO04.c2.bright.jpg,c2,1740751200,2025-02-28T14:00:00+00:00,0.0,0.8572646189379511,9.876543209876544,adcp linear at epoch+300s
1740753000.Fri.Feb.28_14_30_00.GMT.2025.CACO04.c2.bright.jpg,c2,1740753000,2025-02-28T14:30:00+00:00,30.0,0.8248942375599565,8.565310492505352,adcp linear at epoch+300s
1740754800.Fri.Feb.28_15_00_00.GMT.2025.CACO04.c2.bright.jpg,c2,1740754800,2025-02-28T15:00:00+00:00,0.0,0.8034971047689855,8.565310492505352,adcp linear at epoch+300s
1740756600.Fri.Feb.28_15_30_00.GMT.2025.CACO04.c2.bright.jpg,c2,1740756600,2025-02-28T15:30:00+00:00,30.0,0.8369662149131334,9.876543209876544,adcp linear at epoch+300s
1740758400.Fri.Feb.28_16_00_00.GMT.2025.CACO04.c2.bright.jpg,c2,1740758400,2025-02-28T16:00:00+00:00,0.0,0.8671609230621377,9.876543209876544,adcp linear at epoch+300s
1740760200.Fri.Feb.28_16_30_00.GMT.2025.CACO04.c2.bright.jpg,c2,1740760200,2025-02-28T16:30:00+00:00,30.0,0.8809836212354243,9.174311926605505,adcp linear at epoch+300s
1740762000.Fri.Feb.28_17_00_00.GMT.2025.CACO04.c2.bright.jpg,c2,1740762000,2025-02-28T17:00:00+00:00,0.0,0.8931955365247728,9.174311926605505,adcp linear at epoch+300s
1740763800.Fri.Feb.28_17_30_00.GMT.2025.CACO04.c2.bright.jpg,c2,1740763800,2025-02-28T17:30:00+00:00,30.0,0.8973535373944298,9.174311926605505,adcp linear at epoch+300s
1740765600.Fri.Feb.28_18_00_00.GMT.2025.CACO04.c2.bright.jpg,c2,1740765600,2025-02-28T18:00:00+00:00,0.0,0.9058060409847719,9.174311926605505,adcp linear at epoch+300s
1740767400.Fri.Feb.28_18_30_00.GMT.2025.CACO04.c2.bright.jpg,c2,1740767400,2025-02-28T18:30:00+00:00,30.0,0.9357310581785391,10.6951871657754,adcp linear at epoch+300s
1740769200.Fri.Feb.28_19_00_00.GMT.2025.CACO04.c2.bright.jpg,c2,1740769200,2025-02-28T19:00:00+00:00,0.0,0.9511781905261791,10.6951871657754,adcp linear at epoch+300s
1740771000.Fri.Feb.28_19_30_00.GMT.2025.CACO04.c2.bright.jpg,c2,1740771000,2025-02-28T19:30:00+00:00,30.0,0.8942358986431838,9.174311926605505,adcp linear at epoch+300s
1740772800.Fri.Feb.28_20_00_00.GMT.2025.CACO04.c2.bright.jpg,c2,1740772800,2025-02-28T20:00:00+00:00,0.0,0.8301889685592939,9.174311926605505,adcp linear at epoch+300s
1740774600.Fri.Feb.28_20_30_00.GMT.2025.CACO04.c2.bright.jpg,c2,1740774600,2025-02-28T20:30:00+00:00,30.0,0.7306188474709315,9.876543209876544,adcp linear at epoch+300s
1740776400.Fri.Feb.28_21_00_00.GMT.2025.CACO04.c2.bright.jpg,c2,1740776400,2025-02-28T21:00:00+00:00,0.0,0.6540313648968559,9.876543209876544,adcp linear at epoch+300s
1740778200.Fri.Feb.28_21_30_00.GMT.2025.CACO04.c2.bright.jpg,c2,1740778200,2025-02-28T21:30:00+00:00,30.0,0.6923570748942133,9.174311926605505,adcp linear at epoch+300s
1740780000.Fri.Feb.28_22_00_00.GMT.2025.CACO04.c2.bright.jpg,c2,1740780000,2025-02-28T22:00:00+00:00,0.0,0.729063603545764,9.174311926605505,adcp linear at epoch+300s
1740781800.Fri.Feb.28_22_30_00.GMT.2025.CACO04.c2.bright.jpg,c2,1740781800,2025-02-28T22:30:00+00:00,30.0,0.757674225468282,9.876543209876544,adcp linear at epoch+300s
1740783600.Fri.Feb.28_23_00_00.GMT.2025.CACO04.c2.bright.jpg,c2,1740783600,2025-02-28T23:00:00+00:00,0.0,0.7934753733696719,9.876543209876544,adcp linear at epoch+300s
1740785400.Fri.Feb.28_23_30_00.GMT.2025.CACO04.c2.bright.jpg,c2,1740785400,2025-02-28T23:30:00+00:00,30.0,0.8652291511654221,9.174311926605505,adcp linear at epoch+300s
1740787200.Sat.Mar.01_00_00_00.GMT.2025.CACO04.c2.bright.jpg,c2,1740787200,2025-03-01T00:00:00+00:00,0.0,0.9219449475466267,9.174311926605505,adcp linear at epoch+300s
1740789000.Sat.Mar.01_00_30_00.GMT.2025.CACO04.c2.bright.jpg,c2,1740789000,2025-03-01T00:30:00+00:00,30.0,0.9034708368551034,6.125574272588055,adcp linear at epoch+300s
1740790800.Sat.Mar.01_01_00_00.GMT.2025.CACO04.c2.bright.jpg,c2,1740790800,2025-03-01T01:00:00+00:00,0.0,0.892847186622377,6.125574272588055,adcp linear at epoch+300s
1740792600.Sat.Mar.01_01_30_00.GMT.2025.CACO04.c2.bright.jpg,c2,1740792600,2025-03-01T01:30:00+00:00,30.0,0.9214758386836351,8.032128514056225,adcp linear at epoch+300s
1740794400.Sat.Mar.01_02_00_00.GMT.2025.CACO04.c2.bright.jpg,c2,1740794400,2025-03-01T02:00:00+00:00,0.0,0.9454485517996227,8.032128514056225,adcp linear at epoch+300s
1740796200.Sat.Mar.01_02_30_00.GMT.2025.CACO04.c2.bright.jpg,c2,1740796200,2025-03-01T02:30:00+00:00,30.0,0.9461415701892574,8.565310492505352,adcp linear at epoch+300s
1740798000.Sat.Mar.01_03_00_00.GMT.2025.CACO04.c2.bright.jpg,c2,1740798000,2025-03-01T03:00:00+00:00,0.0,0.9585807737141009,8.565310492505352,adcp linear at epoch+300s
1740828600.Sat.Mar.01_11_30_00.GMT.2025.CACO04.c2.bright.jpg,c2,1740828600,2025-03-01T11:30:00+00:00,30.0,0.9925731653113932,4.439511653718091,adcp linear at epoch+300s
1740830400.Sat.Mar.01_12_00_00.GMT.2025.CACO04.c2.bright.jpg,c2,1740830400,2025-03-01T12:00:00+00:00,0.0,1.091196185126047,4.439511653718091,adcp linear at epoch+300s
1740832200.Sat.Mar.01_12_30_00.GMT.2025.CACO04.c2.bright.jpg,c2,1740832200,2025-03-01T12:30:00+00:00,30.0,1.0513917387141616,4.950495049504951,adcp linear at epoch+300s
1740834000.Sat.Mar.01_13_00_00.GMT.2025.CACO04.c2.bright.jpg,c2,1740834000,2025-03-01T13:00:00+00:00,0.0,1.0273564329029252,4.950495049504951,adcp linear at epoch+300s
1740835800.Sat.Mar.01_13_30_00.GMT.2025.CACO04.c2.bright.jpg,c2,1740835800,2025-03-01T13:30:00+00:00,30.0,1.0821668300949352,4.767580452920143,adcp linear at epoch+300s
1740837600.Sat.Mar.01_14_00_00.GMT.2025.CACO04.c2.bright.jpg,c2,1740837600,2025-03-01T14:00:00+00:00,0.0,1.1464938557958595,4.767580452920143,adcp linear at epoch+300s
1740839400.Sat.Mar.01_14_30_00.GMT.2025.CACO04.c2.bright.jpg,c2,1740839400,2025-03-01T14:30:00+00:00,30.0,1.2584040240413545,5.361930294906166,adcp linear at epoch+300s
1740841200.Sat.Mar.01_15_00_00.GMT.2025.CACO04.c2.bright.jpg,c2,1740841200,2025-03-01T15:00:00+00:00,0.0,1.3610061373508262,5.361930294906166,adcp linear at epoch+300s
1740843000.Sat.Mar.01_15_30_00.GMT.2025.CACO04.c2.bright.jpg,c2,1740843000,2025-03-01T15:30:00+00:00,30.0,1.4170679759801816,5.594405594405594,adcp linear at epoch+300s
1740844800.Sat.Mar.01_16_00_00.GMT.2025.CACO04.c2.bright.jpg,c2,1740844800,2025-03-01T16:00:00+00:00,0.0,1.4626746195375309,5.594405594405594,adcp linear at epoch+300s
1740846600.Sat.Mar.01_16_30_00.GMT.2025.CACO04.c2.bright.jpg,c2,1740846600,2025-03-01T16:30:00+00:00,30.0,1.4560052877348497,6.125574272588055,adcp linear at epoch+300s
1740848400.Sat.Mar.01_17_00_00.GMT.2025.CACO04.c2.bright.jpg,c2,1740848400,2025-03-01T17:00:00+00:00,0.0,1.4532736538651045,6.125574272588055,adcp linear at epoch+300s
1740850200.Sat.Mar.01_17_30_00.GMT.2025.CACO04.c2.bright.jpg,c2,1740850200,2025-03-01T17:30:00+00:00,30.0,1.4702305096600388,6.768189509306261,adcp linear at epoch+300s
1740852000.Sat.Mar.01_18_00_00.GMT.2025.CACO04.c2.bright.jpg,c2,1740852000,2025-03-01T18:00:00+00:00,0.0,1.4858889387769791,6.768189509306261,adcp linear at epoch+300s
1740853800.Sat.Mar.01_18_30_00.GMT.2025.CACO04.c2.bright.jpg,c2,1740853800,2025-03-01T18:30:00+00:00,30.0,1.4950552345039512,6.768189509306261,adcp linear at epoch+300s
1740855600.Sat.Mar.01_19_00_00.GMT.2025.CACO04.c2.bright.jpg,c2,1740855600,2025-03-01T19:00:00+00:00,0.0,1.4950681473447773,6.768189509306261,adcp linear at epoch+300s
1740857400.Sat.Mar.01_19_30_00.GMT.2025.CACO04.c2.bright.jpg,c2,1740857400,2025-03-01T19:30:00+00:00,30.0,1.4493141457548755,7.142857142857142,adcp linear at epoch+300s
1740859200.Sat.Mar.01_20_00_00.GMT.2025.CACO04.c2.bright.jpg,c2,1740859200,2025-03-01T20:00:00+00:00,0.0,1.3936501314126402,7.142857142857142,adcp linear at epoch+300s
1740861000.Sat.Mar.01_20_30_00.GMT.2025.CACO04.c2.bright.jpg,c2,1740861000,2025-03-01T20:30:00+00:00,30.0,1.2884360533087382,7.142857142857142,adcp linear at epoch+300s
1740862800.Sat.Mar.01_21_00_00.GMT.2025.CACO04.c2.bright.jpg,c2,1740862800,2025-03-01T21:00:00+00:00,0.0,1.2064565295178613,7.142857142857142,adcp linear at epoch+300s
1740864600.Sat.Mar.01_21_30_00.GMT.2025.CACO04.c2.bright.jpg,c2,1740864600,2025-03-01T21:30:00+00:00,30.0,1.2406497772921095,6.768189509306261,adcp linear at epoch+300s
1740866400.Sat.Mar.01_22_00_00.GMT.2025.CACO04.c2.bright.jpg,c2,1740866400,2025-03-01T22:00:00+00:00,0.0,1.2564047491492425,6.768189509306261,adcp linear at epoch+300s
1740868200.Sat.Mar.01_22_30_00.GMT.2025.CACO04.c2.bright.jpg,c2,1740868200,2025-03-01T22:30:00+00:00,30.0,1.1799683414207984,7.142857142857142,adcp linear at epoch+300s
1740870000.Sat.Mar.01_23_00_00.GMT.2025.CACO04.c2.bright.jpg,c2,1740870000,2025-03-01T23:00:00+00:00,0.0,1.098529247834187,7.142857142857142,adcp linear at epoch+300s
1740871800.Sat.Mar.01_23_30_00.GMT.2025.CACO04.c2.bright.jpg,c2,1740871800,2025-03-01T23:30:00+00:00,30.0,0.9920767249567402,7.561436672967865,adcp linear at epoch+300s
1740873600.Sun.Mar.02_00_00_00.GMT.2025.CACO04.c2.bright.jpg,c2,1740873600,2025-03-02T00:00:00+00:00,0.0,0.9136058707546637,7.561436672967865,adcp linear at epoch+300s
1740875400.Sun.Mar.02_00_30_00.GMT.2025.CACO04.c2.bright.jpg,c2,1740875400,2025-03-02T00:30:00+00:00,30.0,0.9750433599294398,4.291845493562232,adcp linear at epoch+300s
1740877200.Sun.Mar.02_01_00_00.GMT.2025.CACO04.c2.bright.jpg,c2,1740877200,2025-03-02T01:00:00+00:00,0.0,1.0217775889050196,4.291845493562232,adcp linear at epoch+300s
1740879000.Sun.Mar.02_01_30_00.GMT.2025.CACO04.c2.bright.jpg,c2,1740879000,2025-03-02T01:30:00+00:00,30.0,0.9949955168846188,6.430868167202571,adcp linear at epoch+300s
1740880800.Sun.Mar.02_02_00_00.GMT.2025.CACO04.c2.bright.jpg,c2,1740880800,2025-03-02T02:00:00+00:00,0.0,0.9829932543507542,6.430868167202571,adcp linear at epoch+300s
1740882600.Sun.Mar.02_02_30_00.GMT.2025.CACO04.c2.bright.jpg,c2,1740882600,2025-03-02T02:30:00+00:00,30.0,1.044890039249571,4.439511653718091,adcp linear at epoch+300s
1740884400.Sun.Mar.02_03_00_00.GMT.2025.CACO04.c2.bright.jpg,c2,1740884400,2025-03-02T03:00:00+00:00,0.0,1.0921180931705674,4.439511653718091,adcp linear at epoch+300s
1740915000.Sun.Mar.02_11_30_00.GMT.2025.CACO04.c2.bright.jpg,c2,1740915000,2025-03-02T11:30:00+00:00,30.0,1.0146179703390017,7.142857142857142,adcp linear at epoch+300s
1740916800.Sun.Mar.02_12_00_00.GMT.2025.CACO04.c2.bright.jpg,c2,1740916800,2025-03-02T12:00:00+00:00,0.0,1.1045850138491553,7.142857142857142,adcp linear at epoch+300s
1740918600.Sun.Mar.02_12_30_00.GMT.2025.CACO04.c2.bright.jpg,c2,1740918600,2025-03-02T12:30:00+00:00,30.0,1.1549697629925517,6.430868167202571,adcp linear at epoch+300s
1740920400.Sun.Mar.02_13_00_00.GMT.2025.CACO04.c2.bright.jpg,c2,1740920400,2025-03-02T13:00:00+00:00,0.0,1.2045274543310591,6.430868167202571,adcp linear at epoch+300s
1740922200.Sun.Mar.02_13_30_00.GMT.2025.CACO04.c2.bright.jpg,c2,1740922200,2025-03-02T13:30:00+00:00,30.0,1.2499498566451215,7.142857142857142,adcp linear at epoch+300s
1740924000.Sun.Mar.02_14_00_00.GMT.2025.CACO04.c2.bright.jpg,c2,1740924000,2025-03-02T14:00:00+00:00,0.0,1.2843201183902822,7.142857142857142,adcp linear at epoch+300s
1740925800.Sun.Mar.02_14_30_00.GMT.2025.CACO04.c2.bright.jpg,c2,1740925800,2025-03-02T14:30:00+00:00,30.0,1.2634296772909352,7.142857142857142,adcp linear at epoch+300s
1740927600.Sun.Mar.02_15_00_00.GMT.2025.CACO04.c2.bright.jpg,c2,1740927600,2025-03-02T15:00:00+00:00,0.0,1.245218886736052,7.142857142857142,adcp linear at epoch+300s
1740929400.Sun.Mar.02_15_30_00.GMT.2025.CACO04.c2.bright.jpg,c2,1740929400,2025-03-02T15:30:00+00:00,30.0,1.240406348903486,6.768189509306261,adcp linear at epoch+300s
1740931200.Sun.Mar.02_16_00_00.GMT.2025.CACO04.c2.bright.jpg,c2,1740931200,2025-03-02T16:00:00+00:00,0.0,1.2256355425081757,6.768189509306261,adcp linear at epoch+300s
1740933000.Sun.Mar.02_16_30_00.GMT.2025.CACO04.c2.bright.jpg,c2,1740933000,2025-03-02T16:30:00+00:00,30.0,1.161073393299146,6.430868167202571,adcp linear at epoch+300s
1740934800.Sun.Mar.02_17_00_00.GMT.2025.CACO04.c2.bright.jpg,c2,1740934800,2025-03-02T17:00:00+00:00,0.0,1.1052051203586675,6.430868167202571,adcp linear at epoch+300s
1740936600.Sun.Mar.02_17_30_00.GMT.2025.CACO04.c2.bright.jpg,c2,1740936600,2025-03-02T17:30:00+00:00,30.0,1.0928062287609461,9.876543209876544,adcp linear at epoch+300s
1740938400.Sun.Mar.02_18_00_00.GMT.2025.CACO04.c2.bright.jpg,c2,1740938400,2025-03-02T18:00:00+00:00,0.0,1.0730024222632693,9.876543209876544,adcp linear at epoch+300s
1740940200.Sun.Mar.02_18_30_00.GMT.2025.CACO04.c2.bright.jpg,c2,1740940200,2025-03-02T18:30:00+00:00,30.0,1.0161740412658153,5.594405594405594,adcp linear at epoch+300s
1740942000.Sun.Mar.02_19_00_00.GMT.2025.CACO04.c2.bright.jpg,c2,1740942000,2025-03-02T19:00:00+00:00,0.0,0.963763102459816,5.594405594405594,adcp linear at epoch+300s
1740943800.Sun.Mar.02_19_30_00.GMT.2025.CACO04.c2.bright.jpg,c2,1740943800,2025-03-02T19:30:00+00:00,30.0,0.9334393746110898,9.876543209876544,adcp linear at epoch+300s
1740945600.Sun.Mar.02_20_00_00.GMT.2025.CACO04.c2.bright.jpg,c2,1740945600,2025-03-02T20:00:00+00:00,0.0,0.9020791250090522,9.876543209876544,adcp linear at epoch+300s
1740947400.Sun.Mar.02_20_30_00.GMT.2025.CACO04.c2.bright.jpg,c2,1740947400,2025-03-02T20:30:00+00:00,30.0,0.8655362666404575,5.361930294906166,adcp linear at epoch+300s
1740949200.Sun.Mar.02_21_00_00.GMT.2025.CACO04.c2.bright.jpg,c2,1740949200,2025-03-02T21:00:00+00:00,0.0,0.828026664461307,5.361930294906166,adcp linear at epoch+300s
1740951000.Sun.Mar.02_21_30_00.GMT.2025.CACO04.c2.bright.jpg,c2,1740951000,2025-03-02T21:30:00+00:00,30.0,0.7856833432293776,5.361930294906166,adcp linear at epoch+300s
1740952800.Sun.Mar.02_22_00_00.GMT.2025.CACO04.c2.bright.jpg,c2,1740952800,2025-03-02T22:00:00+00:00,0.0,0.7403206600110803,5.361930294906166,adcp linear at epoch+300s
1740954600.Sun.Mar.02_22_30_00.GMT.2025.CACO04.c2.bright.jpg,c2,1740954600,2025-03-02T22:30:00+00:00,30.0,0.6798611668609434,9.876543209876544,adcp linear at epoch+300s
1740956400.Sun.Mar.02_23_00_00.GMT.2025.CACO04.c2.bright.jpg,c2,1740956400,2025-03-02T23:00:00+00:00,0.0,0.6264666442145372,9.876543209876544,adcp linear at epoch+300s
1740958200.Sun.Mar.02_23_30_00.GMT.2025.CACO04.c2.bright.jpg,c2,1740958200,2025-03-02T23:30:00+00:00,30.0,0.6083969740867851,5.594405594405594,adcp linear at epoch+300s
1740960000.Mon.Mar.03_00_00_00.GMT.2025.CACO04.c2.bright.jpg,c2,1740960000,2025-03-03T00:00:00+00:00,0.0,0.600583748947018,5.594405594405594,adcp linear at epoch+300s
1740961800.Mon.Mar.03_00_30_00.GMT.2025.CACO04.c2.bright.jpg,c2,1740961800,2025-03-03T00:30:00+00:00,30.0,0.6440527487471764,5.361930294906166,adcp linear at epoch+300s
1740963600.Mon.Mar.03_01_00_00.GMT.2025.CACO04.c2.bright.jpg,c2,1740963600,2025-03-03T01:00:00+00:00,0.0,0.6866515680290282,5.361930294906166,adcp linear at epoch+300s
1740965400.Mon.Mar.03_01_30_00.GMT.2025.CACO04.c2.bright.jpg,c2,1740965400,2025-03-03T01:30:00+00:00,30.0,0.7248994847193462,5.594405594405594,adcp linear at epoch+300s
1740967200.Mon.Mar.03_02_00_00.GMT.2025.CACO04.c2.bright.jpg,c2,1740967200,2025-03-03T02:00:00+00:00,0.0,0.7689008102583247,5.594405594405594,adcp linear at epoch+300s
1740969000.Mon.Mar.03_02_30_00.GMT.2025.CACO04.c2.bright.jpg,c2,1740969000,2025-03-03T02:30:00+00:00,30.0,0.8416691800406059,5.847953216374269,adcp linear at epoch+300s
1740970800.Mon.Mar.03_03_00_00.GMT.2025.CACO04.c2.bright.jpg,c2,1740970800,2025-03-03T03:00:00+00:00,0.0,0.9162049291710234,5.847953216374269,adcp linear at epoch+300s
1741001400.Mon.Mar.03_11_30_00.GMT.2025.CACO04.c2.bright.jpg,c2,1741001400,2025-03-03T11:30:00+00:00,30.0,0.7019155453449211,5.847953216374269,adcp linear at epoch+300s
1741003200.Mon.Mar.03_12_00_00.GMT.2025.CACO04.c2.bright.jpg,c2,1741003200,2025-03-03T12:00:00+00:00,0.0,0.6178710455086104,5.847953216374269,adcp linear at epoch+300s
1741005000.Mon.Mar.03_12_30_00.GMT.2025.CACO04.c2.bright.jpg,c2,1741005000,2025-03-03T12:30:00+00:00,30.0,0.5643564764851564,5.361930294906166,adcp linear at epoch+300s
1741006800.Mon.Mar.03_13_00_00.GMT.2025.CACO04.c2.bright.jpg,c2,1741006800,2025-03-03T13:00:00+00:00,0.0,0.5192476741356449,5.361930294906166,adcp linear at epoch+300s
1741008600.Mon.Mar.03_13_30_00.GMT.2025.CACO04.c2.bright.jpg,c2,1741008600,2025-03-03T13:30:00+00:00,30.0,0.5161677051558455,5.148005148005149,adcp linear at epoch+300s
1741010400.Mon.Mar.03_14_00_00.GMT.2025.CACO04.c2.bright.jpg,c2,1741010400,2025-03-03T14:00:00+00:00,0.0,0.5201791980861594,5.148005148005149,adcp linear at epoch+300s
1741012200.Mon.Mar.03_14_30_00.GMT.2025.CACO04.c2.bright.jpg,c2,1741012200,2025-03-03T14:30:00+00:00,30.0,0.5596480005670388,5.847953216374269,adcp linear at epoch+300s
1741014000.Mon.Mar.03_15_00_00.GMT.2025.CACO04.c2.bright.jpg,c2,1741014000,2025-03-03T15:00:00+00:00,0.0,0.6250479295398703,5.847953216374269,adcp linear at epoch+300s
1741015800.Mon.Mar.03_15_30_00.GMT.2025.CACO04.c2.bright.jpg,c2,1741015800,2025-03-03T15:30:00+00:00,30.0,0.8201034909724623,4.950495049504951,adcp linear at epoch+300s
1741017600.Mon.Mar.03_16_00_00.GMT.2025.CACO04.c2.bright.jpg,c2,1741017600,2025-03-03T16:00:00+00:00,0.0,0.9903169053758819,4.950495049504951,adcp linear at epoch+300s
1741019400.Mon.Mar.03_16_30_00.GMT.2025.CACO04.c2.bright.jpg,c2,1741019400,2025-03-03T16:30:00+00:00,30.0,1.0363195846334405,4.767580452920143,adcp linear at epoch+300s
1741021200.Mon.Mar.03_17_00_00.GMT.2025.CACO04.c2.bright.jpg,c2,1741021200,2025-03-03T17:00:00+00:00,0.0,1.0687529592248566,4.767580452920143,adcp linear at epoch+300s
1741023000.Mon.Mar.03_17_30_00.GMT.2025.CACO04.c2.bright.jpg,c2,1741023000,2025-03-03T17:30:00+00:00,30.0,1.0333398104855591,5.594405594405594,adcp linear at epoch+300s
1741024800.Mon.Mar.03_18_00_00.GMT.2025.CACO04.c2.bright.jpg,c2,1741024800,2025-03-03T18:00:00+00:00,0.0,0.9936404754797973,5.594405594405594,adcp linear at epoch+300s
1741026600.Mon.Mar.03_18_30_00.GMT.2025.CACO04.c2.bright.jpg,c2,1741026600,2025-03-03T18:30:00+00:00,30.0,0.9325102091417132,5.148005148005149,adcp linear at epoch+300s
1741028400.Mon.Mar.03_19_00_00.GMT.2025.CACO04.c2.bright.jpg,c2,1741028400,2025-03-03T19:00:00+00:00,0.0,0.89001406124044,5.148005148005149,adcp linear at epoch+300s
1741030200.Mon.Mar.03_19_30_00.GMT.2025.CACO04.c2.bright.jpg,c2,1741030200,2025-03-03T19:30:00+00:00,30.0,0.9406885055232206,5.361930294906166,adcp linear at epoch+300s
1741032000.Mon.Mar.03_20_00_00.GMT.2025.CACO04.c2.bright.jpg,c2,1741032000,2025-03-03T20:00:00+00:00,0.0,0.9656080962680804,5.361930294906166,adcp linear at epoch+300s
1741033800.Mon.Mar.03_20_30_00.GMT.2025.CACO04.c2.bright.jpg,c2,1741033800,2025-03-03T20:30:00+00:00,30.0,0.8617534193233364,5.594405594405594,adcp linear at epoch+300s
1741035600.Mon.Mar.03_21_00_00.GMT.2025.CACO04.c2.bright.jpg,c2,1741035600,2025-03-03T21:00:00+00:00,0.0,0.7623562556487655,5.594405594405594,adcp linear at epoch+300s
1741037400.Mon.Mar.03_21_30_00.GMT.2025.CACO04.c2.bright.jpg,c2,1741037400,2025-03-03T21:30:00+00:00,30.0,0.6852466583250599,5.361930294906166,adcp linear at epoch+300s
1741039200.Mon.Mar.03_22_00_00.GMT.2025.CACO04.c2.bright.jpg,c2,1741039200,2025-03-03T22:00:00+00:00,0.0,0.6186210309856014,5.361930294906166,adcp linear at epoch+300s
1741041000.Mon.Mar.03_22_30_00.GMT.2025.CACO04.c2.bright.jpg,c2,1741041000,2025-03-03T22:30:00+00:00,30.0,0.6044152535673775,5.148005148005149,adcp linear at epoch+300s
1741042800.Mon.Mar.03_23_00_00.GMT.2025.CACO04.c2.bright.jpg,c2,1741042800,2025-03-03T23:00:00+00:00,0.0,0.5849244507026906,5.148005148005149,adcp linear at epoch+300s
1741044600.Mon.Mar.03_23_30_00.GMT.2025.CACO04.c2.bright.jpg,c2,1741044600,2025-03-03T23:30:00+00:00,30.0,0.5390085206056892,4.950495049504951,adcp linear at epoch+300s
1741046400.Tue.Mar.04_00_00_00.GMT.2025.CACO04.c2.bright.jpg,c2,1741046400,2025-03-04T00:00:00+00:00,0.0,0.49501116776143167,4.950495049504951,adcp linear at epoch+300s
1741048200.Tue.Mar.04_00_30_00.GMT.2025.CACO04.c2.bright.jpg,c2,1741048200,2025-03-04T00:30:00+00:00,30.0,0.4606067011808943,5.148005148005149,adcp linear at epoch+300s
1741050000.Tue.Mar.04_01_00_00.GMT.2025.CACO04.c2.bright.jpg,c2,1741050000,2025-03-04T01:00:00+00:00,0.0,0.42979624046273407,5.148005148005149,adcp linear at epoch+300s
1741051800.Tue.Mar.04_01_30_00.GMT.2025.CACO04.c2.bright.jpg,c2,1741051800,2025-03-04T01:30:00+00:00,30.0,0.41695580905645907,4.950495049504951,adcp linear at epoch+300s
1741053600.Tue.Mar.04_02_00_00.GMT.2025.CACO04.c2.bright.jpg,c2,1741053600,2025-03-04T02:00:00+00:00,0.0,0.40222861559539486,4.950495049504951,adcp linear at epoch+300s
1741055400.Tue.Mar.04_02_30_00.GMT.2025.CACO04.c2.bright.jpg,c2,1741055400,2025-03-04T02:30:00+00:00,30.0,0.3780676118603846,4.597701149425287,adcp linear at epoch+300s
1741057200.Tue.Mar.04_03_00_00.GMT.2025.CACO04.c2.bright.jpg,c2,1741057200,2025-03-04T03:00:00+00:00,0.0,0.3521573638712525,4.597701149425287,adcp linear at epoch+300s
1741087800.Tue.Mar.04_11_30_00.GMT.2025.CACO04.c2.bright.jpg,c2,1741087800,2025-03-04T11:30:00+00:00,30.0,0.2618028187902155,9.174311926605505,adcp linear at epoch+300s
1741089600.Tue.Mar.04_12_00_00.GMT.2025.CACO04.c2.bright.jpg,c2,1741089600,2025-03-04T12:00:00+00:00,0.0,0.2802311511584912,9.174311926605505,adcp linear at epoch+300s
1741091400.Tue.Mar.04_12_30_00.GMT.2025.CACO04.c2.bright.jpg,c2,1741091400,2025-03-04T12:30:00+00:00,30.0,0.23439477866874953,9.876543209876544,adcp linear at epoch+300s
1741093200.Tue.Mar.04_13_00_00.GMT.2025.CACO04.c2.bright.jpg,c2,1741093200,2025-03-04T13:00:00+00:00,0.0,0.19481816659947992,9.876543209876544,adcp linear at epoch+300s
1741095000.Tue.Mar.04_13_30_00.GMT.2025.CACO04.c2.bright.jpg,c2,1741095000,2025-03-04T13:30:00+00:00,30.0,0.18654035663257068,9.174311926605505,adcp linear at epoch+300s
1741096800.Tue.Mar.04_14_00_00.GMT.2025.CACO04.c2.bright.jpg,c2,1741096800,2025-03-04T14:00:00+00:00,0.0,0.17911694174611634,9.174311926605505,adcp linear at epoch+300s
1741098600.Tue.Mar.04_14_30_00.GMT.2025.CACO04.c2.bright.jpg,c2,1741098600,2025-03-04T14:30:00+00:00,30.0,0.1759655022619364,9.174311926605505,adcp linear at epoch+300s
1741100400.Tue.Mar.04_15_00_00.GMT.2025.CACO04.c2.bright.jpg,c2,1741100400,2025-03-04T15:00:00+00:00,0.0,0.1919971176330656,9.174311926605505,adcp linear at epoch+300s
1741102200.Tue.Mar.04_15_30_00.GMT.2025.CACO04.c2.bright.jpg,c2,1741102200,2025-03-04T15:30:00+00:00,30.0,0.30394400728074034,9.174311926605505,adcp linear at epoch+300s
1741104000.Tue.Mar.04_16_00_00.GMT.2025.CACO04.c2.bright.jpg,c2,1741104000,2025-03-04T16:00:00+00:00,0.0,0.4049868108200241,9.174311926605505,adcp linear at epoch+300s
1741105800.Tue.Mar.04_16_30_00.GMT.2025.CACO04.c2.bright.jpg,c2,1741105800,2025-03-04T16:30:00+00:00,30.0,0.4515091838173533,3.2206119162640903,adcp linear at epoch+300s
1741107600.Tue.Mar.04_17_00_00.GMT.2025.CACO04.c2.bright.jpg,c2,1741107600,2025-03-04T17:00:00+00:00,0.0,0.4961406902799452,3.2206119162640903,adcp linear at epoch+300s
1741109400.Tue.Mar.04_17_30_00.GMT.2025.CACO04.c2.bright.jpg,c2,1741109400,2025-03-04T17:30:00+00:00,30.0,0.5313178640688508,3.4812880765883376,adcp linear at epoch+300s
1741111200.Tue.Mar.04_18_00_00.GMT.2025.CACO04.c2.bright.jpg,c2,1741111200,2025-03-04T18:00:00+00:00,0.0,0.5677241972325069,3.4812880765883376,adcp linear at epoch+300s
1741113000.Tue.Mar.04_18_30_00.GMT.2025.CACO04.c2.bright.jpg,c2,1741113000,2025-03-04T18:30:00+00:00,30.0,0.6102763272699141,4.291845493562232,adcp linear at epoch+300s
1741114800.Tue.Mar.04_19_00_00.GMT.2025.CACO04.c2.bright.jpg,c2,1741114800,2025-03-04T19:00:00+00:00,0.0,0.6531982892493023,4.291845493562232,adcp linear at epoch+300s
1741116600.Tue.Mar.04_19_30_00.GMT.2025.CACO04.c2.bright.jpg,c2,1741116600,2025-03-04T19:30:00+00:00,30.0,0.6979694109385963,4.950495049504951,adcp linear at epoch+300s
1741118400.Tue.Mar.04_20_00_00.GMT.2025.CACO04.c2.bright.jpg,c2,1741118400,2025-03-04T20:00:00+00:00,0.0,0.7392945501823959,4.950495049504951,adcp linear at epoch+300s
1741120200.Tue.Mar.04_20_30_00.GMT.2025.CACO04.c2.bright.jpg,c2,1741120200,2025-03-04T20:30:00+00:00,30.0,0.7633897771987237,4.950495049504951,adcp linear at epoch+300s
1741122000.Tue.Mar.04_21_00_00.GMT.2025.CACO04.c2.bright.jpg,c2,1741122000,2025-03-04T21:00:00+00:00,0.0,0.7846642738117111,4.950495049504951,adcp linear at epoch+300s
1741123800.Tue.Mar.04_21_30_00.GMT.2025.CACO04.c2.bright.jpg,c2,1741123800,2025-03-04T21:30:00+00:00,30.0,0.7918351184079963,4.024144869215292,adcp linear at epoch+300s
1741125600.Tue.Mar.04_22_00_00.GMT.2025.CACO04.c2.bright.jpg,c2,1741125600,2025-03-04T22:00:00+00:00,0.0,0.790857954373038,4.024144869215292,adcp linear at epoch+300s
1741127400.Tue.Mar.04_22_30_00.GMT.2025.CACO04.c2.bright.jpg,c2,1741127400,2025-03-04T22:30:00+00:00,30.0,0.7491407471818621,4.950495049504951,adcp linear at epoch+300s
1741129200.Tue.Mar.04_23_00_00.GMT.2025.CACO04.c2.bright.jpg,c2,1741129200,2025-03-04T23:00:00+00:00,0.0,0.7173631050612852,4.950495049504951,adcp linear at epoch+300s
1741131000.Tue.Mar.04_23_30_00.GMT.2025.CACO04.c2.bright.jpg,c2,1741131000,2025-03-04T23:30:00+00:00,30.0,0.735283288293703,5.361930294906166,adcp linear at epoch+300s
1741132800.Wed.Mar.05_00_00_00.GMT.2025.CACO04.c2.bright.jpg,c2,1741132800,2025-03-05T00:00:00+00:00,0.0,0.7436655631365633,5.361930294906166,adcp linear at epoch+300s
1741134600.Wed.Mar.05_00_30_00.GMT.2025.CACO04.c2.bright.jpg,c2,1741134600,2025-03-05T00:30:00+00:00,30.0,0.7043582960316357,5.847953216374269,adcp linear at epoch+300s
1741136400.Wed.Mar.05_01_00_00.GMT.2025.CACO04.c2.bright.jpg,c2,1741136400,2025-03-05T01:00:00+00:00,0.0,0.6689504073639957,5.847953216374269,adcp linear at epoch+300s
1741138200.Wed.Mar.05_01_30_00.GMT.2025.CACO04.c2.bright.jpg,c2,1741138200,2025-03-05T01:30:00+00:00,30.0,0.6530394108827939,5.361930294906166,adcp linear at epoch+300s
1741140000.Wed.Mar.05_02_00_00.GMT.2025.CACO04.c2.bright.jpg,c2,1741140000,2025-03-05T02:00:00+00:00,0.0,0.6340659622917777,5.361930294906166,adcp linear at epoch+300s
1741141800.Wed.Mar.05_02_30_00.GMT.2025.CACO04.c2.bright.jpg,c2,1741141800,2025-03-05T02:30:00+00:00,30.0,0.5997802531516888,5.594405594405594,adcp linear at epoch+300s
1741143600.Wed.Mar.05_03_00_00.GMT.2025.CACO04.c2.bright.jpg,c2,1741143600,2025-03-05T03:00:00+00:00,0.0,0.5768160011721459,5.594405594405594,adcp linear at epoch+300s
1741174200.Wed.Mar.05_11_30_00.GMT.2025.CACO04.c2.bright.jpg,c2,1741174200,2025-03-05T11:30:00+00:00,30.0,0.7607322667532573,5.594405594405594,adcp linear at epoch+300s
1741176000.Wed.Mar.05_12_00_00.GMT.2025.CACO04.c2.bright.jpg,c2,1741176000,2025-03-05T12:00:00+00:00,0.0,0.744016924706899,5.594405594405594,adcp linear at epoch+300s
1741177800.Wed.Mar.05_12_30_00.GMT.2025.CACO04.c2.bright.jpg,c2,1741177800,2025-03-05T12:30:00+00:00,30.0,0.7434070166748193,5.594405594405594,adcp linear at epoch+300s
1741179600.Wed.Mar.05_13_00_00.GMT.2025.CACO04.c2.bright.jpg,c2,1741179600,2025-03-05T13:00:00+00:00,0.0,0.7419485027995153,5.594405594405594,adcp linear at epoch+300s
1741181400.Wed.Mar.05_13_30_00.GMT.2025.CACO04.c2.bright.jpg,c2,1741181400,2025-03-05T13:30:00+00:00,30.0,0.736246959708089,5.148005148005149,adcp linear at epoch+300s
1741183200.Wed.Mar.05_14_00_00.GMT.2025.CACO04.c2.bright.jpg,c2,1741183200,2025-03-05T14:00:00+00:00,0.0,0.7306372479188911,5.148005148005149,adcp linear at epoch+300s
1741185000.Wed.Mar.05_14_30_00.GMT.2025.CACO04.c2.bright.jpg,c2,1741185000,2025-03-05T14:30:00+00:00,30.0,0.7254866926408349,5.148005148005149,adcp linear at epoch+300s
1741186800.Wed.Mar.05_15_00_00.GMT.2025.CACO04.c2.bright.jpg,c2,1741186800,2025-03-05T15:00:00+00:00,0.0,0.7202043531087683,5.148005148005149,adcp linear at epoch+300s
1741188600.Wed.Mar.05_15_30_00.GMT.2025.CACO04.c2.bright.jpg,c2,1741188600,2025-03-05T15:30:00+00:00,30.0,0.7142630923066502,5.361930294906166,adcp linear at epoch+300s
1741190400.Wed.Mar.05_16_00_00.GMT.2025.CACO04.c2.bright.jpg,c2,1741190400,2025-03-05T16:00:00+00:00,0.0,0.7093233004488526,5.361930294906166,adcp linear at epoch+300s
1741192200.Wed.Mar.05_16_30_00.GMT.2025.CACO04.c2.bright.jpg,c2,1741192200,2025-03-05T16:30:00+00:00,30.0,0.7093908533126582,5.148005148005149,adcp linear at epoch+300s
1741194000.Wed.Mar.05_17_00_00.GMT.2025.CACO04.c2.bright.jpg,c2,1741194000,2025-03-05T17:00:00+00:00,0.0,0.7130902261194882,5.148005148005149,adcp linear at epoch+300s
1741195800.Wed.Mar.05_17_30_00.GMT.2025.CACO04.c2.bright.jpg,c2,1741195800,2025-03-05T17:30:00+00:00,30.0,0.7349486986414417,4.439511653718091,adcp linear at epoch+300s
1741197600.Wed.Mar.05_18_00_00.GMT.2025.CACO04.c2.bright.jpg,c2,1741197600,2025-03-05T18:00:00+00:00,0.0,0.7575394710747614,4.439511653718091,adcp linear at epoch+300s
1741199400.Wed.Mar.05_18_30_00.GMT.2025.CACO04.c2.bright.jpg,c2,1741199400,2025-03-05T18:30:00+00:00,30.0,0.7837917430649122,4.767580452920143,adcp linear at epoch+300s
1741201200.Wed.Mar.05_19_00_00.GMT.2025.CACO04.c2.bright.jpg,c2,1741201200,2025-03-05T19:00:00+00:00,0.0,0.8174837756039784,4.767580452920143,adcp linear at epoch+300s
1741203000.Wed.Mar.05_19_30_00.GMT.2025.CACO04.c2.bright.jpg,c2,1741203000,2025-03-05T19:30:00+00:00,30.0,0.8883746108876222,4.950495049504951,adcp linear at epoch+300s
1741204800.Wed.Mar.05_20_00_00.GMT.2025.CACO04.c2.bright.jpg,c2,1741204800,2025-03-05T20:00:00+00:00,0.0,0.9500202028474807,4.950495049504951,adcp linear at epoch+300s
1741206600.Wed.Mar.05_20_30_00.GMT.2025.CACO04.c2.bright.jpg,c2,1741206600,2025-03-05T20:30:00+00:00,30.0,0.9654395781884134,5.361930294906166,adcp linear at epoch+300s
1741208400.Wed.Mar.05_21_00_00.GMT.2025.CACO04.c2.bright.jpg,c2,1741208400,2025-03-05T21:00:00+00:00,0.0,0.9867629924274746,5.361930294906166,adcp linear at epoch+300s
1741210200.Wed.Mar.05_21_30_00.GMT.2025.CACO04.c2.bright.jpg,c2,1741210200,2025-03-05T21:30:00+00:00,30.0,1.0376066011571783,5.847953216374269,adcp linear at epoch+300s
1741212000.Wed.Mar.05_22_00_00.GMT.2025.CACO04.c2.bright.jpg,c2,1741212000,2025-03-05T22:00:00+00:00,0.0,1.093228922211642,5.847953216374269,adcp linear at epoch+300s
1741213800.Wed.Mar.05_22_30_00.GMT.2025.CACO04.c2.bright.jpg,c2,1741213800,2025-03-05T22:30:00+00:00,30.0,1.1727448048899047,5.594405594405594,adcp linear at epoch+300s
1741215600.Wed.Mar.05_23_00_00.GMT.2025.CACO04.c2.bright.jpg,c2,1741215600,2025-03-05T23:00:00+00:00,0.0,1.2297759466305762,5.594405594405594,adcp linear at epoch+300s
1741217400.Wed.Mar.05_23_30_00.GMT.2025.CACO04.c2.bright.jpg,c2,1741217400,2025-03-05T23:30:00+00:00,30.0,1.1743833836832915,5.361930294906166,adcp linear at epoch+300s
1741219200.Thu.Mar.06_00_00_00.GMT.2025.CACO04.c2.bright.jpg,c2,1741219200,2025-03-06T00:00:00+00:00,0.0,1.116957694791115,5.361930294906166,adcp linear at epoch+300s
1741221000.Thu.Mar.06_00_30_00.GMT.2025.CACO04.c2.bright.jpg,c2,1741221000,2025-03-06T00:30:00+00:00,30.0,1.0493663761744816,5.594405594405594,adcp linear at epoch+300s
1741222800.Thu.Mar.06_01_00_00.GMT.2025.CACO04.c2.bright.jpg,c2,1741222800,2025-03-06T01:00:00+00:00,0.0,0.9867047860864555,5.594405594405594,adcp linear at epoch+300s
1741224600.Thu.Mar.06_01_30_00.GMT.2025.CACO04.c2.bright.jpg,c2,1741224600,2025-03-06T01:30:00+00:00,30.0,0.948691838641468,5.847953216374269,adcp linear at epoch+300s
1741226400.Thu.Mar.06_02_00_00.GMT.2025.CACO04.c2.bright.jpg,c2,1741226400,2025-03-06T02:00:00+00:00,0.0,0.9305101218598792,5.847953216374269,adcp linear at epoch+300s
1741228200.Thu.Mar.06_02_30_00.GMT.2025.CACO04.c2.bright.jpg,c2,1741228200,2025-03-06T02:30:00+00:00,30.0,1.0114845583952852,5.361930294906166,adcp linear at epoch+300s
1741230000.Thu.Mar.06_03_00_00.GMT.2025.CACO04.c2.bright.jpg,c2,1741230000,2025-03-06T03:00:00+00:00,0.0,1.0982690070544663,5.361930294906166,adcp linear at epoch+300s
1741260600.Thu.Mar.06_11_30_00.GMT.2025.CACO04.c2.bright.jpg,c2,1741260600,2025-03-06T11:30:00+00:00,30.0,1.9930241966991122,7.561436672967865,adcp linear at epoch+300s
1741262400.Thu.Mar.06_12_00_00.GMT.2025.CACO04.c2.bright.jpg,c2,1741262400,2025-03-06T12:00:00+00:00,0.0,1.9876281080332128,7.561436672967865,adcp linear at epoch+300s
1741264200.Thu.Mar.06_12_30_00.GMT.2025.CACO04.c2.bright.jpg,c2,1741264200,2025-03-06T12:30:00+00:00,30.0,1.9113781747941228,7.561436672967865,adcp linear at epoch+300s
1741266000.Thu.Mar.06_13_00_00.GMT.2025.CACO04.c2.bright.jpg,c2,1741266000,2025-03-06T13:00:00+00:00,0.0,1.83600894333222,7.561436672967865,adcp linear at epoch+300s
1741267800.Thu.Mar.06_13_30_00.GMT.2025.CACO04.c2.bright.jpg,c2,1741267800,2025-03-06T13:30:00+00:00,30.0,1.7650432207562514,6.768189509306261,adcp linear at epoch+300s
1741269600.Thu.Mar.06_14_00_00.GMT.2025.CACO04.c2.bright.jpg,c2,1741269600,2025-03-06T14:00:00+00:00,0.0,1.6881096353568457,6.768189509306261,adcp linear at epoch+300s
1741271400.Thu.Mar.06_14_30_00.GMT.2025.CACO04.c2.bright.jpg,c2,1741271400,2025-03-06T14:30:00+00:00,30.0,1.5813367358402524,7.142857142857142,adcp linear at epoch+300s
1741273200.Thu.Mar.06_15_00_00.GMT.2025.CACO04.c2.bright.jpg,c2,1741273200,2025-03-06T15:00:00+00:00,0.0,1.4925551365578988,7.142857142857142,adcp linear at epoch+300s
1741275000.Thu.Mar.06_15_30_00.GMT.2025.CACO04.c2.bright.jpg,c2,1741275000,2025-03-06T15:30:00+00:00,30.0,1.4937300384467456,7.561436672967865,adcp linear at epoch+300s
1741276800.Thu.Mar.06_16_00_00.GMT.2025.CACO04.c2.bright.jpg,c2,1741276800,2025-03-06T16:00:00+00:00,0.0,1.4951794570471504,7.561436672967865,adcp linear at epoch+300s
1741278600.Thu.Mar.06_16_30_00.GMT.2025.CACO04.c2.bright.jpg,c2,1741278600,2025-03-06T16:30:00+00:00,30.0,1.4980014592053466,6.768189509306261,adcp linear at epoch+300s
1741280400.Thu.Mar.06_17_00_00.GMT.2025.CACO04.c2.bright.jpg,c2,1741280400,2025-03-06T17:00:00+00:00,0.0,1.5050024000315856,6.768189509306261,adcp linear at epoch+300s
1741282200.Thu.Mar.06_17_30_00.GMT.2025.CACO04.c2.bright.jpg,c2,1741282200,2025-03-06T17:30:00+00:00,30.0,1.5328980341980372,11.661807580174926,adcp linear at epoch+300s
1741284000.Thu.Mar.06_18_00_00.GMT.2025.CACO04.c2.bright.jpg,c2,1741284000,2025-03-06T18:00:00+00:00,0.0,1.5548033436218764,11.661807580174926,adcp linear at epoch+300s
1741285800.Thu.Mar.06_18_30_00.GMT.2025.CACO04.c2.bright.jpg,c2,1741285800,2025-03-06T18:30:00+00:00,30.0,1.5467570293326538,11.661807580174926,adcp linear at epoch+300s
1741287600.Thu.Mar.06_19_00_00.GMT.2025.CACO04.c2.bright.jpg,c2,1741287600,2025-03-06T19:00:00+00:00,0.0,1.5344073437224912,11.661807580174926,adcp linear at epoch+300s
1741289400.Thu.Mar.06_19_30_00.GMT.2025.CACO04.c2.bright.jpg,c2,1741289400,2025-03-06T19:30:00+00:00,30.0,1.5005408015076291,11.661807580174926,adcp linear at epoch+300s
1741291200.Thu.Mar.06_20_00_00.GMT.2025.CACO04.c2.bright.jpg,c2,1741291200,2025-03-06T20:00:00+00:00,0.0,1.469878707228354,11.661807580174926,adcp linear at epoch+300s
1741293000.Thu.Mar.06_20_30_00.GMT.2025.CACO04.c2.bright.jpg,c2,1741293000,2025-03-06T20:30:00+00:00,30.0,1.4552388526270124,11.661807580174926,adcp linear at epoch+300s
1741294800.Thu.Mar.06_21_00_00.GMT.2025.CACO04.c2.bright.jpg,c2,1741294800,2025-03-06T21:00:00+00:00,0.0,1.4441726886358635,11.661807580174926,adcp linear at epoch+300s
1741296600.Thu.Mar.06_21_30_00.GMT.2025.CACO04.c2.bright.jpg,c2,1741296600,2025-03-06T21:30:00+00:00,30.0,1.4509749776956786,7.142857142857142,adcp linear at epoch+300s
1741298400.Thu.Mar.06_22_00_00.GMT.2025.CACO04.c2.bright.jpg,c2,1741298400,2025-03-06T22:00:00+00:00,0.0,1.4521995271272752,7.142857142857142,adcp linear at epoch+300s
1741300200.Thu.Mar.06_22_30_00.GMT.2025.CACO04.c2.bright.jpg,c2,1741300200,2025-03-06T22:30:00+00:00,30.0,1.42553537841778,8.032128514056225,adcp linear at epoch+300s
1741302000.Thu.Mar.06_23_00_00.GMT.2025.CACO04.c2.bright.jpg,c2,1741302000,2025-03-06T23:00:00+00:00,0.0,1.4146745803133163,8.032128514056225,adcp linear at epoch+300s
1741303800.Thu.Mar.06_23_30_00.GMT.2025.CACO04.c2.bright.jpg,c2,1741303800,2025-03-06T23:30:00+00:00,30.0,1.4828305352340097,11.661807580174926,adcp linear at epoch+300s
1741305600.Fri.Mar.07_00_00_00.GMT.2025.CACO04.c2.bright.jpg,c2,1741305600,2025-03-07T00:00:00+00:00,0.0,1.5399156753569274,11.661807580174926,adcp linear at epoch+300s
1741307400.Fri.Mar.07_00_30_00.GMT.2025.CACO04.c2.bright.jpg,c2,1741307400,2025-03-07T00:30:00+00:00,30.0,1.5416467414909665,11.661807580174926,adcp linear at epoch+300s
1741309200.Fri.Mar.07_01_00_00.GMT.2025.CACO04.c2.bright.jpg,c2,1741309200,2025-03-07T01:00:00+00:00,0.0,1.5431124822414626,11.661807580174926,adcp linear at epoch+300s
1741311000.Fri.Mar.07_01_30_00.GMT.2025.CACO04.c2.bright.jpg,c2,1741311000,2025-03-07T01:30:00+00:00,30.0,1.543251596074244,12.82051282051282,adcp linear at epoch+300s
1741312800.Fri.Mar.07_02_00_00.GMT.2025.CACO04.c2.bright.jpg,c2,1741312800,2025-03-07T02:00:00+00:00,0.0,1.5376536187803682,12.82051282051282,adcp linear at epoch+300s
1741314600.Fri.Mar.07_02_30_00.GMT.2025.CACO04.c2.bright.jpg,c2,1741314600,2025-03-07T02:30:00+00:00,30.0,1.5033701858532074,11.661807580174926,adcp linear at epoch+300s
1741316400.Fri.Mar.07_03_00_00.GMT.2025.CACO04.c2.bright.jpg,c2,1741316400,2025-03-07T03:00:00+00:00,0.0,1.4699474462169027,11.661807580174926,adcp linear at epoch+300s
1741347000.Fri.Mar.07_11_30_00.GMT.2025.CACO04.c2.bright.jpg,c2,1741347000,2025-03-07T11:30:00+00:00,30.0,1.43427000225263,12.82051282051282,adcp linear at epoch+300s
1741348800.Fri.Mar.07_12_00_00.GMT.2025.CACO04.c2.bright.jpg,c2,1741348800,2025-03-07T12:00:00+00:00,0.0,1.4000815005157745,12.82051282051282,adcp linear at epoch+300s
1741350600.Fri.Mar.07_12_30_00.GMT.2025.CACO04.c2.bright.jpg,c2,1741350600,2025-03-07T12:30:00+00:00,30.0,1.4410026432941712,11.661807580174926,adcp linear at epoch+300s
1741352400.Fri.Mar.07_13_00_00.GMT.2025.CACO04.c2.bright.jpg,c2,1741352400,2025-03-07T13:00:00+00:00,0.0,1.4685257502939193,11.661807580174926,adcp linear at epoch+300s
1741354200.Fri.Mar.07_13_30_00.GMT.2025.CACO04.c2.bright.jpg,c2,1741354200,2025-03-07T13:30:00+00:00,30.0,1.4290586784004247,11.661807580174926,adcp linear at epoch+300s
1741356000.Fri.Mar.07_14_00_00.GMT.2025.CACO04.c2.bright.jpg,c2,1741356000,2025-03-07T14:00:00+00:00,0.0,1.3992341632147287,11.661807580174926,adcp linear at epoch+300s
1741357800.Fri.Mar.07_14_30_00.GMT.2025.CACO04.c2.bright.jpg,c2,1741357800,2025-03-07T14:30:00+00:00,30.0,1.4176224315680255,11.661807580174926,adcp linear at epoch+300s
1741359600.Fri.Mar.07_15_00_00.GMT.2025.CACO04.c2.bright.jpg,c2,1741359600,2025-03-07T15:00:00+00:00,0.0,1.426301177128393,11.661807580174926,adcp linear at epoch+300s
1741361400.Fri.Mar.07_15_30_00.GMT.2025.CACO04.c2.bright.jpg,c2,1741361400,2025-03-07T15:30:00+00:00,30.0,1.386432308724116,11.661807580174926,adcp linear at epoch+300s
1741363200.Fri.Mar.07_16_00_00.GMT.2025.CACO04.c2.bright.jpg,c2,1741363200,2025-03-07T16:00:00+00:00,0.0,1.3618574677975324,11.661807580174926,adcp linear at epoch+300s
1741365000.Fri.Mar.07_16_30_00.GMT.2025.CACO04.c2.bright.jpg,c2,1741365000,2025-03-07T16:30:00+00:00,30.0,1.4137527642594157,7.561436672967865,adcp linear at epoch+300s
1741366800.Fri.Mar.07_17_00_00.GMT.2025.CACO04.c2.bright.jpg,c2,1741366800,2025-03-07T17:00:00+00:00,0.0,1.4510854187111928,7.561436672967865,adcp linear at epoch+300s
1741368600.Fri.Mar.07_17_30_00.GMT.2025.CACO04.c2.bright.jpg,c2,1741368600,2025-03-07T17:30:00+00:00,30.0,1.4156048631124392,11.661807580174926,adcp linear at epoch+300s
1741370400.Fri.Mar.07_18_00_00.GMT.2025.CACO04.c2.bright.jpg,c2,1741370400,2025-03-07T18:00:00+00:00,0.0,1.3814165208877547,11.661807580174926,adcp linear at epoch+300s
1741372200.Fri.Mar.07_18_30_00.GMT.2025.CACO04.c2.bright.jpg,c2,1741372200,2025-03-07T18:30:00+00:00,30.0,1.353689245533417,10.6951871657754,adcp linear at epoch+300s
1741374000.Fri.Mar.07_19_00_00.GMT.2025.CACO04.c2.bright.jpg,c2,1741374000,2025-03-07T19:00:00+00:00,0.0,1.3266275013170588,10.6951871657754,adcp linear at epoch+300s
1741375800.Fri.Mar.07_19_30_00.GMT.2025.CACO04.c2.bright.jpg,c2,1741375800,2025-03-07T19:30:00+00:00,30.0,1.3028934127905965,9.174311926605505,adcp linear at epoch+300s
1741377600.Fri.Mar.07_20_00_00.GMT.2025.CACO04.c2.bright.jpg,c2,1741377600,2025-03-07T20:00:00+00:00,0.0,1.2767966736345053,9.174311926605505,adcp linear at epoch+300s
1741379400.Fri.Mar.07_20_30_00.GMT.2025.CACO04.c2.bright.jpg,c2,1741379400,2025-03-07T20:30:00+00:00,30.0,1.2388866813302697,10.6951871657754,adcp linear at epoch+300s
1741381200.Fri.Mar.07_21_00_00.GMT.2025.CACO04.c2.bright.jpg,c2,1741381200,2025-03-07T21:00:00+00:00,0.0,1.1992300493421193,10.6951871657754,adcp linear at epoch+300s
1741383000.Fri.Mar.07_21_30_00.GMT.2025.CACO04.c2.bright.jpg,c2,1741383000,2025-03-07T21:30:00+00:00,30.0,1.1508402189343965,10.6951871657754,adcp linear at epoch+300s
1741384800.Fri.Mar.07_22_00_00.GMT.2025.CACO04.c2.bright.jpg,c2,1741384800,2025-03-07T22:00:00+00:00,0.0,1.1052354481032607,10.6951871657754,adcp linear at epoch+300s
1741386600.Fri.Mar.07_22_30_00.GMT.2025.CACO04.c2.bright.jpg,c2,1741386600,2025-03-07T22:30:00+00:00,30.0,1.0735559751550614,11.661807580174926,adcp linear at epoch+300s
1741388400.Fri.Mar.07_23_00_00.GMT.2025.CACO04.c2.bright.jpg,c2,1741388400,2025-03-07T23:00:00+00:00,0.0,1.0423674460494166,11.661807580174926,adcp linear at epoch+300s
1741390200.Fri.Mar.07_23_30_00.GMT.2025.CACO04.c2.bright.jpg,c2,1741390200,2025-03-07T23:30:00+00:00,30.0,1.0136336361565443,11.661807580174926,adcp linear at epoch+300s
1741392000.Sat.Mar.08_00_00_00.GMT.2025.CACO04.c2.bright.jpg,c2,1741392000,2025-03-08T00:00:00+00:00,0.0,0.9801699315740107,11.661807580174926,adcp linear at epoch+300s
1741393800.Sat.Mar.08_00_30_00.GMT.2025.CACO04.c2.bright.jpg,c2,1741393800,2025-03-08T00:30:00+00:00,30.0,0.9230567535431701,11.661807580174926,adcp linear at epoch+300s
1741395600.Sat.Mar.08_01_00_00.GMT.2025.CACO04.c2.bright.jpg,c2,1741395600,2025-03-08T01:00:00+00:00,0.0,0.8718103132120592,11.661807580174926,adcp linear at epoch+300s
1741397400.Sat.Mar.08_01_30_00.GMT.2025.CACO04.c2.bright.jpg,c2,1741397400,2025-03-08T01:30:00+00:00,30.0,0.8498975613795966,11.661807580174926,adcp linear at epoch+300s
1741399200.Sat.Mar.08_02_00_00.GMT.2025.CACO04.c2.bright.jpg,c2,1741399200,2025-03-08T02:00:00+00:00,0.0,0.83221599088019,11.661807580174926,adcp linear at epoch+300s
1741401000.Sat.Mar.08_02_30_00.GMT.2025.CACO04.c2.bright.jpg,c2,1741401000,2025-03-08T02:30:00+00:00,30.0,0.8356903270460633,11.661807580174926,adcp linear at epoch+300s
1741402800.Sat.Mar.08_03_00_00.GMT.2025.CACO04.c2.bright.jpg,c2,1741402800,2025-03-08T03:00:00+00:00,0.0,0.8486383176855282,11.661807580174926,adcp linear at epoch+300s
1741433400.Sat.Mar.08_11_30_00.GMT.2025.CACO04.c2.bright.jpg,c2,1741433400,2025-03-08T11:30:00+00:00,30.0,0.6265055243007113,9.876543209876544,adcp linear at epoch+300s
1741435200.Sat.Mar.08_12_00_00.GMT.2025.CACO04.c2.bright.jpg,c2,1741435200,2025-03-08T12:00:00+00:00,0.0,0.6016638787449539,9.876543209876544,adcp linear at epoch+300s
1741437000.Sat.Mar.08_12_30_00.GMT.2025.CACO04.c2.bright.jpg,c2,1741437000,2025-03-08T12:30:00+00:00,30.0,0.576112712276139,10.6951871657754,adcp linear at epoch+300s
1741438800.Sat.Mar.08_13_00_00.GMT.2025.CACO04.c2.bright.jpg,c2,1741438800,2025-03-08T13:00:00+00:00,0.0,0.5557190682464371,10.6951871657754,adcp linear at epoch+300s
1741440600.Sat.Mar.08_13_30_00.GMT.2025.CACO04.c2.bright.jpg,c2,1741440600,2025-03-08T13:30:00+00:00,30.0,0.5611130364122997,11.661807580174926,adcp linear at epoch+300s
1741442400.Sat.Mar.08_14_00_00.GMT.2025.CACO04.c2.bright.jpg,c2,1741442400,2025-03-08T14:00:00+00:00,0.0,0.5630949684328959,11.661807580174926,adcp linear at epoch+300s
1741444200.Sat.Mar.08_14_30_00.GMT.2025.CACO04.c2.bright.jpg,c2,1741444200,2025-03-08T14:30:00+00:00,30.0,0.54801671972716,10.6951871657754,adcp linear at epoch+300s
1741446000.Sat.Mar.08_15_00_00.GMT.2025.CACO04.c2.bright.jpg,c2,1741446000,2025-03-08T15:00:00+00:00,0.0,0.533363399384152,10.6951871657754,adcp linear at epoch+300s
1741447800.Sat.Mar.08_15_30_00.GMT.2025.CACO04.c2.bright.jpg,c2,1741447800,2025-03-08T15:30:00+00:00,30.0,0.5208347208547831,9.876543209876544,adcp linear at epoch+300s
1741449600.Sat.Mar.08_16_00_00.GMT.2025.CACO04.c2.bright.jpg,c2,1741449600,2025-03-08T16:00:00+00:00,0.0,0.5136811062137814,9.876543209876544,adcp linear at epoch+300s
1741451400.Sat.Mar.08_16_30_00.GMT.2025.CACO04.c2.bright.jpg,c2,1741451400,2025-03-08T16:30:00+00:00,30.0,0.5334028110146154,12.82051282051282,adcp linear at epoch+300s
1741453200.Sat.Mar.08_17_00_00.GMT.2025.CACO04.c2.bright.jpg,c2,1741453200,2025-03-08T17:00:00+00:00,0.0,0.5602675765552356,12.82051282051282,adcp linear at epoch+300s
1741455000.Sat.Mar.08_17_30_00.GMT.2025.CACO04.c2.bright.jpg,c2,1741455000,2025-03-08T17:30:00+00:00,30.0,0.6228476457947868,11.661807580174926,adcp linear at epoch+300s
1741456800.Sat.Mar.08_18_00_00.GMT.2025.CACO04.c2.bright.jpg,c2,1741456800,2025-03-08T18:00:00+00:00,0.0,0.695184873858939,11.661807580174926,adcp linear at epoch+300s
1741458600.Sat.Mar.08_18_30_00.GMT.2025.CACO04.c2.bright.jpg,c2,1741458600,2025-03-08T18:30:00+00:00,30.0,0.8163078960460959,4.439511653718091,adcp linear at epoch+300s
1741460400.Sat.Mar.08_19_00_00.GMT.2025.CACO04.c2.bright.jpg,c2,1741460400,2025-03-08T19:00:00+00:00,0.0,0.9186344996052169,4.439511653718091,adcp linear at epoch+300s
1741462200.Sat.Mar.08_19_30_00.GMT.2025.CACO04.c2.bright.jpg,c2,1741462200,2025-03-08T19:30:00+00:00,30.0,0.926979010024158,5.148005148005149,adcp linear at epoch+300s
1741464000.Sat.Mar.08_20_00_00.GMT.2025.CACO04.c2.bright.jpg,c2,1741464000,2025-03-08T20:00:00+00:00,0.0,0.939143017809559,5.148005148005149,adcp linear at epoch+300s
1741465800.Sat.Mar.08_20_30_00.GMT.2025.CACO04.c2.bright.jpg,c2,1741465800,2025-03-08T20:30:00+00:00,30.0,0.9704045124272604,4.950495049504951,adcp linear at epoch+300s
1741467600.Sat.Mar.08_21_00_00.GMT.2025.CACO04.c2.bright.jpg,c2,1741467600,2025-03-08T21:00:00+00:00,0.0,0.9876374454057602,4.950495049504951,adcp linear at epoch+300s
1741469400.Sat.Mar.08_21_30_00.GMT.2025.CACO04.c2.bright.jpg,c2,1741469400,2025-03-08T21:30:00+00:00,30.0,0.9347275701882515,6.768189509306261,adcp linear at epoch+300s
1741471200.Sat.Mar.08_22_00_00.GMT.2025.CACO04.c2.bright.jpg,c2,1741471200,2025-03-08T22:00:00+00:00,0.0,0.8838144457802328,6.768189509306261,adcp linear at epoch+300s
1741473000.Sat.Mar.08_22_30_00.GMT.2025.CACO04.c2.bright.jpg,c2,1741473000,2025-03-08T22:30:00+00:00,30.0,0.8428850754196645,4.439511653718091,adcp linear at epoch+300s
1741474800.Sat.Mar.08_23_00_00.GMT.2025.CACO04.c2.bright.jpg,c2,1741474800,2025-03-08T23:00:00+00:00,0.0,0.8377316225029526,4.439511653718091,adcp linear at epoch+300s
1741476600.Sat.Mar.08_23_30_00.GMT.2025.CACO04.c2.bright.jpg,c2,1741476600,2025-03-08T23:30:00+00:00,30.0,1.0114577568055239,6.768189509306261,adcp linear at epoch+300s
1741478400.Sun.Mar.09_00_00_00.GMT.2025.CACO04.c2.bright.jpg,c2,1741478400,2025-03-09T00:00:00+00:00,0.0,1.1826987192450262,6.768189509306261,adcp linear at epoch+300s
1741480200.Sun.Mar.09_00_30_00.GMT.2025.CACO04.c2.bright.jpg,c2,1741480200,2025-03-09T00:30:00+00:00,30.0,1.3415138223691847,7.142857142857142,adcp linear at epoch+300s
1741482000.Sun.Mar.09_01_00_00.GMT.2025.CACO04.c2.bright.jpg,c2,1741482000,2025-03-09T01:00:00+00:00,0.0,1.4636685933146136,7.142857142857142,adcp linear at epoch+300s
1741483800.Sun.Mar.09_01_30_00.GMT.2025.CACO04.c2.bright.jpg,c2,1741483800,2025-03-09T01:30:00+00:00,30.0,1.4025217033663937,7.142857142857142,adcp linear at epoch+300s
1741485600.Sun.Mar.09_02_00_00.GMT.2025.CACO04.c2.bright.jpg,c2,1741485600,2025-03-09T02:00:00+00:00,0.0,1.3443181484005347,7.142857142857142,adcp linear at epoch+300s
1741487400.Sun.Mar.09_02_30_00.GMT.2025.CACO04.c2.bright.jpg,c2,1741487400,2025-03-09T02:30:00+00:00,30.0,1.3008312683464802,6.768189509306261,adcp linear at epoch+300s
1741489200.Sun.Mar.09_03_00_00.GMT.2025.CACO04.c2.bright.jpg,c2,1741489200,2025-03-09T03:00:00+00:00,0.0,1.268319526170813,6.768189509306261,adcp linear at epoch+300s
1741516200.Sun.Mar.09_10_30_00.GMT.2025.CACO04.c2.bright.jpg,c2,1741516200,2025-03-09T10:30:00+00:00,30.0,0.9638685750617023,5.847953216374269,adcp linear at epoch+300s
1741518000.Sun.Mar.09_11_00_00.GMT.2025.CACO04.c2.bright.jpg,c2,1741518000,2025-03-09T11:00:00+00:00,0.0,0.9370315078436474,5.847953216374269,adcp linear at epoch+300s
1741519800.Sun.Mar.09_11_30_00.GMT.2025.CACO04.c2.bright.jpg,c2,1741519800,2025-03-09T11:30:00+00:00,30.0,0.8757487032181476,5.594405594405594,adcp linear at epoch+300s
1741521600.Sun.Mar.09_12_00_00.GMT.2025.CACO04.c2.bright.jpg,c2,1741521600,2025-03-09T12:00:00+00:00,0.0,0.8149790723365159,5.594405594405594,adcp linear at epoch+300s
1741523400.Sun.Mar.09_12_30_00.GMT.2025.CACO04.c2.bright.jpg,c2,1741523400,2025-03-09T12:30:00+00:00,30.0,0.7567753101742245,5.594405594405594,adcp linear at epoch+300s
1741525200.Sun.Mar.09_13_00_00.GMT.2025.CACO04.c2.bright.jpg,c2,1741525200,2025-03-09T13:00:00+00:00,0.0,0.7001100468263545,5.594405594405594,adcp linear at epoch+300s
1741527000.Sun.Mar.09_13_30_00.GMT.2025.CACO04.c2.bright.jpg,c2,1741527000,2025-03-09T13:30:00+00:00,30.0,0.6511372775505906,5.361930294906166,adcp linear at epoch+300s
1741528800.Sun.Mar.09_14_00_00.GMT.2025.CACO04.c2.bright.jpg,c2,1741528800,2025-03-09T14:00:00+00:00,0.0,0.6081824181273872,5.361930294906166,adcp linear at epoch+300s
1741530600.Sun.Mar.09_14_30_00.GMT.2025.CACO04.c2.bright.jpg,c2,1741530600,2025-03-09T14:30:00+00:00,30.0,0.595317107966986,4.950495049504951,adcp linear at epoch+300s
1741532400.Sun.Mar.09_15_00_00.GMT.2025.CACO04.c2.bright.jpg,c2,1741532400,2025-03-09T15:00:00+00:00,0.0,0.5766876757113739,4.950495049504951,adcp linear at epoch+300s
1741534200.Sun.Mar.09_15_30_00.GMT.2025.CACO04.c2.bright.jpg,c2,1741534200,2025-03-09T15:30:00+00:00,30.0,0.5292376329797069,4.767580452920143,adcp linear at epoch+300s
1741536000.Sun.Mar.09_16_00_00.GMT.2025.CACO04.c2.bright.jpg,c2,1741536000,2025-03-09T16:00:00+00:00,0.0,0.48799203149844644,4.767580452920143,adcp linear at epoch+300s
1741537800.Sun.Mar.09_16_30_00.GMT.2025.CACO04.c2.bright.jpg,c2,1741537800,2025-03-09T16:30:00+00:00,30.0,0.47776863626921834,5.148005148005149,adcp linear at epoch+300s
1741539600.Sun.Mar.09_17_00_00.GMT.2025.CACO04.c2.bright.jpg,c2,1741539600,2025-03-09T17:00:00+00:00,0.0,0.46662604727955814,5.148005148005149,adcp linear at epoch+300s
1741541400.Sun.Mar.09_17_30_00.GMT.2025.CACO04.c2.bright.jpg,c2,1741541400,2025-03-09T17:30:00+00:00,30.0,0.4508874894877377,4.767580452920143,adcp linear at epoch+300s
1741543200.Sun.Mar.09_18_00_00.GMT.2025.CACO04.c2.bright.jpg,c2,1741543200,2025-03-09T18:00:00+00:00,0.0,0.43634612650207055,4.767580452920143,adcp linear at epoch+300s
1741545000.Sun.Mar.09_18_30_00.GMT.2025.CACO04.c2.bright.jpg,c2,1741545000,2025-03-09T18:30:00+00:00,30.0,0.42779073754717,11.661807580174926,adcp linear at epoch+300s
1741546800.Sun.Mar.09_19_00_00.GMT.2025.CACO04.c2.bright.jpg,c2,1741546800,2025-03-09T19:00:00+00:00,0.0,0.4220489493454181,11.661807580174926,adcp linear at epoch+300s
1741548600.Sun.Mar.09_19_30_00.GMT.2025.CACO04.c2.bright.jpg,c2,1741548600,2025-03-09T19:30:00+00:00,30.0,0.43037516490940914,9.876543209876544,adcp linear at epoch+300s
1741550400.Sun.Mar.09_20_00_00.GMT.2025.CACO04.c2.bright.jpg,c2,1741550400,2025-03-09T20:00:00+00:00,0.0,0.4378172512130621,9.876543209876544,adcp linear at epoch+300s
1741552200.Sun.Mar.09_20_30_00.GMT.2025.CACO04.c2.bright.jpg,c2,1741552200,2025-03-09T20:30:00+00:00,30.0,0.4408386912150247,4.291845493562232,adcp linear at epoch+300s
1741554000.Sun.Mar.09_21_00_00.GMT.2025.CACO04.c2.bright.jpg,c2,1741554000,2025-03-09T21:00:00+00:00,0.0,0.44355083447173316,4.291845493562232,adcp linear at epoch+300s
1741555800.Sun.Mar.09_21_30_00.GMT.2025.CACO04.c2.bright.jpg,c2,1741555800,2025-03-09T21:30:00+00:00,30.0,0.4447164940021708,4.024144869215292,adcp linear at epoch+300s
1741557600.Sun.Mar.09_22_00_00.GMT.2025.CACO04.c2.bright.jpg,c2,1741557600,2025-03-09T22:00:00+00:00,0.0,0.44857379464214564,4.024144869215292,adcp linear at epoch+300s
1741559400.Sun.Mar.09_22_30_00.GMT.2025.CACO04.c2.bright.jpg,c2,1741559400,2025-03-09T22:30:00+00:00,30.0,0.4658893008298069,11.661807580174926,adcp linear at epoch+300s
1741561200.Sun.Mar.09_23_00_00.GMT.2025.CACO04.c2.bright.jpg,c2,1741561200,2025-03-09T23:00:00+00:00,0.0,0.46895735080990464,11.661807580174926,adcp linear at epoch+300s
1741563000.Sun.Mar.09_23_30_00.GMT.2025.CACO04.c2.bright.jpg,c2,1741563000,2025-03-09T23:30:00+00:00,30.0,0.4007881197521847,10.6951871657754,adcp linear at epoch+300s
1741564800.Mon.Mar.10_00_00_00.GMT.2025.CACO04.c2.bright.jpg,c2,1741564800,2025-03-10T00:00:00+00:00,0.0,0.347510333522438,10.6951871657754,adcp linear at epoch+300s
1741566600.Mon.Mar.10_00_30_00.GMT.2025.CACO04.c2.bright.jpg,c2,1741566600,2025-03-10T00:30:00+00:00,30.0,0.3686897714325573,5.594405594405594,adcp linear at epoch+300s
1741568400.Mon.Mar.10_01_00_00.GMT.2025.CACO04.c2.bright.jpg,c2,1741568400,2025-03-10T01:00:00+00:00,0.0,0.38367251568735194,5.594405594405594,adcp linear at epoch+300s
1741570200.Mon.Mar.10_01_30_00.GMT.2025.CACO04.c2.bright.jpg,c2,1741570200,2025-03-10T01:30:00+00:00,30.0,0.3676717916655231,9.174311926605505,adcp linear at epoch+300s
1741572000.Mon.Mar.10_02_00_00.GMT.2025.CACO04.c2.bright.jpg,c2,1741572000,2025-03-10T02:00:00+00:00,0.0,0.3576172502756101,9.174311926605505,adcp linear at epoch+300s
1741602600.Mon.Mar.10_10_30_00.GMT.2025.CACO04.c2.bright.jpg,c2,1741602600,2025-03-10T10:30:00+00:00,30.0,0.476874967700726,10.6951871657754,adcp linear at epoch+300s
1741604400.Mon.Mar.10_11_00_00.GMT.2025.CACO04.c2.bright.jpg,c2,1741604400,2025-03-10T11:00:00+00:00,0.0,0.4851914661063447,10.6951871657754,adcp linear at epoch+300s
1741606200.Mon.Mar.10_11_30_00.GMT.2025.CACO04.c2.bright.jpg,c2,1741606200,2025-03-10T11:30:00+00:00,30.0,0.4725597682316771,9.876543209876544,adcp linear at epoch+300s
1741608000.Mon.Mar.10_12_00_00.GMT.2025.CACO04.c2.bright.jpg,c2,1741608000,2025-03-10T12:00:00+00:00,0.0,0.46217126167582107,9.876543209876544,adcp linear at epoch+300s
1741609800.Mon.Mar.10_12_30_00.GMT.2025.CACO04.c2.bright.jpg,c2,1741609800,2025-03-10T12:30:00+00:00,30.0,0.4629987117140229,9.174311926605505,adcp linear at epoch+300s
1741611600.Mon.Mar.10_13_00_00.GMT.2025.CACO04.c2.bright.jpg,c2,1741611600,2025-03-10T13:00:00+00:00,0.0,0.4604797344701473,9.174311926605505,adcp linear at epoch+300s
1741613400.Mon.Mar.10_13_30_00.GMT.2025.CACO04.c2.bright.jpg,c2,1741613400,2025-03-10T13:30:00+00:00,30.0,0.44122862081588476,7.561436672967865,adcp linear at epoch+300s
1741615200.Mon.Mar.10_14_00_00.GMT.2025.CACO04.c2.bright.jpg,c2,1741615200,2025-03-10T14:00:00+00:00,0.0,0.4262963062105824,7.561436672967865,adcp linear at epoch+300s
1741617000.Mon.Mar.10_14_30_00.GMT.2025.CACO04.c2.bright.jpg,c2,1741617000,2025-03-10T14:30:00+00:00,30.0,0.4329579868500811,11.661807580174926,adcp linear at epoch+300s
