filename,camera,epoch,time_utc,gap_minutes,wave_height_m,wave_period_s,brightness,sharpness
1734714000.Fri.Dec.20_17_00_00.GMT.2024.CACO03.c1.timex.jpg,c1,1734714000,2024-12-20T17:00:00+00:00,0.0,1.7056960429168415,5.361930294906166,100.73227826286765,2.7605569308151114
1734715800.Fri.Dec.20_17_30_00.GMT.2024.CACO03.c1.timex.jpg,c1,1734715800,2024-12-20T17:30:00+00:00,30.0,1.7056960429168415,5.361930294906166,90.80641084558823,2.11088234623869
1734717600.Fri.Dec.20_18_00_00.GMT.2024.CACO03.c1.timex.jpg,c1,1734717600,2024-12-20T18:00:00+00:00,0.0,1.867654657554693,5.594405594405594,119.77533318014706,3.1062934431650238
1734719400.Fri.Dec.20_18_30_00.GMT.2024.CACO03.c1.timex.jpg,c1,1734719400,2024-12-20T18:30:00+00:00,30.0,1.867654657554693,5.594405594405594,133.0882289113562,3.4011725132659594
1734721200.Fri.Dec.20_19_00_00.GMT.2024.CACO03.c1.timex.jpg,c1,1734721200,2024-12-20T19:00:00+00:00,0.0,1.8045321694752685,5.847953216374269,101.19208920547386,2.6241375625635124
1734723000.Fri.Dec.20_19_30_00.GMT.2024.CACO03.c1.timex.jpg,c1,1734723000,2024-12-20T19:30:00+00:00,30.0,1.8045321694752685,5.847953216374269,118.64958639705883,2.568156580784639
1734724800.Fri.Dec.20_20_00_00.GMT.2024.CACO03.c1.timex.jpg,c1,1734724800,2024-12-20T20:00:00+00:00,0.0,2.005770633288943,5.847953216374269,100.41072431576798,2.4505139486187466
1734726600.Fri.Dec.20_20_30_00.GMT.2024.CACO03.c1.timex.jpg,c1,1734726600,2024-12-20T20:30:00+00:00,30.0,2.005770633288943,5.847953216374269,48.807400173611114,1.53308821899826
1734728400.Fri.Dec.20_21_00_00.GMT.2024.CACO03.c1.timex.jpg,c1,1734728400,2024-12-20T21:00:00+00:00,0.0,1.788979787855596,6.125574272588055,9.309838388480392,0.45940244293074367
1734730200.Fri.Dec.20_21_30_00.GMT.2024.CACO03.c1.timex.jpg,c1,1734730200,2024-12-20T21:30:00+00:00,30.0,1.788979787855596,6.125574272588055,0.5303787530637255,0.6492640663738352
1734732000.Fri.Dec.20_22_00_00.GMT.2024.CACO03.c1.timex.jpg,c1,1734732000,2024-12-20T22:00:00+00:00,0.0,2.261231748372885,6.430868167202571,0.0,0.0
1734733800.Fri.Dec.20_22_30_00.GMT.2024.CACO03.c1.timex.jpg,c1,1734733800,2024-12-20T22:30:00+00:00,30.0,2.261231748372885,6.430868167202571,0.0,0.0
1734735600.Fri.Dec.20_23_00_00.GMT.2024.CACO03.c1.timex.jpg,c1,1734735600,2024-12-20T23:00:00+00:00,0.0,2.3514292760576136,6.430868167202571,0.0,0.0
1734737400.Fri.Dec.20_23_30_00.GMT.2024.CACO03.c1.timex.jpg,c1,1734737400,2024-12-20T23:30:00+00:00,30.0,2.3514292760576136,6.430868167202571,0.0,0.0
1734739200.Sat.Dec.21_00_00_00.GMT.2024.CACO03.c1.timex.jpg,c1,1734739200,2024-12-21T00:00:00+00:00,0.0,2.2558205735038097,6.768189509306261,0.0,0.0
1734741000.Sat.Dec.21_00_30_00.GMT.2024.CACO03.c1.timex.jpg,c1,1734741000,2024-12-21T00:30:00+00:00,30.0,2.2558205735038097,6.768189509306261,0.0,0.0
1734742800.Sat.Dec.21_01_00_00.GMT.2024.CACO03.c1.timex.jpg,c1,1734742800,2024-12-21T01:00:00+00:00,0.0,2.33621889715579,6.430868167202571,0.0,0.0
1734744600.Sat.Dec.21_01_30_00.GMT.2024.CACO03.c1.timex.jpg,c1,1734744600,2024-12-21T01:30:00+00:00,30.0,2.33621889715579,6.430868167202571,0.0,0.0
1734746400.Sat.Dec.21_02_00_00.GMT.2024.CACO03.c1.timex.jpg,c1,1734746400,2024-12-21T02:00:00+00:00,0.0,3.168787216474514,7.561436672967865,0.0,0.0
1734748200.Sat.Dec.21_02_30_00.GMT.2024.CACO03.c1.timex.jpg,c1,1734748200,2024-12-21T02:30:00+00:00,30.0,3.168787216474514,7.561436672967865,0.0,0.0
1734750000.Sat.Dec.21_03_00_00.GMT.2024.CACO03.c1.timex.jpg,c1,1734750000,2024-12-21T03:00:00+00:00,0.0,3.558445429064601,8.032128514056225,0.0,0.0
1734780600.Sat.Dec.21_11_30_00.GMT.2024.CACO03.c1.timex.jpg,c1,1734780600,2024-12-21T11:30:00+00:00,30.0,2.6424844947975745,8.565310492505352,0.9316023284313726,0.4040447556685799
1734782400.Sat.Dec.21_12_00_00.GMT.2024.CACO03.c1.timex.jpg,c1,1734782400,2024-12-21T12:00:00+00:00,0.0,2.5184755204808367,8.032128514056225,31.20721954146242,0.9752604160148323
1734784200.Sat.Dec.21_12_30_00.GMT.2024.CACO03.c1.timex.jpg,c1,1734784200,2024-12-21T12:30:00+00:00,30.0,2.5184755204808367,8.032128514056225,151.19429125816993,3.058860933619239
1734786000.Sat.Dec.21_13_00_00.GMT.2024.CACO03.c1.timex.jpg,c1,1734786000,2024-12-21T13:00:00+00:00,0.0,2.6093129454426447,8.565310492505352,155.4199027267157,3.12950900124589
1734787800.Sat.Dec.21_13_30_00.GMT.2024.CACO03.c1.timex.jpg,c1,1734787800,2024-12-21T13:30:00+00:00,30.0,2.6093129454426447,8.565310492505352,143.63032641441993,3.063319988062108
1734789600.Sat.Dec.21_14_00_00.GMT.2024.CACO03.c1.timex.jpg,c1,1734789600,2024-12-21T14:00:00+00:00,0.0,2.4361763734245243,9.174311926605505,138.3285813674428,2.979859104363859
1734791400.Sat.Dec.21_14_30_00.GMT.2024.CACO03.c1.timex.jpg,c1,1734791400,2024-12-21T14:30:00+00:00,30.0,2.4361763734245243,9.174311926605505,132.11738217422385,2.8977894296283133
1734793200.Sat.Dec.21_15_00_00.GMT.2024.CACO03.c1.timex.jpg,c1,1734793200,2024-12-21T15:00:00+00:00,0.0,2.2499796689970992,9.174311926605505,126.39400467218137,2.7772318925356037
1734795000.Sat.Dec.21_15_30_00.GMT.2024.CACO03.c1.timex.jpg,c1,1734795000,2024-12-21T15:30:00+00:00,30.0,2.2499796689970992,9.174311926605505,158.2950431474673,7.40534569625491
1734796800.Sat.Dec.21_16_00_00.GMT.2024.CACO03.c1.timex.jpg,c1,1734796800,2024-12-21T16:00:00+00:00,0.0,2.60409210140278,9.876543209876544,100.9306481055964,7.291363253272211
1734798600.Sat.Dec.21_16_30_00.GMT.2024.CACO03.c1.timex.jpg,c1,1734798600,2024-12-21T16:30:00+00:00,30.0,2.60409210140278,9.876543209876544,145.44498697916666,11.985839611523847
1734800400.Sat.Dec.21_17_00_00.GMT.2024.CACO03.c1.timex.jpg,c1,1734800400,2024-12-21T17:00:00+00:00,0.0,2.536700469448663,9.876543209876544,141.0652796926062,10.13915985843302
1734802200.Sat.Dec.21_17_30_00.GMT.2024.CACO03.c1.timex.jpg,c1,1734802200,2024-12-21T17:30:00+00:00,30.0,2.536700469448663,9.876543209876544,138.90674466401143,11.058319252107372
1734804000.Sat.Dec.21_18_00_00.GMT.2024.CACO03.c1.timex.jpg,c1,1734804000,2024-12-21T18:00:00+00:00,0.0,2.3530167969135083,9.174311926605505,136.5597937091503,10.42370685151419
1734805800.Sat.Dec.21_18_30_00.GMT.2024.CACO03.c1.timex.jpg,c1,1734805800,2024-12-21T18:30:00+00:00,30.0,2.3530167969135083,9.174311926605505,105.82550168504902,6.905442537646857
1734807600.Sat.Dec.21_19_00_00.GMT.2024.CACO03.c1.timex.jpg,c1,1734807600,2024-12-21T19:00:00+00:00,0.0,2.494646921430264,9.876543209876544,121.1196799683415,8.226090024061381
1734809400.Sat.Dec.21_19_30_00.GMT.2024.CACO03.c1.timex.jpg,c1,1734809400,2024-12-21T19:30:00+00:00,30.0,2.494646921430264,9.876543209876544,122.26782386131536,7.4858429373148345
1734811200.Sat.Dec.21_20_00_00.GMT.2024.CACO03.c1.timex.jpg,c1,1734811200,2024-12-21T20:00:00+00:00,0.0,2.47646714932627,9.876543209876544,113.14166539011438,6.455983723603734
1734813000.Sat.Dec.21_20_30_00.GMT.2024.CACO03.c1.timex.jpg,c1,1734813000,2024-12-21T20:30:00+00:00,30.0,2.47646714932627,9.876543209876544,81.73745787377452,3.677749990821113
1734814800.Sat.Dec.21_21_00_00.GMT.2024.CACO03.c1.timex.jpg,c1,1734814800,2024-12-21T21:00:00+00:00,0.0,2.276186061832987,9.876543209876544,79.35742506638071,3.737786464981636
1734816600.Sat.Dec.21_21_30_00.GMT.2024.CACO03.c1.timex.jpg,c1,1734816600,2024-12-21T21:30:00+00:00,30.0,2.276186061832987,9.876543209876544,2.351913551879085,0.21440971892231112
1734818400.Sat.Dec.21_22_00_00.GMT.2024.CACO03.c1.timex.jpg,c1,1734818400,2024-12-21T22:00:00+00:00,0.0,2.459542740114164,9.876543209876544,0.0,0.0
1734820200.Sat.Dec.21_22_30_00.GMT.2024.CACO03.c1.timex.jpg,c1,1734820200,2024-12-21T22:30:00+00:00,30.0,2.459542740114164,9.876543209876544,0.0,0.0
1734822000.Sat.Dec.21_23_00_00.GMT.2024.CACO03.c1.timex.jpg,c1,1734822000,2024-12-21T23:00:00+00:00,0.0,2.043481619292137,9.876543209876544,0.0,0.0
1734823800.Sat.Dec.21_23_30_00.GMT.2024.CACO03.c1.timex.jpg,c1,1734823800,2024-12-21T23:30:00+00:00,30.0,2.043481619292137,9.876543209876544,0.0,0.0
1734825600.Sun.Dec.22_00_00_00.GMT.2024.CACO03.c1.timex.jpg,c1,1734825600,2024-12-22T00:00:00+00:00,0.0,2.0032461640507875,9.876543209876544,0.0,0.0
1734827400.Sun.Dec.22_00_30_00.GMT.2024.CACO03.c1.timex.jpg,c1,1734827400,2024-12-22T00:30:00+00:00,30.0,2.0032461640507875,9.876543209876544,0.0,0.0
1734829200.Sun.Dec.22_01_00_00.GMT.2024.CACO03.c1.timex.jpg,c1,1734829200,2024-12-22T01:00:00+00:00,0.0,1.839295443101572,9.876543209876544,0.0,0.0
1734831000.Sun.Dec.22_01_30_00.GMT.2024.CACO03.c1.timex.jpg,c1,1734831000,2024-12-22T01:30:00+00:00,30.0,1.839295443101572,9.876543209876544,0.0,0.0
1734832800.Sun.Dec.22_02_00_00.GMT.2024.CACO03.c1.timex.jpg,c1,1734832800,2024-12-22T02:00:00+00:00,0.0,1.8723555674260133,9.174311926605505,0.0,0.0
1734834600.Sun.Dec.22_02_30_00.GMT.2024.CACO03.c1.timex.jpg,c1,1734834600,2024-12-22T02:30:00+00:00,30.0,1.8723555674260133,9.174311926605505,0.0,0.0
1734836400.Sun.Dec.22_03_00_00.GMT.2024.CACO03.c1.timex.jpg,c1,1734836400,2024-12-22T03:00:00+00:00,0.0,1.743521706264629,9.876543209876544,0.0,0.0
1734867000.Sun.Dec.22_11_30_00.GMT.2024.CACO03.c1.timex.jpg,c1,1734867000,2024-12-22T11:30:00+00:00,30.0,1.496807652158733,6.125574272588055,1.4360894097222223,0.5751825459586332
1734868800.Sun.Dec.22_12_00_00.GMT.2024.CACO03.c1.timex.jpg,c1,1734868800,2024-12-22T12:00:00+00:00,0.0,1.4543482187286665,6.430868167202571,53.56046389910131,12.793999416854945
1734870600.Sun.Dec.22_12_30_00.GMT.2024.CACO03.c1.timex.jpg,c1,1734870600,2024-12-22T12:30:00+00:00,30.0,1.4543482187286665,6.430868167202571,189.97066801981208,102.8293435954901
1734872400.Sun.Dec.22_13_00_00.GMT.2024.CACO03.c1.timex.jpg,c1,1734872400,2024-12-22T13:00:00+00:00,0.0,1.196132628489984,6.125574272588055,186.7508042279412,85.85370356030626
1734874200.Sun.Dec.22_13_30_00.GMT.2024.CACO03.c1.timex.jpg,c1,1734874200,2024-12-22T13:30:00+00:00,30.0,1.196132628489984,6.125574272588055,152.45286649816177,94.80876391065071
1734876000.Sun.Dec.22_14_00_00.GMT.2024.CACO03.c1.timex.jpg,c1,1734876000,2024-12-22T14:00:00+00:00,0.0,1.2513644956699397,6.430868167202571,133.08940333946077,52.31266076163809
1734877800.Sun.Dec.22_14_30_00.GMT.2024.CACO03.c1.timex.jpg,c1,1734877800,2024-12-22T14:30:00+00:00,30.0,1.2513644956699397,6.430868167202571,147.44564121221404,73.541961798486
1734879600.Sun.Dec.22_15_00_00.GMT.2024.CACO03.c1.timex.jpg,c1,1734879600,2024-12-22T15:00:00+00:00,0.0,1.1499970566520037,5.847953216374269,133.5460165185866,44.133255884604495
1734881400.Sun.Dec.22_15_30_00.GMT.2024.CACO03.c1.timex.jpg,c1,1734881400,2024-12-22T15:30:00+00:00,30.0,1.1499970566520037,5.847953216374269,140.13883463541666,43.710865949850074
1734883200.Sun.Dec.22_16_00_00.GMT.2024.CACO03.c1.timex.jpg,c1,1734883200,2024-12-22T16:00:00+00:00,0.0,1.1739225686127075,6.430868167202571,145.3328737745098,45.1300180410248
1734885000.Sun.Dec.22_16_30_00.GMT.2024.CACO03.c1.timex.jpg,c1,1734885000,2024-12-22T16:30:00+00:00,30.0,1.1739225686127075,6.430868167202571,120.65600426368464,33.74412368773762
1734886800.Sun.Dec.22_17_00_00.GMT.2024.CACO03.c1.timex.jpg,c1,1734886800,2024-12-22T17:00:00+00:00,0.0,1.3470535327253024,5.847953216374269,112.8276526756536,28.270886013114602
1734888600.Sun.Dec.22_17_30_00.GMT.2024.CACO03.c1.timex.jpg,c1,1734888600,2024-12-22T17:30:00+00:00,30.0,1.3470535327253024,5.847953216374269,97.08721405228758,25.628359438592955
1734890400.Sun.Dec.22_18_00_00.GMT.2024.CACO03.c1.timex.jpg,c1,1734890400,2024-12-22T18:00:00+00:00,0.0,1.3101636524460094,6.125574272588055,177.0118368310866,81.5639955900303
1734892200.Sun.Dec.22_18_30_00.GMT.2024.CACO03.c1.timex.jpg,c1,1734892200,2024-12-22T18:30:00+00:00,30.0,1.3101636524460094,6.125574272588055,106.04531441482843,27.790187831038857
1734894000.Sun.Dec.22_19_00_00.GMT.2024.CACO03.c1.timex.jpg,c1,1734894000,2024-12-22T19:00:00+00:00,0.0,1.4991309714061316,6.430868167202571,117.46759472017973,32.39585236282084
1734895800.Sun.Dec.22_19_30_00.GMT.2024.CACO03.c1.timex.jpg,c1,1734895800,2024-12-22T19:30:00+00:00,30.0,1.4991309714061316,6.430868167202571,134.58643216401143,45.69902088239918
1734897600.Sun.Dec.22_20_00_00.GMT.2024.CACO03.c1.timex.jpg,c1,1734897600,2024-12-22T20:00:00+00:00,0.0,1.526734125417642,6.430868167202571,106.92308772467321,37.050161554881726
1734899400.Sun.Dec.22_20_30_00.GMT.2024.CACO03.c1.timex.jpg,c1,1734899400,2024-12-22T20:30:00+00:00,30.0,1.526734125417642,6.430868167202571,98.72555402369281,35.14617051055275
1734901200.Sun.Dec.22_21_00_00.GMT.2024.CACO03.c1.timex.jpg,c1,1734901200,2024-12-22T21:00:00+00:00,0.0,1.3069023254798438,6.125574272588055,94.1167662377451,34.88570547707847
1734903000.Sun.Dec.22_21_30_00.GMT.2024.CACO03.c1.timex.jpg,c1,1734903000,2024-12-22T21:30:00+00:00,30.0,1.3069023254798438,6.125574272588055,3.552335452410131,0.6181991623000906
1734904800.Sun.Dec.22_22_00_00.GMT.2024.CACO03.c1.timex.jpg,c1,1734904800,2024-12-22T22:00:00+00:00,0.0,1.3377227669693033,5.847953216374269,0.0,0.0
1734906600.Sun.Dec.22_22_30_00.GMT.2024.CACO03.c1.timex.jpg,c1,1734906600,2024-12-22T22:30:00+00:00,30.0,1.3377227669693033,5.847953216374269,0.0,0.0
1734908400.Sun.Dec.22_23_00_00.GMT.2024.CACO03.c1.timex.jpg,c1,1734908400,2024-12-22T23:00:00+00:00,0.0,1.475265920896221,6.125574272588055,0.0,0.0
1734910200.Sun.Dec.22_23_30_00.GMT.2024.CACO03.c1.timex.jpg,c1,1734910200,2024-12-22T23:30:00+00:00,30.0,1.475265920896221,6.125574272588055,0.0,0.0
1734912000.Mon.Dec.23_00_00_00.GMT.2024.CACO03.c1.timex.jpg,c1,1734912000,2024-12-23T00:00:00+00:00,0.0,1.371666007610766,5.847953216374269,0.0,0.0
1734913800.Mon.Dec.23_00_30_00.GMT.2024.CACO03.c1.timex.jpg,c1,1734913800,2024-12-23T00:30:00+00:00,30.0,1.371666007610766,5.847953216374269,0.0,0.0
1734915600.Mon.Dec.23_01_00_00.GMT.2024.CACO03.c1.timex.jpg,c1,1734915600,2024-12-23T01:00:00+00:00,0.0,1.5972587291393148,5.847953216374269,0.0,0.0
1734917400.Mon.Dec.23_01_30_00.GMT.2024.CACO03.c1.timex.jpg,c1,1734917400,2024-12-23T01:30:00+00:00,30.0,1.5972587291393148,5.847953216374269,0.0,0.0
1734919200.Mon.Dec.23_02_00_00.GMT.2024.CACO03.c1.timex.jpg,c1,1734919200,2024-12-23T02:00:00+00:00,0.0,1.476101929949365,5.361930294906166,0.0,0.0
1734921000.Mon.Dec.23_02_30_00.GMT.2024.CACO03.c1.timex.jpg,c1,1734921000,2024-12-23T02:30:00+00:00,30.0,1.476101929949365,5.361930294906166,0.0,0.0
1734922800.Mon.Dec.23_03_00_00.GMT.2024.CACO03.c1.timex.jpg,c1,1734922800,2024-12-23T03:00:00+00:00,0.0,1.3074565448869484,6.125574272588055,0.0,0.0
1734953400.Mon.Dec.23_11_30_00.GMT.2024.CACO03.c1.timex.jpg,c1,1734953400,2024-12-23T11:30:00+00:00,30.0,1.4080384620067314,6.125574272588055,1.0000765931372548,0.008071001583612519
1734955200.Mon.Dec.23_12_00_00.GMT.2024.CACO03.c1.timex.jpg,c1,1734955200,2024-12-23T12:00:00+00:00,0.0,1.1807897801603335,6.125574272588055,39.361599392361114,6.605778276031685
1734957000.Mon.Dec.23_12_30_00.GMT.2024.CACO03.c1.timex.jpg,c1,1734957000,2024-12-23T12:30:00+00:00,30.0,1.1807897801603335,6.125574272588055,145.11387803819446,66.55501067422985
1734958800.Mon.Dec.23_13_00_00.GMT.2024.CACO03.c1.timex.jpg,c1,1734958800,2024-12-23T13:00:00+00:00,0.0,1.0288294069655486,6.430868167202571,137.36566521139707,58.76993272817751
1734960600.Mon.Dec.23_13_30_00.GMT.2024.CACO03.c1.timex.jpg,c1,1734960600,2024-12-23T13:30:00+00:00,30.0,1.0288294069655486,6.430868167202571,146.02421619689542,62.1441716827919
1734962400.Mon.Dec.23_14_00_00.GMT.2024.CACO03.c1.timex.jpg,c1,1734962400,2024-12-23T14:00:00+00:00,0.0,0.9977376151909526,6.430868167202571,122.57724098754085,46.257412978985506
1734964200.Mon.Dec.23_14_30_00.GMT.2024.CACO03.c1.timex.jpg,c1,1734964200,2024-12-23T14:30:00+00:00,30.0,0.9977376151909526,6.430868167202571,141.91941125408496,65.85669861514494
1734966000.Mon.Dec.23_15_00_00.GMT.2024.CACO03.c1.timex.jpg,c1,1734966000,2024-12-23T15:00:00+00:00,0.0,0.8884556046118245,6.125574272588055,143.83160679636438,68.5840245095784
1734967800.Mon.Dec.23_15_30_00.GMT.2024.CACO03.c1.timex.jpg,c1,1734967800,2024-12-23T15:30:00+00:00,30.0,0.8884556046118245,6.125574272588055,135.53554559844773,64.3070863225672
1734969600.Mon.Dec.23_16_00_00.GMT.2024.CACO03.c1.timex.jpg,c1,1734969600,2024-12-23T16:00:00+00:00,0.0,0.8817621200020599,6.125574272588055,140.3162849775327,67.72837646838934
1734971400.Mon.Dec.23_16_30_00.GMT.2024.CACO03.c1.timex.jpg,c1,1734971400,2024-12-23T16:30:00+00:00,30.0,0.8817621200020599,6.125574272588055,135.98986098345588,69.48062526046645
1734973200.Mon.Dec.23_17_00_00.GMT.2024.CACO03.c1.timex.jpg,c1,1734973200,2024-12-23T17:00:00+00:00,0.0,0.823166767157438,6.125574272588055,119.12580422794117,89.96902276332082
1734975000.Mon.Dec.23_17_30_00.GMT.2024.CACO03.c1.timex.jpg,c1,1734975000,2024-12-23T17:30:00+00:00,30.0,0.823166767157438,6.125574272588055,138.40446282679738,90.16239247281749
1734976800.Mon.Dec.23_18_00_00.GMT.2024.CACO03.c1.timex.jpg,c1,1734976800,2024-12-23T18:00:00+00:00,0.0,0.9154864579447448,6.768189509306261,128.32333792892157,69.51073149748883
1734978600.Mon.Dec.23_18_30_00.GMT.2024.CACO03.c1.timex.jpg,c1,1734978600,2024-12-23T18:30:00+00:00,30.0,0.9154864579447448,6.768189509306261,129.03351268892973,78.1950095456293
1734980400.Mon.Dec.23_19_00_00.GMT.2024.CACO03.c1.timex.jpg,c1,1734980400,2024-12-23T19:00:00+00:00,0.0,0.8442606445450306,6.125574272588055,129.67908432904412,37.439879479221474
1734982200.Mon.Dec.23_19_30_00.GMT.2024.CACO03.c1.timex.jpg,c1,1734982200,2024-12-23T19:30:00+00:00,30.0,0.8442606445450306,6.125574272588055,110.545796313317,29.888302390784915
1734984000.Mon.Dec.23_20_00_00.GMT.2024.CACO03.c1.timex.jpg,c1,1734984000,2024-12-23T20:00:00+00:00,0.0,0.8197315637883013,6.430868167202571,108.1303200316585,29.987412044608742
1734985800.Mon.Dec.23_20_30_00.GMT.2024.CACO03.c1.timex.jpg,c1,1734985800,2024-12-23T20:30:00+00:00,30.0,0.8197315637883013,6.430868167202571,104.40660743464052,27.863363074341738
1734987600.Mon.Dec.23_21_00_00.GMT.2024.CACO03.c1.timex.jpg,c1,1734987600,2024-12-23T21:00:00+00:00,0.0,0.8383313010987854,5.847953216374269,92.08759063521242,25.396814620318136
1734989400.Mon.Dec.23_21_30_00.GMT.2024.CACO03.c1.timex.jpg,c1,1734989400,2024-12-23T21:30:00+00:00,30.0,0.8383313010987854,5.847953216374269,5.149145986519608,0.6019550243371818
1734991200.Mon.Dec.23_22_00_00.GMT.2024.CACO03.c1.timex.jpg,c1,1734991200,2024-12-23T22:00:00+00:00,0.0,0.7840440191864746,5.847953216374269,0.0,0.0
1734993000.Mon.Dec.23_22_30_00.GMT.2024.CACO03.c1.timex.jpg,c1,1734993000,2024-12-23T22:30:00+00:00,30.0,0.7840440191864746,5.847953216374269,0.0,0.0
1734994800.Mon.Dec.23_23_00_00.GMT.2024.CACO03.c1.timex.jpg,c1,1734994800,2024-12-23T23:00:00+00:00,0.0,0.726703134979836,5.847953216374269,0.0,0.0
1734996600.Mon.Dec.23_23_30_00.GMT.2024.CACO03.c1.timex.jpg,c1,1734996600,2024-12-23T23:30:00+00:00,30.0,0.726703134979836,5.847953216374269,0.0,0.0
1734998400.Tue.Dec.24_00_00_00.GMT.2024.CACO03.c1.timex.jpg,c1,1734998400,2024-12-24T00:00:00+00:00,0.0,0.6314693534441471,6.125574272588055,0.0,0.0
1735000200.Tue.Dec.24_00_30_00.GMT.2024.CACO03.c1.timex.jpg,c1,1735000200,2024-12-24T00:30:00+00:00,30.0,0.6314693534441471,6.125574272588055,0.0,0.0
1735002000.Tue.Dec.24_01_00_00.GMT.2024.CACO03.c1.timex.jpg,c1,1735002000,2024-12-24T01:00:00+00:00,0.0,0.6105463020762173,6.125574272588055,0.0,0.0
1735003800.Tue.Dec.24_01_30_00.GMT.2024.CACO03.c1.timex.jpg,c1,1735003800,2024-12-24T01:30:00+00:00,30.0,0.6105463020762173,6.125574272588055,0.0,0.0
1735005600.Tue.Dec.24_02_00_00.GMT.2024.CACO03.c1.timex.jpg,c1,1735005600,2024-12-24T02:00:00+00:00,0.0,0.5919995543116695,10.6951871657754,0.0,0.0
1735007400.Tue.Dec.24_02_30_00.GMT.2024.CACO03.c1.timex.jpg,c1,1735007400,2024-12-24T02:30:00+00:00,30.0,0.5919995543116695,10.6951871657754,0.0,0.0
1735009200.Tue.Dec.24_03_00_00.GMT.2024.CACO03.c1.timex.jpg,c1,1735009200,2024-12-24T03:00:00+00:00,0.0,0.5715251962410597,10.6951871657754,0.0,0.0
1735039800.Tue.Dec.24_11_30_00.GMT.2024.CACO03.c1.timex.jpg,c1,1735039800,2024-12-24T11:30:00+00:00,30.0,0.3265791321972423,10.6951871657754,0.9560355392156863,0.46727877225618786
1735041600.Tue.Dec.24_12_00_00.GMT.2024.CACO03.c1.timex.jpg,c1,1735041600,2024-12-24T12:00:00+00:00,0.0,0.8372879736740644,4.597701149425287,23.657791436887255,4.159955012853818
1735043400.Tue.Dec.24_12_30_00.GMT.2024.CACO03.c1.timex.jpg,c1,1735043400,2024-12-24T12:30:00+00:00,30.0,0.8372879736740644,4.597701149425287,121.30235779207516,87.60792435661294
1735045200.Tue.Dec.24_13_00_00.GMT.2024.CACO03.c1.timex.jpg,c1,1735045200,2024-12-24T13:00:00+00:00,0.0,0.5469082282251064,5.361930294906166,177.3766180300245,108.61047921768801
1735047000.Tue.Dec.24_13_30_00.GMT.2024.CACO03.c1.timex.jpg,c1,1735047000,2024-12-24T13:30:00+00:00,30.0,0.5469082282251064,5.361930294906166,147.91709750306373,117.66358646003513
1735048800.Tue.Dec.24_14_00_00.GMT.2024.CACO03.c1.timex.jpg,c1,1735048800,2024-12-24T14:00:00+00:00,0.0,0.6315541649168956,5.361930294906166,136.87102992238562,105.07279730202669
1735050600.Tue.Dec.24_14_30_00.GMT.2024.CACO03.c1.timex.jpg,c1,1735050600,2024-12-24T14:30:00+00:00,30.0,0.6315541649168956,5.361930294906166,,
1735660800.Tue.Dec.31_16_00_00.GMT.2024.CACO03.c1.timex.jpg,c1,1735660800,2024-12-31T16:00:00+00:00,0.0,0.8142612810572183,9.876543209876544,111.54782922283496,13.633603800722655
1735662600.Tue.Dec.31_16_30_00.GMT.2024.CACO03.c1.timex.jpg,c1,1735662600,2024-12-31T16:30:00+00:00,30.0,0.8142612810572183,9.876543209876544,146.9962118310866,23.243591593078683
1735664400.Tue.Dec.31_17_00_00.GMT.2024.CACO03.c1.timex.jpg,c1,1735664400,2024-12-31T17:00:00+00:00,0.0,0.7926451682731401,9.876543209876544,145.0519078073938,65.30953946296508
1735666200.Tue.Dec.31_17_30_00.GMT.2024.CACO03.c1.timex.jpg,c1,1735666200,2024-12-31T17:30:00+00:00,30.0,0.7926451682731401,9.876543209876544,134.0325457005719,67.90029760416164
1735668000.Tue.Dec.31_18_00_00.GMT.2024.CACO03.c1.timex.jpg,c1,1735668000,2024-12-31T18:00:00+00:00,0.0,0.8416890390159183,9.876543209876544,117.3367800245098,24.512593135518415
1735669800.Tue.Dec.31_18_30_00.GMT.2024.CACO03.c1.timex.jpg,c1,1735669800,2024-12-31T18:30:00+00:00,30.0,0.8416890390159183,9.876543209876544,106.86034198835785,12.211374655594469
1735671600.Tue.Dec.31_19_00_00.GMT.2024.CACO03.c1.timex.jpg,c1,1735671600,2024-12-31T19:00:00+00:00,0.0,0.7478846545440628,9.876543209876544,101.16560393688725,9.020383329820065
1735673400.Tue.Dec.31_19_30_00.GMT.2024.CACO03.c1.timex.jpg,c1,1735673400,2024-12-31T19:30:00+00:00,30.0,0.7478846545440628,9.876543209876544,95.84019161049837,8.533499894797446
1735675200.Tue.Dec.31_20_00_00.GMT.2024.CACO03.c1.timex.jpg,c1,1735675200,2024-12-31T20:00:00+00:00,0.0,0.8801290242218033,9.876543209876544,93.85274331086602,6.555995748993212
1735677000.Tue.Dec.31_20_30_00.GMT.2024.CACO03.c1.timex.jpg,c1,1735677000,2024-12-31T20:30:00+00:00,30.0,0.8801290242218033,9.876543209876544,96.19704861111111,6.971344573692611
1735678800.Tue.Dec.31_21_00_00.GMT.2024.CACO03.c1.timex.jpg,c1,1735678800,2024-12-31T21:00:00+00:00,0.0,0.7960746696927848,9.174311926605505,84.33664279513889,4.432800243011762
1735680600.Tue.Dec.31_21_30_00.GMT.2024.CACO03.c1.timex.jpg,c1,1735680600,2024-12-31T21:30:00+00:00,30.0,0.7960746696927848,9.174311926605505,10.363948248570262,0.7052408809251208
1735682400.Tue.Dec.31_22_00_00.GMT.2024.CACO03.c1.timex.jpg,c1,1735682400,2024-12-31T22:00:00+00:00,0.0,0.8189844711684222,7.561436672967865,6.382761437908497e-06,0.00012765522875816994
1735684200.Tue.Dec.31_22_30_00.GMT.2024.CACO03.c1.timex.jpg,c1,1735684200,2024-12-31T22:30:00+00:00,30.0,0.8189844711684222,7.561436672967865,6.382761437908497e-06,0.00012765522875816994
1735686000.Tue.Dec.31_23_00_00.GMT.2024.CACO03.c1.timex.jpg,c1,1735686000,2024-12-31T23:00:00+00:00,0.0,0.7399276382930536,9.174311926605505,6.382761437908497e-06,0.00012765522875816994
1735687800.Tue.Dec.31_23_30_00.GMT.2024.CACO03.c1.timex.jpg,c1,1735687800,2024-12-31T23:30:00+00:00,30.0,0.7399276382930536,9.174311926605505,6.382761437908497e-06,0.00012765522875816994
1735689600.Wed.Jan.01_00_00_00.GMT.2025.CACO03.c1.timex.jpg,c1,1735689600,2025-01-01T00:00:00+00:00,0.0,0.735999347489729,9.174311926605505,6.382761437908497e-06,0.00012765522875816994
1735691400.Wed.Jan.01_00_30_00.GMT.2025.CACO03.c1.timex.jpg,c1,1735691400,2025-01-01T00:30:00+00:00,30.0,0.735999347489729,9.174311926605505,6.382761437908497e-06,0.00012765522875816994
1735693200.Wed.Jan.01_01_00_00.GMT.2025.CACO03.c1.timex.jpg,c1,1735693200,2025-01-01T01:00:00+00:00,0.0,0.7072265958934302,8.565310492505352,6.382761437908497e-06,0.00012765522875816994
1735695000.Wed.Jan.01_01_30_00.GMT.2025.CACO03.c1.timex.jpg,c1,1735695000,2025-01-01T01:30:00+00:00,30.0,0.7072265958934302,8.565310492505352,6.382761437908497e-06,0.00012765522875816994
1735696800.Wed.Jan.01_02_00_00.GMT.2025.CACO03.c1.timex.jpg,c1,1735696800,2025-01-01T02:00:00+00:00,0.0,0.7186989767646877,8.565310492505352,6.382761437908497e-06,0.00012765522875816994
1735698600.Wed.Jan.01_02_30_00.GMT.2025.CACO03.c1.timex.jpg,c1,1735698600,2025-01-01T02:30:00+00:00,30.0,0.7186989767646877,8.565310492505352,1.914828431372549e-05,0.00024254493464052288
1735700400.Wed.Jan.01_03_00_00.GMT.2025.CACO03.c1.timex.jpg,c1,1735700400,2025-01-01T03:00:00+00:00,0.0,0.6231370573000944,7.561436672967865,6.382761437908497e-06,0.00012765522875816994
1735731000.Wed.Jan.01_11_30_00.GMT.2025.CACO03.c1.timex.jpg,c1,1735731000,2025-01-01T11:30:00+00:00,30.0,2.2397836613320377,6.125574272588055,6.382761437908497e-06,0.00012765522875816994
1735732800.Wed.Jan.01_12_00_00.GMT.2025.CACO03.c1.timex.jpg,c1,1735732800,2025-01-01T12:00:00+00:00,0.0,1.956196978155101,6.430868167202571,13.5095805249183,0.8825667591930948
1735734600.Wed.Jan.01_12_30_00.GMT.2025.CACO03.c1.timex.jpg,c1,1735734600,2025-01-01T12:30:00+00:00,30.0,1.956196978155101,6.430868167202571,44.86615668402778,2.335350284929221
1735736400.Wed.Jan.01_13_00_00.GMT.2025.CACO03.c1.timex.jpg,c1,1735736400,2025-01-01T13:00:00+00:00,0.0,2.012314154841864,6.768189509306261,175.58364289726308,15.294040266790917
1735738200.Wed.Jan.01_13_30_00.GMT.2025.CACO03.c1.timex.jpg,c1,1735738200,2025-01-01T13:30:00+00:00,30.0,2.012314154841864,6.768189509306261,149.28484987745097,12.685540092949317
1735740000.Wed.Jan.01_14_00_00.GMT.2025.CACO03.c1.timex.jpg,c1,1735740000,2025-01-01T14:00:00+00:00,0.0,2.113361324064179,7.142857142857142,108.63527305453431,6.215689465635901
1735741800.Wed.Jan.01_14_30_00.GMT.2025.CACO03.c1.timex.jpg,c1,1735741800,2025-01-01T14:30:00+00:00,30.0,2.113361324064179,7.142857142857142,118.15113421670752,6.627179711798671
1735743600.Wed.Jan.01_15_00_00.GMT.2025.CACO03.c1.timex.jpg,c1,1735743600,2025-01-01T15:00:00+00:00,0.0,1.966992216351746,7.561436672967865,128.3605526194853,8.06714283757485
1735745400.Wed.Jan.01_15_30_00.GMT.2025.CACO03.c1.timex.jpg,c1,1735745400,2025-01-01T15:30:00+00:00,30.0,1.966992216351746,7.561436672967865,143.6504608353758,7.616676842419289
1735747200.Wed.Jan.01_16_00_00.GMT.2025.CACO03.c1.timex.jpg,c1,1735747200,2025-01-01T16:00:00+00:00,0.0,1.6738122102836994,6.768189509306261,130.63987821691177,6.360274886864967
1735749000.Wed.Jan.01_16_30_00.GMT.2025.CACO03.c1.timex.jpg,c1,1735749000,2025-01-01T16:30:00+00:00,30.0,1.6738122102836994,6.768189509306261,145.1702250561683,7.786084915298261
1735750800.Wed.Jan.01_17_00_00.GMT.2025.CACO03.c1.timex.jpg,c1,1735750800,2025-01-01T17:00:00+00:00,0.0,1.5320573296144864,8.565310492505352,124.50616574754902,6.061392257222658
1735752600.Wed.Jan.01_17_30_00.GMT.2025.CACO03.c1.timex.jpg,c1,1735752600,2025-01-01T17:30:00+00:00,30.0,1.5320573296144864,8.565310492505352,158.42503446691177,6.781875424415828
1735754400.Wed.Jan.01_18_00_00.GMT.2025.CACO03.c1.timex.jpg,c1,1735754400,2025-01-01T18:00:00+00:00,0.0,1.5849394965894823,8.565310492505352,116.49285768995098,5.527254326156438
1735756200.Wed.Jan.01_18_30_00.GMT.2025.CACO03.c1.timex.jpg,c1,1735756200,2025-01-01T18:30:00+00:00,30.0,1.5849394965894823,8.565310492505352,166.5471079707925,9.408850159586619
1735758000.Wed.Jan.01_19_00_00.GMT.2025.CACO03.c1.timex.jpg,c1,1735758000,2025-01-01T19:00:00+00:00,0.0,1.345785154822918,8.032128514056225,127.97724864685458,5.547746246111298
1735759800.Wed.Jan.01_19_30_00.GMT.2025.CACO03.c1.timex.jpg,c1,1735759800,2025-01-01T19:30:00+00:00,30.0,1.345785154822918,8.032128514056225,155.9129327512255,9.618801372462404
1735761600.Wed.Jan.01_20_00_00.GMT.2025.CACO03.c1.timex.jpg,c1,1735761600,2025-01-01T20:00:00+00:00,0.0,1.314015567527394,8.565310492505352,138.2345601000817,7.922552083740323
1735763400.Wed.Jan.01_20_30_00.GMT.2025.CACO03.c1.timex.jpg,c1,1735763400,2025-01-01T20:30:00+00:00,30.0,1.314015567527394,8.565310492505352,99.68391927083333,6.360896748059164
1735765200.Wed.Jan.01_21_00_00.GMT.2025.CACO03.c1.timex.jpg,c1,1735765200,2025-01-01T21:00:00+00:00,0.0,1.3139250064695251,8.032128514056225,51.114710988562095,2.430961438014468
1735767000.Wed.Jan.01_21_30_00.GMT.2025.CACO03.c1.timex.jpg,c1,1735767000,2025-01-01T21:30:00+00:00,30.0,1.3139250064695251,8.032128514056225,7.7155171313316995,0.6250702054463201
1735768800.Wed.Jan.01_22_00_00.GMT.2025.CACO03.c1.timex.jpg,c1,1735768800,2025-01-01T22:00:00+00:00,0.0,1.1139992960234757,8.032128514056225,6.382761437908497e-06,0.00012765522875816994
1735770600.Wed.Jan.01_22_30_00.GMT.2025.CACO03.c1.timex.jpg,c1,1735770600,2025-01-01T22:30:00+00:00,30.0,1.1139992960234757,8.032128514056225,6.382761437908497e-06,0.00012765522875816994
1735772400.Wed.Jan.01_23_00_00.GMT.2025.CACO03.c1.timex.jpg,c1,1735772400,2025-01-01T23:00:00+00:00,0.0,1.092333266358319,7.561436672967865,6.382761437908497e-06,0.00012765522875816994
1735774200.Wed.Jan.01_23_30_00.GMT.2025.CACO03.c1.timex.jpg,c1,1735774200,2025-01-01T23:30:00+00:00,30.0,1.092333266358319,7.561436672967865,6.382761437908497e-06,0.00012765522875816994
1735776000.Thu.Jan.02_00_00_00.GMT.2025.CACO03.c1.timex.jpg,c1,1735776000,2025-01-02T00:00:00+00:00,0.0,0.9982386410333348,7.561436672967865,6.382761437908497e-06,0.00012765522875816994
1735777800.Thu.Jan.02_00_30_00.GMT.2025.CACO03.c1.timex.jpg,c1,1735777800,2025-01-02T00:30:00+00:00,30.0,0.9982386410333348,7.561436672967865,6.382761437908497e-06,0.00012765522875816994
1735779600.Thu.Jan.02_01_00_00.GMT.2025.CACO03.c1.timex.jpg,c1,1735779600,2025-01-02T01:00:00+00:00,0.0,0.9213359253963932,7.142857142857142,6.382761437908497e-06,0.00012765522875816994
1735781400.Thu.Jan.02_01_30_00.GMT.2025.CACO03.c1.timex.jpg,c1,1735781400,2025-01-02T01:30:00+00:00,30.0,0.9213359253963932,7.142857142857142,6.382761437908497e-06,0.00012765522875816994
1735783200.Thu.Jan.02_02_00_00.GMT.2025.CACO03.c1.timex.jpg,c1,1735783200,2025-01-02T02:00:00+00:00,0.0,0.9454556427353428,7.561436672967865,6.382761437908497e-06,0.00012765522875816994
1735785000.Thu.Jan.02_02_30_00.GMT.2025.CACO03.c1.timex.jpg,c1,1735785000,2025-01-02T02:30:00+00:00,30.0,0.9454556427353428,7.561436672967865,6.382761437908497e-06,0.00012765522875816994
1735786800.Thu.Jan.02_03_00_00.GMT.2025.CACO03.c1.timex.jpg,c1,1735786800,2025-01-02T03:00:00+00:00,0.0,0.9866883954650868,7.142857142857142,6.382761437908497e-06,0.00012765522875816994
1735817400.Thu.Jan.02_11_30_00.GMT.2025.CACO03.c1.timex.jpg,c1,1735817400,2025-01-02T11:30:00+00:00,30.0,0.8197226345685703,5.594405594405594,2.440519046160131,0.5275220680310148
1735819200.Thu.Jan.02_12_00_00.GMT.2025.CACO03.c1.timex.jpg,c1,1735819200,2025-01-02T12:00:00+00:00,0.0,0.8402413037592642,10.6951871657754,83.92801202512256,8.109180527671631
1735821000.Thu.Jan.02_12_30_00.GMT.2025.CACO03.c1.timex.jpg,c1,1735821000,2025-01-02T12:30:00+00:00,30.0,0.8402413037592642,10.6951871657754,160.9642022824755,65.70652379601174
1735822800.Thu.Jan.02_13_00_00.GMT.2025.CACO03.c1.timex.jpg,c1,1735822800,2025-01-02T13:00:00+00:00,0.0,0.9658502840317984,6.125574272588055,144.2270699295343,65.64903423970408
1735824600.Thu.Jan.02_13_30_00.GMT.2025.CACO03.c1.timex.jpg,c1,1735824600,2025-01-02T13:30:00+00:00,30.0,0.9658502840317984,6.125574272588055,139.96804789624184,61.30164282497824
1735826400.Thu.Jan.02_14_00_00.GMT.2025.CACO03.c1.timex.jpg,c1,1735826400,2025-01-02T14:00:00+00:00,0.0,1.0480745309591517,6.768189509306261,130.74638416564542,49.07648110526186
1735828200.Thu.Jan.02_14_30_00.GMT.2025.CACO03.c1.timex.jpg,c1,1735828200,2025-01-02T14:30:00+00:00,30.0,1.0480745309591517,6.768189509306261,134.79452295241012,47.847203064771485
1735830000.Thu.Jan.02_15_00_00.GMT.2025.CACO03.c1.timex.jpg,c1,1735830000,2025-01-02T15:00:00+00:00,0.0,1.1310669237517266,6.768189509306261,131.08823529411765,45.99361038937247
1735831800.Thu.Jan.02_15_30_00.GMT.2025.CACO03.c1.timex.jpg,c1,1735831800,2025-01-02T15:30:00+00:00,30.0,1.1310669237517266,6.768189509306261,132.06752323325162,44.59364781063357
1735833600.Thu.Jan.02_16_00_00.GMT.2025.CACO03.c1.timex.jpg,c1,1735833600,2025-01-02T16:00:00+00:00,0.0,1.066436651775929,9.876543209876544,130.8499636182598,46.9599129225607
1735835400.Thu.Jan.02_16_30_00.GMT.2025.CACO03.c1.timex.jpg,c1,1735835400,2025-01-02T16:30:00+00:00,30.0,1.066436651775929,9.876543209876544,130.82095715890523,50.706805183436394
1735837200.Thu.Jan.02_17_00_00.GMT.2025.CACO03.c1.timex.jpg,c1,1735837200,2025-01-02T17:00:00+00:00,0.0,0.9794304707028192,9.876543209876544,128.68896484375,58.80041010858788
1735839000.Thu.Jan.02_17_30_00.GMT.2025.CACO03.c1.timex.jpg,c1,1735839000,2025-01-02T17:30:00+00:00,30.0,0.9794304707028192,9.876543209876544,127.60863140829248,68.9688202045093
1735840800.Thu.Jan.02_18_00_00.GMT.2025.CACO03.c1.timex.jpg,c1,1735840800,2025-01-02T18:00:00+00:00,0.0,0.9299311496731524,9.876543209876544,117.75353285845588,21.535829622766187
1735842600.Thu.Jan.02_18_30_00.GMT.2025.CACO03.c1.timex.jpg,c1,1735842600,2025-01-02T18:30:00+00:00,30.0,0.9299311496731524,9.876543209876544,114.57502297794117,14.34218620548153
1735844400.Thu.Jan.02_19_00_00.GMT.2025.CACO03.c1.timex.jpg,c1,1735844400,2025-01-02T19:00:00+00:00,0.0,0.8292871036916283,10.6951871657754,110.24938087214052,11.400266100765624
1735846200.Thu.Jan.02_19_30_00.GMT.2025.CACO03.c1.timex.jpg,c1,1735846200,2025-01-02T19:30:00+00:00,30.0,0.8292871036916283,10.6951871657754,109.32993132148692,9.634918772123719
1735848000.Thu.Jan.02_20_00_00.GMT.2025.CACO03.c1.timex.jpg,c1,1735848000,2025-01-02T20:00:00+00:00,0.0,0.7950612010239378,10.6951871657754,110.59341809640523,8.324282509131038
1735849800.Thu.Jan.02_20_30_00.GMT.2025.CACO03.c1.timex.jpg,c1,1735849800,2025-01-02T20:30:00+00:00,30.0,0.7950612010239378,10.6951871657754,110.05474175347223,9.037393286877064
1735851600.Thu.Jan.02_21_00_00.GMT.2025.CACO03.c1.timex.jpg,c1,1735851600,2025-01-02T21:00:00+00:00,0.0,0.7007899992678751,11.661807580174926,92.54757072099673,8.038498985990923
1735853400.Thu.Jan.02_21_30_00.GMT.2025.CACO03.c1.timex.jpg,c1,1735853400,2025-01-02T21:30:00+00:00,30.0,0.7007899992678751,11.661807580174926,13.546003753063726,0.7687715912288925
1735855200.Thu.Jan.02_22_00_00.GMT.2025.CACO03.c1.timex.jpg,c1,1735855200,2025-01-02T22:00:00+00:00,0.0,0.7834929395940096,12.82051282051282,0.005996604370915033,0.07403044459443875
1735857000.Thu.Jan.02_22_30_00.GMT.2025.CACO03.c1.timex.jpg,c1,1735857000,2025-01-02T22:30:00+00:00,30.0,0.7834929395940096,12.82051282051282,6.382761437908497e-06,0.00012765522875816994
1735858800.Thu.Jan.02_23_00_00.GMT.2025.CACO03.c1.timex.jpg,c1,1735858800,2025-01-02T23:00:00+00:00,0.0,0.7446767260027052,6.430868167202571,6.382761437908497e-06,0.00012765522875816994
1735860600.Thu.Jan.02_23_30_00.GMT.2025.CACO03.c1.timex.jpg,c1,1735860600,2025-01-02T23:30:00+00:00,30.0,0.7446767260027052,6.430868167202571,3.1913807189542485e-06,6.382761437908497e-05
1735862400.Fri.Jan.03_00_00_00.GMT.2025.CACO03.c1.timex.jpg,c1,1735862400,2025-01-03T00:00:00+00:00,0.0,0.6921316435889053,6.125574272588055,6.382761437908497e-06,0.00012765522875816994
1735864200.Fri.Jan.03_00_30_00.GMT.2025.CACO03.c1.timex.jpg,c1,1735864200,2025-01-03T00:30:00+00:00,30.0,0.6921316435889053,6.125574272588055,3.1913807189542485e-06,6.382761437908497e-05
1735866000.Fri.Jan.03_01_00_00.GMT.2025.CACO03.c1.timex.jpg,c1,1735866000,2025-01-03T01:00:00+00:00,0.0,0.8107560943201134,5.361930294906166,3.1913807189542485e-06,6.382761437908497e-05
1735867800.Fri.Jan.03_01_30_00.GMT.2025.CACO03.c1.timex.jpg,c1,1735867800,2025-01-03T01:30:00+00:00,30.0,0.8107560943201134,5.361930294906166,3.1913807189542485e-06,6.382761437908497e-05
1735869600.Fri.Jan.03_02_00_00.GMT.2025.CACO03.c1.timex.jpg,c1,1735869600,2025-01-03T02:00:00+00:00,0.0,0.8462787015288254,5.594405594405594,3.1913807189542485e-06,6.382761437908497e-05
1735871400.Fri.Jan.03_02_30_00.GMT.2025.CACO03.c1.timex.jpg,c1,1735871400,2025-01-03T02:30:00+00:00,30.0,0.8462787015288254,5.594405594405594,3.1913807189542485e-06,6.382761437908497e-05
1735873200.Fri.Jan.03_03_00_00.GMT.2025.CACO03.c1.timex.jpg,c1,1735873200,2025-01-03T03:00:00+00:00,0.0,0.9129035150436916,4.767580452920143,3.1913807189542485e-06,6.382761437908497e-05
1735903800.Fri.Jan.03_11_30_00.GMT.2025.CACO03.c1.timex.jpg,c1,1735903800,2025-01-03T11:30:00+00:00,30.0,0.6568663421189578,14.234875444839856,2.1702314389297386,0.5401156057311914
1735905600.Fri.Jan.03_12_00_00.GMT.2025.CACO03.c1.timex.jpg,c1,1735905600,2025-01-03T12:00:00+00:00,0.0,0.6149359841198092,12.82051282051282,83.58946397569444,7.4740095271666585
1735907400.Fri.Jan.03_12_30_00.GMT.2025.CACO03.c1.timex.jpg,c1,1735907400,2025-01-03T12:30:00+00:00,30.0,0.6149359841198092,12.82051282051282,167.32459533292484,50.11889169714096
1735909200.Fri.Jan.03_13_00_00.GMT.2025.CACO03.c1.timex.jpg,c1,1735909200,2025-01-03T13:00:00+00:00,0.0,0.6316737339150257,6.125574272588055,148.61616625816993,58.661984294425054
1735911000.Fri.Jan.03_13_30_00.GMT.2025.CACO03.c1.timex.jpg,c1,1735911000,2025-01-03T13:30:00+00:00,30.0,0.6316737339150257,6.125574272588055,142.60403262867646,56.82138826075163
1735912800.Fri.Jan.03_14_00_00.GMT.2025.CACO03.c1.timex.jpg,c1,1735912800,2025-01-03T14:00:00+00:00,0.0,0.7237605877718912,6.768189509306261,139.63372842626634,53.64508939247689
1735914600.Fri.Jan.03_14_30_00.GMT.2025.CACO03.c1.timex.jpg,c1,1735914600,2025-01-03T14:30:00+00:00,30.0,0.7237605877718912,6.768189509306261,137.44894748263889,51.57327136334852
1735916400.Fri.Jan.03_15_00_00.GMT.2025.CACO03.c1.timex.jpg,c1,1735916400,2025-01-03T15:00:00+00:00,0.0,0.8184167894477185,6.430868167202571,136.0657488255719,48.49056773274542
1735918200.Fri.Jan.03_15_30_00.GMT.2025.CACO03.c1.timex.jpg,c1,1735918200,2025-01-03T15:30:00+00:00,30.0,0.8184167894477185,6.430868167202571,134.6319540185866,45.57500856880793
1735920000.Fri.Jan.03_16_00_00.GMT.2025.CACO03.c1.timex.jpg,c1,1735920000,2025-01-03T16:00:00+00:00,0.0,0.7703843263055851,5.847953216374269,133.34788602941177,46.75939034831035
1735921800.Fri.Jan.03_16_30_00.GMT.2025.CACO03.c1.timex.jpg,c1,1735921800,2025-01-03T16:30:00+00:00,30.0,0.7703843263055851,5.847953216374269,132.5094464869281,45.230976909415574
1735923600.Fri.Jan.03_17_00_00.GMT.2025.CACO03.c1.timex.jpg,c1,1735923600,2025-01-03T17:00:00+00:00,0.0,0.7505848649993951,6.125574272588055,117.94400403390523,32.99046765048428
1735925400.Fri.Jan.03_17_30_00.GMT.2025.CACO03.c1.timex.jpg,c1,1735925400,2025-01-03T17:30:00+00:00,30.0,0.7505848649993951,6.125574272588055,129.77923304738562,54.205850270919996
1735927200.Fri.Jan.03_18_00_00.GMT.2025.CACO03.c1.timex.jpg,c1,1735927200,2025-01-03T18:00:00+00:00,0.0,0.7385943721253674,6.430868167202571,117.89505782781863,16.31962312359166
1735929000.Fri.Jan.03_18_30_00.GMT.2025.CACO03.c1.timex.jpg,c1,1735929000,2025-01-03T18:30:00+00:00,30.0,0.7385943721253674,6.430868167202571,116.64944278492646,15.025729687191795
1735930800.Fri.Jan.03_19_00_00.GMT.2025.CACO03.c1.timex.jpg,c1,1735930800,2025-01-03T19:00:00+00:00,0.0,0.6984737342009845,6.125574272588055,102.34160220077614,15.31387205216381
1735932600.Fri.Jan.03_19_30_00.GMT.2025.CACO03.c1.timex.jpg,c1,1735932600,2025-01-03T19:30:00+00:00,30.0,0.6984737342009845,6.125574272588055,110.65455218545752,15.15288621623888
1735934400.Fri.Jan.03_20_00_00.GMT.2025.CACO03.c1.timex.jpg,c1,1735934400,2025-01-03T20:00:00+00:00,0.0,0.5055698258486284,6.125574272588055,110.88103490093954,14.228432580617964
1735936200.Fri.Jan.03_20_30_00.GMT.2025.CACO03.c1.timex.jpg,c1,1735936200,2025-01-03T20:30:00+00:00,30.0,0.5055698258486284,6.125574272588055,107.61159620098039,13.483411056360165
1735938000.Fri.Jan.03_21_00_00.GMT.2025.CACO03.c1.timex.jpg,c1,1735938000,2025-01-03T21:00:00+00:00,0.0,0.5233675804622396,5.361930294906166,94.84722222222223,8.305888758571813
1735939800.Fri.Jan.03_21_30_00.GMT.2025.CACO03.c1.timex.jpg,c1,1735939800,2025-01-03T21:30:00+00:00,30.0,0.5233675804622396,5.361930294906166,14.60565065870098,0.8482976690341488
1735941600.Fri.Jan.03_22_00_00.GMT.2025.CACO03.c1.timex.jpg,c1,1735941600,2025-01-03T22:00:00+00:00,0.0,0.5462716618662545,16.0,0.0003350949754901961,0.006248723406972764
1735943400.Fri.Jan.03_22_30_00.GMT.2025.CACO03.c1.timex.jpg,c1,1735943400,2025-01-03T22:30:00+00:00,30.0,0.5462716618662545,16.0,0.0,0.0
1735945200.Fri.Jan.03_23_00_00.GMT.2025.CACO03.c1.timex.jpg,c1,1735945200,2025-01-03T23:00:00+00:00,0.0,0.5145560195985338,16.0,0.0,0.0
1735947000.Fri.Jan.03_23_30_00.GMT.2025.CACO03.c1.timex.jpg,c1,1735947000,2025-01-03T23:30:00+00:00,30.0,0.5145560195985338,16.0,0.0,0.0
1735948800.Sat.Jan.04_00_00_00.GMT.2025.CACO03.c1.timex.jpg,c1,1735948800,2025-01-04T00:00:00+00:00,0.0,0.557064962197046,5.148005148005149,0.0,0.0
1735950600.Sat.Jan.04_00_30_00.GMT.2025.CACO03.c1.timex.jpg,c1,1735950600,2025-01-04T00:30:00+00:00,30.0,0.557064962197046,5.148005148005149,0.0,0.0
1735952400.Sat.Jan.04_01_00_00.GMT.2025.CACO03.c1.timex.jpg,c1,1735952400,2025-01-04T01:00:00+00:00,0.0,0.5550903561566082,14.234875444839856,0.0,0.0
1735954200.Sat.Jan.04_01_30_00.GMT.2025.CACO03.c1.timex.jpg,c1,1735954200,2025-01-04T01:30:00+00:00,30.0,0.5550903561566082,14.234875444839856,0.0,0.0
1735956000.Sat.Jan.04_02_00_00.GMT.2025.CACO03.c1.timex.jpg,c1,1735956000,2025-01-04T02:00:00+00:00,0.0,0.6399220064960215,14.234875444839856,0.0,0.0
1735957800.Sat.Jan.04_02_30_00.GMT.2025.CACO03.c1.timex.jpg,c1,1735957800,2025-01-04T02:30:00+00:00,30.0,0.6399220064960215,14.234875444839856,0.0,0.0
1735959600.Sat.Jan.04_03_00_00.GMT.2025.CACO03.c1.timex.jpg,c1,1735959600,2025-01-04T03:00:00+00:00,0.0,0.6383020274179302,14.234875444839856,0.0,0.0
1735990200.Sat.Jan.04_11_30_00.GMT.2025.CACO03.c1.timex.jpg,c1,1735990200,2025-01-04T11:30:00+00:00,30.0,0.6142366527952136,16.0,1.5523546006944444,0.2416481468707974
1735992000.Sat.Jan.04_12_00_00.GMT.2025.CACO03.c1.timex.jpg,c1,1735992000,2025-01-04T12:00:00+00:00,0.0,0.670637840181641,16.0,65.95153569240196,4.404637501726514
1735993800.Sat.Jan.04_12_30_00.GMT.2025.CACO03.c1.timex.jpg,c1,1735993800,2025-01-04T12:30:00+00:00,30.0,0.670637840181641,16.0,144.88655918096404,17.016034232724238
1735995600.Sat.Jan.04_13_00_00.GMT.2025.CACO03.c1.timex.jpg,c1,1735995600,2025-01-04T13:00:00+00:00,0.0,0.6384893970957962,16.0,156.7458735447304,20.10932224248749
1735997400.Sat.Jan.04_13_30_00.GMT.2025.CACO03.c1.timex.jpg,c1,1735997400,2025-01-04T13:30:00+00:00,30.0,0.6384893970957962,16.0,139.49861174938727,17.298041091429088
1735999200.Sat.Jan.04_14_00_00.GMT.2025.CACO03.c1.timex.jpg,c1,1735999200,2025-01-04T14:00:00+00:00,0.0,0.6030792510782474,14.234875444839856,160.890238842933,23.739459134781853
1736001000.Sat.Jan.04_14_30_00.GMT.2025.CACO03.c1.timex.jpg,c1,1736001000,2025-01-04T14:30:00+00:00,30.0,0.6030792510782474,14.234875444839856,149.5073912377451,17.65370798210774
1736002800.Sat.Jan.04_15_00_00.GMT.2025.CACO03.c1.timex.jpg,c1,1736002800,2025-01-04T15:00:00+00:00,0.0,0.6128819312166128,14.234875444839856,164.67629187091504,21.777936536868868
1736004600.Sat.Jan.04_15_30_00.GMT.2025.CACO03.c1.timex.jpg,c1,1736004600,2025-01-04T15:30:00+00:00,30.0,0.6128819312166128,14.234875444839856,184.61636731515523,25.852854204980428
1736006400.Sat.Jan.04_16_00_00.GMT.2025.CACO03.c1.timex.jpg,c1,1736006400,2025-01-04T16:00:00+00:00,0.0,0.8243020802160858,16.0,149.76760684742646,19.65922435212305
1736008200.Sat.Jan.04_16_30_00.GMT.2025.CACO03.c1.timex.jpg,c1,1736008200,2025-01-04T16:30:00+00:00,30.0,0.8243020802160858,16.0,142.480184717116,20.08801410375327
1736010000.Sat.Jan.04_17_00_00.GMT.2025.CACO03.c1.timex.jpg,c1,1736010000,2025-01-04T17:00:00+00:00,0.0,0.8910583637886821,14.234875444839856,125.4507506127451,23.02409442247496
1736011800.Sat.Jan.04_17_30_00.GMT.2025.CACO03.c1.timex.jpg,c1,1736011800,2025-01-04T17:30:00+00:00,30.0,0.8910583637886821,14.234875444839856,110.77395769505719,17.31043171800132
1736013600.Sat.Jan.04_18_00_00.GMT.2025.CACO03.c1.timex.jpg,c1,1736013600,2025-01-04T18:00:00+00:00,0.0,1.0424057023028648,14.234875444839856,139.15223843443627,13.849908748437512
1736015400.Sat.Jan.04_18_30_00.GMT.2025.CACO03.c1.timex.jpg,c1,1736015400,2025-01-04T18:30:00+00:00,30.0,1.0424057023028648,14.234875444839856,133.46889680351308,16.271228847440927
1736017200.Sat.Jan.04_19_00_00.GMT.2025.CACO03.c1.timex.jpg,c1,1736017200,2025-01-04T19:00:00+00:00,0.0,0.9632641410694622,14.234875444839856,156.9751168045343,18.740807919068583
1736019000.Sat.Jan.04_19_30_00.GMT.2025.CACO03.c1.timex.jpg,c1,1736019000,2025-01-04T19:30:00+00:00,30.0,0.9632641410694622,14.234875444839856,139.10777930964053,13.853011324881408
1736020800.Sat.Jan.04_20_00_00.GMT.2025.CACO03.c1.timex.jpg,c1,1736020800,2025-01-04T20:00:00+00:00,0.0,1.0510443390204207,6.125574272588055,117.68208741830065,9.838349865799685
1736022600.Sat.Jan.04_20_30_00.GMT.2025.CACO03.c1.timex.jpg,c1,1736022600,2025-01-04T20:30:00+00:00,30.0,1.0510443390204207,6.125574272588055,116.72609655841504,11.350579547853565
1736024400.Sat.Jan.04_21_00_00.GMT.2025.CACO03.c1.timex.jpg,c1,1736024400,2025-01-04T21:00:00+00:00,0.0,1.1133325718407554,14.234875444839856,100.04638033598856,7.314519935723856
1736026200.Sat.Jan.04_21_30_00.GMT.2025.CACO03.c1.timex.jpg,c1,1736026200,2025-01-04T21:30:00+00:00,30.0,1.1133325718407554,14.234875444839856,16.570296543096404,0.8770105254874694
1736028000.Sat.Jan.04_22_00_00.GMT.2025.CACO03.c1.timex.jpg,c1,1736028000,2025-01-04T22:00:00+00:00,0.0,1.2211984766883237,14.234875444839856,0.0,0.0
1736029800.Sat.Jan.04_22_30_00.GMT.2025.CACO03.c1.timex.jpg,c1,1736029800,2025-01-04T22:30:00+00:00,30.0,1.2211984766883237,14.234875444839856,0.0,0.0
1736031600.Sat.Jan.04_23_00_00.GMT.2025.CACO03.c1.timex.jpg,c1,1736031600,2025-01-04T23:00:00+00:00,0.0,1.1041244414507572,14.234875444839856,0.0,0.0
1736033400.Sat.Jan.04_23_30_00.GMT.2025.CACO03.c1.timex.jpg,c1,1736033400,2025-01-04T23:30:00+00:00,30.0,1.1041244414507572,14.234875444839856,1.5956903594771243e-05,0.00010850694444444444
1736035200.Sun.Jan.05_00_00_00.GMT.2025.CACO03.c1.timex.jpg,c1,1736035200,2025-01-05T00:00:00+00:00,0.0,0.9982016248935895,5.847953216374269,0.0,0.0
1736037000.Sun.Jan.05_00_30_00.GMT.2025.CACO03.c1.timex.jpg,c1,1736037000,2025-01-05T00:30:00+00:00,30.0,0.9982016248935895,5.847953216374269,0.0,0.0
1736038800.Sun.Jan.05_01_00_00.GMT.2025.CACO03.c1.timex.jpg,c1,1736038800,2025-01-05T01:00:00+00:00,0.0,1.0992144704180689,14.234875444839856,0.0,0.0
1736040600.Sun.Jan.05_01_30_00.GMT.2025.CACO03.c1.timex.jpg,c1,1736040600,2025-01-05T01:30:00+00:00,30.0,1.0992144704180689,14.234875444839856,0.0,0.0
1736042400.Sun.Jan.05_02_00_00.GMT.2025.CACO03.c1.timex.jpg,c1,1736042400,2025-01-05T02:00:00+00:00,0.0,0.8890327107031891,14.234875444839856,2.2339665032679737e-05,0.0001914828431372549
1736044200.Sun.Jan.05_02_30_00.GMT.2025.CACO03.c1.timex.jpg,c1,1736044200,2025-01-05T02:30:00+00:00,30.0,0.8890327107031891,14.234875444839856,0.0,0.0
1736046000.Sun.Jan.05_03_00_00.GMT.2025.CACO03.c1.timex.jpg,c1,1736046000,2025-01-05T03:00:00+00:00,0.0,0.8630155767046583,14.234875444839856,0.0,0.0
1736076600.Sun.Jan.05_11_30_00.GMT.2025.CACO03.c1.timex.jpg,c1,1736076600,2025-01-05T11:30:00+00:00,30.0,0.733983612093875,14.234875444839856,0.9874482996323529,0.15033955797899984
1736078400.Sun.Jan.05_12_00_00.GMT.2025.CACO03.c1.timex.jpg,c1,1736078400,2025-01-05T12:00:00+00:00,0.0,0.880277947175354,12.82051282051282,49.93737553615196,4.165220583919745
1736080200.Sun.Jan.05_12_30_00.GMT.2025.CACO03.c1.timex.jpg,c1,1736080200,2025-01-05T12:30:00+00:00,30.0,0.880277947175354,12.82051282051282,141.0891033496732,27.356512231672788
1736082000.Sun.Jan.05_13_00_00.GMT.2025.CACO03.c1.timex.jpg,c1,1736082000,2025-01-05T13:00:00+00:00,0.0,0.8024125961663054,14.234875444839856,166.54201452716504,29.15951100508556
1736083800.Sun.Jan.05_13_30_00.GMT.2025.CACO03.c1.timex.jpg,c1,1736083800,2025-01-05T13:30:00+00:00,30.0,0.8024125961663054,14.234875444839856,176.47929751327615,35.63623592313644
1736085600.Sun.Jan.05_14_00_00.GMT.2025.CACO03.c1.timex.jpg,c1,1736085600,2025-01-05T14:00:00+00:00,0.0,0.7520365516938635,12.82051282051282,113.19606885723039,14.056831956250926
1736087400.Sun.Jan.05_14_30_00.GMT.2025.CACO03.c1.timex.jpg,c1,1736087400,2025-01-05T14:30:00+00:00,30.0,0.7520365516938635,12.82051282051282,176.58709277982027,30.05267073575555
1736089200.Sun.Jan.05_15_00_00.GMT.2025.CACO03.c1.timex.jpg,c1,1736089200,2025-01-05T15:00:00+00:00,0.0,0.7097897546061975,12.82051282051282,157.27669270833334,24.11017602261731
1736091000.Sun.Jan.05_15_30_00.GMT.2025.CACO03.c1.timex.jpg,c1,1736091000,2025-01-05T15:30:00+00:00,30.0,0.7097897546061975,12.82051282051282,148.3937876582925,26.5776203785271
1736092800.Sun.Jan.05_16_00_00.GMT.2025.CACO03.c1.timex.jpg,c1,1736092800,2025-01-05T16:00:00+00:00,0.0,0.8446601742752434,12.82051282051282,115.15054381127452,17.342310658686337
1736094600.Sun.Jan.05_16_30_00.GMT.2025.CACO03.c1.timex.jpg,c1,1736094600,2025-01-05T16:30:00+00:00,30.0,0.8446601742752434,12.82051282051282,146.43937972324346,23.321668531981363
1736096400.Sun.Jan.05_17_00_00.GMT.2025.CACO03.c1.timex.jpg,c1,1736096400,2025-01-05T17:00:00+00:00,0.0,0.947736121894833,12.82051282051282,163.26754301981208,27.518714124172845
1736098200.Sun.Jan.05_17_30_00.GMT.2025.CACO03.c1.timex.jpg,c1,1736098200,2025-01-05T17:30:00+00:00,30.0,0.947736121894833,12.82051282051282,165.25073401756535,17.769805689023844
1736100000.Sun.Jan.05_18_00_00.GMT.2025.CACO03.c1.timex.jpg,c1,1736100000,2025-01-05T18:00:00+00:00,0.0,0.971929310167826,12.82051282051282,163.86094835069446,25.916823021823426
1736101800.Sun.Jan.05_18_30_00.GMT.2025.CACO03.c1.timex.jpg,c1,1736101800,2025-01-05T18:30:00+00:00,30.0,0.971929310167826,12.82051282051282,103.45250906352125,10.17486851364775
1736103600.Sun.Jan.05_19_00_00.GMT.2025.CACO03.c1.timex.jpg,c1,1736103600,2025-01-05T19:00:00+00:00,0.0,0.9095667378647376,12.82051282051282,96.626953125,9.915434626839573
1736105400.Sun.Jan.05_19_30_00.GMT.2025.CACO03.c1.timex.jpg,c1,1736105400,2025-01-05T19:30:00+00:00,30.0,0.9095667378647376,12.82051282051282,111.23611111111111,27.39645244799317
1736107200.Sun.Jan.05_20_00_00.GMT.2025.CACO03.c1.timex.jpg,c1,1736107200,2025-01-05T20:00:00+00:00,0.0,0.8549062759553212,12.82051282051282,118.97497000102125,28.909431272469888
1736109000.Sun.Jan.05_20_30_00.GMT.2025.CACO03.c1.timex.jpg,c1,1736109000,2025-01-05T20:30:00+00:00,30.0,0.8549062759553212,12.82051282051282,110.30976817810458,21.332809923429394
1736110800.Sun.Jan.05_21_00_00.GMT.2025.CACO03.c1.timex.jpg,c1,1736110800,2025-01-05T21:00:00+00:00,0.0,0.7650441764570308,4.950495049504951,94.5990030126634,18.94612948853456
1736112600.Sun.Jan.05_21_30_00.GMT.2025.CACO03.c1.timex.jpg,c1,1736112600,2025-01-05T21:30:00+00:00,30.0,0.7650441764570308,4.950495049504951,21.450616574754903,1.5506599383818824
1736114400.Sun.Jan.05_22_00_00.GMT.2025.CACO03.c1.timex.jpg,c1,1736114400,2025-01-05T22:00:00+00:00,0.0,0.8293386295317275,5.594405594405594,8.935866013071895e-05,0.001321231617647059
1736116200.Sun.Jan.05_22_30_00.GMT.2025.CACO03.c1.timex.jpg,c1,1736116200,2025-01-05T22:30:00+00:00,30.0,0.8293386295317275,5.594405594405594,0.0,0.0
1736118000.Sun.Jan.05_23_00_00.GMT.2025.CACO03.c1.timex.jpg,c1,1736118000,2025-01-05T23:00:00+00:00,0.0,1.0638664108204996,5.594405594405594,0.0,0.0
1736119800.Sun.Jan.05_23_30_00.GMT.2025.CACO03.c1.timex.jpg,c1,1736119800,2025-01-05T23:30:00+00:00,30.0,1.0638664108204996,5.594405594405594,0.0,0.0
1736121600.Mon.Jan.06_00_00_00.GMT.2025.CACO03.c1.timex.jpg,c1,1736121600,2025-01-06T00:00:00+00:00,0.0,1.3172906055380489,7.142857142857142,0.0,0.0
1736123400.Mon.Jan.06_00_30_00.GMT.2025.CACO03.c1.timex.jpg,c1,1736123400,2025-01-06T00:30:00+00:00,30.0,1.3172906055380489,7.142857142857142,0.0,0.0
1736125200.Mon.Jan.06_01_00_00.GMT.2025.CACO03.c1.timex.jpg,c1,1736125200,2025-01-06T01:00:00+00:00,0.0,1.575153873565501,6.768189509306261,0.0,0.0
1736127000.Mon.Jan.06_01_30_00.GMT.2025.CACO03.c1.timex.jpg,c1,1736127000,2025-01-06T01:30:00+00:00,30.0,1.575153873565501,6.768189509306261,0.0,0.0
1736128800.Mon.Jan.06_02_00_00.GMT.2025.CACO03.c1.timex.jpg,c1,1736128800,2025-01-06T02:00:00+00:00,0.0,1.6842152091704647,7.561436672967865,0.0,0.0
1736130600.Mon.Jan.06_02_30_00.GMT.2025.CACO03.c1.timex.jpg,c1,1736130600,2025-01-06T02:30:00+00:00,30.0,1.6842152091704647,7.561436672967865,0.0,0.0
1736132400.Mon.Jan.06_03_00_00.GMT.2025.CACO03.c1.timex.jpg,c1,1736132400,2025-01-06T03:00:00+00:00,0.0,1.901836494740804,8.032128514056225,0.0,0.0
1736163000.Mon.Jan.06_11_30_00.GMT.2025.CACO03.c1.timex.jpg,c1,1736163000,2025-01-06T11:30:00+00:00,30.0,1.2280296750628774,6.125574272588055,1.0485153696895424,0.31320529341763903
1736164800.Mon.Jan.06_12_00_00.GMT.2025.CACO03.c1.timex.jpg,c1,1736164800,2025-01-06T12:00:00+00:00,0.0,1.01606402062324,6.125574272588055,36.8292866625817,4.956048304697822
1736166600.Mon.Jan.06_12_30_00.GMT.2025.CACO03.c1.timex.jpg,c1,1736166600,2025-01-06T12:30:00+00:00,30.0,1.01606402062324,6.125574272588055,133.89583652471404,11.739359861355405
1736168400.Mon.Jan.06_13_00_00.GMT.2025.CACO03.c1.timex.jpg,c1,1736168400,2025-01-06T13:00:00+00:00,0.0,0.8101814202575665,6.125574272588055,121.90224481719771,14.715248929863018
1736170200.Mon.Jan.06_13_30_00.GMT.2025.CACO03.c1.timex.jpg,c1,1736170200,2025-01-06T13:30:00+00:00,30.0,0.8101814202575665,6.125574272588055,118.95733123978758,13.810683992082271
1736172000.Mon.Jan.06_14_00_00.GMT.2025.CACO03.c1.timex.jpg,c1,1736172000,2025-01-06T14:00:00+00:00,0.0,0.7910256699211027,5.594405594405594,143.055561938317,26.155030869099328
1736173800.Mon.Jan.06_14_30_00.GMT.2025.CACO03.c1.timex.jpg,c1,1736173800,2025-01-06T14:30:00+00:00,30.0,0.7910256699211027,5.594405594405594,143.22952729268792,22.264482383853505
1736175600.Mon.Jan.06_15_00_00.GMT.2025.CACO03.c1.timex.jpg,c1,1736175600,2025-01-06T15:00:00+00:00,0.0,0.7975997599777421,5.847953216374269,146.26590265012254,29.098198774292875
1736177400.Mon.Jan.06_15_30_00.GMT.2025.CACO03.c1.timex.jpg,c1,1736177400,2025-01-06T15:30:00+00:00,30.0,0.7975997599777421,5.847953216374269,114.30070465686275,13.200351676212083
1736179200.Mon.Jan.06_16_00_00.GMT.2025.CACO03.c1.timex.jpg,c1,1736179200,2025-01-06T16:00:00+00:00,0.0,0.7640725822446086,5.847953216374269,141.02716822406046,22.819699644741966
1736181000.Mon.Jan.06_16_30_00.GMT.2025.CACO03.c1.timex.jpg,c1,1736181000,2025-01-06T16:30:00+00:00,30.0,0.7640725822446086,5.847953216374269,121.60754633884804,9.706335528351435
1736182800.Mon.Jan.06_17_00_00.GMT.2025.CACO03.c1.timex.jpg,c1,1736182800,2025-01-06T17:00:00+00:00,0.0,0.6928261037030463,5.594405594405594,129.2914528441585,20.53110957431887
1736184600.Mon.Jan.06_17_30_00.GMT.2025.CACO03.c1.timex.jpg,c1,1736184600,2025-01-06T17:30:00+00:00,30.0,0.6928261037030463,5.594405594405594,121.93815423304738,13.775055489600597
1736186400.Mon.Jan.06_18_00_00.GMT.2025.CACO03.c1.timex.jpg,c1,1736186400,2025-01-06T18:00:00+00:00,0.0,0.5843547652393304,5.361930294906166,135.36675985498366,25.700070842286394
1736188200.Mon.Jan.06_18_30_00.GMT.2025.CACO03.c1.timex.jpg,c1,1736188200,2025-01-06T18:30:00+00:00,30.0,0.5843547652393304,5.361930294906166,120.02115566278594,14.128433925612855
1736190000.Mon.Jan.06_19_00_00.GMT.2025.CACO03.c1.timex.jpg,c1,1736190000,2025-01-06T19:00:00+00:00,0.0,0.5347564292377827,5.361930294906166,138.19730073018792,26.408927549591304
1736191800.Mon.Jan.06_19_30_00.GMT.2025.CACO03.c1.timex.jpg,c1,1736191800,2025-01-06T19:30:00+00:00,30.0,0.5347564292377827,5.361930294906166,109.16276999080883,18.2186510586322
1736193600.Mon.Jan.06_20_00_00.GMT.2025.CACO03.c1.timex.jpg,c1,1736193600,2025-01-06T20:00:00+00:00,0.0,0.5110392838285421,5.361930294906166,131.4653639450572,27.432607610414397
1736195400.Mon.Jan.06_20_30_00.GMT.2025.CACO03.c1.timex.jpg,c1,1736195400,2025-01-06T20:30:00+00:00,30.0,0.5110392838285421,5.361930294906166,135.544921875,28.077531394019847
1736197200.Mon.Jan.06_21_00_00.GMT.2025.CACO03.c1.timex.jpg,c1,1736197200,2025-01-06T21:00:00+00:00,0.0,0.4619484100282072,6.125574272588055,87.17464511846406,14.006535947549459
1736199000.Mon.Jan.06_21_30_00.GMT.2025.CACO03.c1.timex.jpg,c1,1736199000,2025-01-06T21:30:00+00:00,30.0,0.4619484100282072,6.125574272588055,21.972541360294116,1.7286528531385412
1736200800.Mon.Jan.06_22_00_00.GMT.2025.CACO03.c1.timex.jpg,c1,1736200800,2025-01-06T22:00:00+00:00,0.0,0.4218680987941536,5.594405594405594,0.0007499744689542484,0.014849493660316317
1736202600.Mon.Jan.06_22_30_00.GMT.2025.CACO03.c1.timex.jpg,c1,1736202600,2025-01-06T22:30:00+00:00,30.0,0.4218680987941536,5.594405594405594,3.1913807189542485e-06,6.382761437908497e-05
1736204400.Mon.Jan.06_23_00_00.GMT.2025.CACO03.c1.timex.jpg,c1,1736204400,2025-01-06T23:00:00+00:00,0.0,0.5684152456337173,4.597701149425287,3.1913807189542485e-06,6.382761437908497e-05
1736206200.Mon.Jan.06_23_30_00.GMT.2025.CACO03.c1.timex.jpg,c1,1736206200,2025-01-06T23:30:00+00:00,30.0,0.5684152456337173,4.597701149425287,6.382761437908497e-06,0.00012765522875816994
1736208000.Tue.Jan.07_00_00_00.GMT.2025.CACO03.c1.timex.jpg,c1,1736208000,2025-01-07T00:00:00+00:00,0.0,0.4669240205767046,5.594405594405594,3.1913807189542485e-06,6.382761437908497e-05
1736209800.Tue.Jan.07_00_30_00.GMT.2025.CACO03.c1.timex.jpg,c1,1736209800,2025-01-07T00:30:00+00:00,30.0,0.4669240205767046,5.594405594405594,6.382761437908497e-06,0.00012765522875816994
1736211600.Tue.Jan.07_01_00_00.GMT.2025.CACO03.c1.timex.jpg,c1,1736211600,2025-01-07T01:00:00+00:00,0.0,0.389779793341897,5.361930294906166,3.1913807189542485e-06,6.382761437908497e-05
1736213400.Tue.Jan.07_01_30_00.GMT.2025.CACO03.c1.timex.jpg,c1,1736213400,2025-01-07T01:30:00+00:00,30.0,0.389779793341897,5.361930294906166,3.1913807189542485e-06,6.382761437908497e-05
1736215200.Tue.Jan.07_02_00_00.GMT.2025.CACO03.c1.timex.jpg,c1,1736215200,2025-01-07T02:00:00+00:00,0.0,0.4136420027616795,5.361930294906166,3.1913807189542485e-06,6.382761437908497e-05
1736217000.Tue.Jan.07_02_30_00.GMT.2025.CACO03.c1.timex.jpg,c1,1736217000,2025-01-07T02:30:00+00:00,30.0,0.4136420027616795,5.361930294906166,3.1913807189542485e-06,6.382761437908497e-05
1736218800.Tue.Jan.07_03_00_00.GMT.2025.CACO03.c1.timex.jpg,c1,1736218800,2025-01-07T03:00:00+00:00,0.0,0.3405794793442763,5.148005148005149,3.1913807189542485e-06,6.382761437908497e-05
1736249400.Tue.Jan.07_11_30_00.GMT.2025.CACO03.c1.timex.jpg,c1,1736249400,2025-01-07T11:30:00+00:00,30.0,1.2657441873975337,6.125574272588055,0.46127259497549017,0.22008080550518117
1736251200.Tue.Jan.07_12_00_00.GMT.2025.CACO03.c1.timex.jpg,c1,1736251200,2025-01-07T12:00:00+00:00,0.0,1.3218142894979663,5.847953216374269,29.637663398692812,1.297762201232532
1736253000.Tue.Jan.07_12_30_00.GMT.2025.CACO03.c1.timex.jpg,c1,1736253000,2025-01-07T12:30:00+00:00,30.0,1.3218142894979663,5.847953216374269,146.47539445465685,5.428701309082453
1736254800.Tue.Jan.07_13_00_00.GMT.2025.CACO03.c1.timex.jpg,c1,1736254800,2025-01-07T13:00:00+00:00,0.0,1.258596733344968,6.430868167202571,120.96849468954248,3.7415203158097365
1736256600.Tue.Jan.07_13_30_00.GMT.2025.CACO03.c1.timex.jpg,c1,1736256600,2025-01-07T13:30:00+00:00,30.0,1.258596733344968,6.430868167202571,127.91458269505719,4.149567248407853
1736258400.Tue.Jan.07_14_00_00.GMT.2025.CACO03.c1.timex.jpg,c1,1736258400,2025-01-07T14:00:00+00:00,0.0,1.2832162063491586,6.125574272588055,129.23039215686273,4.972001992498643
1736260200.Tue.Jan.07_14_30_00.GMT.2025.CACO03.c1.timex.jpg,c1,1736260200,2025-01-07T14:30:00+00:00,30.0,1.2832162063491586,6.125574272588055,149.66308274611927,6.416341140903837
1736262000.Tue.Jan.07_15_00_00.GMT.2025.CACO03.c1.timex.jpg,c1,1736262000,2025-01-07T15:00:00+00:00,0.0,1.391984856555319,6.430868167202571,142.15747229881535,5.520268425855304
1736263800.Tue.Jan.07_15_30_00.GMT.2025.CACO03.c1.timex.jpg,c1,1736263800,2025-01-07T15:30:00+00:00,30.0,1.391984856555319,6.430868167202571,125.48061555351308,4.154261747313623
1736265600.Tue.Jan.07_16_00_00.GMT.2025.CACO03.c1.timex.jpg,c1,1736265600,2025-01-07T16:00:00+00:00,0.0,1.3343138748889856,6.768189509306261,136.28616791768792,4.914021005685084
1736267400.Tue.Jan.07_16_30_00.GMT.2025.CACO03.c1.timex.jpg,c1,1736267400,2025-01-07T16:30:00+00:00,30.0,1.3343138748889856,6.768189509306261,145.4682298049428,9.392578056516657
1736269200.Tue.Jan.07_17_00_00.GMT.2025.CACO03.c1.timex.jpg,c1,1736269200,2025-01-07T17:00:00+00:00,0.0,1.342808322470445,6.768189509306261,121.59261386846406,4.13015087377338
1736271000.Tue.Jan.07_17_30_00.GMT.2025.CACO03.c1.timex.jpg,c1,1736271000,2025-01-07T17:30:00+00:00,30.0,1.342808322470445,6.768189509306261,123.32393152573529,5.263486602793307
1736272800.Tue.Jan.07_18_00_00.GMT.2025.CACO03.c1.timex.jpg,c1,1736272800,2025-01-07T18:00:00+00:00,0.0,1.3400395349655545,6.768189509306261,138.44166475183823,4.397936452972502
1736274600.Tue.Jan.07_18_30_00.GMT.2025.CACO03.c1.timex.jpg,c1,1736274600,2025-01-07T18:30:00+00:00,30.0,1.3400395349655545,6.768189509306261,132.26198044321896,5.603770909995239
1736276400.Tue.Jan.07_19_00_00.GMT.2025.CACO03.c1.timex.jpg,c1,1736276400,2025-01-07T19:00:00+00:00,0.0,1.393981166764861,7.142857142857142,117.95653339460785,4.592460652490343
1736278200.Tue.Jan.07_19_30_00.GMT.2025.CACO03.c1.timex.jpg,c1,1736278200,2025-01-07T19:30:00+00:00,30.0,1.393981166764861,7.142857142857142,118.96537351919935,4.620011871111297
1736280000.Tue.Jan.07_20_00_00.GMT.2025.CACO03.c1.timex.jpg,c1,1736280000,2025-01-07T20:00:00+00:00,0.0,1.3678907908775195,6.768189509306261,105.60274331086602,3.5922660078740227
1736281800.Tue.Jan.07_20_30_00.GMT.2025.CACO03.c1.timex.jpg,c1,1736281800,2025-01-07T20:30:00+00:00,30.0,1.3678907908775195,6.768189509306261,114.3729128370098,4.804064476279702
1736283600.Tue.Jan.07_21_00_00.GMT.2025.CACO03.c1.timex.jpg,c1,1736283600,2025-01-07T21:00:00+00:00,0.0,1.3058582370396783,5.594405594405594,126.04862068525327,15.77404699936045
1736285400.Tue.Jan.07_21_30_00.GMT.2025.CACO03.c1.timex.jpg,c1,1736285400,2025-01-07T21:30:00+00:00,30.0,1.3058582370396783,5.594405594405594,20.548872804330067,1.3036532187136953
1736287200.Tue.Jan.07_22_00_00.GMT.2025.CACO03.c1.timex.jpg,c1,1736287200,2025-01-07T22:00:00+00:00,0.0,1.3810091182386015,6.768189509306261,0.022524765114379085,0.2500382964056691
1736289000.Tue.Jan.07_22_30_00.GMT.2025.CACO03.c1.timex.jpg,c1,1736289000,2025-01-07T22:30:00+00:00,30.0,1.3810091182386015,6.768189509306261,0.0,0.0
1736290800.Tue.Jan.07_23_00_00.GMT.2025.CACO03.c1.timex.jpg,c1,1736290800,2025-01-07T23:00:00+00:00,0.0,1.3402702329160463,7.142857142857142,0.0,0.0
1736292600.Tue.Jan.07_23_30_00.GMT.2025.CACO03.c1.timex.jpg,c1,1736292600,2025-01-07T23:30:00+00:00,30.0,1.3402702329160463,7.142857142857142,0.0,0.0
1736294400.Wed.Jan.08_00_00_00.GMT.2025.CACO03.c1.timex.jpg,c1,1736294400,2025-01-08T00:00:00+00:00,0.0,1.4933508643983118,7.142857142857142,0.0,0.0
1736296200.Wed.Jan.08_00_30_00.GMT.2025.CACO03.c1.timex.jpg,c1,1736296200,2025-01-08T00:30:00+00:00,30.0,1.4933508643983118,7.142857142857142,0.0,0.0
1736298000.Wed.Jan.08_01_00_00.GMT.2025.CACO03.c1.timex.jpg,c1,1736298000,2025-01-08T01:00:00+00:00,0.0,1.4847171689556968,7.142857142857142,0.0,0.0
1736299800.Wed.Jan.08_01_30_00.GMT.2025.CACO03.c1.timex.jpg,c1,1736299800,2025-01-08T01:30:00+00:00,30.0,1.4847171689556968,7.142857142857142,0.0,0.0
1736301600.Wed.Jan.08_02_00_00.GMT.2025.CACO03.c1.timex.jpg,c1,1736301600,2025-01-08T02:00:00+00:00,0.0,1.5543705861759347,8.565310492505352,0.0,0.0
1736303400.Wed.Jan.08_02_30_00.GMT.2025.CACO03.c1.timex.jpg,c1,1736303400,2025-01-08T02:30:00+00:00,30.0,1.5543705861759347,8.565310492505352,0.0,0.0
1736305200.Wed.Jan.08_03_00_00.GMT.2025.CACO03.c1.timex.jpg,c1,1736305200,2025-01-08T03:00:00+00:00,0.0,1.4378408064158226,7.142857142857142,0.0,0.0
1736335800.Wed.Jan.08_11_30_00.GMT.2025.CACO03.c1.timex.jpg,c1,1736335800,2025-01-08T11:30:00+00:00,30.0,1.2456004506794258,6.430868167202571,1.6112994025735294,0.1962443699702903
1736337600.Wed.Jan.08_12_00_00.GMT.2025.CACO03.c1.timex.jpg,c1,1736337600,2025-01-08T12:00:00+00:00,0.0,1.1836029753999082,6.430868167202571,69.82508042279412,4.834598762557509
1736339400.Wed.Jan.08_12_30_00.GMT.2025.CACO03.c1.timex.jpg,c1,1736339400,2025-01-08T12:30:00+00:00,30.0,1.1836029753999082,6.430868167202571,192.00281798917484,36.96636534619196
1736341200.Wed.Jan.08_13_00_00.GMT.2025.CACO03.c1.timex.jpg,c1,1736341200,2025-01-08T13:00:00+00:00,0.0,1.1954538771540135,6.768189509306261,164.10937819138073,86.7420348869221
1736343000.Wed.Jan.08_13_30_00.GMT.2025.CACO03.c1.timex.jpg,c1,1736343000,2025-01-08T13:30:00+00:00,30.0,1.1954538771540135,6.768189509306261,132.5490610957925,77.71095692951008
1736344800.Wed.Jan.08_14_00_00.GMT.2025.CACO03.c1.timex.jpg,c1,1736344800,2025-01-08T14:00:00+00:00,0.0,1.09706322517913,6.768189509306261,140.84181921466504,88.51391872187804
1736346600.Wed.Jan.08_14_30_00.GMT.2025.CACO03.c1.timex.jpg,c1,1736346600,2025-01-08T14:30:00+00:00,30.0,1.09706322517913,6.768189509306261,121.42954388786765,53.39227382796269
1736348400.Wed.Jan.08_15_00_00.GMT.2025.CACO03.c1.timex.jpg,c1,1736348400,2025-01-08T15:00:00+00:00,0.0,1.1189952748881011,6.430868167202571,122.89370468239379,52.656955191242616
1736350200.Wed.Jan.08_15_30_00.GMT.2025.CACO03.c1.timex.jpg,c1,1736350200,2025-01-08T15:30:00+00:00,30.0,1.1189952748881011,6.430868167202571,131.71343315972223,67.18778705605071
1736352000.Wed.Jan.08_16_00_00.GMT.2025.CACO03.c1.timex.jpg,c1,1736352000,2025-01-08T16:00:00+00:00,0.0,1.2084196054868968,6.768189509306261,124.45776207618464,50.73699498887481
1736353800.Wed.Jan.08_16_30_00.GMT.2025.CACO03.c1.timex.jpg,c1,1736353800,2025-01-08T16:30:00+00:00,30.0,1.2084196054868968,6.768189509306261,121.31235319648692,51.68155753466365
1736355600.Wed.Jan.08_17_00_00.GMT.2025.CACO03.c1.timex.jpg,c1,1736355600,2025-01-08T17:00:00+00:00,0.0,1.220373309753674,7.142857142857142,132.4213548049428,57.482817602135185
1736357400.Wed.Jan.08_17_30_00.GMT.2025.CACO03.c1.timex.jpg,c1,1736357400,2025-01-08T17:30:00+00:00,30.0,1.220373309753674,7.142857142857142,179.08259612438727,59.922806615877136
1736359200.Wed.Jan.08_18_00_00.GMT.2025.CACO03.c1.timex.jpg,c1,1736359200,2025-01-08T18:00:00+00:00,0.0,1.2294949036853302,7.561436672967865,158.43438202103758,51.02844863255899
1736361000.Wed.Jan.08_18_30_00.GMT.2025.CACO03.c1.timex.jpg,c1,1736361000,2025-01-08T18:30:00+00:00,30.0,1.2294949036853302,7.561436672967865,142.0217205371732,17.42594365426052
1736362800.Wed.Jan.08_19_00_00.GMT.2025.CACO03.c1.timex.jpg,c1,1736362800,2025-01-08T19:00:00+00:00,0.0,1.2455173610923465,7.142857142857142,130.58010684742646,13.13666361018591
1736364600.Wed.Jan.08_19_30_00.GMT.2025.CACO03.c1.timex.jpg,c1,1736364600,2025-01-08T19:30:00+00:00,30.0,1.2455173610923465,7.142857142857142,111.57789841196896,12.006192144230718
1736366400.Wed.Jan.08_20_00_00.GMT.2025.CACO03.c1.timex.jpg,c1,1736366400,2025-01-08T20:00:00+00:00,0.0,1.217440899388887,6.125574272588055,108.79422615400327,10.967194224540567
1736368200.Wed.Jan.08_20_30_00.GMT.2025.CACO03.c1.timex.jpg,c1,1736368200,2025-01-08T20:30:00+00:00,30.0,1.217440899388887,6.125574272588055,103.14350681678921,11.425974294638113
1736370000.Wed.Jan.08_21_00_00.GMT.2025.CACO03.c1.timex.jpg,c1,1736370000,2025-01-08T21:00:00+00:00,0.0,1.2989298313871274,7.142857142857142,99.57168798508987,9.72366443215678
1736371800.Wed.Jan.08_21_30_00.GMT.2025.CACO03.c1.timex.jpg,c1,1736371800,2025-01-08T21:30:00+00:00,30.0,1.2989298313871274,7.142857142857142,32.010521982230394,1.68114149327555
1736373600.Wed.Jan.08_22_00_00.GMT.2025.CACO03.c1.timex.jpg,c1,1736373600,2025-01-08T22:00:00+00:00,0.0,1.2516488982910554,6.768189509306261,0.16287211499183007,0.23089320362543628
1736375400.Wed.Jan.08_22_30_00.GMT.2025.CACO03.c1.timex.jpg,c1,1736375400,2025-01-08T22:30:00+00:00,30.0,1.2516488982910554,6.768189509306261,0.0,0.0
1736377200.Wed.Jan.08_23_00_00.GMT.2025.CACO03.c1.timex.jpg,c1,1736377200,2025-01-08T23:00:00+00:00,0.0,1.0925004624337098,7.142857142857142,0.0,0.0
1736379000.Wed.Jan.08_23_30_00.GMT.2025.CACO03.c1.timex.jpg,c1,1736379000,2025-01-08T23:30:00+00:00,30.0,1.0925004624337098,7.142857142857142,0.0,0.0
1736380800.Thu.Jan.09_00_00_00.GMT.2025.CACO03.c1.timex.jpg,c1,1736380800,2025-01-09T00:00:00+00:00,0.0,1.0292309253666403,6.768189509306261,0.0,0.0
1736382600.Thu.Jan.09_00_30_00.GMT.2025.CACO03.c1.timex.jpg,c1,1736382600,2025-01-09T00:30:00+00:00,30.0,1.0292309253666403,6.768189509306261,0.0,0.0
1736384400.Thu.Jan.09_01_00_00.GMT.2025.CACO03.c1.timex.jpg,c1,1736384400,2025-01-09T01:00:00+00:00,0.0,1.0179673295354057,7.142857142857142,0.0,0.0
1736386200.Thu.Jan.09_01_30_00.GMT.2025.CACO03.c1.timex.jpg,c1,1736386200,2025-01-09T01:30:00+00:00,30.0,1.0179673295354057,7.142857142857142,0.0,0.0
1736388000.Thu.Jan.09_02_00_00.GMT.2025.CACO03.c1.timex.jpg,c1,1736388000,2025-01-09T02:00:00+00:00,0.0,1.2094241311839826,6.768189509306261,0.0,0.0
1736389800.Thu.Jan.09_02_30_00.GMT.2025.CACO03.c1.timex.jpg,c1,1736389800,2025-01-09T02:30:00+00:00,30.0,1.2094241311839826,6.768189509306261,0.0,0.0
1736391600.Thu.Jan.09_03_00_00.GMT.2025.CACO03.c1.timex.jpg,c1,1736391600,2025-01-09T03:00:00+00:00,0.0,1.3445387169418297,7.142857142857142,0.0,0.0
1736422200.Thu.Jan.09_11_30_00.GMT.2025.CACO03.c1.timex.jpg,c1,1736422200,2025-01-09T11:30:00+00:00,30.0,1.3785598879627363,6.768189509306261,1.0703284569035947,0.17957899240372122
1736424000.Thu.Jan.09_12_00_00.GMT.2025.CACO03.c1.timex.jpg,c1,1736424000,2025-01-09T12:00:00+00:00,0.0,1.265911013501678,6.768189509306261,47.0137229370915,2.5741974465885415
1736425800.Thu.Jan.09_12_30_00.GMT.2025.CACO03.c1.timex.jpg,c1,1736425800,2025-01-09T12:30:00+00:00,30.0,1.265911013501678,6.768189509306261,162.9096488204657,18.399388355448803
1736427600.Thu.Jan.09_13_00_00.GMT.2025.CACO03.c1.timex.jpg,c1,1736427600,2025-01-09T13:00:00+00:00,0.0,1.2834359032053864,6.430868167202571,143.01051240808823,17.752636330126396
1736429400.Thu.Jan.09_13_30_00.GMT.2025.CACO03.c1.timex.jpg,c1,1736429400,2025-01-09T13:30:00+00:00,30.0,1.2834359032053864,6.430868167202571,141.850483813317,20.546803454952723
1736431200.Thu.Jan.09_14_00_00.GMT.2025.CACO03.c1.timex.jpg,c1,1736431200,2025-01-09T14:00:00+00:00,0.0,1.2439936778662448,4.291845493562232,150.9289981617647,67.71854565776985
1736433000.Thu.Jan.09_14_30_00.GMT.2025.CACO03.c1.timex.jpg,c1,1736433000,2025-01-09T14:30:00+00:00,30.0,1.2439936778662448,4.291845493562232,159.506449780433,99.0991089324775
1736434800.Thu.Jan.09_15_00_00.GMT.2025.CACO03.c1.timex.jpg,c1,1736434800,2025-01-09T15:00:00+00:00,0.0,1.373898892103978,6.430868167202571,140.26705154718138,70.79504077665432
1736436600.Thu.Jan.09_15_30_00.GMT.2025.CACO03.c1.timex.jpg,c1,1736436600,2025-01-09T15:30:00+00:00,30.0,1.373898892103978,6.430868167202571,135.46407462724673,36.970042817997665
1736438400.Thu.Jan.09_16_00_00.GMT.2025.CACO03.c1.timex.jpg,c1,1736438400,2025-01-09T16:00:00+00:00,0.0,1.2840413841490896,7.142857142857142,119.84790836907679,21.707607268462134
1736440200.Thu.Jan.09_16_30_00.GMT.2025.CACO03.c1.timex.jpg,c1,1736440200,2025-01-09T16:30:00+00:00,30.0,1.2840413841490896,7.142857142857142,151.97695823120915,36.25676440715973
1736442000.Thu.Jan.09_17_00_00.GMT.2025.CACO03.c1.timex.jpg,c1,1736442000,2025-01-09T17:00:00+00:00,0.0,1.4678268239119432,6.430868167202571,132.5676030177696,29.407470954885813
1736443800.Thu.Jan.09_17_30_00.GMT.2025.CACO03.c1.timex.jpg,c1,1736443800,2025-01-09T17:30:00+00:00,30.0,1.4678268239119432,6.430868167202571,141.9935821333742,27.990393649885537
1736445600.Thu.Jan.09_18_00_00.GMT.2025.CACO03.c1.timex.jpg,c1,1736445600,2025-01-09T18:00:00+00:00,0.0,1.5594097833171687,7.142857142857142,129.88721660539215,22.75286057846952
1736447400.Thu.Jan.09_18_30_00.GMT.2025.CACO03.c1.timex.jpg,c1,1736447400,2025-01-09T18:30:00+00:00,30.0,1.5594097833171687,7.142857142857142,117.87350962520425,11.578633115263994
1736449200.Thu.Jan.09_19_00_00.GMT.2025.CACO03.c1.timex.jpg,c1,1736449200,2025-01-09T19:00:00+00:00,0.0,1.6929473736802314,7.142857142857142,145.64710031147877,20.974308391806765
1736451000.Thu.Jan.09_19_30_00.GMT.2025.CACO03.c1.timex.jpg,c1,1736451000,2025-01-09T19:30:00+00:00,30.0,1.6929473736802314,7.142857142857142,111.58081214256536,8.771291796423409
1736452800.Thu.Jan.09_20_00_00.GMT.2025.CACO03.c1.timex.jpg,c1,1736452800,2025-01-09T20:00:00+00:00,0.0,1.5673529770332513,6.768189509306261,112.57372089460785,8.606654793791755
1736454600.Thu.Jan.09_20_30_00.GMT.2025.CACO03.c1.timex.jpg,c1,1736454600,2025-01-09T20:30:00+00:00,30.0,1.5673529770332513,6.768189509306261,101.36077601613562,9.573373407569791
1736456400.Thu.Jan.09_21_00_00.GMT.2025.CACO03.c1.timex.jpg,c1,1736456400,2025-01-09T21:00:00+00:00,0.0,1.6664513987840377,7.142857142857142,92.44893790849673,6.842370344759475
1736458200.Thu.Jan.09_21_30_00.GMT.2025.CACO03.c1.timex.jpg,c1,1736458200,2025-01-09T21:30:00+00:00,30.0,1.6664513987840377,7.142857142857142,39.093912760416664,2.174025591315328
1736460000.Thu.Jan.09_22_00_00.GMT.2025.CACO03.c1.timex.jpg,c1,1736460000,2025-01-09T22:00:00+00:00,0.0,1.8196051445706265,7.561436672967865,0.5627521190767973,1.2386482476913114
1736461800.Thu.Jan.09_22_30_00.GMT.2025.CACO03.c1.timex.jpg,c1,1736461800,2025-01-09T22:30:00+00:00,30.0,1.8196051445706265,7.561436672967865,0.0,0.0
1736463600.Thu.Jan.09_23_00_00.GMT.2025.CACO03.c1.timex.jpg,c1,1736463600,2025-01-09T23:00:00+00:00,0.0,1.737512237226561,7.561436672967865,0.0,0.0
1736465400.Thu.Jan.09_23_30_00.GMT.2025.CACO03.c1.timex.jpg,c1,1736465400,2025-01-09T23:30:00+00:00,30.0,1.737512237226561,7.561436672967865,0.0,0.0
1736467200.Fri.Jan.10_00_00_00.GMT.2025.CACO03.c1.timex.jpg,c1,1736467200,2025-01-10T00:00:00+00:00,0.0,1.809231450835064,7.561436672967865,0.0,0.0
1736469000.Fri.Jan.10_00_30_00.GMT.2025.CACO03.c1.timex.jpg,c1,1736469000,2025-01-10T00:30:00+00:00,30.0,1.809231450835064,7.561436672967865,0.0,0.0
1736470800.Fri.Jan.10_01_00_00.GMT.2025.CACO03.c1.timex.jpg,c1,1736470800,2025-01-10T01:00:00+00:00,0.0,2.0094574963592,7.561436672967865,0.0,0.0
1736472600.Fri.Jan.10_01_30_00.GMT.2025.CACO03.c1.timex.jpg,c1,1736472600,2025-01-10T01:30:00+00:00,30.0,2.0094574963592,7.561436672967865,0.0,0.0
1736474400.Fri.Jan.10_02_00_00.GMT.2025.CACO03.c1.timex.jpg,c1,1736474400,2025-01-10T02:00:00+00:00,0.0,1.6915174389498129,7.561436672967865,0.0,0.0
1736476200.Fri.Jan.10_02_30_00.GMT.2025.CACO03.c1.timex.jpg,c1,1736476200,2025-01-10T02:30:00+00:00,30.0,1.6915174389498129,7.561436672967865,0.0,0.0
1736478000.Fri.Jan.10_03_00_00.GMT.2025.CACO03.c1.timex.jpg,c1,1736478000,2025-01-10T03:00:00+00:00,0.0,1.893068970518874,7.561436672967865,0.0,0.0
1736508600.Fri.Jan.10_11_30_00.GMT.2025.CACO03.c1.timex.jpg,c1,1736508600,2025-01-10T11:30:00+00:00,30.0,1.9278803476804305,7.561436672967865,3.1527969260620914,0.33590542958962044
1736510400.Fri.Jan.10_12_00_00.GMT.2025.CACO03.c1.timex.jpg,c1,1736510400,2025-01-10T12:00:00+00:00,0.0,1.8919215970463523,7.142857142857142,118.91814427593954,10.450003861179164
1736512200.Fri.Jan.10_12_30_00.GMT.2025.CACO03.c1.timex.jpg,c1,1736512200,2025-01-10T12:30:00+00:00,30.0,1.8919215970463523,7.142857142857142,118.75229460273692,75.79928612133598
1736514000.Fri.Jan.10_13_00_00.GMT.2025.CACO03.c1.timex.jpg,c1,1736514000,2025-01-10T13:00:00+00:00,0.0,1.590880358223346,7.142857142857142,116.06624668096406,91.0290251372997
1736515800.Fri.Jan.10_13_30_00.GMT.2025.CACO03.c1.timex.jpg,c1,1736515800,2025-01-10T13:30:00+00:00,30.0,1.590880358223346,7.142857142857142,117.04971213745915,89.49027471017023
1736517600.Fri.Jan.10_14_00_00.GMT.2025.CACO03.c1.timex.jpg,c1,1736517600,2025-01-10T14:00:00+00:00,0.0,1.6853945745418162,7.142857142857142,119.49509484783496,87.23570595433728
1736519400.Fri.Jan.10_14_30_00.GMT.2025.CACO03.c1.timex.jpg,c1,1736519400,2025-01-10T14:30:00+00:00,30.0,1.6853945745418162,7.142857142857142,125.92896943933823,94.70710276639714
1736521200.Fri.Jan.10_15_00_00.GMT.2025.CACO03.c1.timex.jpg,c1,1736521200,2025-01-10T15:00:00+00:00,0.0,1.6899172651526908,7.561436672967865,124.54895258884804,89.56815553214622
1736523000.Fri.Jan.10_15_30_00.GMT.2025.CACO03.c1.timex.jpg,c1,1736523000,2025-01-10T15:30:00+00:00,30.0,1.6899172651526908,7.561436672967865,118.53518816380719,78.9532742904137
1736524800.Fri.Jan.10_16_00_00.GMT.2025.CACO03.c1.timex.jpg,c1,1736524800,2025-01-10T16:00:00+00:00,0.0,1.5143897186450284,6.768189509306261,127.2447469873366,84.91684833067517
1736526600.Fri.Jan.10_16_30_00.GMT.2025.CACO03.c1.timex.jpg,c1,1736526600,2025-01-10T16:30:00+00:00,30.0,1.5143897186450284,6.768189509306261,124.75754761540033,77.29377613386822
1736528400.Fri.Jan.10_17_00_00.GMT.2025.CACO03.c1.timex.jpg,c1,1736528400,2025-01-10T17:00:00+00:00,0.0,1.6425065589154366,7.561436672967865,126.001953125,73.87071031788555
1736530200.Fri.Jan.10_17_30_00.GMT.2025.CACO03.c1.timex.jpg,c1,1736530200,2025-01-10T17:30:00+00:00,30.0,1.6425065589154366,7.561436672967865,123.65373519199346,69.98776292635907
1736532000.Fri.Jan.10_18_00_00.GMT.2025.CACO03.c1.timex.jpg,c1,1736532000,2025-01-10T18:00:00+00:00,0.0,1.2380194997755296,6.768189509306261,124.63370927798202,67.50211943905431
1736533800.Fri.Jan.10_18_30_00.GMT.2025.CACO03.c1.timex.jpg,c1,1736533800,2025-01-10T18:30:00+00:00,30.0,1.2380194997755296,6.768189509306261,106.45099954044117,27.11313036876433
1736535600.Fri.Jan.10_19_00_00.GMT.2025.CACO03.c1.timex.jpg,c1,1736535600,2025-01-10T19:00:00+00:00,0.0,1.1877265221796764,6.430868167202571,96.43716171364379,13.283817792347195
1736537400.Fri.Jan.10_19_30_00.GMT.2025.CACO03.c1.timex.jpg,c1,1736537400,2025-01-10T19:30:00+00:00,30.0,1.1877265221796764,6.430868167202571,88.54355596405229,16.213010300310334
1736539200.Fri.Jan.10_20_00_00.GMT.2025.CACO03.c1.timex.jpg,c1,1736539200,2025-01-10T20:00:00+00:00,0.0,1.08236870866382,6.768189509306261,84.73422500510621,17.36143314967249
1736541000.Fri.Jan.10_20_30_00.GMT.2025.CACO03.c1.timex.jpg,c1,1736541000,2025-01-10T20:30:00+00:00,30.0,1.08236870866382,6.768189509306261,84.38692299836602,17.005955111492067
1736542800.Fri.Jan.10_21_00_00.GMT.2025.CACO03.c1.timex.jpg,c1,1736542800,2025-01-10T21:00:00+00:00,0.0,0.9557191128569504,6.430868167202571,82.00062551062092,11.42399085460731
1736544600.Fri.Jan.10_21_30_00.GMT.2025.CACO03.c1.timex.jpg,c1,1736544600,2025-01-10T21:30:00+00:00,30.0,0.9557191128569504,6.430868167202571,49.419395297181374,3.2551863456588217
1736546400.Fri.Jan.10_22_00_00.GMT.2025.CACO03.c1.timex.jpg,c1,1736546400,2025-01-10T22:00:00+00:00,0.0,0.9499445600964962,6.125574272588055,0.8713841656454249,0.6894658846563672
1736548200.Fri.Jan.10_22_30_00.GMT.2025.CACO03.c1.timex.jpg,c1,1736548200,2025-01-10T22:30:00+00:00,30.0,0.9499445600964962,6.125574272588055,0.0,0.0
1736550000.Fri.Jan.10_23_00_00.GMT.2025.CACO03.c1.timex.jpg,c1,1736550000,2025-01-10T23:00:00+00:00,0.0,1.1111365181594626,5.594405594405594,0.0,0.0
1736551800.Fri.Jan.10_23_30_00.GMT.2025.CACO03.c1.timex.jpg,c1,1736551800,2025-01-10T23:30:00+00:00,30.0,1.1111365181594626,5.594405594405594,0.0,0.0
1736553600.Sat.Jan.11_00_00_00.GMT.2025.CACO03.c1.timex.jpg,c1,1736553600,2025-01-11T00:00:00+00:00,0.0,1.0002860852552364,5.594405594405594,0.0,0.0
1736555400.Sat.Jan.11_00_30_00.GMT.2025.CACO03.c1.timex.jpg,c1,1736555400,2025-01-11T00:30:00+00:00,30.0,1.0002860852552364,5.594405594405594,0.0,0.0
1736557200.Sat.Jan.11_01_00_00.GMT.2025.CACO03.c1.timex.jpg,c1,1736557200,2025-01-11T01:00:00+00:00,0.0,0.8390060153745171,6.125574272588055,0.0,0.0
1736559000.Sat.Jan.11_01_30_00.GMT.2025.CACO03.c1.timex.jpg,c1,1736559000,2025-01-11T01:30:00+00:00,30.0,0.8390060153745171,6.125574272588055,0.0,0.0
1736560800.Sat.Jan.11_02_00_00.GMT.2025.CACO03.c1.timex.jpg,c1,1736560800,2025-01-11T02:00:00+00:00,0.0,0.9723262068006352,5.594405594405594,0.0,0.0
1736562600.Sat.Jan.11_02_30_00.GMT.2025.CACO03.c1.timex.jpg,c1,1736562600,2025-01-11T02:30:00+00:00,30.0,0.9723262068006352,5.594405594405594,0.0,0.0
1736564400.Sat.Jan.11_03_00_00.GMT.2025.CACO03.c1.timex.jpg,c1,1736564400,2025-01-11T03:00:00+00:00,0.0,0.8142927112284074,5.847953216374269,6.382761437908497e-06,7.659313725490196e-05
1736595000.Sat.Jan.11_11_30_00.GMT.2025.CACO03.c1.timex.jpg,c1,1736595000,2025-01-11T11:30:00+00:00,30.0,0.6478215690452253,5.847953216374269,0.3175806781045752,0.9653320304250221
1736596800.Sat.Jan.11_12_00_00.GMT.2025.CACO03.c1.timex.jpg,c1,1736596800,2025-01-11T12:00:00+00:00,0.0,0.6475198179113699,5.847953216374269,22.04831431270425,1.943119886750632
1736598600.Sat.Jan.11_12_30_00.GMT.2025.CACO03.c1.timex.jpg,c1,1736598600,2025-01-11T12:30:00+00:00,30.0,0.6475198179113699,5.847953216374269,105.26627285028594,23.62760221275262
1736600400.Sat.Jan.11_13_00_00.GMT.2025.CACO03.c1.timex.jpg,c1,1736600400,2025-01-11T13:00:00+00:00,0.0,0.6429322424518374,6.125574272588055,161.34192133884804,43.63044672696959
1736602200.Sat.Jan.11_13_30_00.GMT.2025.CACO03.c1.timex.jpg,c1,1736602200,2025-01-11T13:30:00+00:00,30.0,0.6429322424518374,6.125574272588055,138.51989187602123,24.56234883464606
1736604000.Sat.Jan.11_14_00_00.GMT.2025.CACO03.c1.timex.jpg,c1,1736604000,2025-01-11T14:00:00+00:00,0.0,0.6430375015127543,5.594405594405594,138.04031671262254,22.519411970668816
1736605800.Sat.Jan.11_14_30_00.GMT.2025.CACO03.c1.timex.jpg,c1,1736605800,2025-01-11T14:30:00+00:00,30.0,0.6430375015127543,5.594405594405594,136.7220466962827,24.495842115388857
1736607600.Sat.Jan.11_15_00_00.GMT.2025.CACO03.c1.timex.jpg,c1,1736607600,2025-01-11T15:00:00+00:00,0.0,0.6730697549369143,5.847953216374269,140.98321014603758,23.649763991757467
1736609400.Sat.Jan.11_15_30_00.GMT.2025.CACO03.c1.timex.jpg,c1,1736609400,2025-01-11T15:30:00+00:00,30.0,0.6730697549369143,5.847953216374269,133.33078022875816,15.267514374128924
1736611200.Sat.Jan.11_16_00_00.GMT.2025.CACO03.c1.timex.jpg,c1,1736611200,2025-01-11T16:00:00+00:00,0.0,0.5365475927437731,6.125574272588055,130.69486251531862,17.06585210609876
1736613000.Sat.Jan.11_16_30_00.GMT.2025.CACO03.c1.timex.jpg,c1,1736613000,2025-01-11T16:30:00+00:00,30.0,0.5365475927437731,6.125574272588055,121.64562908496733,12.59191811776812
1736614800.Sat.Jan.11_17_00_00.GMT.2025.CACO03.c1.timex.jpg,c1,1736614800,2025-01-11T17:00:00+00:00,0.0,0.5695199088507932,5.594405594405594,114.91440397773692,13.066650569298892
1736616600.Sat.Jan.11_17_30_00.GMT.2025.CACO03.c1.timex.jpg,c1,1736616600,2025-01-11T17:30:00+00:00,30.0,0.5695199088507932,5.594405594405594,136.57980047487746,17.95354625426993
1736618400.Sat.Jan.11_18_00_00.GMT.2025.CACO03.c1.timex.jpg,c1,1736618400,2025-01-11T18:00:00+00:00,0.0,0.5606847447592292,5.594405594405594,123.24949895322712,14.55661991166154
1736620200.Sat.Jan.11_18_30_00.GMT.2025.CACO03.c1.timex.jpg,c1,1736620200,2025-01-11T18:30:00+00:00,30.0,0.5606847447592292,5.594405594405594,157.87977111417484,51.4976058875467
1736622000.Sat.Jan.11_19_00_00.GMT.2025.CACO03.c1.timex.jpg,c1,1736622000,2025-01-11T19:00:00+00:00,0.0,0.573135138829951,5.847953216374269,141.0564874387255,66.07482093586111
1736623800.Sat.Jan.11_19_30_00.GMT.2025.CACO03.c1.timex.jpg,c1,1736623800,2025-01-11T19:30:00+00:00,30.0,0.573135138829951,5.847953216374269,134.08461945976308,49.394543839517425
1736625600.Sat.Jan.11_20_00_00.GMT.2025.CACO03.c1.timex.jpg,c1,1736625600,2025-01-11T20:00:00+00:00,0.0,0.5656955683893021,5.847953216374269,133.6946040134804,65.30375774437647
1736627400.Sat.Jan.11_20_30_00.GMT.2025.CACO03.c1.timex.jpg,c1,1736627400,2025-01-11T20:30:00+00:00,30.0,0.5656955683893021,5.847953216374269,109.09906684027777,41.06318317347169
1736629200.Sat.Jan.11_21_00_00.GMT.2025.CACO03.c1.timex.jpg,c1,1736629200,2025-01-11T21:00:00+00:00,0.0,0.4659268542962919,14.234875444839856,63.86962571486928,13.591921034023843
1736631000.Sat.Jan.11_21_30_00.GMT.2025.CACO03.c1.timex.jpg,c1,1736631000,2025-01-11T21:30:00+00:00,30.0,0.4659268542962919,14.234875444839856,9.39990234375,0.9125370150868432
1736632800.Sat.Jan.11_22_00_00.GMT.2025.CACO03.c1.timex.jpg,c1,1736632800,2025-01-11T22:00:00+00:00,0.0,1.079429752030733,4.291845493562232,0.0007340175653594771,0.014338873071200811
1736634600.Sat.Jan.11_22_30_00.GMT.2025.CACO03.c1.timex.jpg,c1,1736634600,2025-01-11T22:30:00+00:00,30.0,1.079429752030733,4.291845493562232,0.0,0.0
1736636400.Sat.Jan.11_23_00_00.GMT.2025.CACO03.c1.timex.jpg,c1,1736636400,2025-01-11T23:00:00+00:00,0.0,1.441952851505741,5.148005148005149,0.0,0.0
1736638200.Sat.Jan.11_23_30_00.GMT.2025.CACO03.c1.timex.jpg,c1,1736638200,2025-01-11T23:30:00+00:00,30.0,1.441952851505741,5.148005148005149,0.0,0.0
1736640000.Sun.Jan.12_00_00_00.GMT.2025.CACO03.c1.timex.jpg,c1,1736640000,2025-01-12T00:00:00+00:00,0.0,1.7633591114482328,5.847953216374269,0.0,0.0
1736641800.Sun.Jan.12_00_30_00.GMT.2025.CACO03.c1.timex.jpg,c1,1736641800,2025-01-12T00:30:00+00:00,30.0,1.7633591114482328,5.847953216374269,0.0,0.0
1736643600.Sun.Jan.12_01_00_00.GMT.2025.CACO03.c1.timex.jpg,c1,1736643600,2025-01-12T01:00:00+00:00,0.0,1.7938766119455358,6.125574272588055,0.0,0.0
1736645400.Sun.Jan.12_01_30_00.GMT.2025.CACO03.c1.timex.jpg,c1,1736645400,2025-01-12T01:30:00+00:00,30.0,1.7938766119455358,6.125574272588055,0.0,0.0
1736647200.Sun.Jan.12_02_00_00.GMT.2025.CACO03.c1.timex.jpg,c1,1736647200,2025-01-12T02:00:00+00:00,0.0,1.656417236388091,6.125574272588055,0.0,0.0
1736649000.Sun.Jan.12_02_30_00.GMT.2025.CACO03.c1.timex.jpg,c1,1736649000,2025-01-12T02:30:00+00:00,30.0,1.656417236388091,6.125574272588055,3.1913807189542485e-06,6.382761437908497e-05
1736650800.Sun.Jan.12_03_00_00.GMT.2025.CACO03.c1.timex.jpg,c1,1736650800,2025-01-12T03:00:00+00:00,0.0,1.678989845320513,5.847953216374269,0.0,0.0
1736681400.Sun.Jan.12_11_30_00.GMT.2025.CACO03.c1.timex.jpg,c1,1736681400,2025-01-12T11:30:00+00:00,30.0,1.82519586476416,6.430868167202571,0.04949193218954248,0.42055057650257327
1736683200.Sun.Jan.12_12_00_00.GMT.2025.CACO03.c1.timex.jpg,c1,1736683200,2025-01-12T12:00:00+00:00,0.0,1.8032973801028924,7.142857142857142,14.43609898386438,3.6664973433276726
1736685000.Sun.Jan.12_12_30_00.GMT.2025.CACO03.c1.timex.jpg,c1,1736685000,2025-01-12T12:30:00+00:00,30.0,1.8032973801028924,7.142857142857142,81.35726868872548,101.1039327155154
1736686800.Sun.Jan.12_13_00_00.GMT.2025.CACO03.c1.timex.jpg,c1,1736686800,2025-01-12T13:00:00+00:00,0.0,1.809447270139784,6.768189509306261,145.87913283803104,265.65559359304444
1736688600.Sun.Jan.12_13_30_00.GMT.2025.CACO03.c1.timex.jpg,c1,1736688600,2025-01-12T13:30:00+00:00,30.0,1.809447270139784,6.768189509306261,144.7284837111928,244.05403343731558
1736690400.Sun.Jan.12_14_00_00.GMT.2025.CACO03.c1.timex.jpg,c1,1736690400,2025-01-12T14:00:00+00:00,0.0,1.6227027017293256,6.768189509306261,136.63300717422385,75.26383143715094
1736692200.Sun.Jan.12_14_30_00.GMT.2025.CACO03.c1.timex.jpg,c1,1736692200,2025-01-12T14:30:00+00:00,30.0,1.6227027017293256,6.768189509306261,146.68161828533496,43.36255100749223
1736694000.Sun.Jan.12_15_00_00.GMT.2025.CACO03.c1.timex.jpg,c1,1736694000,2025-01-12T15:00:00+00:00,0.0,1.5503008991187173,7.142857142857142,124.98314312704248,25.987537204850067
1736695800.Sun.Jan.12_15_30_00.GMT.2025.CACO03.c1.timex.jpg,c1,1736695800,2025-01-12T15:30:00+00:00,30.0,1.5503008991187173,7.142857142857142,124.93576708026961,14.953351567406601
1736697600.Sun.Jan.12_16_00_00.GMT.2025.CACO03.c1.timex.jpg,c1,1736697600,2025-01-12T16:00:00+00:00,0.0,1.540514602315918,6.768189509306261,138.96555861928104,18.693381113256226
1736699400.Sun.Jan.12_16_30_00.GMT.2025.CACO03.c1.timex.jpg,c1,1736699400,2025-01-12T16:30:00+00:00,30.0,1.540514602315918,6.768189509306261,137.03038832720588,17.410184860137825
1736701200.Sun.Jan.12_17_00_00.GMT.2025.CACO03.c1.timex.jpg,c1,1736701200,2025-01-12T17:00:00+00:00,0.0,1.5358772636167697,6.430868167202571,119.33495455473856,12.589382462348956
1736703000.Sun.Jan.12_17_30_00.GMT.2025.CACO03.c1.timex.jpg,c1,1736703000,2025-01-12T17:30:00+00:00,30.0,1.5358772636167697,6.430868167202571,124.72092013888889,15.655045889551289
1736704800.Sun.Jan.12_18_00_00.GMT.2025.CACO03.c1.timex.jpg,c1,1736704800,2025-01-12T18:00:00+00:00,0.0,1.3089473611479978,6.430868167202571,143.23692172181373,22.16033932413996
1736706600.Sun.Jan.12_18_30_00.GMT.2025.CACO03.c1.timex.jpg,c1,1736706600,2025-01-12T18:30:00+00:00,30.0,1.3089473611479978,6.430868167202571,125.21169066584967,16.163570711881484
1736708400.Sun.Jan.12_19_00_00.GMT.2025.CACO03.c1.timex.jpg,c1,1736708400,2025-01-12T19:00:00+00:00,0.0,1.3274176990480302,6.430868167202571,132.23290377348857,19.21290008253511
1736710200.Sun.Jan.12_19_30_00.GMT.2025.CACO03.c1.timex.jpg,c1,1736710200,2025-01-12T19:30:00+00:00,30.0,1.3274176990480302,6.430868167202571,134.02809053308823,20.69135755201983
1736712000.Sun.Jan.12_20_00_00.GMT.2025.CACO03.c1.timex.jpg,c1,1736712000,2025-01-12T20:00:00+00:00,0.0,1.3137909156543792,6.768189509306261,132.38788679534315,19.01693520990429
1736713800.Sun.Jan.12_20_30_00.GMT.2025.CACO03.c1.timex.jpg,c1,1736713800,2025-01-12T20:30:00+00:00,30.0,1.3137909156543792,6.768189509306261,152.35458473754085,18.66889670479888
1736715600.Sun.Jan.12_21_00_00.GMT.2025.CACO03.c1.timex.jpg,c1,1736715600,2025-01-12T21:00:00+00:00,0.0,1.2699261525117411,6.430868167202571,115.08136106004902,9.013816094957651
1736717400.Sun.Jan.12_21_30_00.GMT.2025.CACO03.c1.timex.jpg,c1,1736717400,2025-01-12T21:30:00+00:00,30.0,1.2699261525117411,6.430868167202571,74.20763122957516,4.057039198440938
1736719200.Sun.Jan.12_22_00_00.GMT.2025.CACO03.c1.timex.jpg,c1,1736719200,2025-01-12T22:00:00+00:00,0.0,1.3512831382763495,6.768189509306261,1.3334514144199345,0.23100809251652535
1736721000.Sun.Jan.12_22_30_00.GMT.2025.CACO03.c1.timex.jpg,c1,1736721000,2025-01-12T22:30:00+00:00,30.0,1.3512831382763495,6.768189509306261,0.07552721609477124,0.06036815767973856
1736722800.Sun.Jan.12_23_00_00.GMT.2025.CACO03.c1.timex.jpg,c1,1736722800,2025-01-12T23:00:00+00:00,0.0,1.3563363048241628,6.768189509306261,0.03766467524509804,0.05828099468954248
1736724600.Sun.Jan.12_23_30_00.GMT.2025.CACO03.c1.timex.jpg,c1,1736724600,2025-01-12T23:30:00+00:00,30.0,1.3563363048241628,6.768189509306261,0.0003829656862745098,0.005827461192810458
1736726400.Mon.Jan.13_00_00_00.GMT.2025.CACO03.c1.timex.jpg,c1,1736726400,2025-01-13T00:00:00+00:00,0.0,1.2253384933208074,6.125574272588055,0.0,0.0
1736728200.Mon.Jan.13_00_30_00.GMT.2025.CACO03.c1.timex.jpg,c1,1736728200,2025-01-13T00:30:00+00:00,30.0,1.2253384933208074,6.125574272588055,0.0,0.0
1736730000.Mon.Jan.13_01_00_00.GMT.2025.CACO03.c1.timex.jpg,c1,1736730000,2025-01-13T01:00:00+00:00,0.0,1.2042004534849928,6.768189509306261,0.0,0.0
1736731800.Mon.Jan.13_01_30_00.GMT.2025.CACO03.c1.timex.jpg,c1,1736731800,2025-01-13T01:30:00+00:00,30.0,1.2042004534849928,6.768189509306261,2.2339665032679737e-05,0.0005297691993464052
1736733600.Mon.Jan.13_02_00_00.GMT.2025.CACO03.c1.timex.jpg,c1,1736733600,2025-01-13T02:00:00+00:00,0.0,1.1847800157872648,6.768189509306261,0.0,0.0
1736735400.Mon.Jan.13_02_30_00.GMT.2025.CACO03.c1.timex.jpg,c1,1736735400,2025-01-13T02:30:00+00:00,30.0,1.1847800157872648,6.768189509306261,0.0,0.0
1736737200.Mon.Jan.13_03_00_00.GMT.2025.CACO03.c1.timex.jpg,c1,1736737200,2025-01-13T03:00:00+00:00,0.0,1.2136449455218263,6.768189509306261,0.0,0.0
1736767800.Mon.Jan.13_11_30_00.GMT.2025.CACO03.c1.timex.jpg,c1,1736767800,2025-01-13T11:30:00+00:00,30.0,1.0963548054349743,9.876543209876544,1.2431481055964053,0.3229773016679526
1736769600.Mon.Jan.13_12_00_00.GMT.2025.CACO03.c1.timex.jpg,c1,1736769600,2025-01-13T12:00:00+00:00,0.0,1.2808188151763429,9.876543209876544,87.33396522671569,5.353309874807766
1736771400.Mon.Jan.13_12_30_00.GMT.2025.CACO03.c1.timex.jpg,c1,1736771400,2025-01-13T12:30:00+00:00,30.0,1.2808188151763429,9.876543209876544,123.89360255821079,8.630370293908577
1736773200.Mon.Jan.13_13_00_00.GMT.2025.CACO03.c1.timex.jpg,c1,1736773200,2025-01-13T13:00:00+00:00,0.0,1.28542406916629,9.876543209876544,120.45252821180556,21.868501338350093
1736775000.Mon.Jan.13_13_30_00.GMT.2025.CACO03.c1.timex.jpg,c1,1736775000,2025-01-13T13:30:00+00:00,30.0,1.28542406916629,9.876543209876544,120.47994217218137,25.053409980380135
1736776800.Mon.Jan.13_14_00_00.GMT.2025.CACO03.c1.timex.jpg,c1,1736776800,2025-01-13T14:00:00+00:00,0.0,1.2012688255972674,9.876543209876544,114.4592875561683,17.91754099901985
1736778600.Mon.Jan.13_14_30_00.GMT.2025.CACO03.c1.timex.jpg,c1,1736778600,2025-01-13T14:30:00+00:00,30.0,1.2012688255972674,9.876543209876544,133.16152535232843,13.517546183652811
1736780400.Mon.Jan.13_15_00_00.GMT.2025.CACO03.c1.timex.jpg,c1,1736780400,2025-01-13T15:00:00+00:00,0.0,1.1050192426587844,10.6951871657754,126.11723217933006,8.40880948631811
1736782200.Mon.Jan.13_15_30_00.GMT.2025.CACO03.c1.timex.jpg,c1,1736782200,2025-01-13T15:30:00+00:00,30.0,1.1050192426587844,10.6951871657754,139.68300015318627,8.700169598573991
1736784000.Mon.Jan.13_16_00_00.GMT.2025.CACO03.c1.timex.jpg,c1,1736784000,2025-01-13T16:00:00+00:00,0.0,1.2168501731763397,11.661807580174926,134.8864825878268,7.968889403727172
1736785800.Mon.Jan.13_16_30_00.GMT.2025.CACO03.c1.timex.jpg,c1,1736785800,2025-01-13T16:30:00+00:00,30.0,1.2168501731763397,11.661807580174926,122.88207529105392,7.577955006167952
1736787600.Mon.Jan.13_17_00_00.GMT.2025.CACO03.c1.timex.jpg,c1,1736787600,2025-01-13T17:00:00+00:00,0.0,1.0708211917128885,11.661807580174926,123.43115553513071,9.005418444256275
1736789400.Mon.Jan.13_17_30_00.GMT.2025.CACO03.c1.timex.jpg,c1,1736789400,2025-01-13T17:30:00+00:00,30.0,1.0708211917128885,11.661807580174926,153.17594081903596,10.212654285364911
1736791200.Mon.Jan.13_18_00_00.GMT.2025.CACO03.c1.timex.jpg,c1,1736791200,2025-01-13T18:00:00+00:00,0.0,0.9974410449549324,9.174311926605505,129.33480455984477,5.6958197901130685
1736793000.Mon.Jan.13_18_30_00.GMT.2025.CACO03.c1.timex.jpg,c1,1736793000,2025-01-13T18:30:00+00:00,30.0,0.9974410449549324,9.174311926605505,136.87825839971404,6.091227952681019
1736794800.Mon.Jan.13_19_00_00.GMT.2025.CACO03.c1.timex.jpg,c1,1736794800,2025-01-13T19:00:00+00:00,0.0,1.0790528904520709,11.661807580174926,128.7637931474673,5.638470283907793
1736796600.Mon.Jan.13_19_30_00.GMT.2025.CACO03.c1.timex.jpg,c1,1736796600,2025-01-13T19:30:00+00:00,30.0,1.0790528904520709,11.661807580174926,141.95208780126634,6.349963488208676
1736798400.Mon.Jan.13_20_00_00.GMT.2025.CACO03.c1.timex.jpg,c1,1736798400,2025-01-13T20:00:00+00:00,0.0,0.9471696085767431,11.661807580174926,133.48628025428923,6.248467480165191
1736800200.Mon.Jan.13_20_30_00.GMT.2025.CACO03.c1.timex.jpg,c1,1736800200,2025-01-13T20:30:00+00:00,30.0,0.9471696085767431,11.661807580174926,120.88639642054738,5.610909538351745
1736802000.Mon.Jan.13_21_00_00.GMT.2025.CACO03.c1.timex.jpg,c1,1736802000,2025-01-13T21:00:00+00:00,0.0,0.9673947493811866,11.661807580174926,112.7615496068219,5.123091096579431
1736803800.Mon.Jan.13_21_30_00.GMT.2025.CACO03.c1.timex.jpg,c1,1736803800,2025-01-13T21:30:00+00:00,30.0,0.9673947493811866,11.661807580174926,26.932205499387255,1.1937253731848965
1736805600.Mon.Jan.13_22_00_00.GMT.2025.CACO03.c1.timex.jpg,c1,1736805600,2025-01-13T22:00:00+00:00,0.0,0.8631810569398961,11.661807580174926,0.8904079861111112,0.8888697314381555
1736807400.Mon.Jan.13_22_30_00.GMT.2025.CACO03.c1.timex.jpg,c1,1736807400,2025-01-13T22:30:00+00:00,30.0,0.8631810569398961,11.661807580174926,0.0,0.0
1736809200.Mon.Jan.13_23_00_00.GMT.2025.CACO03.c1.timex.jpg,c1,1736809200,2025-01-13T23:00:00+00:00,0.0,0.9569822294902954,11.661807580174926,0.0,0.0
1736811000.Mon.Jan.13_23_30_00.GMT.2025.CACO03.c1.timex.jpg,c1,1736811000,2025-01-13T23:30:00+00:00,30.0,0.9569822294902954,11.661807580174926,0.0,0.0
1736812800.Tue.Jan.14_00_00_00.GMT.2025.CACO03.c1.timex.jpg,c1,1736812800,2025-01-14T00:00:00+00:00,0.0,1.0000868183930696,10.6951871657754,0.0,0.0
1736814600.Tue.Jan.14_00_30_00.GMT.2025.CACO03.c1.timex.jpg,c1,1736814600,2025-01-14T00:30:00+00:00,30.0,1.0000868183930696,10.6951871657754,0.0,0.0
1736816400.Tue.Jan.14_01_00_00.GMT.2025.CACO03.c1.timex.jpg,c1,1736816400,2025-01-14T01:00:00+00:00,0.0,1.076433385455221,10.6951871657754,0.0,0.0
1736818200.Tue.Jan.14_01_30_00.GMT.2025.CACO03.c1.timex.jpg,c1,1736818200,2025-01-14T01:30:00+00:00,30.0,1.076433385455221,10.6951871657754,0.0,0.0
1736820000.Tue.Jan.14_02_00_00.GMT.2025.CACO03.c1.timex.jpg,c1,1736820000,2025-01-14T02:00:00+00:00,0.0,1.1116609877322008,11.661807580174926,0.0,0.0
1736821800.Tue.Jan.14_02_30_00.GMT.2025.CACO03.c1.timex.jpg,c1,1736821800,2025-01-14T02:30:00+00:00,30.0,1.1116609877322008,11.661807580174926,0.0,0.0
1736823600.Tue.Jan.14_03_00_00.GMT.2025.CACO03.c1.timex.jpg,c1,1736823600,2025-01-14T03:00:00+00:00,0.0,1.057467120333439,11.661807580174926,0.0,0.0
1736854200.Tue.Jan.14_11_30_00.GMT.2025.CACO03.c1.timex.jpg,c1,1736854200,2025-01-14T11:30:00+00:00,30.0,0.8311444970571416,11.661807580174926,6.295687806372549,0.6087716699048852
1736856000.Tue.Jan.14_12_00_00.GMT.2025.CACO03.c1.timex.jpg,c1,1736856000,2025-01-14T12:00:00+00:00,0.0,0.8769497421573347,11.661807580174926,134.05973626429738,8.602875815578985
1736857800.Tue.Jan.14_12_30_00.GMT.2025.CACO03.c1.timex.jpg,c1,1736857800,2025-01-14T12:30:00+00:00,30.0,0.8769497421573347,11.661807580174926,130.59318831699346,22.23713746360724
1736859600.Tue.Jan.14_13_00_00.GMT.2025.CACO03.c1.timex.jpg,c1,1736859600,2025-01-14T13:00:00+00:00,0.0,1.0296664971676446,11.661807580174926,128.57085822610293,28.338150340380547
1736861400.Tue.Jan.14_13_30_00.GMT.2025.CACO03.c1.timex.jpg,c1,1736861400,2025-01-14T13:30:00+00:00,30.0,1.0296664971676446,11.661807580174926,124.80277905433006,29.69206465934972
1736863200.Tue.Jan.14_14_00_00.GMT.2025.CACO03.c1.timex.jpg,c1,1736863200,2025-01-14T14:00:00+00:00,0.0,1.0355240830089725,11.661807580174926,123.57307623570262,30.758354119292246
1736865000.Tue.Jan.14_14_30_00.GMT.2025.CACO03.c1.timex.jpg,c1,1736865000,2025-01-14T14:30:00+00:00,30.0,1.0355240830089725,11.661807580174926,139.85244970383988,29.585551475744243
1736866800.Tue.Jan.14_15_00_00.GMT.2025.CACO03.c1.timex.jpg,c1,1736866800,2025-01-14T15:00:00+00:00,0.0,1.080346699407411,11.661807580174926,124.87046504799837,26.025133448829767
1736868600.Tue.Jan.14_15_30_00.GMT.2025.CACO03.c1.timex.jpg,c1,1736868600,2025-01-14T15:30:00+00:00,30.0,1.080346699407411,11.661807580174926,128.29947597528596,34.11812519977255
1736870400.Tue.Jan.14_16_00_00.GMT.2025.CACO03.c1.timex.jpg,c1,1736870400,2025-01-14T16:00:00+00:00,0.0,0.9404722108961986,9.876543209876544,110.91771663092321,30.805497590498103
1736872200.Tue.Jan.14_16_30_00.GMT.2025.CACO03.c1.timex.jpg,c1,1736872200,2025-01-14T16:30:00+00:00,30.0,0.9404722108961986,9.876543209876544,132.29287619995915,33.60501702808856
1736874000.Tue.Jan.14_17_00_00.GMT.2025.CACO03.c1.timex.jpg,c1,1736874000,2025-01-14T17:00:00+00:00,0.0,0.9342572700802412,11.661807580174926,134.58979907066993,40.55263729380433
1736875800.Tue.Jan.14_17_30_00.GMT.2025.CACO03.c1.timex.jpg,c1,1736875800,2025-01-14T17:30:00+00:00,30.0,0.9342572700802412,11.661807580174926,127.92544615502452,38.25173357091285
1736877600.Tue.Jan.14_18_00_00.GMT.2025.CACO03.c1.timex.jpg,c1,1736877600,2025-01-14T18:00:00+00:00,0.0,0.8018538327395826,9.876543209876544,127.50168824040033,46.98777667060096
1736879400.Tue.Jan.14_18_30_00.GMT.2025.CACO03.c1.timex.jpg,c1,1736879400,2025-01-14T18:30:00+00:00,30.0,0.8018538327395826,9.876543209876544,109.14558440563725,15.95288329005491
1736881200.Tue.Jan.14_19_00_00.GMT.2025.CACO03.c1.timex.jpg,c1,1736881200,2025-01-14T19:00:00+00:00,0.0,0.7655116491008588,9.876543209876544,104.46728834763071,15.744505355122751
1736883000.Tue.Jan.14_19_30_00.GMT.2025.CACO03.c1.timex.jpg,c1,1736883000,2025-01-14T19:30:00+00:00,30.0,0.7655116491008588,9.876543209876544,97.96402994791667,15.281757429524127
1736884800.Tue.Jan.14_20_00_00.GMT.2025.CACO03.c1.timex.jpg,c1,1736884800,2025-01-14T20:00:00+00:00,0.0,0.7841811736628912,11.661807580174926,95.5355775122549,14.182696876188142
1736886600.Tue.Jan.14_20_30_00.GMT.2025.CACO03.c1.timex.jpg,c1,1736886600,2025-01-14T20:30:00+00:00,30.0,0.7841811736628912,11.661807580174926,94.35476983762256,13.564785007043497
1736888400.Tue.Jan.14_21_00_00.GMT.2025.CACO03.c1.timex.jpg,c1,1736888400,2025-01-14T21:00:00+00:00,0.0,0.6433321544073706,10.6951871657754,91.78160105187908,9.555258895653296
1736890200.Tue.Jan.14_21_30_00.GMT.2025.CACO03.c1.timex.jpg,c1,1736890200,2025-01-14T21:30:00+00:00,30.0,0.6433321544073706,10.6951871657754,55.27009293300654,3.6984889412879576
1736892000.Tue.Jan.14_22_00_00.GMT.2025.CACO03.c1.timex.jpg,c1,1736892000,2025-01-14T22:00:00+00:00,0.0,0.6156985626551474,10.6951871657754,0.9989053564133987,0.016745174133292306
1736893800.Tue.Jan.14_22_30_00.GMT.2025.CACO03.c1.timex.jpg,c1,1736893800,2025-01-14T22:30:00+00:00,30.0,0.6156985626551474,10.6951871657754,0.0,0.0
1736895600.Tue.Jan.14_23_00_00.GMT.2025.CACO03.c1.timex.jpg,c1,1736895600,2025-01-14T23:00:00+00:00,0.0,0.753594699070804,11.661807580174926,0.0,0.0
1736897400.Tue.Jan.14_23_30_00.GMT.2025.CACO03.c1.timex.jpg,c1,1736897400,2025-01-14T23:30:00+00:00,30.0,0.753594699070804,11.661807580174926,0.0,0.0
1736899200.Wed.Jan.15_00_00_00.GMT.2025.CACO03.c1.timex.jpg,c1,1736899200,2025-01-15T00:00:00+00:00,0.0,0.8754419070142065,5.594405594405594,0.08504710477941177,0.03803487540849673
1736901000.Wed.Jan.15_00_30_00.GMT.2025.CACO03.c1.timex.jpg,c1,1736901000,2025-01-15T00:30:00+00:00,30.0,0.8754419070142065,5.594405594405594,0.07503255208333333,0.05312372344771242
1736902800.Wed.Jan.15_01_00_00.GMT.2025.CACO03.c1.timex.jpg,c1,1736902800,2025-01-15T01:00:00+00:00,0.0,0.9525393085609728,4.024144869215292,0.06660730698529412,0.0397614123672661
1736904600.Wed.Jan.15_01_30_00.GMT.2025.CACO03.c1.timex.jpg,c1,1736904600,2025-01-15T01:30:00+00:00,30.0,0.9525393085609728,4.024144869215292,0.03520092933006536,0.0484515420751634
1736906400.Wed.Jan.15_02_00_00.GMT.2025.CACO03.c1.timex.jpg,c1,1736906400,2025-01-15T02:00:00+00:00,0.0,1.106475158133749,5.594405594405594,0.010308159722222222,0.035759420945697486
1736908200.Wed.Jan.15_02_30_00.GMT.2025.CACO03.c1.timex.jpg,c1,1736908200,2025-01-15T02:30:00+00:00,30.0,1.106475158133749,5.594405594405594,0.0,0.0
1736910000.Wed.Jan.15_03_00_00.GMT.2025.CACO03.c1.timex.jpg,c1,1736910000,2025-01-15T03:00:00+00:00,0.0,1.009030415890746,5.148005148005149,0.0,0.0
1736940600.Wed.Jan.15_11_30_00.GMT.2025.CACO03.c1.timex.jpg,c1,1736940600,2025-01-15T11:30:00+00:00,30.0,0.8969337716291991,5.847953216374269,1.1623806423611112,0.15507557185468526
1736942400.Wed.Jan.15_12_00_00.GMT.2025.CACO03.c1.timex.jpg,c1,1736942400,2025-01-15T12:00:00+00:00,0.0,0.8572351881841249,6.125574272588055,53.732405918096404,4.565270096912782
1736944200.Wed.Jan.15_12_30_00.GMT.2025.CACO03.c1.timex.jpg,c1,1736944200,2025-01-15T12:30:00+00:00,30.0,0.8572351881841249,6.125574272588055,185.44631459354576,39.48492319684011
1736946000.Wed.Jan.15_13_00_00.GMT.2025.CACO03.c1.timex.jpg,c1,1736946000,2025-01-15T13:00:00+00:00,0.0,1.20049930981591,6.125574272588055,174.29112094056373,44.9327055673902
1736947800.Wed.Jan.15_13_30_00.GMT.2025.CACO03.c1.timex.jpg,c1,1736947800,2025-01-15T13:30:00+00:00,30.0,1.20049930981591,6.125574272588055,173.82583039726308,54.29859804427784
1736949600.Wed.Jan.15_14_00_00.GMT.2025.CACO03.c1.timex.jpg,c1,1736949600,2025-01-15T14:00:00+00:00,0.0,1.222594710197097,6.430868167202571,161.79878982843138,54.52516392891724
1736951400.Wed.Jan.15_14_30_00.GMT.2025.CACO03.c1.timex.jpg,c1,1736951400,2025-01-15T14:30:00+00:00,30.0,1.222594710197097,6.430868167202571,143.10344222324346,22.237840783688213
1736953200.Wed.Jan.15_15_00_00.GMT.2025.CACO03.c1.timex.jpg,c1,1736953200,2025-01-15T15:00:00+00:00,0.0,1.1721259003638795,5.847953216374269,147.67884816687092,25.621747967556136
1736955000.Wed.Jan.15_15_30_00.GMT.2025.CACO03.c1.timex.jpg,c1,1736955000,2025-01-15T15:30:00+00:00,30.0,1.1721259003638795,5.847953216374269,135.7767214307598,22.17692567212471
1736956800.Wed.Jan.15_16_00_00.GMT.2025.CACO03.c1.timex.jpg,c1,1736956800,2025-01-15T16:00:00+00:00,0.0,1.2036738559773248,6.125574272588055,94.5167356004902,15.90868658528354
1736958600.Wed.Jan.15_16_30_00.GMT.2025.CACO03.c1.timex.jpg,c1,1736958600,2025-01-15T16:30:00+00:00,30.0,1.2036738559773248,6.125574272588055,141.91440716911765,25.003682850742337
1736960400.Wed.Jan.15_17_00_00.GMT.2025.CACO03.c1.timex.jpg,c1,1736960400,2025-01-15T17:00:00+00:00,0.0,1.1432329156337662,6.430868167202571,147.65719145731208,26.158879615214637
1736962200.Wed.Jan.15_17_30_00.GMT.2025.CACO03.c1.timex.jpg,c1,1736962200,2025-01-15T17:30:00+00:00,30.0,1.1432329156337662,6.430868167202571,128.3577410130719,18.06698701932585
1736964000.Wed.Jan.15_18_00_00.GMT.2025.CACO03.c1.timex.jpg,c1,1736964000,2025-01-15T18:00:00+00:00,0.0,1.031626146262783,5.847953216374269,130.79571972017973,23.879846988899033
1736965800.Wed.Jan.15_18_30_00.GMT.2025.CACO03.c1.timex.jpg,c1,1736965800,2025-01-15T18:30:00+00:00,30.0,1.031626146262783,5.847953216374269,117.6538245506536,15.18023540697754
1736967600.Wed.Jan.15_19_00_00.GMT.2025.CACO03.c1.timex.jpg,c1,1736967600,2025-01-15T19:00:00+00:00,0.0,1.0947393196895745,5.594405594405594,103.19717307495915,10.765578330905003
1736969400.Wed.Jan.15_19_30_00.GMT.2025.CACO03.c1.timex.jpg,c1,1736969400,2025-01-15T19:30:00+00:00,30.0,1.0947393196895745,5.594405594405594,95.69683797998366,9.689748780405239
1736971200.Wed.Jan.15_20_00_00.GMT.2025.CACO03.c1.timex.jpg,c1,1736971200,2025-01-15T20:00:00+00:00,0.0,1.1096021281093502,6.125574272588055,94.88841018178104,11.028602928367519
1736973000.Wed.Jan.15_20_30_00.GMT.2025.CACO03.c1.timex.jpg,c1,1736973000,2025-01-15T20:30:00+00:00,30.0,1.1096021281093502,6.125574272588055,96.85945478451798,13.007189989599214
1736974800.Wed.Jan.15_21_00_00.GMT.2025.CACO03.c1.timex.jpg,c1,1736974800,2025-01-15T21:00:00+00:00,0.0,1.1673489476601144,6.125574272588055,92.0726358251634,10.09371065817434
1736976600.Wed.Jan.15_21_30_00.GMT.2025.CACO03.c1.timex.jpg,c1,1736976600,2025-01-15T21:30:00+00:00,30.0,1.1673489476601144,6.125574272588055,74.31137344260621,5.671817407465849
1736978400.Wed.Jan.15_22_00_00.GMT.2025.CACO03.c1.timex.jpg,c1,1736978400,2025-01-15T22:00:00+00:00,0.0,1.226460446998323,6.125574272588055,1.0238874846813726,0.09484464349493696
1736980200.Wed.Jan.15_22_30_00.GMT.2025.CACO03.c1.timex.jpg,c1,1736980200,2025-01-15T22:30:00+00:00,30.0,1.226460446998323,6.125574272588055,0.0,0.0
1736982000.Wed.Jan.15_23_00_00.GMT.2025.CACO03.c1.timex.jpg,c1,1736982000,2025-01-15T23:00:00+00:00,0.0,1.0367053740878136,6.430868167202571,0.0,0.0
1736983800.Wed.Jan.15_23_30_00.GMT.2025.CACO03.c1.timex.jpg,c1,1736983800,2025-01-15T23:30:00+00:00,30.0,1.0367053740878136,6.430868167202571,0.0,0.0
1736985600.Thu.Jan.16_00_00_00.GMT.2025.CACO03.c1.timex.jpg,c1,1736985600,2025-01-16T00:00:00+00:00,0.0,1.0787249432085075,5.847953216374269,0.0,0.0
1736987400.Thu.Jan.16_00_30_00.GMT.2025.CACO03.c1.timex.jpg,c1,1736987400,2025-01-16T00:30:00+00:00,30.0,1.0787249432085075,5.847953216374269,0.0,0.0
1736989200.Thu.Jan.16_01_00_00.GMT.2025.CACO03.c1.timex.jpg,c1,1736989200,2025-01-16T01:00:00+00:00,0.0,1.2769757506049213,6.430868167202571,0.0,0.0
1736991000.Thu.Jan.16_01_30_00.GMT.2025.CACO03.c1.timex.jpg,c1,1736991000,2025-01-16T01:30:00+00:00,30.0,1.2769757506049213,6.430868167202571,0.0,0.0
1736992800.Thu.Jan.16_02_00_00.GMT.2025.CACO03.c1.timex.jpg,c1,1736992800,2025-01-16T02:00:00+00:00,0.0,1.1310154130316974,6.125574272588055,0.0,0.0
1736994600.Thu.Jan.16_02_30_00.GMT.2025.CACO03.c1.timex.jpg,c1,1736994600,2025-01-16T02:30:00+00:00,30.0,1.1310154130316974,6.125574272588055,0.0,0.0
1736996400.Thu.Jan.16_03_00_00.GMT.2025.CACO03.c1.timex.jpg,c1,1736996400,2025-01-16T03:00:00+00:00,0.0,1.17456786617257,6.430868167202571,0.0,0.0
1737027000.Thu.Jan.16_11_30_00.GMT.2025.CACO03.c1.timex.jpg,c1,1737027000,2025-01-16T11:30:00+00:00,30.0,0.7544528484598337,5.847953216374269,5.05502259497549,1.344812696688636
1737028800.Thu.Jan.16_12_00_00.GMT.2025.CACO03.c1.timex.jpg,c1,1737028800,2025-01-16T12:00:00+00:00,0.0,0.6753482780929155,5.594405594405594,89.74311938316994,11.759998239728
1737030600.Thu.Jan.16_12_30_00.GMT.2025.CACO03.c1.timex.jpg,c1,1737030600,2025-01-16T12:30:00+00:00,30.0,0.6753482780929155,5.594405594405594,157.42868540645424,34.95984568781863
1737032400.Thu.Jan.16_13_00_00.GMT.2025.CACO03.c1.timex.jpg,c1,1737032400,2025-01-16T13:00:00+00:00,0.0,0.6362738683974585,5.361930294906166,133.8474711499183,24.253943988883645
1737034200.Thu.Jan.16_13_30_00.GMT.2025.CACO03.c1.timex.jpg,c1,1737034200,2025-01-16T13:30:00+00:00,30.0,0.6362738683974585,5.361930294906166,145.3686331954657,43.798271956348664
1737036000.Thu.Jan.16_14_00_00.GMT.2025.CACO03.c1.timex.jpg,c1,1737036000,2025-01-16T14:00:00+00:00,0.0,0.5226707725054065,6.125574272588055,118.85163590175654,36.337251873669004
1737037800.Thu.Jan.16_14_30_00.GMT.2025.CACO03.c1.timex.jpg,c1,1737037800,2025-01-16T14:30:00+00:00,30.0,0.5226707725054065,6.125574272588055,99.0063316993464,21.890566691293472
1737039600.Thu.Jan.16_15_00_00.GMT.2025.CACO03.c1.timex.jpg,c1,1737039600,2025-01-16T15:00:00+00:00,0.0,0.5698515392804339,5.594405594405594,156.81539458231208,58.586908042474164
1737041400.Thu.Jan.16_15_30_00.GMT.2025.CACO03.c1.timex.jpg,c1,1737041400,2025-01-16T15:30:00+00:00,30.0,0.5698515392804339,5.594405594405594,124.46862553615196,63.096860181140016
1737043200.Thu.Jan.16_16_00_00.GMT.2025.CACO03.c1.timex.jpg,c1,1737043200,2025-01-16T16:00:00+00:00,0.0,0.4927602366181722,5.361930294906166,104.32107843137256,32.817375698217525
1737045000.Thu.Jan.16_16_30_00.GMT.2025.CACO03.c1.timex.jpg,c1,1737045000,2025-01-16T16:30:00+00:00,30.0,0.4927602366181722,5.361930294906166,133.72419768688727,58.16628993214961
1737046800.Thu.Jan.16_17_00_00.GMT.2025.CACO03.c1.timex.jpg,c1,1737046800,2025-01-16T17:00:00+00:00,0.0,0.422840591440401,5.361930294906166,156.84897429023692,64.55900709621625
1737048600.Thu.Jan.16_17_30_00.GMT.2025.CACO03.c1.timex.jpg,c1,1737048600,2025-01-16T17:30:00+00:00,30.0,0.422840591440401,5.361930294906166,125.61119727839052,52.17348195144879
1737050400.Thu.Jan.16_18_00_00.GMT.2025.CACO03.c1.timex.jpg,c1,1737050400,2025-01-16T18:00:00+00:00,0.0,0.4431245576660917,5.361930294906166,119.06164470996733,44.26520638564878
1737052200.Thu.Jan.16_18_30_00.GMT.2025.CACO03.c1.timex.jpg,c1,1737052200,2025-01-16T18:30:00+00:00,30.0,0.4431245576660917,5.361930294906166,104.47630080678104,15.831163052629748
1737054000.Thu.Jan.16_19_00_00.GMT.2025.CACO03.c1.timex.jpg,c1,1737054000,2025-01-16T19:00:00+00:00,0.0,0.4960265182981856,4.153686396677051,109.85958882250817,19.212305979011884
1737055800.Thu.Jan.16_19_30_00.GMT.2025.CACO03.c1.timex.jpg,c1,1737055800,2025-01-16T19:30:00+00:00,30.0,0.4960265182981856,4.153686396677051,115.95686529820262,16.474312198529248
1737057600.Thu.Jan.16_20_00_00.GMT.2025.CACO03.c1.timex.jpg,c1,1737057600,2025-01-16T20:00:00+00:00,0.0,0.4667344266743484,4.597701149425287,94.38515816482843,12.291093517558739
1737059400.Thu.Jan.16_20_30_00.GMT.2025.CACO03.c1.timex.jpg,c1,1737059400,2025-01-16T20:30:00+00:00,30.0,0.4667344266743484,4.597701149425287,88.3914834814134,12.738111631634688
1737061200.Thu.Jan.16_21_00_00.GMT.2025.CACO03.c1.timex.jpg,c1,1737061200,2025-01-16T21:00:00+00:00,0.0,0.411800712653002,4.767580452920143,78.86962890625,10.110414923686198
1737063000.Thu.Jan.16_21_30_00.GMT.2025.CACO03.c1.timex.jpg,c1,1737063000,2025-01-16T21:30:00+00:00,30.0,0.411800712653002,4.767580452920143,62.55181206597222,3.9600372151494554
1737064800.Thu.Jan.16_22_00_00.GMT.2025.CACO03.c1.timex.jpg,c1,1737064800,2025-01-16T22:00:00+00:00,0.0,0.3930358751654823,5.594405594405594,1.0119900173611112,0.05925436555420089
1737066600.Thu.Jan.16_22_30_00.GMT.2025.CACO03.c1.timex.jpg,c1,1737066600,2025-01-16T22:30:00+00:00,30.0,0.3930358751654823,5.594405594405594,2.5531045751633988e-05,0.0004084967320261438
1737068400.Thu.Jan.16_23_00_00.GMT.2025.CACO03.c1.timex.jpg,c1,1737068400,2025-01-16T23:00:00+00:00,0.0,0.3756217788931788,4.950495049504951,0.0,0.0
1737070200.Thu.Jan.16_23_30_00.GMT.2025.CACO03.c1.timex.jpg,c1,1737070200,2025-01-16T23:30:00+00:00,30.0,0.3756217788931788,4.950495049504951,0.0,0.0
1737072000.Fri.Jan.17_00_00_00.GMT.2025.CACO03.c1.timex.jpg,c1,1737072000,2025-01-17T00:00:00+00:00,0.0,0.3470000787646765,5.361930294906166,0.0009446486928104575,0.006804023692810458
1737073800.Fri.Jan.17_00_30_00.GMT.2025.CACO03.c1.timex.jpg,c1,1737073800,2025-01-17T00:30:00+00:00,30.0,0.3470000787646765,5.361930294906166,0.0,0.0
1737075600.Fri.Jan.17_01_00_00.GMT.2025.CACO03.c1.timex.jpg,c1,1737075600,2025-01-17T01:00:00+00:00,0.0,0.3408129024207271,5.148005148005149,0.0,0.0
1737077400.Fri.Jan.17_01_30_00.GMT.2025.CACO03.c1.timex.jpg,c1,1737077400,2025-01-17T01:30:00+00:00,30.0,0.3408129024207271,5.148005148005149,0.0,0.0
1737079200.Fri.Jan.17_02_00_00.GMT.2025.CACO03.c1.timex.jpg,c1,1737079200,2025-01-17T02:00:00+00:00,0.0,0.3328898820568316,10.6951871657754,0.0,0.0
1737081000.Fri.Jan.17_02_30_00.GMT.2025.CACO03.c1.timex.jpg,c1,1737081000,2025-01-17T02:30:00+00:00,30.0,0.3328898820568316,10.6951871657754,0.0,0.0
1737082800.Fri.Jan.17_03_00_00.GMT.2025.CACO03.c1.timex.jpg,c1,1737082800,2025-01-17T03:00:00+00:00,0.0,0.3140613724713408,10.6951871657754,0.0,0.0
1737113400.Fri.Jan.17_11_30_00.GMT.2025.CACO03.c1.timex.jpg,c1,1737113400,2025-01-17T11:30:00+00:00,30.0,0.3174672192251069,10.6951871657754,0.9905471303104575,0.21477672651335603
1737115200.Fri.Jan.17_12_00_00.GMT.2025.CACO03.c1.timex.jpg,c1,1737115200,2025-01-17T12:00:00+00:00,0.0,0.3279878110453532,9.174311926605505,45.15767016441993,3.028785886409685
1737117000.Fri.Jan.17_12_30_00.GMT.2025.CACO03.c1.timex.jpg,c1,1737117000,2025-01-17T12:30:00+00:00,30.0,0.3279878110453532,9.174311926605505,169.02428959865196,20.250897293409807
1737118800.Fri.Jan.17_13_00_00.GMT.2025.CACO03.c1.timex.jpg,c1,1737118800,2025-01-17T13:00:00+00:00,0.0,0.3930432201326044,10.6951871657754,126.67164202920752,66.19308120926634
1737120600.Fri.Jan.17_13_30_00.GMT.2025.CACO03.c1.timex.jpg,c1,1737120600,2025-01-17T13:30:00+00:00,30.0,0.3930432201326044,10.6951871657754,111.15287990196079,21.70869282686378
1737122400.Fri.Jan.17_14_00_00.GMT.2025.CACO03.c1.timex.jpg,c1,1737122400,2025-01-17T14:00:00+00:00,0.0,0.3004082395202279,10.6951871657754,181.01802810968138,26.76157832594846
1737124200.Fri.Jan.17_14_30_00.GMT.2025.CACO03.c1.timex.jpg,c1,1737124200,2025-01-17T14:30:00+00:00,30.0,0.3004082395202279,10.6951871657754,159.19547526041666,30.804287205614663
1737126000.Fri.Jan.17_15_00_00.GMT.2025.CACO03.c1.timex.jpg,c1,1737126000,2025-01-17T15:00:00+00:00,0.0,0.8917067628415076,4.439511653718091,101.87953814338235,28.11022390234174
1737127800.Fri.Jan.17_15_30_00.GMT.2025.CACO03.c1.timex.jpg,c1,1737127800,2025-01-17T15:30:00+00:00,30.0,0.8917067628415076,4.439511653718091,131.80154079861111,46.36151960780241
1737129600.Fri.Jan.17_16_00_00.GMT.2025.CACO03.c1.timex.jpg,c1,1737129600,2025-01-17T16:00:00+00:00,0.0,1.097765008151692,4.950495049504951,109.21762025122548,37.30005896801858
1737131400.Fri.Jan.17_16_30_00.GMT.2025.CACO03.c1.timex.jpg,c1,1737131400,2025-01-17T16:30:00+00:00,30.0,1.097765008151692,4.950495049504951,151.55720869076796,89.27940502958727
1737133200.Fri.Jan.17_17_00_00.GMT.2025.CACO03.c1.timex.jpg,c1,1737133200,2025-01-17T17:00:00+00:00,0.0,1.2461487210150357,5.847953216374269,96.57314644607843,181.84943235504605
1737135000.Fri.Jan.17_17_30_00.GMT.2025.CACO03.c1.timex.jpg,c1,1737135000,2025-01-17T17:30:00+00:00,30.0,1.2461487210150357,5.847953216374269,120.61793109170752,234.54667390992392
1737136800.Fri.Jan.17_18_00_00.GMT.2025.CACO03.c1.timex.jpg,c1,1737136800,2025-01-17T18:00:00+00:00,0.0,1.171548086789521,5.847953216374269,163.3875612745098,218.99347090411513
1737138600.Fri.Jan.17_18_30_00.GMT.2025.CACO03.c1.timex.jpg,c1,1737138600,2025-01-17T18:30:00+00:00,30.0,1.171548086789521,5.847953216374269,153.46195555044935,187.9456371760561
1737140400.Fri.Jan.17_19_00_00.GMT.2025.CACO03.c1.timex.jpg,c1,1737140400,2025-01-17T19:00:00+00:00,0.0,1.145573975460882,5.594405594405594,115.52098332822712,169.6214887797947
1737142200.Fri.Jan.17_19_30_00.GMT.2025.CACO03.c1.timex.jpg,c1,1737142200,2025-01-17T19:30:00+00:00,30.0,1.145573975460882,5.594405594405594,113.75587214052288,104.39193588309635
1737144000.Fri.Jan.17_20_00_00.GMT.2025.CACO03.c1.timex.jpg,c1,1737144000,2025-01-17T20:00:00+00:00,0.0,1.313995972967392,5.594405594405594,128.499715967116,170.07532433262904
1737145800.Fri.Jan.17_20_30_00.GMT.2025.CACO03.c1.timex.jpg,c1,1737145800,2025-01-17T20:30:00+00:00,30.0,1.313995972967392,5.594405594405594,120.50099571078431,142.5539121430628
1737147600.Fri.Jan.17_21_00_00.GMT.2025.CACO03.c1.timex.jpg,c1,1737147600,2025-01-17T21:00:00+00:00,0.0,1.0256628050240866,5.594405594405594,128.85761016646242,108.47418406469113
1737149400.Fri.Jan.17_21_30_00.GMT.2025.CACO03.c1.timex.jpg,c1,1737149400,2025-01-17T21:30:00+00:00,30.0,1.0256628050240866,5.594405594405594,83.75964435253267,35.36898550423407
1737151200.Fri.Jan.17_22_00_00.GMT.2025.CACO03.c1.timex.jpg,c1,1737151200,2025-01-17T22:00:00+00:00,0.0,0.8716144342110985,5.361930294906166,1.9688457414215685,0.4418626049662946
1737153000.Fri.Jan.17_22_30_00.GMT.2025.CACO03.c1.timex.jpg,c1,1737153000,2025-01-17T22:30:00+00:00,30.0,0.8716144342110985,5.361930294906166,0.0,0.0
1737154800.Fri.Jan.17_23_00_00.GMT.2025.CACO03.c1.timex.jpg,c1,1737154800,2025-01-17T23:00:00+00:00,0.0,0.7645541216547379,5.148005148005149,0.0,0.0
1737156600.Fri.Jan.17_23_30_00.GMT.2025.CACO03.c1.timex.jpg,c1,1737156600,2025-01-17T23:30:00+00:00,30.0,0.7645541216547379,5.148005148005149,0.0,0.0
1737158400.Sat.Jan.18_00_00_00.GMT.2025.CACO03.c1.timex.jpg,c1,1737158400,2025-01-18T00:00:00+00:00,0.0,0.6409125610712191,5.148005148005149,0.0,0.0
1737160200.Sat.Jan.18_00_30_00.GMT.2025.CACO03.c1.timex.jpg,c1,1737160200,2025-01-18T00:30:00+00:00,30.0,0.6409125610712191,5.148005148005149,0.0,0.0
1737162000.Sat.Jan.18_01_00_00.GMT.2025.CACO03.c1.timex.jpg,c1,1737162000,2025-01-18T01:00:00+00:00,0.0,0.4999095757681353,5.148005148005149,0.0,0.0
1737163800.Sat.Jan.18_01_30_00.GMT.2025.CACO03.c1.timex.jpg,c1,1737163800,2025-01-18T01:30:00+00:00,30.0,0.4999095757681353,5.148005148005149,0.0,0.0
1737165600.Sat.Jan.18_02_00_00.GMT.2025.CACO03.c1.timex.jpg,c1,1737165600,2025-01-18T02:00:00+00:00,0.0,0.5811165643690136,4.767580452920143,0.019802517361111112,0.09534247452478699
1737167400.Sat.Jan.18_02_30_00.GMT.2025.CACO03.c1.timex.jpg,c1,1737167400,2025-01-18T02:30:00+00:00,30.0,0.5811165643690136,4.767580452920143,0.03299249387254902,0.02074716604373669
1737169200.Sat.Jan.18_03_00_00.GMT.2025.CACO03.c1.timex.jpg,c1,1737169200,2025-01-18T03:00:00+00:00,0.0,0.5244166233244638,4.950495049504951,0.04825048508986928,0.031390420751633986
1737199800.Sat.Jan.18_11_30_00.GMT.2025.CACO03.c1.timex.jpg,c1,1737199800,2025-01-18T11:30:00+00:00,30.0,0.4261457823422487,10.6951871657754,1.1467524509803921,0.13856336789259696
1737201600.Sat.Jan.18_12_00_00.GMT.2025.CACO03.c1.timex.jpg,c1,1737201600,2025-01-18T12:00:00+00:00,0.0,0.4558225239815802,5.361930294906166,61.19209877961601,24.088596456557777
1737203400.Sat.Jan.18_12_30_00.GMT.2025.CACO03.c1.timex.jpg,c1,1737203400,2025-01-18T12:30:00+00:00,30.0,0.4558225239815802,5.361930294906166,126.27375982945262,153.77725441769843
1737205200.Sat.Jan.18_13_00_00.GMT.2025.CACO03.c1.timex.jpg,c1,1737205200,2025-01-18T13:00:00+00:00,0.0,0.4939626945070781,5.361930294906166,169.15575214460785,180.12285948661327
1737207000.Sat.Jan.18_13_30_00.GMT.2025.CACO03.c1.timex.jpg,c1,1737207000,2025-01-18T13:30:00+00:00,30.0,0.4939626945070781,5.361930294906166,128.4673553666258,163.44927931481706
1737208800.Sat.Jan.18_14_00_00.GMT.2025.CACO03.c1.timex.jpg,c1,1737208800,2025-01-18T14:00:00+00:00,0.0,0.5381376567006024,5.361930294906166,148.298930249183,183.97795034839024
1737210600.Sat.Jan.18_14_30_00.GMT.2025.CACO03.c1.timex.jpg,c1,1737210600,2025-01-18T14:30:00+00:00,30.0,0.5381376567006024,5.361930294906166,123.51064325469771,96.07826505503185
1737212400.Sat.Jan.18_15_00_00.GMT.2025.CACO03.c1.timex.jpg,c1,1737212400,2025-01-18T15:00:00+00:00,0.0,0.8442274883000387,4.597701149425287,158.81112132352942,103.43748100615967
1737214200.Sat.Jan.18_15_30_00.GMT.2025.CACO03.c1.timex.jpg,c1,1737214200,2025-01-18T15:30:00+00:00,30.0,0.8442274883000387,4.597701149425287,139.54174964256535,52.204553809657476
1737216000.Sat.Jan.18_16_00_00.GMT.2025.CACO03.c1.timex.jpg,c1,1737216000,2025-01-18T16:00:00+00:00,0.0,0.8598448355898078,4.291845493562232,135.8054279003268,30.080612577048235
1737217800.Sat.Jan.18_16_30_00.GMT.2025.CACO03.c1.timex.jpg,c1,1737217800,2025-01-18T16:30:00+00:00,30.0,0.8598448355898078,4.291845493562232,141.82823988970588,37.235875878738796
1737219600.Sat.Jan.18_17_00_00.GMT.2025.CACO03.c1.timex.jpg,c1,1737219600,2025-01-18T17:00:00+00:00,0.0,0.9980429119274856,4.767580452920143,121.22063929738562,19.07163521925629
1737221400.Sat.Jan.18_17_30_00.GMT.2025.CACO03.c1.timex.jpg,c1,1737221400,2025-01-18T17:30:00+00:00,30.0,0.9980429119274856,4.767580452920143,118.2528626685049,15.525750883223736
1737223200.Sat.Jan.18_18_00_00.GMT.2025.CACO03.c1.timex.jpg,c1,1737223200,2025-01-18T18:00:00+00:00,0.0,0.9606205140333132,4.950495049504951,149.74550972732843,28.457425560526115
1737225000.Sat.Jan.18_18_30_00.GMT.2025.CACO03.c1.timex.jpg,c1,1737225000,2025-01-18T18:30:00+00:00,30.0,0.9606205140333132,4.950495049504951,114.80572469873366,15.42770409549417
1737226800.Sat.Jan.18_19_00_00.GMT.2025.CACO03.c1.timex.jpg,c1,1737226800,2025-01-18T19:00:00+00:00,0.0,0.9568165294414858,4.950495049504951,155.83761935763889,32.94066087487385
1737228600.Sat.Jan.18_19_30_00.GMT.2025.CACO03.c1.timex.jpg,c1,1737228600,2025-01-18T19:30:00+00:00,30.0,0.9568165294414858,4.950495049504951,164.60286777471404,36.81805475197423
1737230400.Sat.Jan.18_20_00_00.GMT.2025.CACO03.c1.timex.jpg,c1,1737230400,2025-01-18T20:00:00+00:00,0.0,0.9688826071888064,5.361930294906166,129.63560176674838,21.762280362445473
1737232200.Sat.Jan.18_20_30_00.GMT.2025.CACO03.c1.timex.jpg,c1,1737232200,2025-01-18T20:30:00+00:00,30.0,0.9688826071888064,5.361930294906166,109.83941610498366,16.4261557521068
1737234000.Sat.Jan.18_21_00_00.GMT.2025.CACO03.c1.timex.jpg,c1,1737234000,2025-01-18T21:00:00+00:00,0.0,1.0212938046944864,5.594405594405594,41.763841018178105,3.244089005223515
1737235800.Sat.Jan.18_21_30_00.GMT.2025.CACO03.c1.timex.jpg,c1,1737235800,2025-01-18T21:30:00+00:00,30.0,1.0212938046944864,5.594405594405594,11.60238587622549,0.8109808049618935
1737237600.Sat.Jan.18_22_00_00.GMT.2025.CACO03.c1.timex.jpg,c1,1737237600,2025-01-18T22:00:00+00:00,0.0,1.2042641725746237,5.594405594405594,0.18660960477941177,0.44862196155093287
1737239400.Sat.Jan.18_22_30_00.GMT.2025.CACO03.c1.timex.jpg,c1,1737239400,2025-01-18T22:30:00+00:00,30.0,1.2042641725746237,5.594405594405594,6.382761437908497e-06,0.00012765522875816994
1737241200.Sat.Jan.18_23_00_00.GMT.2025.CACO03.c1.timex.jpg,c1,1737241200,2025-01-18T23:00:00+00:00,0.0,1.2257899116359643,5.847953216374269,6.382761437908497e-06,0.00012765522875816994
1737243000.Sat.Jan.18_23_30_00.GMT.2025.CACO03.c1.timex.jpg,c1,1737243000,2025-01-18T23:30:00+00:00,30.0,1.2257899116359643,5.847953216374269,6.382761437908497e-06,0.00012765522875816994
1737244800.Sun.Jan.19_00_00_00.GMT.2025.CACO03.c1.timex.jpg,c1,1737244800,2025-01-19T00:00:00+00:00,0.0,1.5641084022879836,6.125574272588055,6.382761437908497e-06,0.00012765522875816994
1737246600.Sun.Jan.19_00_30_00.GMT.2025.CACO03.c1.timex.jpg,c1,1737246600,2025-01-19T00:30:00+00:00,30.0,1.5641084022879836,6.125574272588055,6.382761437908497e-06,0.00012765522875816994
1737248400.Sun.Jan.19_01_00_00.GMT.2025.CACO03.c1.timex.jpg,c1,1737248400,2025-01-19T01:00:00+00:00,0.0,1.6097469938790523,6.125574272588055,6.382761437908497e-06,0.00012765522875816994
1737250200.Sun.Jan.19_01_30_00.GMT.2025.CACO03.c1.timex.jpg,c1,1737250200,2025-01-19T01:30:00+00:00,30.0,1.6097469938790523,6.125574272588055,6.382761437908497e-06,0.00012765522875816994
1737252000.Sun.Jan.19_02_00_00.GMT.2025.CACO03.c1.timex.jpg,c1,1737252000,2025-01-19T02:00:00+00:00,0.0,1.6698007952739486,6.430868167202571,6.382761437908497e-06,0.00012765522875816994
1737253800.Sun.Jan.19_02_30_00.GMT.2025.CACO03.c1.timex.jpg,c1,1737253800,2025-01-19T02:30:00+00:00,30.0,1.6698007952739486,6.430868167202571,6.382761437908497e-06,0.00012765522875816994
1737255600.Sun.Jan.19_03_00_00.GMT.2025.CACO03.c1.timex.jpg,c1,1737255600,2025-01-19T03:00:00+00:00,0.0,1.5977656134250198,6.768189509306261,6.382761437908497e-06,0.00012765522875816994
1737286200.Sun.Jan.19_11_30_00.GMT.2025.CACO03.c1.timex.jpg,c1,1737286200,2025-01-19T11:30:00+00:00,30.0,0.9789146613140084,7.561436672967865,7.046699474060458,0.4015873548715544
1737288000.Sun.Jan.19_12_00_00.GMT.2025.CACO03.c1.timex.jpg,c1,1737288000,2025-01-19T12:00:00+00:00,0.0,1.0461036830136925,7.142857142857142,135.27790543300654,7.698442518413182
1737289800.Sun.Jan.19_12_30_00.GMT.2025.CACO03.c1.timex.jpg,c1,1737289800,2025-01-19T12:30:00+00:00,30.0,1.0461036830136925,7.142857142857142,117.28812742544935,20.603630470340413
1737291600.Sun.Jan.19_13_00_00.GMT.2025.CACO03.c1.timex.jpg,c1,1737291600,2025-01-19T13:00:00+00:00,0.0,1.007772140993945,7.142857142857142,115.50359987745098,35.075549176382054
1737293400.Sun.Jan.19_13_30_00.GMT.2025.CACO03.c1.timex.jpg,c1,1737293400,2025-01-19T13:30:00+00:00,30.0,1.007772140993945,7.142857142857142,118.65014808006536,41.15259763583292
1737295200.Sun.Jan.19_14_00_00.GMT.2025.CACO03.c1.timex.jpg,c1,1737295200,2025-01-19T14:00:00+00:00,0.0,0.904153012530008,6.768189509306261,124.47031058517157,54.48843995518235
1737297000.Sun.Jan.19_14_30_00.GMT.2025.CACO03.c1.timex.jpg,c1,1737297000,2025-01-19T14:30:00+00:00,30.0,0.904153012530008,6.768189509306261,127.11616306678921,59.5563202349072
1737298800.Sun.Jan.19_15_00_00.GMT.2025.CACO03.c1.timex.jpg,c1,1737298800,2025-01-19T15:00:00+00:00,0.0,0.9625188721208776,6.430868167202571,122.4198548560049,50.45501380116659
1737300600.Sun.Jan.19_15_30_00.GMT.2025.CACO03.c1.timex.jpg,c1,1737300600,2025-01-19T15:30:00+00:00,30.0,0.9625188721208776,6.430868167202571,121.60868885314542,50.583449472595376
1737302400.Sun.Jan.19_16_00_00.GMT.2025.CACO03.c1.timex.jpg,c1,1737302400,2025-01-19T16:00:00+00:00,0.0,0.8017773258983356,6.768189509306261,127.5178813061683,56.97400072495927
1737304200.Sun.Jan.19_16_30_00.GMT.2025.CACO03.c1.timex.jpg,c1,1737304200,2025-01-19T16:30:00+00:00,30.0,0.8017773258983356,6.768189509306261,127.64278237336602,54.3417471795504
1737306000.Sun.Jan.19_17_00_00.GMT.2025.CACO03.c1.timex.jpg,c1,1737306000,2025-01-19T17:00:00+00:00,0.0,0.7584958590477521,6.430868167202571,130.84427338643792,28.757234953954008
1737307800.Sun.Jan.19_17_30_00.GMT.2025.CACO03.c1.timex.jpg,c1,1737307800,2025-01-19T17:30:00+00:00,30.0,0.7584958590477521,6.430868167202571,125.11300679125817,17.22584444959444
1737309600.Sun.Jan.19_18_00_00.GMT.2025.CACO03.c1.timex.jpg,c1,1737309600,2025-01-19T18:00:00+00:00,0.0,0.8133124799238755,6.768189509306261,132.50642744076796,19.02944800991124
1737311400.Sun.Jan.19_18_30_00.GMT.2025.CACO03.c1.timex.jpg,c1,1737311400,2025-01-19T18:30:00+00:00,30.0,0.8133124799238755,6.768189509306261,134.04114328022877,19.278259706902553
1737313200.Sun.Jan.19_19_00_00.GMT.2025.CACO03.c1.timex.jpg,c1,1737313200,2025-01-19T19:00:00+00:00,0.0,0.86095254073824,6.430868167202571,131.21425653594773,14.982791029906362
1737315000.Sun.Jan.19_19_30_00.GMT.2025.CACO03.c1.timex.jpg,c1,1737315000,2025-01-19T19:30:00+00:00,30.0,0.86095254073824,6.430868167202571,120.09973064746733,16.181771390934795
1737316800.Sun.Jan.19_20_00_00.GMT.2025.CACO03.c1.timex.jpg,c1,1737316800,2025-01-19T20:00:00+00:00,0.0,0.7827176707609079,9.876543209876544,175.75872523488562,26.678088559228062
1737318600.Sun.Jan.19_20_30_00.GMT.2025.CACO03.c1.timex.jpg,c1,1737318600,2025-01-19T20:30:00+00:00,30.0,0.7827176707609079,9.876543209876544,110.83209507761438,15.481215654726627
1737320400.Sun.Jan.19_21_00_00.GMT.2025.CACO03.c1.timex.jpg,c1,1737320400,2025-01-19T21:00:00+00:00,0.0,0.8659370232906303,9.174311926605505,81.63382097630719,11.93882400328837
1737322200.Sun.Jan.19_21_30_00.GMT.2025.CACO03.c1.timex.jpg,c1,1737322200,2025-01-19T21:30:00+00:00,30.0,0.8659370232906303,9.174311926605505,18.454015395220587,1.2997823338918244
1737324000.Sun.Jan.19_22_00_00.GMT.2025.CACO03.c1.timex.jpg,c1,1737324000,2025-01-19T22:00:00+00:00,0.0,1.1003627127439202,9.876543209876544,1.1312614889705883,0.11341847887185445
1737325800.Sun.Jan.19_22_30_00.GMT.2025.CACO03.c1.timex.jpg,c1,1737325800,2025-01-19T22:30:00+00:00,30.0,1.1003627127439202,9.876543209876544,0.0,0.0
1737327600.Sun.Jan.19_23_00_00.GMT.2025.CACO03.c1.timex.jpg,c1,1737327600,2025-01-19T23:00:00+00:00,0.0,1.0110132169958057,9.876543209876544,0.0,0.0
1737329400.Sun.Jan.19_23_30_00.GMT.2025.CACO03.c1.timex.jpg,c1,1737329400,2025-01-19T23:30:00+00:00,30.0,1.0110132169958057,9.876543209876544,0.0,0.0
1737331200.Mon.Jan.20_00_00_00.GMT.2025.CACO03.c1.timex.jpg,c1,1737331200,2025-01-20T00:00:00+00:00,0.0,1.0571383231434968,9.174311926605505,0.0,0.0
1737333000.Mon.Jan.20_00_30_00.GMT.2025.CACO03.c1.timex.jpg,c1,1737333000,2025-01-20T00:30:00+00:00,30.0,1.0571383231434968,9.174311926605505,0.0,0.0
1737334800.Mon.Jan.20_01_00_00.GMT.2025.CACO03.c1.timex.jpg,c1,1737334800,2025-01-20T01:00:00+00:00,0.0,1.0722505786589251,9.174311926605505,0.0,0.0
1737336600.Mon.Jan.20_01_30_00.GMT.2025.CACO03.c1.timex.jpg,c1,1737336600,2025-01-20T01:30:00+00:00,30.0,1.0722505786589251,9.174311926605505,0.0,0.0
1737338400.Mon.Jan.20_02_00_00.GMT.2025.CACO03.c1.timex.jpg,c1,1737338400,2025-01-20T02:00:00+00:00,0.0,1.239630741829519,9.876543209876544,0.0,0.0
1737340200.Mon.Jan.20_02_30_00.GMT.2025.CACO03.c1.timex.jpg,c1,1737340200,2025-01-20T02:30:00+00:00,30.0,1.239630741829519,9.876543209876544,0.0,0.0
1737342000.Mon.Jan.20_03_00_00.GMT.2025.CACO03.c1.timex.jpg,c1,1737342000,2025-01-20T03:00:00+00:00,0.0,1.232597254505661,10.6951871657754,0.0,0.0
1737372600.Mon.Jan.20_11_30_00.GMT.2025.CACO03.c1.timex.jpg,c1,1737372600,2025-01-20T11:30:00+00:00,30.0,2.142986917005539,8.032128514056225,1.0,0.0
1737374400.Mon.Jan.20_12_00_00.GMT.2025.CACO03.c1.timex.jpg,c1,1737374400,2025-01-20T12:00:00+00:00,0.0,2.1146215349034363,8.032128514056225,40.11226000816993,4.214380014700985
1737376200.Mon.Jan.20_12_30_00.GMT.2025.CACO03.c1.timex.jpg,c1,1737376200,2025-01-20T12:30:00+00:00,30.0,2.1146215349034363,8.032128514056225,161.4773380055147,41.97269502712328
1737378000.Mon.Jan.20_13_00_00.GMT.2025.CACO03.c1.timex.jpg,c1,1737378000,2025-01-20T13:00:00+00:00,0.0,2.240538482222157,8.032128514056225,159.66484757965685,41.51506807913188
1737379800.Mon.Jan.20_13_30_00.GMT.2025.CACO03.c1.timex.jpg,c1,1737379800,2025-01-20T13:30:00+00:00,30.0,2.240538482222157,8.032128514056225,135.0293160232843,30.092016912707454
1737381600.Mon.Jan.20_14_00_00.GMT.2025.CACO03.c1.timex.jpg,c1,1737381600,2025-01-20T14:00:00+00:00,0.0,2.267834281258392,8.032128514056225,138.9631427440768,30.46708064526606
1737383400.Mon.Jan.20_14_30_00.GMT.2025.CACO03.c1.timex.jpg,c1,1737383400,2025-01-20T14:30:00+00:00,30.0,2.267834281258392,8.032128514056225,167.61718111723857,23.500756527593396
1737385200.Mon.Jan.20_15_00_00.GMT.2025.CACO03.c1.timex.jpg,c1,1737385200,2025-01-20T15:00:00+00:00,0.0,2.156975330162598,7.561436672967865,136.9954363255719,47.89601329703207
1737387000.Mon.Jan.20_15_30_00.GMT.2025.CACO03.c1.timex.jpg,c1,1737387000,2025-01-20T15:30:00+00:00,30.0,2.156975330162598,7.561436672967865,143.93972439236111,58.17793879479843
1737388800.Mon.Jan.20_16_00_00.GMT.2025.CACO03.c1.timex.jpg,c1,1737388800,2025-01-20T16:00:00+00:00,0.0,1.998673896797185,8.032128514056225,142.34754136029412,52.44538271000916
1737390600.Mon.Jan.20_16_30_00.GMT.2025.CACO03.c1.timex.jpg,c1,1737390600,2025-01-20T16:30:00+00:00,30.0,1.998673896797185,8.032128514056225,141.74384701797385,53.77778928467992
1737392400.Mon.Jan.20_17_00_00.GMT.2025.CACO03.c1.timex.jpg,c1,1737392400,2025-01-20T17:00:00+00:00,0.0,2.007137074637064,8.032128514056225,145.0101709303513,49.7581522572916
1737394200.Mon.Jan.20_17_30_00.GMT.2025.CACO03.c1.timex.jpg,c1,1737394200,2025-01-20T17:30:00+00:00,30.0,2.007137074637064,8.032128514056225,138.15977966707516,41.46251378781905
1737396000.Mon.Jan.20_18_00_00.GMT.2025.CACO03.c1.timex.jpg,c1,1737396000,2025-01-20T18:00:00+00:00,0.0,2.067796505459843,8.565310492505352,134.9499431934232,37.0671003899319
1737397800.Mon.Jan.20_18_30_00.GMT.2025.CACO03.c1.timex.jpg,c1,1737397800,2025-01-20T18:30:00+00:00,30.0,2.067796505459843,8.565310492505352,122.6087175755719,10.73641906980723
1737399600.Mon.Jan.20_19_00_00.GMT.2025.CACO03.c1.timex.jpg,c1,1737399600,2025-01-20T19:00:00+00:00,0.0,2.042223993916602,7.561436672967865,111.67043568729575,10.404251126498728
1737401400.Mon.Jan.20_19_30_00.GMT.2025.CACO03.c1.timex.jpg,c1,1737401400,2025-01-20T19:30:00+00:00,30.0,2.042223993916602,7.561436672967865,99.57401131025327,10.163915415831525
1737403200.Mon.Jan.20_20_00_00.GMT.2025.CACO03.c1.timex.jpg,c1,1737403200,2025-01-20T20:00:00+00:00,0.0,1.7385874195359905,8.032128514056225,93.97691355187908,12.899595081681417
1737405000.Mon.Jan.20_20_30_00.GMT.2025.CACO03.c1.timex.jpg,c1,1737405000,2025-01-20T20:30:00+00:00,30.0,1.7385874195359905,8.032128514056225,95.9318257250817,14.310146387355982
1737406800.Mon.Jan.20_21_00_00.GMT.2025.CACO03.c1.timex.jpg,c1,1737406800,2025-01-20T21:00:00+00:00,0.0,1.6106136837458878,7.561436672967865,114.69844005310458,13.139054168716411
1737408600.Mon.Jan.20_21_30_00.GMT.2025.CACO03.c1.timex.jpg,c1,1737408600,2025-01-20T21:30:00+00:00,30.0,1.6106136837458878,7.561436672967865,99.64062819138071,8.674658953799783
1737410400.Mon.Jan.20_22_00_00.GMT.2025.CACO03.c1.timex.jpg,c1,1737410400,2025-01-20T22:00:00+00:00,0.0,1.4680720709308412,8.032128514056225,2.7058663960375817,0.29988447078559965
1737412200.Mon.Jan.20_22_30_00.GMT.2025.CACO03.c1.timex.jpg,c1,1737412200,2025-01-20T22:30:00+00:00,30.0,1.4680720709308412,8.032128514056225,0.0,0.0
1737414000.Mon.Jan.20_23_00_00.GMT.2025.CACO03.c1.timex.jpg,c1,1737414000,2025-01-20T23:00:00+00:00,0.0,1.2919104169656923,8.032128514056225,0.0,0.0
1737415800.Mon.Jan.20_23_30_00.GMT.2025.CACO03.c1.timex.jpg,c1,1737415800,2025-01-20T23:30:00+00:00,30.0,1.2919104169656923,8.032128514056225,0.0,0.0
1737417600.Tue.Jan.21_00_00_00.GMT.2025.CACO03.c1.timex.jpg,c1,1737417600,2025-01-21T00:00:00+00:00,0.0,1.255332516689184,6.768189509306261,0.0,0.0
1737419400.Tue.Jan.21_00_30_00.GMT.2025.CACO03.c1.timex.jpg,c1,1737419400,2025-01-21T00:30:00+00:00,30.0,1.255332516689184,6.768189509306261,0.0,0.0
1737421200.Tue.Jan.21_01_00_00.GMT.2025.CACO03.c1.timex.jpg,c1,1737421200,2025-01-21T01:00:00+00:00,0.0,1.1079475765811673,8.032128514056225,0.0,0.0
1737423000.Tue.Jan.21_01_30_00.GMT.2025.CACO03.c1.timex.jpg,c1,1737423000,2025-01-21T01:30:00+00:00,30.0,1.1079475765811673,8.032128514056225,0.0,0.0
1737424800.Tue.Jan.21_02_00_00.GMT.2025.CACO03.c1.timex.jpg,c1,1737424800,2025-01-21T02:00:00+00:00,0.0,1.0512957113489634,10.6951871657754,0.0,0.0
1737426600.Tue.Jan.21_02_30_00.GMT.2025.CACO03.c1.timex.jpg,c1,1737426600,2025-01-21T02:30:00+00:00,30.0,1.0512957113489634,10.6951871657754,0.0,0.0
1737428400.Tue.Jan.21_03_00_00.GMT.2025.CACO03.c1.timex.jpg,c1,1737428400,2025-01-21T03:00:00+00:00,0.0,0.9771745066308364,10.6951871657754,0.0,0.0
1737459000.Tue.Jan.21_11_30_00.GMT.2025.CACO03.c1.timex.jpg,c1,1737459000,2025-01-21T11:30:00+00:00,30.0,0.7062712865755618,9.876543209876544,6.1604881535947715,0.6477992197822446
1737460800.Tue.Jan.21_12_00_00.GMT.2025.CACO03.c1.timex.jpg,c1,1737460800,2025-01-21T12:00:00+00:00,0.0,0.6255521952681962,10.6951871657754,123.00813482945262,11.213487413102778
1737462600.Tue.Jan.21_12_30_00.GMT.2025.CACO03.c1.timex.jpg,c1,1737462600,2025-01-21T12:30:00+00:00,30.0,0.6255521952681962,10.6951871657754,139.29746221405227,15.508144174434275
1737464400.Tue.Jan.21_13_00_00.GMT.2025.CACO03.c1.timex.jpg,c1,1737464400,2025-01-21T13:00:00+00:00,0.0,0.6702349611927805,10.6951871657754,136.22080844056373,15.610447241956567
1737466200.Tue.Jan.21_13_30_00.GMT.2025.CACO03.c1.timex.jpg,c1,1737466200,2025-01-21T13:30:00+00:00,30.0,0.6702349611927805,10.6951871657754,125.19922194138071,13.702607940550957
1737468000.Tue.Jan.21_14_00_00.GMT.2025.CACO03.c1.timex.jpg,c1,1737468000,2025-01-21T14:00:00+00:00,0.0,0.5987478808782329,9.876543209876544,151.8220103145425,42.84178968229371
1737469800.Tue.Jan.21_14_30_00.GMT.2025.CACO03.c1.timex.jpg,c1,1737469800,2025-01-21T14:30:00+00:00,30.0,0.5987478808782329,9.876543209876544,156.64894173815358,48.693014431948995
1737471600.Tue.Jan.21_15_00_00.GMT.2025.CACO03.c1.timex.jpg,c1,1737471600,2025-01-21T15:00:00+00:00,0.0,0.4713163948880713,10.6951871657754,124.74207261029412,17.698277133548675
1737473400.Tue.Jan.21_15_30_00.GMT.2025.CACO03.c1.timex.jpg,c1,1737473400,2025-01-21T15:30:00+00:00,30.0,0.4713163948880713,10.6951871657754,149.2513978247549,29.18134700477421
1737475200.Tue.Jan.21_16_00_00.GMT.2025.CACO03.c1.timex.jpg,c1,1737475200,2025-01-21T16:00:00+00:00,0.0,0.5264709356315567,9.876543209876544,132.97409556270424,39.25475145027941
1737477000.Tue.Jan.21_16_30_00.GMT.2025.CACO03.c1.timex.jpg,c1,1737477000,2025-01-21T16:30:00+00:00,30.0,0.5264709356315567,9.876543209876544,144.79833984375,30.178286483609757
1737478800.Tue.Jan.21_17_00_00.GMT.2025.CACO03.c1.timex.jpg,c1,1737478800,2025-01-21T17:00:00+00:00,0.0,0.3875803991745536,10.6951871657754,121.47550615298202,17.92257707181829
1737480600.Tue.Jan.21_17_30_00.GMT.2025.CACO03.c1.timex.jpg,c1,1737480600,2025-01-21T17:30:00+00:00,30.0,0.3875803991745536,10.6951871657754,135.81654986213235,20.47342856348215
1737482400.Tue.Jan.21_18_00_00.GMT.2025.CACO03.c1.timex.jpg,c1,1737482400,2025-01-21T18:00:00+00:00,0.0,0.3648786931847373,9.876543209876544,134.87820414624184,19.961738479270334
1737484200.Tue.Jan.21_18_30_00.GMT.2025.CACO03.c1.timex.jpg,c1,1737484200,2025-01-21T18:30:00+00:00,30.0,0.3648786931847373,9.876543209876544,135.12723396650327,19.70915670625891
1737486000.Tue.Jan.21_19_00_00.GMT.2025.CACO03.c1.timex.jpg,c1,1737486000,2025-01-21T19:00:00+00:00,0.0,0.3949730070350998,10.6951871657754,130.4338299121732,17.99300759675548
1737487800.Tue.Jan.21_19_30_00.GMT.2025.CACO03.c1.timex.jpg,c1,1737487800,2025-01-21T19:30:00+00:00,30.0,0.3949730070350998,10.6951871657754,120.0908713745915,15.221532546621939
1737489600.Tue.Jan.21_20_00_00.GMT.2025.CACO03.c1.timex.jpg,c1,1737489600,2025-01-21T20:00:00+00:00,0.0,0.405622431739577,9.174311926605505,131.6225266799428,19.132100672982396
1737491400.Tue.Jan.21_20_30_00.GMT.2025.CACO03.c1.timex.jpg,c1,1737491400,2025-01-21T20:30:00+00:00,30.0,0.405622431739577,9.174311926605505,115.96333741830065,13.829331318445728
1737493200.Tue.Jan.21_21_00_00.GMT.2025.CACO03.c1.timex.jpg,c1,1737493200,2025-01-21T21:00:00+00:00,0.0,0.4299298639610444,9.174311926605505,111.15893395118464,12.838918107776804
1737495000.Tue.Jan.21_21_30_00.GMT.2025.CACO03.c1.timex.jpg,c1,1737495000,2025-01-21T21:30:00+00:00,30.0,0.4299298639610444,9.174311926605505,38.084156709558826,2.427992868272725
1737496800.Tue.Jan.21_22_00_00.GMT.2025.CACO03.c1.timex.jpg,c1,1737496800,2025-01-21T22:00:00+00:00,0.0,0.4058548541451913,9.876543209876544,1.0272799223856208,0.09343405248384583
1737498600.Tue.Jan.21_22_30_00.GMT.2025.CACO03.c1.timex.jpg,c1,1737498600,2025-01-21T22:30:00+00:00,30.0,0.4058548541451913,9.876543209876544,3.1913807189542485e-06,6.382761437908497e-05
1737500400.Tue.Jan.21_23_00_00.GMT.2025.CACO03.c1.timex.jpg,c1,1737500400,2025-01-21T23:00:00+00:00,0.0,0.4656243748203001,9.876543209876544,3.1913807189542485e-06,6.382761437908497e-05
1737502200.Tue.Jan.21_23_30_00.GMT.2025.CACO03.c1.timex.jpg,c1,1737502200,2025-01-21T23:30:00+00:00,30.0,0.4656243748203001,9.876543209876544,3.1913807189542485e-06,6.382761437908497e-05
1737504000.Wed.Jan.22_00_00_00.GMT.2025.CACO03.c1.timex.jpg,c1,1737504000,2025-01-22T00:00:00+00:00,0.0,0.4434440626769955,9.174311926605505,3.1913807189542485e-06,6.382761437908497e-05
1737505800.Wed.Jan.22_00_30_00.GMT.2025.CACO03.c1.timex.jpg,c1,1737505800,2025-01-22T00:30:00+00:00,30.0,0.4434440626769955,9.174311926605505,3.1913807189542485e-06,6.382761437908497e-05
1737507600.Wed.Jan.22_01_00_00.GMT.2025.CACO03.c1.timex.jpg,c1,1737507600,2025-01-22T01:00:00+00:00,0.0,0.4407324153366492,9.174311926605505,3.1913807189542485e-06,6.382761437908497e-05
1737509400.Wed.Jan.22_01_30_00.GMT.2025.CACO03.c1.timex.jpg,c1,1737509400,2025-01-22T01:30:00+00:00,30.0,0.4407324153366492,9.174311926605505,3.1913807189542485e-06,6.382761437908497e-05
1737511200.Wed.Jan.22_02_00_00.GMT.2025.CACO03.c1.timex.jpg,c1,1737511200,2025-01-22T02:00:00+00:00,0.0,0.4425136579954866,9.876543209876544,3.1913807189542485e-06,6.382761437908497e-05
1737513000.Wed.Jan.22_02_30_00.GMT.2025.CACO03.c1.timex.jpg,c1,1737513000,2025-01-22T02:30:00+00:00,30.0,0.4425136579954866,9.876543209876544,3.1913807189542485e-06,6.382761437908497e-05
1737514800.Wed.Jan.22_03_00_00.GMT.2025.CACO03.c1.timex.jpg,c1,1737514800,2025-01-22T03:00:00+00:00,0.0,0.4090124264266411,9.174311926605505,3.1913807189542485e-06,6.382761437908497e-05
1737545400.Wed.Jan.22_11_30_00.GMT.2025.CACO03.c1.timex.jpg,c1,1737545400,2025-01-22T11:30:00+00:00,30.0,0.7414952313213254,4.291845493562232,1.363424862132353,0.5090060743926462
1737547200.Wed.Jan.22_12_00_00.GMT.2025.CACO03.c1.timex.jpg,c1,1737547200,2025-01-22T12:00:00+00:00,0.0,0.7948631980595667,4.439511653718091,60.16108494178921,9.850256603914717
1737549000.Wed.Jan.22_12_30_00.GMT.2025.CACO03.c1.timex.jpg,c1,1737549000,2025-01-22T12:30:00+00:00,30.0,0.7948631980595667,4.439511653718091,170.92574295343138,33.59946719168843
1737550800.Wed.Jan.22_13_00_00.GMT.2025.CACO03.c1.timex.jpg,c1,1737550800,2025-01-22T13:00:00+00:00,0.0,0.9476606845721716,4.291845493562232,146.85191993464053,33.74340469491207
1737552600.Wed.Jan.22_13_30_00.GMT.2025.CACO03.c1.timex.jpg,c1,1737552600,2025-01-22T13:30:00+00:00,30.0,0.9476606845721716,4.291845493562232,163.834676904616,53.39339080510335
1737554400.Wed.Jan.22_14_00_00.GMT.2025.CACO03.c1.timex.jpg,c1,1737554400,2025-01-22T14:00:00+00:00,0.0,0.6802968498335545,5.148005148005149,110.61480992136438,32.73821418797366
1737556200.Wed.Jan.22_14_30_00.GMT.2025.CACO03.c1.timex.jpg,c1,1737556200,2025-01-22T14:30:00+00:00,30.0,0.6802968498335545,5.148005148005149,145.39036330678104,43.237946738701375
1737558000.Wed.Jan.22_15_00_00.GMT.2025.CACO03.c1.timex.jpg,c1,1737558000,2025-01-22T15:00:00+00:00,0.0,0.7928932546502558,5.361930294906166,132.5154750051062,46.21199700173302
1737559800.Wed.Jan.22_15_30_00.GMT.2025.CACO03.c1.timex.jpg,c1,1737559800,2025-01-22T15:30:00+00:00,30.0,0.7928932546502558,5.361930294906166,186.0444846558415,23.91241615306124
1737561600.Wed.Jan.22_16_00_00.GMT.2025.CACO03.c1.timex.jpg,c1,1737561600,2025-01-22T16:00:00+00:00,0.0,0.7969265940550841,5.361930294906166,106.99505335988562,38.92647573926416
1737563400.Wed.Jan.22_16_30_00.GMT.2025.CACO03.c1.timex.jpg,c1,1737563400,2025-01-22T16:30:00+00:00,30.0,0.7969265940550841,5.361930294906166,138.5770782271242,61.65258592891949
1737565200.Wed.Jan.22_17_00_00.GMT.2025.CACO03.c1.timex.jpg,c1,1737565200,2025-01-22T17:00:00+00:00,0.0,0.8550299846377688,5.594405594405594,157.81488715277777,69.90742041589134
1737567000.Wed.Jan.22_17_30_00.GMT.2025.CACO03.c1.timex.jpg,c1,1737567000,2025-01-22T17:30:00+00:00,30.0,0.8550299846377688,5.594405594405594,145.2569891237745,73.70112748091874
1737568800.Wed.Jan.22_18_00_00.GMT.2025.CACO03.c1.timex.jpg,c1,1737568800,2025-01-22T18:00:00+00:00,0.0,0.9730478919541716,5.361930294906166,145.40318946589053,72.96979030552869
1737570600.Wed.Jan.22_18_30_00.GMT.2025.CACO03.c1.timex.jpg,c1,1737570600,2025-01-22T18:30:00+00:00,30.0,0.9730478919541716,5.361930294906166,131.40961052389707,57.45108005630705
1737572400.Wed.Jan.22_19_00_00.GMT.2025.CACO03.c1.timex.jpg,c1,1737572400,2025-01-22T19:00:00+00:00,0.0,0.8475147006606539,5.361930294906166,126.51056985294117,48.32810093988964
1737574200.Wed.Jan.22_19_30_00.GMT.2025.CACO03.c1.timex.jpg,c1,1737574200,2025-01-22T19:30:00+00:00,30.0,0.8475147006606539,5.361930294906166,131.6822629442402,52.40915990806694
1737576000.Wed.Jan.22_20_00_00.GMT.2025.CACO03.c1.timex.jpg,c1,1737576000,2025-01-22T20:00:00+00:00,0.0,0.7027042096188673,5.361930294906166,130.10443155126634,55.15186467717239
1737577800.Wed.Jan.22_20_30_00.GMT.2025.CACO03.c1.timex.jpg,c1,1737577800,2025-01-22T20:30:00+00:00,30.0,0.7027042096188673,5.361930294906166,132.990518407884,69.77921343042226
1737579600.Wed.Jan.22_21_00_00.GMT.2025.CACO03.c1.timex.jpg,c1,1737579600,2025-01-22T21:00:00+00:00,0.0,0.6704880627299759,5.361930294906166,109.88553474775327,52.491922854694806
1737581400.Wed.Jan.22_21_30_00.GMT.2025.CACO03.c1.timex.jpg,c1,1737581400,2025-01-22T21:30:00+00:00,30.0,0.6704880627299759,5.361930294906166,94.94495187397875,30.76886105805278
1737583200.Wed.Jan.22_22_00_00.GMT.2025.CACO03.c1.timex.jpg,c1,1737583200,2025-01-22T22:00:00+00:00,0.0,0.8077052654686279,6.125574272588055,4.060872395833333,0.46755638694543183
1737585000.Wed.Jan.22_22_30_00.GMT.2025.CACO03.c1.timex.jpg,c1,1737585000,2025-01-22T22:30:00+00:00,30.0,0.8077052654686279,6.125574272588055,0.0,0.0
1737586800.Wed.Jan.22_23_00_00.GMT.2025.CACO03.c1.timex.jpg,c1,1737586800,2025-01-22T23:00:00+00:00,0.0,0.8690544533903732,5.847953216374269,0.0,0.0
1737588600.Wed.Jan.22_23_30_00.GMT.2025.CACO03.c1.timex.jpg,c1,1737588600,2025-01-22T23:30:00+00:00,30.0,0.8690544533903732,5.847953216374269,0.0,0.0
1737590400.Thu.Jan.23_00_00_00.GMT.2025.CACO03.c1.timex.jpg,c1,1737590400,2025-01-23T00:00:00+00:00,0.0,0.9324867859847572,6.125574272588055,0.0,0.0
1737592200.Thu.Jan.23_00_30_00.GMT.2025.CACO03.c1.timex.jpg,c1,1737592200,2025-01-23T00:30:00+00:00,30.0,0.9324867859847572,6.125574272588055,0.0,0.0
1737594000.Thu.Jan.23_01_00_00.GMT.2025.CACO03.c1.timex.jpg,c1,1737594000,2025-01-23T01:00:00+00:00,0.0,0.8534596323208236,5.594405594405594,0.0,0.0
1737595800.Thu.Jan.23_01_30_00.GMT.2025.CACO03.c1.timex.jpg,c1,1737595800,2025-01-23T01:30:00+00:00,30.0,0.8534596323208236,5.594405594405594,5.744485294117647e-05,0.0007084865196078431
1737597600.Thu.Jan.23_02_00_00.GMT.2025.CACO03.c1.timex.jpg,c1,1737597600,2025-01-23T02:00:00+00:00,0.0,0.7824659158833758,5.847953216374269,0.0,0.0
1737599400.Thu.Jan.23_02_30_00.GMT.2025.CACO03.c1.timex.jpg,c1,1737599400,2025-01-23T02:30:00+00:00,30.0,0.7824659158833758,5.847953216374269,0.0,0.0
1737601200.Thu.Jan.23_03_00_00.GMT.2025.CACO03.c1.timex.jpg,c1,1737601200,2025-01-23T03:00:00+00:00,0.0,0.7826709378580151,5.361930294906166,3.1913807189542485e-05,0.0003765829248366013
1737631800.Thu.Jan.23_11_30_00.GMT.2025.CACO03.c1.timex.jpg,c1,1737631800,2025-01-23T11:30:00+00:00,30.0,0.7392014962656944,7.142857142857142,2.44476358251634,0.28586153877331955
1737633600.Thu.Jan.23_12_00_00.GMT.2025.CACO03.c1.timex.jpg,c1,1737633600,2025-01-23T12:00:00+00:00,0.0,0.7355717169268117,8.032128514056225,64.347270092933,7.055079698745951
1737635400.Thu.Jan.23_12_30_00.GMT.2025.CACO03.c1.timex.jpg,c1,1737635400,2025-01-23T12:30:00+00:00,30.0,0.7355717169268117,8.032128514056225,138.24890854779412,26.473108086287986
1737637200.Thu.Jan.23_13_00_00.GMT.2025.CACO03.c1.timex.jpg,c1,1737637200,2025-01-23T13:00:00+00:00,0.0,0.7422317308299519,7.142857142857142,125.92781415951798,33.29512274693565
1737639000.Thu.Jan.23_13_30_00.GMT.2025.CACO03.c1.timex.jpg,c1,1737639000,2025-01-23T13:30:00+00:00,30.0,0.7422317308299519,7.142857142857142,122.37973920036765,37.21261474459738
1737640800.Thu.Jan.23_14_00_00.GMT.2025.CACO03.c1.timex.jpg,c1,1737640800,2025-01-23T14:00:00+00:00,0.0,0.7794265981058109,7.561436672967865,129.20085911968954,47.18273097844751
1737642600.Thu.Jan.23_14_30_00.GMT.2025.CACO03.c1.timex.jpg,c1,1737642600,2025-01-23T14:30:00+00:00,30.0,0.7794265981058109,7.561436672967865,158.53994332107843,68.53552909265892
1737644400.Thu.Jan.23_15_00_00.GMT.2025.CACO03.c1.timex.jpg,c1,1737644400,2025-01-23T15:00:00+00:00,0.0,0.6717975833800719,7.561436672967865,131.8235102634804,52.322219822223346
1737646200.Thu.Jan.23_15_30_00.GMT.2025.CACO03.c1.timex.jpg,c1,1737646200,2025-01-23T15:30:00+00:00,30.0,0.6717975833800719,7.561436672967865,119.72955601511438,48.1099521947786
1737648000.Thu.Jan.23_16_00_00.GMT.2025.CACO03.c1.timex.jpg,c1,1737648000,2025-01-23T16:00:00+00:00,0.0,0.7054723419718301,7.561436672967865,125.70420049530229,55.84894537613043
1737649800.Thu.Jan.23_16_30_00.GMT.2025.CACO03.c1.timex.jpg,c1,1737649800,2025-01-23T16:30:00+00:00,30.0,0.7054723419718301,7.561436672967865,142.5847247753268,81.09876666299617
1737739800.Fri.Jan.24_17_30_00.GMT.2025.CACO03.c1.timex.jpg,c1,1737739800,2025-01-24T17:30:00+00:00,30.0,0.5180245797534877,5.148005148005149,125.6867085375817,107.0982273816604
1737741600.Fri.Jan.24_18_00_00.GMT.2025.CACO03.c1.timex.jpg,c1,1737741600,2025-01-24T18:00:00+00:00,0.0,0.5257425235006616,11.661807580174926,127.84618821486929,150.44639258999058
1737743400.Fri.Jan.24_18_30_00.GMT.2025.CACO03.c1.timex.jpg,c1,1737743400,2025-01-24T18:30:00+00:00,30.0,0.5257425235006616,11.661807580174926,127.03090213950163,168.04980148062805
1737745200.Fri.Jan.24_19_00_00.GMT.2025.CACO03.c1.timex.jpg,c1,1737745200,2025-01-24T19:00:00+00:00,0.0,0.4825422833073327,9.876543209876544,118.47150735294117,136.14595808427364
1737747000.Fri.Jan.24_19_30_00.GMT.2025.CACO03.c1.timex.jpg,c1,1737747000,2025-01-24T19:30:00+00:00,30.0,0.4825422833073327,9.876543209876544,110.2179425806781,124.75389725953471
1737748800.Fri.Jan.24_20_00_00.GMT.2025.CACO03.c1.timex.jpg,c1,1737748800,2025-01-24T20:00:00+00:00,0.0,0.6007328428875519,9.876543209876544,100.61956827001634,105.63852097760089
1737750600.Fri.Jan.24_20_30_00.GMT.2025.CACO03.c1.timex.jpg,c1,1737750600,2025-01-24T20:30:00+00:00,30.0,0.6007328428875519,9.876543209876544,98.97991983251634,92.16589931066953
1737752400.Fri.Jan.24_21_00_00.GMT.2025.CACO03.c1.timex.jpg,c1,1737752400,2025-01-24T21:00:00+00:00,0.0,0.5683250016306199,9.876543209876544,93.45815142463235,64.64151186186112
1737754200.Fri.Jan.24_21_30_00.GMT.2025.CACO03.c1.timex.jpg,c1,1737754200,2025-01-24T21:30:00+00:00,30.0,0.5683250016306199,9.876543209876544,80.97243604473039,33.289373174492425
1737756000.Fri.Jan.24_22_00_00.GMT.2025.CACO03.c1.timex.jpg,c1,1737756000,2025-01-24T22:00:00+00:00,0.0,0.588475799811198,9.876543209876544,7.297979217728758,1.2018133395810704
1737757800.Fri.Jan.24_22_30_00.GMT.2025.CACO03.c1.timex.jpg,c1,1737757800,2025-01-24T22:30:00+00:00,30.0,0.588475799811198,9.876543209876544,0.0,0.0
1737759600.Fri.Jan.24_23_00_00.GMT.2025.CACO04.c1.timex.jpg,c1,1737759600,2025-01-24T23:00:00+00:00,0.0,0.5524755391264539,9.876543209876544,6.382761437908497e-06,7.659313725490196e-05
1737761400.Fri.Jan.24_23_30_00.GMT.2025.CACO04.c1.timex.jpg,c1,1737761400,2025-01-24T23:30:00+00:00,30.0,0.5524755391264539,9.876543209876544,0.0,0.0
1737763200.Sat.Jan.25_00_00_00.GMT.2025.CACO04.c1.timex.jpg,c1,1737763200,2025-01-25T00:00:00+00:00,0.0,0.5482360363474679,9.174311926605505,1.914828431372549e-05,0.0002042483660130719
1737765000.Sat.Jan.25_00_30_00.GMT.2025.CACO04.c1.timex.jpg,c1,1737765000,2025-01-25T00:30:00+00:00,30.0,0.5482360363474679,9.174311926605505,1.2765522875816994e-05,0.00011488970588235294
1737766800.Sat.Jan.25_01_00_00.GMT.2025.CACO04.c1.timex.jpg,c1,1737766800,2025-01-25T01:00:00+00:00,0.0,0.3854492581093551,9.174311926605505,0.0006797640931372549,0.004748774509803921
1737768600.Sat.Jan.25_01_30_00.GMT.2025.CACO04.c1.timex.jpg,c1,1737768600,2025-01-25T01:30:00+00:00,30.0,0.3854492581093551,9.174311926605505,0.00017233455882352942,0.003714767156862745
1737770400.Sat.Jan.25_02_00_00.GMT.2025.CACO04.c1.timex.jpg,c1,1737770400,2025-01-25T02:00:00+00:00,0.0,0.3923803400283057,9.174311926605505,0.0001851000816993464,0.003931781045751634
1737772200.Sat.Jan.25_02_30_00.GMT.2025.CACO04.c1.timex.jpg,c1,1737772200,2025-01-25T02:30:00+00:00,30.0,0.3923803400283057,9.174311926605505,0.00018190870098039216,0.0032041462418300653
1737774000.Sat.Jan.25_03_00_00.GMT.2025.CACO04.c1.timex.jpg,c1,1737774000,2025-01-25T03:00:00+00:00,0.0,0.4699470617619757,5.361930294906166,0.00018829146241830066,0.00471047794117647
1737804600.Sat.Jan.25_11_30_00.GMT.2025.CACO04.c1.timex.jpg,c1,1737804600,2025-01-25T11:30:00+00:00,30.0,0.9107127792684888,5.594405594405594,9.299613204656863,1.712375683309664
1737806400.Sat.Jan.25_12_00_00.GMT.2025.CACO04.c1.timex.jpg,c1,1737806400,2025-01-25T12:00:00+00:00,0.0,0.8293814780653926,5.594405594405594,155.42368770424838,198.47965551093853
1737808200.Sat.Jan.25_12_30_00.GMT.2025.CACO04.c1.timex.jpg,c1,1737808200,2025-01-25T12:30:00+00:00,30.0,0.8293814780653926,5.594405594405594,140.0770654616013,480.8917191551081
1737810000.Sat.Jan.25_13_00_00.GMT.2025.CACO04.c1.timex.jpg,c1,1737810000,2025-01-25T13:00:00+00:00,0.0,0.77008964273146,5.361930294906166,123.41696984783496,459.30469968860876
1737811800.Sat.Jan.25_13_30_00.GMT.2025.CACO04.c1.timex.jpg,c1,1737811800,2025-01-25T13:30:00+00:00,30.0,0.77008964273146,5.361930294906166,121.66165300755719,457.14007023164146
1737813600.Sat.Jan.25_14_00_00.GMT.2025.CACO04.c1.timex.jpg,c1,1737813600,2025-01-25T14:00:00+00:00,0.0,0.7233841496903874,4.950495049504951,120.93997332005719,424.8929830812024
1737815400.Sat.Jan.25_14_30_00.GMT.2025.CACO04.c1.timex.jpg,c1,1737815400,2025-01-25T14:30:00+00:00,30.0,0.7233841496903874,4.950495049504951,120.63945695465686,372.23955779898773
1737817200.Sat.Jan.25_15_00_00.GMT.2025.CACO04.c1.timex.jpg,c1,1737817200,2025-01-25T15:00:00+00:00,0.0,0.6931523733219365,5.148005148005149,120.83145999285131,319.6659326491013
1737819000.Sat.Jan.25_15_30_00.GMT.2025.CACO04.c1.timex.jpg,c1,1737819000,2025-01-25T15:30:00+00:00,30.0,0.6931523733219365,5.148005148005149,120.57451554840686,270.90016002411403
1737820800.Sat.Jan.25_16_00_00.GMT.2025.CACO04.c1.timex.jpg,c1,1737820800,2025-01-25T16:00:00+00:00,0.0,0.5911083863305665,5.148005148005149,121.02367047079248,232.88468539559494
1737822600.Sat.Jan.25_16_30_00.GMT.2025.CACO04.c1.timex.jpg,c1,1737822600,2025-01-25T16:30:00+00:00,30.0,0.5911083863305665,5.148005148005149,120.51487183415033,203.45795122219164
1737824400.Sat.Jan.25_17_00_00.GMT.2025.CACO04.c1.timex.jpg,c1,1737824400,2025-01-25T17:00:00+00:00,0.0,0.6058497902431943,5.361930294906166,122.40765101613562,183.25097650053502
1737826200.Sat.Jan.25_17_30_00.GMT.2025.CACO04.c1.timex.jpg,c1,1737826200,2025-01-25T17:30:00+00:00,30.0,0.6058497902431943,5.361930294906166,122.38484540951798,173.7380514262228
1737828000.Sat.Jan.25_18_00_00.GMT.2025.CACO04.c1.timex.jpg,c1,1737828000,2025-01-25T18:00:00+00:00,0.0,0.5108903358938726,5.361930294906166,121.7694450827206,170.2691539572276
1737829800.Sat.Jan.25_18_30_00.GMT.2025.CACO04.c1.timex.jpg,c1,1737829800,2025-01-25T18:30:00+00:00,30.0,0.5108903358938726,5.361930294906166,114.92541424121733,149.36699895748973
1737831600.Sat.Jan.25_19_00_00.GMT.2025.CACO04.c1.timex.jpg,c1,1737831600,2025-01-25T19:00:00+00:00,0.0,0.4647892654161664,4.597701149425287,105.14753433925654,115.04287939133987
1737833400.Sat.Jan.25_19_30_00.GMT.2025.CACO04.c1.timex.jpg,c1,1737833400,2025-01-25T19:30:00+00:00,30.0,0.4647892654161664,4.597701149425287,98.03812742544935,101.82785310116422
1737835200.Sat.Jan.25_20_00_00.GMT.2025.CACO04.c1.timex.jpg,c1,1737835200,2025-01-25T20:00:00+00:00,0.0,0.2988223656076558,5.361930294906166,93.69920598447712,101.73142893588641
1737837000.Sat.Jan.25_20_30_00.GMT.2025.CACO04.c1.timex.jpg,c1,1737837000,2025-01-25T20:30:00+00:00,30.0,0.2988223656076558,5.361930294906166,88.42240157781863,73.08260245287332
1737838800.Sat.Jan.25_21_00_00.GMT.2025.CACO04.c1.timex.jpg,c1,1737838800,2025-01-25T21:00:00+00:00,0.0,0.3976237414102666,4.153686396677051,87.62522977941177,39.739244606337145
1737840600.Sat.Jan.25_21_30_00.GMT.2025.CACO04.c1.timex.jpg,c1,1737840600,2025-01-25T21:30:00+00:00,30.0,0.3976237414102666,4.153686396677051,81.80555236417484,36.411655330531666
1737842400.Sat.Jan.25_22_00_00.GMT.2025.CACO04.c1.timex.jpg,c1,1737842400,2025-01-25T22:00:00+00:00,0.0,0.4416557324889213,4.153686396677051,7.667391110089869,1.1997357536764706
1737844200.Sat.Jan.25_22_30_00.GMT.2025.CACO04.c1.timex.jpg,c1,1737844200,2025-01-25T22:30:00+00:00,30.0,0.4416557324889213,4.153686396677051,0.0,0.0
1737846000.Sat.Jan.25_23_00_00.GMT.2025.CACO04.c1.timex.jpg,c1,1737846000,2025-01-25T23:00:00+00:00,0.0,0.2188432745245146,8.032128514056225,0.0,0.0
1737847800.Sat.Jan.25_23_30_00.GMT.2025.CACO04.c1.timex.jpg,c1,1737847800,2025-01-25T23:30:00+00:00,30.0,0.2188432745245146,8.032128514056225,0.0,0.0
1737849600.Sun.Jan.26_00_00_00.GMT.2025.CACO04.c1.timex.jpg,c1,1737849600,2025-01-26T00:00:00+00:00,0.0,0.22496347964149,9.174311926605505,0.0,0.0
1737851400.Sun.Jan.26_00_30_00.GMT.2025.CACO04.c1.timex.jpg,c1,1737851400,2025-01-26T00:30:00+00:00,30.0,0.22496347964149,9.174311926605505,0.0,0.0
1737853200.Sun.Jan.26_01_00_00.GMT.2025.CACO04.c1.timex.jpg,c1,1737853200,2025-01-26T01:00:00+00:00,0.0,0.4003748479287873,4.291845493562232,0.0,0.0
1737855000.Sun.Jan.26_01_30_00.GMT.2025.CACO04.c1.timex.jpg,c1,1737855000,2025-01-26T01:30:00+00:00,30.0,0.4003748479287873,4.291845493562232,0.0,0.0
1737856800.Sun.Jan.26_02_00_00.GMT.2025.CACO04.c1.timex.jpg,c1,1737856800,2025-01-26T02:00:00+00:00,0.0,0.4162962554605695,8.565310492505352,0.0,0.0
1737858600.Sun.Jan.26_02_30_00.GMT.2025.CACO04.c1.timex.jpg,c1,1737858600,2025-01-26T02:30:00+00:00,30.0,0.4162962554605695,8.565310492505352,0.0,0.0
1737860400.Sun.Jan.26_03_00_00.GMT.2025.CACO04.c1.timex.jpg,c1,1737860400,2025-01-26T03:00:00+00:00,0.0,0.3775582557972665,8.032128514056225,0.0,0.0
1737891000.Sun.Jan.26_11_30_00.GMT.2025.CACO04.c1.timex.jpg,c1,1737891000,2025-01-26T11:30:00+00:00,30.0,0.2359637724947489,6.125574272588055,0.5479728349673203,1.4489889647217271
1737892800.Sun.Jan.26_12_00_00.GMT.2025.CACO04.c1.timex.jpg,c1,1737892800,2025-01-26T12:00:00+00:00,0.0,0.2334481238437426,8.565310492505352,13.581625944648692,2.823953842901859
1737894600.Sun.Jan.26_12_30_00.GMT.2025.CACO04.c1.timex.jpg,c1,1737894600,2025-01-26T12:30:00+00:00,30.0,0.2334481238437426,8.565310492505352,81.77899688521242,65.9003576551805
1737896400.Sun.Jan.26_13_00_00.GMT.2025.CACO04.c1.timex.jpg,c1,1737896400,2025-01-26T13:00:00+00:00,0.0,0.3953235653113657,9.174311926605505,155.78665939031862,168.91655145893696
1737898200.Sun.Jan.26_13_30_00.GMT.2025.CACO04.c1.timex.jpg,c1,1737898200,2025-01-26T13:30:00+00:00,30.0,0.3953235653113657,9.174311926605505,145.72463171466504,160.56840170377487
1737900000.Sun.Jan.26_14_00_00.GMT.2025.CACO04.c1.timex.jpg,c1,1737900000,2025-01-26T14:00:00+00:00,0.0,0.42715867921336,4.024144869215292,159.56233404820262,128.012577296882
1737901800.Sun.Jan.26_14_30_00.GMT.2025.CACO04.c1.timex.jpg,c1,1737901800,2025-01-26T14:30:00+00:00,30.0,0.42715867921336,4.024144869215292,143.13154233047385,168.53109338752148
1737903600.Sun.Jan.26_15_00_00.GMT.2025.CACO04.c1.timex.jpg,c1,1737903600,2025-01-26T15:00:00+00:00,0.0,0.4754182775496857,4.439511653718091,136.85643892973857,163.01956823392712
1737905400.Sun.Jan.26_15_30_00.GMT.2025.CACO04.c1.timex.jpg,c1,1737905400,2025-01-26T15:30:00+00:00,30.0,0.4754182775496857,4.439511653718091,134.47417853860293,184.60280822132992
1737907200.Sun.Jan.26_16_00_00.GMT.2025.CACO04.c1.timex.jpg,c1,1737907200,2025-01-26T16:00:00+00:00,0.0,0.4396655798449427,5.148005148005149,133.85107421875,160.8441254313679
1737909000.Sun.Jan.26_16_30_00.GMT.2025.CACO04.c1.timex.jpg,c1,1737909000,2025-01-26T16:30:00+00:00,30.0,0.4396655798449427,5.148005148005149,133.96146407781862,123.69369489227245
1737910800.Sun.Jan.26_17_00_00.GMT.2025.CACO04.c1.timex.jpg,c1,1737910800,2025-01-26T17:00:00+00:00,0.0,0.2383173755251994,7.561436672967865,127.92506957209967,108.13118534379628
1737912600.Sun.Jan.26_17_30_00.GMT.2025.CACO04.c1.timex.jpg,c1,1737912600,2025-01-26T17:30:00+00:00,30.0,0.2383173755251994,7.561436672967865,132.6580818525327,107.32038652649898
1737914400.Sun.Jan.26_18_00_00.GMT.2025.CACO04.c1.timex.jpg,c1,1737914400,2025-01-26T18:00:00+00:00,0.0,0.2350478001200222,5.361930294906166,143.0678040747549,113.68377879018428
1737916200.Sun.Jan.26_18_30_00.GMT.2025.CACO04.c1.timex.jpg,c1,1737916200,2025-01-26T18:30:00+00:00,30.0,0.2350478001200222,5.361930294906166,126.98437819138071,92.15358571856711
1737918000.Sun.Jan.26_19_00_00.GMT.2025.CACO04.c1.timex.jpg,c1,1737918000,2025-01-26T19:00:00+00:00,0.0,0.2486430076274554,5.361930294906166,118.5547545189951,76.04516678593018
1737919800.Sun.Jan.26_19_30_00.GMT.2025.CACO04.c1.timex.jpg,c1,1737919800,2025-01-26T19:30:00+00:00,30.0,0.2486430076274554,5.361930294906166,124.5886980443219,75.15928305806146
1737921600.Sun.Jan.26_20_00_00.GMT.2025.CACO04.c1.timex.jpg,c1,1737921600,2025-01-26T20:00:00+00:00,0.0,0.3579823897926609,5.361930294906166,114.00719975490196,79.92132194368429
1737923400.Sun.Jan.26_20_30_00.GMT.2025.CACO04.c1.timex.jpg,c1,1737923400,2025-01-26T20:30:00+00:00,30.0,0.3579823897926609,5.361930294906166,95.70151973549837,71.66701759530834
1737925200.Sun.Jan.26_21_00_00.GMT.2025.CACO04.c1.timex.jpg,c1,1737925200,2025-01-26T21:00:00+00:00,0.0,0.3433610642297989,5.594405594405594,89.19186261744281,42.06433408399573
1737927000.Sun.Jan.26_21_30_00.GMT.2025.CACO04.c1.timex.jpg,c1,1737927000,2025-01-26T21:30:00+00:00,30.0,0.3433610642297989,5.594405594405594,83.54466656454248,25.44607412412281
1737928800.Sun.Jan.26_22_00_00.GMT.2025.CACO04.c1.timex.jpg,c1,1737928800,2025-01-26T22:00:00+00:00,0.0,0.395598999837627,5.847953216374269,8.775336371527779,1.1868042789625282
1737930600.Sun.Jan.26_22_30_00.GMT.2025.CACO04.c1.timex.jpg,c1,1737930600,2025-01-26T22:30:00+00:00,30.0,0.395598999837627,5.847953216374269,0.0,0.0
1737932400.Sun.Jan.26_23_00_00.GMT.2025.CACO04.c1.timex.jpg,c1,1737932400,2025-01-26T23:00:00+00:00,0.0,0.439463296397684,5.594405594405594,0.0,0.0
1737934200.Sun.Jan.26_23_30_00.GMT.2025.CACO04.c1.timex.jpg,c1,1737934200,2025-01-26T23:30:00+00:00,30.0,0.439463296397684,5.594405594405594,0.0,0.0
1737936000.Mon.Jan.27_00_00_00.GMT.2025.CACO04.c1.timex.jpg,c1,1737936000,2025-01-27T00:00:00+00:00,0.0,0.4223770731192772,5.594405594405594,0.0,0.0
1737937800.Mon.Jan.27_00_30_00.GMT.2025.CACO04.c1.timex.jpg,c1,1737937800,2025-01-27T00:30:00+00:00,30.0,0.4223770731192772,5.594405594405594,0.0,0.0
1737939600.Mon.Jan.27_01_00_00.GMT.2025.CACO04.c1.timex.jpg,c1,1737939600,2025-01-27T01:00:00+00:00,0.0,0.660449314324906,5.594405594405594,0.0,0.0
1737941400.Mon.Jan.27_01_30_00.GMT.2025.CACO04.c1.timex.jpg,c1,1737941400,2025-01-27T01:30:00+00:00,30.0,0.660449314324906,5.594405594405594,0.0,0.0
1737943200.Mon.Jan.27_02_00_00.GMT.2025.CACO04.c1.timex.jpg,c1,1737943200,2025-01-27T02:00:00+00:00,0.0,0.6126879437277697,6.125574272588055,0.0,0.0
1737945000.Mon.Jan.27_02_30_00.GMT.2025.CACO04.c1.timex.jpg,c1,1737945000,2025-01-27T02:30:00+00:00,30.0,0.6126879437277697,6.125574272588055,0.0,0.0
1737946800.Mon.Jan.27_03_00_00.GMT.2025.CACO04.c1.timex.jpg,c1,1737946800,2025-01-27T03:00:00+00:00,0.0,0.623114957949587,5.847953216374269,0.0,0.0
1737977400.Mon.Jan.27_11_30_00.GMT.2025.CACO04.c1.timex.jpg,c1,1737977400,2025-01-27T11:30:00+00:00,30.0,0.4261865871354656,4.767580452920143,5.772298177083333,0.8522518382352942
1737979200.Mon.Jan.27_12_00_00.GMT.2025.CACO04.c1.timex.jpg,c1,1737979200,2025-01-27T12:00:00+00:00,0.0,0.2385980616819851,7.561436672967865,144.3098383884804,92.66999782135468
1737981000.Mon.Jan.27_12_30_00.GMT.2025.CACO04.c1.timex.jpg,c1,1737981000,2025-01-27T12:30:00+00:00,30.0,0.2385980616819851,7.561436672967865,132.51139003778596,414.8579838821209
1737982800.Mon.Jan.27_13_00_00.GMT.2025.CACO04.c1.timex.jpg,c1,1737982800,2025-01-27T13:00:00+00:00,0.0,0.2374235662629186,6.768189509306261,125.59940831801471,445.5760720553364
1737984600.Mon.Jan.27_13_30_00.GMT.2025.CACO04.c1.timex.jpg,c1,1737984600,2025-01-27T13:30:00+00:00,30.0,0.2374235662629186,6.768189509306261,124.69596673304738,460.5656508628519
1737986400.Mon.Jan.27_14_00_00.GMT.2025.CACO04.c1.timex.jpg,c1,1737986400,2025-01-27T14:00:00+00:00,0.0,0.39945583128384,7.142857142857142,123.82636335784314,429.35848196606247
1737988200.Mon.Jan.27_14_30_00.GMT.2025.CACO04.c1.timex.jpg,c1,1737988200,2025-01-27T14:30:00+00:00,30.0,0.39945583128384,7.142857142857142,123.94980596405229,377.5865588127673
1737990000.Mon.Jan.27_15_00_00.GMT.2025.CACO04.c1.timex.jpg,c1,1737990000,2025-01-27T15:00:00+00:00,0.0,0.4093757751043623,7.561436672967865,122.92353132659314,304.6512299096388
1737991800.Mon.Jan.27_15_30_00.GMT.2025.CACO04.c1.timex.jpg,c1,1737991800,2025-01-27T15:30:00+00:00,30.0,0.4093757751043623,7.561436672967865,124.45246438419117,257.0264524442382
1737993600.Mon.Jan.27_16_00_00.GMT.2025.CACO04.c1.timex.jpg,c1,1737993600,2025-01-27T16:00:00+00:00,0.0,0.3812137535902265,7.142857142857142,123.67972579656863,219.82016389986867
1737997200.Mon.Jan.27_17_00_00.GMT.2025.CACO04.c1.timex.jpg,c1,1737997200,2025-01-27T17:00:00+00:00,0.0,0.3795273817582791,7.561436672967865,125.53440946691177,169.07894199346404
1737999000.Mon.Jan.27_17_30_00.GMT.2025.CACO04.c1.timex.jpg,c1,1737999000,2025-01-27T17:30:00+00:00,30.0,0.3795273817582791,7.561436672967865,125.18676279105392,163.69112096232482
1738000800.Mon.Jan.27_18_00_00.GMT.2025.CACO04.c1.timex.jpg,c1,1738000800,2025-01-27T18:00:00+00:00,0.0,0.3593269477466132,8.032128514056225,123.62352239072712,162.323267646681
1738002600.Mon.Jan.27_18_30_00.GMT.2025.CACO04.c1.timex.jpg,c1,1738002600,2025-01-27T18:30:00+00:00,30.0,0.3593269477466132,8.032128514056225,116.59503293504902,148.8424429880559
1738004400.Mon.Jan.27_19_00_00.GMT.2025.CACO04.c1.timex.jpg,c1,1738004400,2025-01-27T19:00:00+00:00,0.0,0.2110762401451969,8.032128514056225,105.56868808721406,122.44756549155015
1738006200.Mon.Jan.27_19_30_00.GMT.2025.CACO04.c1.timex.jpg,c1,1738006200,2025-01-27T19:30:00+00:00,30.0,0.2110762401451969,8.032128514056225,95.84153837316177,98.76896624556161
1738008000.Mon.Jan.27_20_00_00.GMT.2025.CACO04.c1.timex.jpg,c1,1738008000,2025-01-27T20:00:00+00:00,0.0,0.2368444745696796,5.148005148005149,89.57094758476308,98.46178735836878
1738009800.Mon.Jan.27_20_30_00.GMT.2025.CACO04.c1.timex.jpg,c1,1738009800,2025-01-27T20:30:00+00:00,30.0,0.2368444745696796,5.148005148005149,86.41264552696079,88.19998399546972
1738011600.Mon.Jan.27_21_00_00.GMT.2025.CACO04.c1.timex.jpg,c1,1738011600,2025-01-27T21:00:00+00:00,0.0,0.5383842980116769,2.9962546816479403,84.62509893280229,67.36677220492145
1738013400.Mon.Jan.27_21_30_00.GMT.2025.CACO04.c1.timex.jpg,c1,1738013400,2025-01-27T21:30:00+00:00,30.0,0.5383842980116769,2.9962546816479403,76.81815193525327,29.044216513037913
1738015200.Mon.Jan.27_22_00_00.GMT.2025.CACO04.c1.timex.jpg,c1,1738015200,2025-01-27T22:00:00+00:00,0.0,0.30167287670107,5.361930294906166,12.611704707924837,1.650974647416946
1738017000.Mon.Jan.27_22_30_00.GMT.2025.CACO04.c1.timex.jpg,c1,1738017000,2025-01-27T22:30:00+00:00,30.0,0.30167287670107,5.361930294906166,0.0,0.0
1738018800.Mon.Jan.27_23_00_00.GMT.2025.CACO04.c1.timex.jpg,c1,1738018800,2025-01-27T23:00:00+00:00,0.0,0.518470561070898,3.902439024390244,0.0,0.0
1738020600.Mon.Jan.27_23_30_00.GMT.2025.CACO04.c1.timex.jpg,c1,1738020600,2025-01-27T23:30:00+00:00,30.0,0.518470561070898,3.902439024390244,0.0,0.0
1738022400.Tue.Jan.28_00_00_00.GMT.2025.CACO04.c1.timex.jpg,c1,1738022400,2025-01-28T00:00:00+00:00,0.0,0.6194269029635298,4.291845493562232,0.0,0.0
1738024200.Tue.Jan.28_00_30_00.GMT.2025.CACO04.c1.timex.jpg,c1,1738024200,2025-01-28T00:30:00+00:00,30.0,0.6194269029635298,4.291845493562232,0.0,0.0
1738026000.Tue.Jan.28_01_00_00.GMT.2025.CACO04.c1.timex.jpg,c1,1738026000,2025-01-28T01:00:00+00:00,0.0,0.644479944207688,4.597701149425287,0.0,0.0
1738027800.Tue.Jan.28_01_30_00.GMT.2025.CACO04.c1.timex.jpg,c1,1738027800,2025-01-28T01:30:00+00:00,30.0,0.644479944207688,4.597701149425287,0.0,0.0
1738029600.Tue.Jan.28_02_00_00.GMT.2025.CACO04.c1.timex.jpg,c1,1738029600,2025-01-28T02:00:00+00:00,0.0,0.6877994731784421,4.767580452920143,0.0,0.0
1738031400.Tue.Jan.28_02_30_00.GMT.2025.CACO04.c1.timex.jpg,c1,1738031400,2025-01-28T02:30:00+00:00,30.0,0.6877994731784421,4.767580452920143,0.0,0.0
1738033200.Tue.Jan.28_03_00_00.GMT.2025.CACO04.c1.timex.jpg,c1,1738033200,2025-01-28T03:00:00+00:00,0.0,0.6792653349488209,4.767580452920143,0.0,0.0
1738063800.Tue.Jan.28_11_30_00.GMT.2025.CACO04.c1.timex.jpg,c1,1738063800,2025-01-28T11:30:00+00:00,30.0,0.4755835533393296,5.361930294906166,4.426965252246732,0.6568818923638621
1738065600.Tue.Jan.28_12_00_00.GMT.2025.CACO04.c1.timex.jpg,c1,1738065600,2025-01-28T12:00:00+00:00,0.0,0.4717324069911534,4.597701149425287,148.54264642054738,145.6337691717357
1738067400.Tue.Jan.28_12_30_00.GMT.2025.CACO04.c1.timex.jpg,c1,1738067400,2025-01-28T12:30:00+00:00,30.0,0.4717324069911534,4.597701149425287,110.13369332107843,133.46841795935705
1738069200.Tue.Jan.28_13_00_00.GMT.2025.CACO04.c1.timex.jpg,c1,1738069200,2025-01-28T13:00:00+00:00,0.0,0.4596283144459486,5.594405594405594,123.75118081086602,106.5605592412336
1738071000.Tue.Jan.28_13_30_00.GMT.2025.CACO04.c1.timex.jpg,c1,1738071000,2025-01-28T13:30:00+00:00,30.0,0.4596283144459486,5.594405594405594,157.18482881433823,110.29720853789611
1738072800.Tue.Jan.28_14_00_00.GMT.2025.CACO04.c1.timex.jpg,c1,1738072800,2025-01-28T14:00:00+00:00,0.0,0.4822358314636755,5.148005148005149,141.06043198529412,127.84236781608035
1738074600.Tue.Jan.28_14_30_00.GMT.2025.CACO04.c1.timex.jpg,c1,1738074600,2025-01-28T14:30:00+00:00,30.0,0.4822358314636755,5.148005148005149,128.13118170445262,372.02764549891515
1738076400.Tue.Jan.28_15_00_00.GMT.2025.CACO04.c1.timex.jpg,c1,1738076400,2025-01-28T15:00:00+00:00,0.0,0.493903578964585,7.561436672967865,125.16849532781863,298.6911819367077
1738078200.Tue.Jan.28_15_30_00.GMT.2025.CACO04.c1.timex.jpg,c1,1738078200,2025-01-28T15:30:00+00:00,30.0,0.493903578964585,7.561436672967865,122.51557712928921,242.40654357732691
1738080000.Tue.Jan.28_16_00_00.GMT.2025.CACO04.c1.timex.jpg,c1,1738080000,2025-01-28T16:00:00+00:00,0.0,0.5544183082284183,8.565310492505352,123.61157386131536,205.08706310306763
1738081800.Tue.Jan.28_16_30_00.GMT.2025.CACO04.c1.timex.jpg,c1,1738081800,2025-01-28T16:30:00+00:00,30.0,0.5544183082284183,8.565310492505352,82.81380846609477,39.814251976095875
1738083600.Tue.Jan.28_17_00_00.GMT.2025.CACO04.c1.timex.jpg,c1,1738083600,2025-01-28T17:00:00+00:00,0.0,0.6215923444449204,9.174311926605505,140.2209903492647,92.0411015092102
1738085400.Tue.Jan.28_17_30_00.GMT.2025.CACO04.c1.timex.jpg,c1,1738085400,2025-01-28T17:30:00+00:00,30.0,0.6215923444449204,9.174311926605505,167.36123557495915,113.66827790244918
1738087200.Tue.Jan.28_18_00_00.GMT.2025.CACO04.c1.timex.jpg,c1,1738087200,2025-01-28T18:00:00+00:00,0.0,0.7024683757004891,2.386634844868735,108.64233558006536,81.21636150744811
1738089000.Tue.Jan.28_18_30_00.GMT.2025.CACO04.c1.timex.jpg,c1,1738089000,2025-01-28T18:30:00+00:00,30.0,0.7024683757004891,2.386634844868735,171.14307598039215,123.67720394499345
1738090800.Tue.Jan.28_19_00_00.GMT.2025.CACO04.c1.timex.jpg,c1,1738090800,2025-01-28T19:00:00+00:00,0.0,0.7030202902991255,6.430868167202571,106.91826554840686,95.14947413627195
1738092600.Tue.Jan.28_19_30_00.GMT.2025.CACO04.c1.timex.jpg,c1,1738092600,2025-01-28T19:30:00+00:00,30.0,0.7030202902991255,6.430868167202571,97.12699142156863,91.67293750969367
1738094400.Tue.Jan.28_20_00_00.GMT.2025.CACO04.c1.timex.jpg,c1,1738094400,2025-01-28T20:00:00+00:00,0.0,0.743987541605517,4.439511653718091,91.42310687295752,100.11455140481914
1738096200.Tue.Jan.28_20_30_00.GMT.2025.CACO04.c1.timex.jpg,c1,1738096200,2025-01-28T20:30:00+00:00,30.0,0.743987541605517,4.439511653718091,90.166015625,77.80331159520014
1738098000.Tue.Jan.28_21_00_00.GMT.2025.CACO04.c1.timex.jpg,c1,1738098000,2025-01-28T21:00:00+00:00,0.0,0.7044671986203758,7.142857142857142,86.79294321895425,70.2010212067614
1738099800.Tue.Jan.28_21_30_00.GMT.2025.CACO04.c1.timex.jpg,c1,1738099800,2025-01-28T21:30:00+00:00,30.0,0.7044671986203758,7.142857142857142,72.15250331903594,15.531808214341616
1738101600.Tue.Jan.28_22_00_00.GMT.2025.CACO04.c1.timex.jpg,c1,1738101600,2025-01-28T22:00:00+00:00,0.0,1.0003102814211302,6.768189509306261,13.085040722017974,1.420221864746842
1738103400.Tue.Jan.28_22_30_00.GMT.2025.CACO04.c1.timex.jpg,c1,1738103400,2025-01-28T22:30:00+00:00,30.0,1.0003102814211302,6.768189509306261,0.0,0.0
1738105200.Tue.Jan.28_23_00_00.GMT.2025.CACO04.c1.timex.jpg,c1,1738105200,2025-01-28T23:00:00+00:00,0.0,0.795054324068852,7.142857142857142,0.0,0.0
1738107000.Tue.Jan.28_23_30_00.GMT.2025.CACO04.c1.timex.jpg,c1,1738107000,2025-01-28T23:30:00+00:00,30.0,0.795054324068852,7.142857142857142,0.0,0.0
1738108800.Wed.Jan.29_00_00_00.GMT.2025.CACO04.c1.timex.jpg,c1,1738108800,2025-01-29T00:00:00+00:00,0.0,0.8381976997321287,7.142857142857142,0.0,0.0
1738110600.Wed.Jan.29_00_30_00.GMT.2025.CACO04.c1.timex.jpg,c1,1738110600,2025-01-29T00:30:00+00:00,30.0,0.8381976997321287,7.142857142857142,0.0,0.0
1738112400.Wed.Jan.29_01_00_00.GMT.2025.CACO04.c1.timex.jpg,c1,1738112400,2025-01-29T01:00:00+00:00,0.0,0.8655815249583203,7.142857142857142,0.0,0.0
1738114200.Wed.Jan.29_01_30_00.GMT.2025.CACO04.c1.timex.jpg,c1,1738114200,2025-01-29T01:30:00+00:00,30.0,0.8655815249583203,7.142857142857142,0.0,0.0
1738116000.Wed.Jan.29_02_00_00.GMT.2025.CACO04.c1.timex.jpg,c1,1738116000,2025-01-29T02:00:00+00:00,0.0,0.7823644122846894,6.768189509306261,0.0,0.0
1738117800.Wed.Jan.29_02_30_00.GMT.2025.CACO04.c1.timex.jpg,c1,1738117800,2025-01-29T02:30:00+00:00,30.0,0.7823644122846894,6.768189509306261,0.0,0.0
1738119600.Wed.Jan.29_03_00_00.GMT.2025.CACO04.c1.timex.jpg,c1,1738119600,2025-01-29T03:00:00+00:00,0.0,0.8386813744192303,6.125574272588055,0.0,0.0
1738150200.Wed.Jan.29_11_30_00.GMT.2025.CACO04.c1.timex.jpg,c1,1738150200,2025-01-29T11:30:00+00:00,30.0,0.5567821260469931,5.361930294906166,4.563821231617647,0.610555809399386
1738152000.Wed.Jan.29_12_00_00.GMT.2025.CACO04.c1.timex.jpg,c1,1738152000,2025-01-29T12:00:00+00:00,0.0,0.8639737232246933,4.767580452920143,113.35746336294935,44.98695911392153
1738153800.Wed.Jan.29_12_30_00.GMT.2025.CACO04.c1.timex.jpg,c1,1738153800,2025-01-29T12:30:00+00:00,30.0,0.8639737232246933,4.767580452920143,156.07355494281046,122.56694148531878
1738155600.Wed.Jan.29_13_00_00.GMT.2025.CACO04.c1.timex.jpg,c1,1738155600,2025-01-29T13:00:00+00:00,0.0,0.7995689850810981,4.767580452920143,130.4806378931781,139.51514881156967
1738157400.Wed.Jan.29_13_30_00.GMT.2025.CACO04.c1.timex.jpg,c1,1738157400,2025-01-29T13:30:00+00:00,30.0,0.7995689850810981,4.767580452920143,147.92640037785947,157.76894592927172
1738159200.Wed.Jan.29_14_00_00.GMT.2025.CACO04.c1.timex.jpg,c1,1738159200,2025-01-29T14:00:00+00:00,0.0,0.6656685282733689,4.950495049504951,103.27290773080065,54.49884782347115
1738161000.Wed.Jan.29_14_30_00.GMT.2025.CACO04.c1.timex.jpg,c1,1738161000,2025-01-29T14:30:00+00:00,30.0,0.6656685282733689,4.950495049504951,181.61953635620915,133.3916864317227
1738162800.Wed.Jan.29_15_00_00.GMT.2025.CACO04.c1.timex.jpg,c1,1738162800,2025-01-29T15:00:00+00:00,0.0,0.640297005421054,4.950495049504951,139.4621470332925,69.90882177767226
1738164600.Wed.Jan.29_15_30_00.GMT.2025.CACO04.c1.timex.jpg,c1,1738164600,2025-01-29T15:30:00+00:00,30.0,0.640297005421054,4.950495049504951,135.49081839767157,53.543287809199946
1738166400.Wed.Jan.29_16_00_00.GMT.2025.CACO04.c1.timex.jpg,c1,1738166400,2025-01-29T16:00:00+00:00,0.0,0.741564565010467,5.594405594405594,137.38107000612746,52.378668617125655
1738168200.Wed.Jan.29_16_30_00.GMT.2025.CACO04.c1.timex.jpg,c1,1738168200,2025-01-29T16:30:00+00:00,30.0,0.741564565010467,5.594405594405594,172.48385799632354,74.33999814688356
1738170000.Wed.Jan.29_17_00_00.GMT.2025.CACO04.c1.timex.jpg,c1,1738170000,2025-01-29T17:00:00+00:00,0.0,0.6939255730849472,5.594405594405594,133.5474462571487,113.70882559011055
1738171800.Wed.Jan.29_17_30_00.GMT.2025.CACO04.c1.timex.jpg,c1,1738171800,2025-01-29T17:30:00+00:00,30.0,0.6939255730849472,5.594405594405594,128.8973939185049,104.73439305255084
1738173600.Wed.Jan.29_18_00_00.GMT.2025.CACO04.c1.timex.jpg,c1,1738173600,2025-01-29T18:00:00+00:00,0.0,0.7741824501782117,6.768189509306261,127.11608966503267,102.4022783413208
1738175400.Wed.Jan.29_18_30_00.GMT.2025.CACO04.c1.timex.jpg,c1,1738175400,2025-01-29T18:30:00+00:00,30.0,0.7741824501782117,6.768189509306261,125.44081903594771,101.16182490570277
1738177200.Wed.Jan.29_19_00_00.GMT.2025.CACO04.c1.timex.jpg,c1,1738177200,2025-01-29T19:00:00+00:00,0.0,0.7219208147846901,8.032128514056225,115.2479607077206,91.32121496693715
1738179000.Wed.Jan.29_19_30_00.GMT.2025.CACO04.c1.timex.jpg,c1,1738179000,2025-01-29T19:30:00+00:00,30.0,0.7219208147846901,8.032128514056225,109.8250102124183,48.55011102089822
1738180800.Wed.Jan.29_20_00_00.GMT.2025.CACO04.c1.timex.jpg,c1,1738180800,2025-01-29T20:00:00+00:00,0.0,0.6229867212039979,6.768189509306261,146.56589243770424,55.747197713472644
1738182600.Wed.Jan.29_20_30_00.GMT.2025.CACO04.c1.timex.jpg,c1,1738182600,2025-01-29T20:30:00+00:00,30.0,0.6229867212039979,6.768189509306261,95.58800551470588,17.497078646109827
1738184400.Wed.Jan.29_21_00_00.GMT.2025.CACO04.c1.timex.jpg,c1,1738184400,2025-01-29T21:00:00+00:00,0.0,0.5579780130541263,5.847953216374269,116.71858404820262,34.95571639914755
1738186200.Wed.Jan.29_21_30_00.GMT.2025.CACO04.c1.timex.jpg,c1,1738186200,2025-01-29T21:30:00+00:00,30.0,0.5579780130541263,5.847953216374269,49.981767641952615,6.4071306644752415
1738188000.Wed.Jan.29_22_00_00.GMT.2025.CACO04.c1.timex.jpg,c1,1738188000,2025-01-29T22:00:00+00:00,0.0,0.466317811580265,5.361930294906166,2.926623774509804,0.5236002595916889
1738189800.Wed.Jan.29_22_30_00.GMT.2025.CACO04.c1.timex.jpg,c1,1738189800,2025-01-29T22:30:00+00:00,30.0,0.466317811580265,5.361930294906166,0.04287300857843137,0.16298381229850237
1738191600.Wed.Jan.29_23_00_00.GMT.2025.CACO04.c1.timex.jpg,c1,1738191600,2025-01-29T23:00:00+00:00,0.0,0.5496724201801655,9.174311926605505,0.0,0.0
1738193400.Wed.Jan.29_23_30_00.GMT.2025.CACO04.c1.timex.jpg,c1,1738193400,2025-01-29T23:30:00+00:00,30.0,0.5496724201801655,9.174311926605505,0.0,0.0
1738195200.Thu.Jan.30_00_00_00.GMT.2025.CACO04.c1.timex.jpg,c1,1738195200,2025-01-30T00:00:00+00:00,0.0,0.6117105739164176,9.876543209876544,0.0,0.0
1738197000.Thu.Jan.30_00_30_00.GMT.2025.CACO04.c1.timex.jpg,c1,1738197000,2025-01-30T00:30:00+00:00,30.0,0.6117105739164176,9.876543209876544,0.0,0.0
1738198800.Thu.Jan.30_01_00_00.GMT.2025.CACO04.c1.timex.jpg,c1,1738198800,2025-01-30T01:00:00+00:00,0.0,0.9024219285192874,4.153686396677051,0.0,0.0
1738200600.Thu.Jan.30_01_30_00.GMT.2025.CACO04.c1.timex.jpg,c1,1738200600,2025-01-30T01:30:00+00:00,30.0,0.9024219285192874,4.153686396677051,0.0,0.0
1738202400.Thu.Jan.30_02_00_00.GMT.2025.CACO04.c1.timex.jpg,c1,1738202400,2025-01-30T02:00:00+00:00,0.0,0.9410496504083884,6.430868167202571,0.0,0.0
1738204200.Thu.Jan.30_02_30_00.GMT.2025.CACO04.c1.timex.jpg,c1,1738204200,2025-01-30T02:30:00+00:00,30.0,0.9410496504083884,6.430868167202571,0.0,0.0
1738206000.Thu.Jan.30_03_00_00.GMT.2025.CACO04.c1.timex.jpg,c1,1738206000,2025-01-30T03:00:00+00:00,0.0,0.9302268290090604,7.142857142857142,0.0,0.0
1738236600.Thu.Jan.30_11_30_00.GMT.2025.CACO04.c1.timex.jpg,c1,1738236600,2025-01-30T11:30:00+00:00,30.0,1.3813869079828622,7.142857142857142,12.022837520424837,2.50437162432617
1738238400.Thu.Jan.30_12_00_00.GMT.2025.CACO04.c1.timex.jpg,c1,1738238400,2025-01-30T12:00:00+00:00,0.0,1.3674711237597426,6.768189509306261,176.0862247242647,250.9906610019225
1738240200.Thu.Jan.30_12_30_00.GMT.2025.CACO04.c1.timex.jpg,c1,1738240200,2025-01-30T12:30:00+00:00,30.0,1.3674711237597426,6.768189509306261,181.97881561478758,390.44798531727434
1738242000.Thu.Jan.30_13_00_00.GMT.2025.CACO04.c1.timex.jpg,c1,1738242000,2025-01-30T13:00:00+00:00,0.0,1.3725703051750835,6.430868167202571,144.14813751021242,442.6036217735164
1738243800.Thu.Jan.30_13_30_00.GMT.2025.CACO04.c1.timex.jpg,c1,1738243800,2025-01-30T13:30:00+00:00,30.0,1.3725703051750835,6.430868167202571,135.09086499183007,365.4277398854442
1738245600.Thu.Jan.30_14_00_00.GMT.2025.CACO04.c1.timex.jpg,c1,1738245600,2025-01-30T14:00:00+00:00,0.0,1.325624716578805,6.768189509306261,117.82896433312908,218.0926219796354
1738247400.Thu.Jan.30_14_30_00.GMT.2025.CACO04.c1.timex.jpg,c1,1738247400,2025-01-30T14:30:00+00:00,30.0,1.325624716578805,6.768189509306261,119.720703125,189.18558676135174
1738249200.Thu.Jan.30_15_00_00.GMT.2025.CACO04.c1.timex.jpg,c1,1738249200,2025-01-30T15:00:00+00:00,0.0,1.1975332214208665,6.768189509306261,128.5982626123366,196.46900473354341
1738251000.Thu.Jan.30_15_30_00.GMT.2025.CACO04.c1.timex.jpg,c1,1738251000,2025-01-30T15:30:00+00:00,30.0,1.1975332214208665,6.768189509306261,165.12706163194446,166.3002330685086
1738252800.Thu.Jan.30_16_00_00.GMT.2025.CACO04.c1.timex.jpg,c1,1738252800,2025-01-30T16:00:00+00:00,0.0,1.0983809875737147,6.430868167202571,128.04301342933007,136.81228597500564
1738254600.Thu.Jan.30_16_30_00.GMT.2025.CACO04.c1.timex.jpg,c1,1738254600,2025-01-30T16:30:00+00:00,30.0,1.0983809875737147,6.430868167202571,131.87638825061273,121.97768093544677
1738256400.Thu.Jan.30_17_00_00.GMT.2025.CACO04.c1.timex.jpg,c1,1738256400,2025-01-30T17:00:00+00:00,0.0,0.9417767045222069,6.768189509306261,132.8516454758987,109.81989235921584
1738258200.Thu.Jan.30_17_30_00.GMT.2025.CACO04.c1.timex.jpg,c1,1738258200,2025-01-30T17:30:00+00:00,30.0,0.9417767045222069,6.768189509306261,122.60226460375817,90.98834800499202
1738260000.Thu.Jan.30_18_00_00.GMT.2025.CACO04.c1.timex.jpg,c1,1738260000,2025-01-30T18:00:00+00:00,0.0,0.8571970035193827,6.768189509306261,131.89410360498366,110.76080275356979
1738261800.Thu.Jan.30_18_30_00.GMT.2025.CACO04.c1.timex.jpg,c1,1738261800,2025-01-30T18:30:00+00:00,30.0,0.8571970035193827,6.768189509306261,126.20190589256536,110.85992655952086
1738263600.Thu.Jan.30_19_00_00.GMT.2025.CACO04.c1.timex.jpg,c1,1738263600,2025-01-30T19:00:00+00:00,0.0,0.8601912980801637,6.430868167202571,112.49919896343954,97.56907474423797
1738265400.Thu.Jan.30_19_30_00.GMT.2025.CACO04.c1.timex.jpg,c1,1738265400,2025-01-30T19:30:00+00:00,30.0,0.8601912980801637,6.430868167202571,101.97941559436275,101.97603280836893
1738267200.Thu.Jan.30_20_00_00.GMT.2025.CACO04.c1.timex.jpg,c1,1738267200,2025-01-30T20:00:00+00:00,0.0,0.7917685573017794,6.125574272588055,94.88728681576798,102.46268571582678
1738269000.Thu.Jan.30_20_30_00.GMT.2025.CACO04.c1.timex.jpg,c1,1738269000,2025-01-30T20:30:00+00:00,30.0,0.7917685573017794,6.125574272588055,91.0848428564134,90.5869600203623
1738270800.Thu.Jan.30_21_00_00.GMT.2025.CACO04.c1.timex.jpg,c1,1738270800,2025-01-30T21:00:00+00:00,0.0,0.7090281311536171,6.125574272588055,87.06519352532679,66.62241497754368
1738272600.Thu.Jan.30_21_30_00.GMT.2025.CACO04.c1.timex.jpg,c1,1738272600,2025-01-30T21:30:00+00:00,30.0,0.7090281311536171,6.125574272588055,75.9508686938317,18.3672571139067
1738274400.Thu.Jan.30_22_00_00.GMT.2025.CACO04.c1.timex.jpg,c1,1738274400,2025-01-30T22:00:00+00:00,0.0,0.6497218715715927,6.125574272588055,17.326615476919933,1.69889001528748
1738276200.Thu.Jan.30_22_30_00.GMT.2025.CACO04.c1.timex.jpg,c1,1738276200,2025-01-30T22:30:00+00:00,30.0,0.6497218715715927,6.125574272588055,0.0024860855800653593,0.046855851063852025
1738278000.Thu.Jan.30_23_00_00.GMT.2025.CACO04.c1.timex.jpg,c1,1738278000,2025-01-30T23:00:00+00:00,0.0,0.6318543436242527,5.847953216374269,3.1913807189542485e-06,6.382761437908497e-05
1738279800.Thu.Jan.30_23_30_00.GMT.2025.CACO04.c1.timex.jpg,c1,1738279800,2025-01-30T23:30:00+00:00,30.0,0.6318543436242527,5.847953216374269,3.1913807189542485e-06,6.382761437908497e-05
1738281600.Fri.Jan.31_00_00_00.GMT.2025.CACO04.c1.timex.jpg,c1,1738281600,2025-01-31T00:00:00+00:00,0.0,0.5364276953930438,5.361930294906166,3.1913807189542485e-06,6.382761437908497e-05
1738283400.Fri.Jan.31_00_30_00.GMT.2025.CACO04.c1.timex.jpg,c1,1738283400,2025-01-31T00:30:00+00:00,30.0,0.5364276953930438,5.361930294906166,3.1913807189542485e-06,6.382761437908497e-05
1738285200.Fri.Jan.31_01_00_00.GMT.2025.CACO04.c1.timex.jpg,c1,1738285200,2025-01-31T01:00:00+00:00,0.0,0.5707456152609378,5.148005148005149,3.1913807189542485e-06,6.382761437908497e-05
1738287000.Fri.Jan.31_01_30_00.GMT.2025.CACO04.c1.timex.jpg,c1,1738287000,2025-01-31T01:30:00+00:00,30.0,0.5707456152609378,5.148005148005149,3.1913807189542485e-06,6.382761437908497e-05
1738288800.Fri.Jan.31_02_00_00.GMT.2025.CACO04.c1.timex.jpg,c1,1738288800,2025-01-31T02:00:00+00:00,0.0,0.6014753207694896,6.125574272588055,3.1913807189542485e-06,6.382761437908497e-05
1738290600.Fri.Jan.31_02_30_00.GMT.2025.CACO04.c1.timex.jpg,c1,1738290600,2025-01-31T02:30:00+00:00,30.0,0.6014753207694896,6.125574272588055,3.1913807189542485e-06,6.382761437908497e-05
1738292400.Fri.Jan.31_03_00_00.GMT.2025.CACO04.c1.timex.jpg,c1,1738292400,2025-01-31T03:00:00+00:00,0.0,0.6465969943433413,5.361930294906166,3.1913807189542485e-06,6.382761437908497e-05
1738323000.Fri.Jan.31_11_30_00.GMT.2025.CACO04.c1.timex.jpg,c1,1738323000,2025-01-31T11:30:00+00:00,30.0,0.5826264373629662,5.361930294906166,3.572597528594771,0.3618897291345861
1738324800.Fri.Jan.31_12_00_00.GMT.2025.CACO04.c1.timex.jpg,c1,1738324800,2025-01-31T12:00:00+00:00,0.0,0.5529377139161678,5.594405594405594,67.95463133169935,10.585026269374792
1738326600.Fri.Jan.31_12_30_00.GMT.2025.CACO04.c1.timex.jpg,c1,1738326600,2025-01-31T12:30:00+00:00,30.0,0.5529377139161678,5.594405594405594,159.93926483353758,50.537077899062496
1738328400.Fri.Jan.31_13_00_00.GMT.2025.CACO04.c1.timex.jpg,c1,1738328400,2025-01-31T13:00:00+00:00,0.0,0.744557856717571,4.767580452920143,128.10208588643792,34.74326705231895
1738330200.Fri.Jan.31_13_30_00.GMT.2025.CACO04.c1.timex.jpg,c1,1738330200,2025-01-31T13:30:00+00:00,30.0,0.744557856717571,4.767580452920143,137.6984783496732,40.272093195363
1738332000.Fri.Jan.31_14_00_00.GMT.2025.CACO04.c1.timex.jpg,c1,1738332000,2025-01-31T14:00:00+00:00,0.0,0.7962393340482787,5.594405594405594,148.89223345588235,46.39227567111582
1738333800.Fri.Jan.31_14_30_00.GMT.2025.CACO04.c1.timex.jpg,c1,1738333800,2025-01-31T14:30:00+00:00,30.0,0.7962393340482787,5.594405594405594,137.38647939644608,39.87520598899785
1738335600.Fri.Jan.31_15_00_00.GMT.2025.CACO04.c1.timex.jpg,c1,1738335600,2025-01-31T15:00:00+00:00,0.0,0.8661375472501425,6.125574272588055,138.19816240298204,37.43662984129091
1738337400.Fri.Jan.31_15_30_00.GMT.2025.CACO04.c1.timex.jpg,c1,1738337400,2025-01-31T15:30:00+00:00,30.0,0.8661375472501425,6.125574272588055,135.94190410539215,37.005320608766105
1738339200.Fri.Jan.31_16_00_00.GMT.2025.CACO04.c1.timex.jpg,c1,1738339200,2025-01-31T16:00:00+00:00,0.0,0.8821294549385755,5.847953216374269,123.90792866625817,29.07846353600874
1738341000.Fri.Jan.31_16_30_00.GMT.2025.CACO04.c1.timex.jpg,c1,1738341000,2025-01-31T16:30:00+00:00,30.0,0.8821294549385755,5.847953216374269,138.6376123366013,35.599223795040615
1738342800.Fri.Jan.31_17_00_00.GMT.2025.CACO04.c1.timex.jpg,c1,1738342800,2025-01-31T17:00:00+00:00,0.0,0.9346475119349232,6.430868167202571,133.91880808312908,32.32287865132379
1738344600.Fri.Jan.31_17_30_00.GMT.2025.CACO04.c1.timex.jpg,c1,1738344600,2025-01-31T17:30:00+00:00,30.0,0.9346475119349232,6.430868167202571,125.95225375306373,27.420764585771447
1738346400.Fri.Jan.31_18_00_00.GMT.2025.CACO04.c1.timex.jpg,c1,1738346400,2025-01-31T18:00:00+00:00,0.0,0.9711176229370826,6.125574272588055,126.02286943423202,30.671446755133147
1738348200.Fri.Jan.31_18_30_00.GMT.2025.CACO04.c1.timex.jpg,c1,1738348200,2025-01-31T18:30:00+00:00,30.0,0.9711176229370826,6.125574272588055,142.25685827716504,37.148764298265604
1738350000.Fri.Jan.31_19_00_00.GMT.2025.CACO04.c1.timex.jpg,c1,1738350000,2025-01-31T19:00:00+00:00,0.0,0.800411369319273,6.125574272588055,130.83232166564542,33.36368335810408
1738351800.Fri.Jan.31_19_30_00.GMT.2025.CACO04.c1.timex.jpg,c1,1738351800,2025-01-31T19:30:00+00:00,30.0,0.800411369319273,6.125574272588055,117.01391761131536,26.550598282353466
1738353600.Fri.Jan.31_20_00_00.GMT.2025.CACO04.c1.timex.jpg,c1,1738353600,2025-01-31T20:00:00+00:00,0.0,0.8488932652502313,6.430868167202571,135.44818793402777,37.03610620136482
1738355400.Fri.Jan.31_20_30_00.GMT.2025.CACO04.c1.timex.jpg,c1,1738355400,2025-01-31T20:30:00+00:00,30.0,0.8488932652502313,6.430868167202571,118.66195618872548,30.307009779366567
1738357200.Fri.Jan.31_21_00_00.GMT.2025.CACO04.c1.timex.jpg,c1,1738357200,2025-01-31T21:00:00+00:00,0.0,0.6730729261546236,6.430868167202571,120.06522224775327,28.365143174245958
1738359000.Fri.Jan.31_21_30_00.GMT.2025.CACO04.c1.timex.jpg,c1,1738359000,2025-01-31T21:30:00+00:00,30.0,0.6730729261546236,6.430868167202571,44.86938316993464,4.916027966667624
1738360800.Fri.Jan.31_22_00_00.GMT.2025.CACO04.c1.timex.jpg,c1,1738360800,2025-01-31T22:00:00+00:00,0.0,0.7400001304510928,6.430868167202571,3.536605136846405,0.5310840480396559
1738362600.Fri.Jan.31_22_30_00.GMT.2025.CACO04.c1.timex.jpg,c1,1738362600,2025-01-31T22:30:00+00:00,30.0,0.7400001304510928,6.430868167202571,6.382761437908497e-06,0.00012765522875816994
1738364400.Fri.Jan.31_23_00_00.GMT.2025.CACO04.c1.timex.jpg,c1,1738364400,2025-01-31T23:00:00+00:00,0.0,0.6644526401816714,5.594405594405594,6.382761437908497e-06,0.00012765522875816994
1738366200.Fri.Jan.31_23_30_00.GMT.2025.CACO04.c1.timex.jpg,c1,1738366200,2025-01-31T23:30:00+00:00,30.0,0.6644526401816714,5.594405594405594,6.382761437908497e-06,0.00012765522875816994
1738368000.Sat.Feb.01_00_00_00.GMT.2025.CACO04.c1.timex.jpg,c1,1738368000,2025-02-01T00:00:00+00:00,0.0,0.70161765005629,6.125574272588055,6.382761437908497e-06,0.00012765522875816994
1738369800.Sat.Feb.01_00_30_00.GMT.2025.CACO04.c1.timex.jpg,c1,1738369800,2025-02-01T00:30:00+00:00,30.0,0.70161765005629,6.125574272588055,6.382761437908497e-06,0.00012765522875816994
1738371600.Sat.Feb.01_01_00_00.GMT.2025.CACO04.c1.timex.jpg,c1,1738371600,2025-02-01T01:00:00+00:00,0.0,0.5571901076484393,5.847953216374269,3.1913807189542485e-06,6.382761437908497e-05
1738373400.Sat.Feb.01_01_30_00.GMT.2025.CACO04.c1.timex.jpg,c1,1738373400,2025-02-01T01:30:00+00:00,30.0,0.5571901076484393,5.847953216374269,6.382761437908497e-06,0.00012765522875816994
1738375200.Sat.Feb.01_02_00_00.GMT.2025.CACO04.c1.timex.jpg,c1,1738375200,2025-02-01T02:00:00+00:00,0.0,0.4977250164353194,6.125574272588055,6.382761437908497e-06,0.00012765522875816994
1738377000.Sat.Feb.01_02_30_00.GMT.2025.CACO04.c1.timex.jpg,c1,1738377000,2025-02-01T02:30:00+00:00,30.0,0.4977250164353194,6.125574272588055,6.382761437908497e-06,0.00012765522875816994
1738378800.Sat.Feb.01_03_00_00.GMT.2025.CACO04.c1.timex.jpg,c1,1738378800,2025-02-01T03:00:00+00:00,0.0,0.4779748556556272,7.142857142857142,3.1913807189542485e-06,6.382761437908497e-05
1738409400.Sat.Feb.01_11_30_00.GMT.2025.CACO04.c1.timex.jpg,c1,1738409400,2025-02-01T11:30:00+00:00,30.0,1.5143449742143091,4.597701149425287,1.8662683823529411,0.33056002339689783
1738411200.Sat.Feb.01_12_00_00.GMT.2025.CACO04.c1.timex.jpg,c1,1738411200,2025-02-01T12:00:00+00:00,0.0,1.8950994086426,5.847953216374269,39.73350056168301,1.7859411780646488
1738413000.Sat.Feb.01_12_30_00.GMT.2025.CACO04.c1.timex.jpg,c1,1738413000,2025-02-01T12:30:00+00:00,30.0,1.8950994086426,5.847953216374269,162.33352481617646,5.354574171958727
1738414800.Sat.Feb.01_13_00_00.GMT.2025.CACO04.c1.timex.jpg,c1,1738414800,2025-02-01T13:00:00+00:00,0.0,2.3702000549270466,6.430868167202571,159.95520897160947,4.0229747497855675
1738416600.Sat.Feb.01_13_30_00.GMT.2025.CACO04.c1.timex.jpg,c1,1738416600,2025-02-01T13:30:00+00:00,30.0,2.3702000549270466,6.430868167202571,132.01869829963235,2.9577427932048796
1738418400.Sat.Feb.01_14_00_00.GMT.2025.CACO04.c1.timex.jpg,c1,1738418400,2025-02-01T14:00:00+00:00,0.0,2.8255904042415287,7.142857142857142,73.26499629799837,1.746278824619422
1738420200.Sat.Feb.01_14_30_00.GMT.2025.CACO04.c1.timex.jpg,c1,1738420200,2025-02-01T14:30:00+00:00,30.0,2.8255904042415287,7.142857142857142,135.12785309436273,2.9076438963838456
1738422000.Sat.Feb.01_15_00_00.GMT.2025.CACO04.c1.timex.jpg,c1,1738422000,2025-02-01T15:00:00+00:00,0.0,2.993801435051884,7.561436672967865,121.58018344056373,2.5787436956525984
1738423800.Sat.Feb.01_15_30_00.GMT.2025.CACO04.c1.timex.jpg,c1,1738423800,2025-02-01T15:30:00+00:00,30.0,2.993801435051884,7.561436672967865,123.76268573835785,2.555600232278283
1738425600.Sat.Feb.01_16_00_00.GMT.2025.CACO04.c1.timex.jpg,c1,1738425600,2025-02-01T16:00:00+00:00,0.0,3.169719120877045,8.032128514056225,143.43930951286765,2.8497880707689913
1738427400.Sat.Feb.01_16_30_00.GMT.2025.CACO04.c1.timex.jpg,c1,1738427400,2025-02-01T16:30:00+00:00,30.0,3.169719120877045,8.032128514056225,153.40640637765523,2.969576341491002
1738429200.Sat.Feb.01_17_00_00.GMT.2025.CACO04.c1.timex.jpg,c1,1738429200,2025-02-01T17:00:00+00:00,0.0,3.0835161935742046,8.565310492505352,132.34098626429738,2.8521654797952896
1738431000.Sat.Feb.01_17_30_00.GMT.2025.CACO04.c1.timex.jpg,c1,1738431000,2025-02-01T17:30:00+00:00,30.0,3.0835161935742046,8.565310492505352,94.07799734477125,2.1665644524897876
1738432800.Sat.Feb.01_18_00_00.GMT.2025.CACO04.c1.timex.jpg,c1,1738432800,2025-02-01T18:00:00+00:00,0.0,3.27398567343576,8.565310492505352,157.68299057904412,3.091697940965338
1738434600.Sat.Feb.01_18_30_00.GMT.2025.CACO04.c1.timex.jpg,c1,1738434600,2025-02-01T18:30:00+00:00,30.0,3.27398567343576,8.565310492505352,190.0518280228758,2.906099879617922
1738436400.Sat.Feb.01_19_00_00.GMT.2025.CACO04.c1.timex.jpg,c1,1738436400,2025-02-01T19:00:00+00:00,0.0,3.001242876471027,8.032128514056225,97.39370468239379,2.1605551586467264
1738438200.Sat.Feb.01_19_30_00.GMT.2025.CACO04.c1.timex.jpg,c1,1738438200,2025-02-01T19:30:00+00:00,30.0,3.001242876471027,8.032128514056225,104.53173828125,2.3936946676116495
1738440000.Sat.Feb.01_20_00_00.GMT.2025.CACO04.c1.timex.jpg,c1,1738440000,2025-02-01T20:00:00+00:00,0.0,2.5369464519746865,8.565310492505352,136.25914011437908,2.7917909503538167
1738441800.Sat.Feb.01_20_30_00.GMT.2025.CACO04.c1.timex.jpg,c1,1738441800,2025-02-01T20:30:00+00:00,30.0,2.5369464519746865,8.565310492505352,101.71723090277777,2.1824448519226856
1738443600.Sat.Feb.01_21_00_00.GMT.2025.CACO04.c1.timex.jpg,c1,1738443600,2025-02-01T21:00:00+00:00,0.0,2.505958894131347,8.032128514056225,133.40821589052288,3.2257287905611287
1738445400.Sat.Feb.01_21_30_00.GMT.2025.CACO04.c1.timex.jpg,c1,1738445400,2025-02-01T21:30:00+00:00,30.0,2.505958894131347,8.032128514056225,91.13983992034314,2.392124549648662
1738447200.Sat.Feb.01_22_00_00.GMT.2025.CACO04.c1.timex.jpg,c1,1738447200,2025-02-01T22:00:00+00:00,0.0,2.212720482892207,8.565310492505352,29.305616191789216,1.218504263430018
1738449000.Sat.Feb.01_22_30_00.GMT.2025.CACO04.c1.timex.jpg,c1,1738449000,2025-02-01T22:30:00+00:00,30.0,2.212720482892207,8.565310492505352,0.04923023897058824,0.40948286499154785
1738450800.Sat.Feb.01_23_00_00.GMT.2025.CACO04.c1.timex.jpg,c1,1738450800,2025-02-01T23:00:00+00:00,0.0,2.390053325777262,8.032128514056225,0.0,0.0
1738452600.Sat.Feb.01_23_30_00.GMT.2025.CACO04.c1.timex.jpg,c1,1738452600,2025-02-01T23:30:00+00:00,30.0,2.390053325777262,8.032128514056225,0.0,0.0
1738454400.Sun.Feb.02_00_00_00.GMT.2025.CACO04.c1.timex.jpg,c1,1738454400,2025-02-02T00:00:00+00:00,0.0,1.954536755528309,8.032128514056225,0.0,0.0
1738456200.Sun.Feb.02_00_30_00.GMT.2025.CACO04.c1.timex.jpg,c1,1738456200,2025-02-02T00:30:00+00:00,30.0,1.954536755528309,8.032128514056225,0.0,0.0
1738458000.Sun.Feb.02_01_00_00.GMT.2025.CACO04.c1.timex.jpg,c1,1738458000,2025-02-02T01:00:00+00:00,0.0,2.205058224670944,8.565310492505352,0.0,0.0
1738459800.Sun.Feb.02_01_30_00.GMT.2025.CACO04.c1.timex.jpg,c1,1738459800,2025-02-02T01:30:00+00:00,30.0,2.205058224670944,8.565310492505352,0.0,0.0
1738461600.Sun.Feb.02_02_00_00.GMT.2025.CACO04.c1.timex.jpg,c1,1738461600,2025-02-02T02:00:00+00:00,0.0,2.3925621496431693,8.565310492505352,0.0,0.0
1738463400.Sun.Feb.02_02_30_00.GMT.2025.CACO04.c1.timex.jpg,c1,1738463400,2025-02-02T02:30:00+00:00,30.0,2.3925621496431693,8.565310492505352,0.0,0.0
1738465200.Sun.Feb.02_03_00_00.GMT.2025.CACO04.c1.timex.jpg,c1,1738465200,2025-02-02T03:00:00+00:00,0.0,2.283802230472109,8.032128514056225,0.0,0.0
1738495800.Sun.Feb.02_11_30_00.GMT.2025.CACO04.c1.timex.jpg,c1,1738495800,2025-02-02T11:30:00+00:00,30.0,1.8084116261641303,7.561436672967865,6.511421951593137,0.49609374934816575
1738497600.Sun.Feb.02_12_00_00.GMT.2025.CACO04.c1.timex.jpg,c1,1738497600,2025-02-02T12:00:00+00:00,0.0,1.5504259041631527,6.768189509306261,101.27045036764706,3.215332022684489
1738499400.Sun.Feb.02_12_30_00.GMT.2025.CACO04.c1.timex.jpg,c1,1738499400,2025-02-02T12:30:00+00:00,30.0,1.5504259041631527,6.768189509306261,152.84361915339053,5.4608226062201535
1738501200.Sun.Feb.02_13_00_00.GMT.2025.CACO04.c1.timex.jpg,c1,1738501200,2025-02-02T13:00:00+00:00,0.0,1.3351541699046905,7.142857142857142,148.75532960580065,6.570347293275011
1738503000.Sun.Feb.02_13_30_00.GMT.2025.CACO04.c1.timex.jpg,c1,1738503000,2025-02-02T13:30:00+00:00,30.0,1.3351541699046905,7.142857142857142,147.75255310457516,6.235905832806169
1738504800.Sun.Feb.02_14_00_00.GMT.2025.CACO04.c1.timex.jpg,c1,1738504800,2025-02-02T14:00:00+00:00,0.0,1.2247951472012828,6.768189509306261,141.52195031658496,5.822945180821894
1738506600.Sun.Feb.02_14_30_00.GMT.2025.CACO04.c1.timex.jpg,c1,1738506600,2025-02-02T14:30:00+00:00,30.0,1.2247951472012828,6.768189509306261,158.89710350285947,7.712884100423862
1738508400.Sun.Feb.02_15_00_00.GMT.2025.CACO04.c1.timex.jpg,c1,1738508400,2025-02-02T15:00:00+00:00,0.0,1.205142812283807,6.768189509306261,152.8947514552696,6.711278802953671
1738510200.Sun.Feb.02_15_30_00.GMT.2025.CACO04.c1.timex.jpg,c1,1738510200,2025-02-02T15:30:00+00:00,30.0,1.205142812283807,6.768189509306261,166.67242391748366,8.609237273187851
1738512000.Sun.Feb.02_16_00_00.GMT.2025.CACO04.c1.timex.jpg,c1,1738512000,2025-02-02T16:00:00+00:00,0.0,1.260994036774152,7.561436672967865,165.56962635314542,11.966552617981838
1738513800.Sun.Feb.02_16_30_00.GMT.2025.CACO04.c1.timex.jpg,c1,1738513800,2025-02-02T16:30:00+00:00,30.0,1.260994036774152,7.561436672967865,140.06671262254903,6.360687786411752
1738515600.Sun.Feb.02_17_00_00.GMT.2025.CACO04.c1.timex.jpg,c1,1738515600,2025-02-02T17:00:00+00:00,0.0,1.3199877231936712,7.561436672967865,140.1502693525327,5.807175456996332
1738517400.Sun.Feb.02_17_30_00.GMT.2025.CACO04.c1.timex.jpg,c1,1738517400,2025-02-02T17:30:00+00:00,30.0,1.3199877231936712,7.561436672967865,133.3963311887255,5.412640665000056
1738519200.Sun.Feb.02_18_00_00.GMT.2025.CACO04.c1.timex.jpg,c1,1738519200,2025-02-02T18:00:00+00:00,0.0,1.3024105030588564,6.125574272588055,140.2627463745915,5.671300250160183
1738521000.Sun.Feb.02_18_30_00.GMT.2025.CACO04.c1.timex.jpg,c1,1738521000,2025-02-02T18:30:00+00:00,30.0,1.3024105030588564,6.125574272588055,123.77854051776961,4.633131127033805
1738522800.Sun.Feb.02_19_00_00.GMT.2025.CACO04.c1.timex.jpg,c1,1738522800,2025-02-02T19:00:00+00:00,0.0,1.2386520551874307,8.032128514056225,129.3046364379085,4.831941254782939
1738524600.Sun.Feb.02_19_30_00.GMT.2025.CACO04.c1.timex.jpg,c1,1738524600,2025-02-02T19:30:00+00:00,30.0,1.2386520551874307,8.032128514056225,118.84791475183823,4.471542373787838
1738526400.Sun.Feb.02_20_00_00.GMT.2025.CACO04.c1.timex.jpg,c1,1738526400,2025-02-02T20:00:00+00:00,0.0,1.145375845690004,8.032128514056225,122.95348243464052,4.764906799916991
1738528200.Sun.Feb.02_20_30_00.GMT.2025.CACO04.c1.timex.jpg,c1,1738528200,2025-02-02T20:30:00+00:00,30.0,1.145375845690004,8.032128514056225,125.32488574857027,4.770652819394789
1738530000.Sun.Feb.02_21_00_00.GMT.2025.CACO04.c1.timex.jpg,c1,1738530000,2025-02-02T21:00:00+00:00,0.0,1.0930382012800155,7.561436672967865,116.31538819955065,5.088404408686337
1738531800.Sun.Feb.02_21_30_00.GMT.2025.CACO04.c1.timex.jpg,c1,1738531800,2025-02-02T21:30:00+00:00,30.0,1.0930382012800155,7.561436672967865,96.79351128472223,3.935843524289583
1738533600.Sun.Feb.02_22_00_00.GMT.2025.CACO04.c1.timex.jpg,c1,1738533600,2025-02-02T22:00:00+00:00,0.0,1.0021405910410393,7.561436672967865,8.808705448325163,0.4904003150236287
1738535400.Sun.Feb.02_22_30_00.GMT.2025.CACO04.c1.timex.jpg,c1,1738535400,2025-02-02T22:30:00+00:00,30.0,1.0021405910410393,7.561436672967865,0.0,0.0
1738537200.Sun.Feb.02_23_00_00.GMT.2025.CACO04.c1.timex.jpg,c1,1738537200,2025-02-02T23:00:00+00:00,0.0,0.9244530367666848,7.142857142857142,0.0,0.0
1738539000.Sun.Feb.02_23_30_00.GMT.2025.CACO04.c1.timex.jpg,c1,1738539000,2025-02-02T23:30:00+00:00,30.0,0.9244530367666848,7.142857142857142,0.0,0.0
1738540800.Mon.Feb.03_00_00_00.GMT.2025.CACO04.c1.timex.jpg,c1,1738540800,2025-02-03T00:00:00+00:00,0.0,0.8780178750590597,6.768189509306261,0.0,0.0
1738542600.Mon.Feb.03_00_30_00.GMT.2025.CACO04.c1.timex.jpg,c1,1738542600,2025-02-03T00:30:00+00:00,30.0,0.8780178750590597,6.768189509306261,0.000912734885620915,0.006261488970588236
1738544400.Mon.Feb.03_01_00_00.GMT.2025.CACO04.c1.timex.jpg,c1,1738544400,2025-02-03T01:00:00+00:00,0.0,0.8685076018795831,6.768189509306261,0.0,0.0
1738546200.Mon.Feb.03_01_30_00.GMT.2025.CACO04.c1.timex.jpg,c1,1738546200,2025-02-03T01:30:00+00:00,30.0,0.8685076018795831,6.768189509306261,0.0,0.0
1738548000.Mon.Feb.03_02_00_00.GMT.2025.CACO04.c1.timex.jpg,c1,1738548000,2025-02-03T02:00:00+00:00,0.0,0.8768011963048329,7.561436672967865,0.0,0.0
1738549800.Mon.Feb.03_02_30_00.GMT.2025.CACO04.c1.timex.jpg,c1,1738549800,2025-02-03T02:30:00+00:00,30.0,0.8768011963048329,7.561436672967865,0.0,0.0
1738551600.Mon.Feb.03_03_00_00.GMT.2025.CACO04.c1.timex.jpg,c1,1738551600,2025-02-03T03:00:00+00:00,0.0,1.1992725278544951,7.142857142857142,0.0,0.0
1738582200.Mon.Feb.03_11_30_00.GMT.2025.CACO04.c1.timex.jpg,c1,1738582200,2025-02-03T11:30:00+00:00,30.0,1.064723666792343,6.430868167202571,9.853391161151961,0.38987182498390716
1738584000.Mon.Feb.03_12_00_00.GMT.2025.CACO04.c1.timex.jpg,c1,1738584000,2025-02-03T12:00:00+00:00,0.0,1.0031575790186191,6.125574272588055,182.2854434742647,3.4573758894184468
1738585800.Mon.Feb.03_12_30_00.GMT.2025.CACO04.c1.timex.jpg,c1,1738585800,2025-02-03T12:30:00+00:00,30.0,1.0031575790186191,6.125574272588055,176.6376251021242,5.428697035789204
1738587600.Mon.Feb.03_13_00_00.GMT.2025.CACO04.c1.timex.jpg,c1,1738587600,2025-02-03T13:00:00+00:00,0.0,0.9293515054004076,6.125574272588055,182.554789624183,6.084754931747982
1738589400.Mon.Feb.03_13_30_00.GMT.2025.CACO04.c1.timex.jpg,c1,1738589400,2025-02-03T13:30:00+00:00,30.0,0.9293515054004076,6.125574272588055,140.15299479166666,6.818911549332986
1738591200.Mon.Feb.03_14_00_00.GMT.2025.CACO04.c1.timex.jpg,c1,1738591200,2025-02-03T14:00:00+00:00,0.0,0.8302108338177644,5.847953216374269,137.5251704197304,4.146905600589223
1738593000.Mon.Feb.03_14_30_00.GMT.2025.CACO04.c1.timex.jpg,c1,1738593000,2025-02-03T14:30:00+00:00,30.0,0.8302108338177644,5.847953216374269,154.49411190257354,4.984955224921995
1738594800.Mon.Feb.03_15_00_00.GMT.2025.CACO04.c1.timex.jpg,c1,1738594800,2025-02-03T15:00:00+00:00,0.0,0.8641647827238643,5.594405594405594,128.17843967013889,5.284195536351875
1738596600.Mon.Feb.03_15_30_00.GMT.2025.CACO04.c1.timex.jpg,c1,1738596600,2025-02-03T15:30:00+00:00,30.0,0.8641647827238643,5.594405594405594,196.8369459763072,4.484311577897849
1738598400.Mon.Feb.03_16_00_00.GMT.2025.CACO04.c1.timex.jpg,c1,1738598400,2025-02-03T16:00:00+00:00,0.0,0.8600453811624734,5.847953216374269,168.02651079963235,5.770302875634011
1738600200.Mon.Feb.03_16_30_00.GMT.2025.CACO04.c1.timex.jpg,c1,1738600200,2025-02-03T16:30:00+00:00,30.0,0.8600453811624734,5.847953216374269,155.74398105596404,6.278616499557586
1738602000.Mon.Feb.03_17_00_00.GMT.2025.CACO04.c1.timex.jpg,c1,1738602000,2025-02-03T17:00:00+00:00,0.0,0.6914264621058764,5.594405594405594,149.6500874438317,4.108152571133514
1738603800.Mon.Feb.03_17_30_00.GMT.2025.CACO04.c1.timex.jpg,c1,1738603800,2025-02-03T17:30:00+00:00,30.0,0.6914264621058764,5.594405594405594,165.0002648845997,4.5943882751253
1738605600.Mon.Feb.03_18_00_00.GMT.2025.CACO04.c1.timex.jpg,c1,1738605600,2025-02-03T18:00:00+00:00,0.0,0.6573546424264993,5.847953216374269,148.68982651654412,3.990416279209435
1738607400.Mon.Feb.03_18_30_00.GMT.2025.CACO04.c1.timex.jpg,c1,1738607400,2025-02-03T18:30:00+00:00,30.0,0.6573546424264993,5.847953216374269,142.40741485396242,9.610029225622586
1738609200.Mon.Feb.03_19_00_00.GMT.2025.CACO04.c1.timex.jpg,c1,1738609200,2025-02-03T19:00:00+00:00,0.0,0.6508793558717529,5.847953216374269,129.5458473754085,7.923574722369808
1738611000.Mon.Feb.03_19_30_00.GMT.2025.CACO04.c1.timex.jpg,c1,1738611000,2025-02-03T19:30:00+00:00,30.0,0.6508793558717529,5.847953216374269,124.06707643995098,4.9246833250388065
1738612800.Mon.Feb.03_20_00_00.GMT.2025.CACO04.c1.timex.jpg,c1,1738612800,2025-02-03T20:00:00+00:00,0.0,0.6750779713440689,5.847953216374269,129.0045158037173,4.670837798974734
1738614600.Mon.Feb.03_20_30_00.GMT.2025.CACO04.c1.timex.jpg,c1,1738614600,2025-02-03T20:30:00+00:00,30.0,0.6750779713440689,5.847953216374269,93.3920547385621,3.5597681766379474
1738616400.Mon.Feb.03_21_00_00.GMT.2025.CACO04.c1.timex.jpg,c1,1738616400,2025-02-03T21:00:00+00:00,0.0,0.7732029403606241,5.847953216374269,101.54266237745098,2.9091669128107047
1738618200.Mon.Feb.03_21_30_00.GMT.2025.CACO04.c1.timex.jpg,c1,1738618200,2025-02-03T21:30:00+00:00,30.0,0.7732029403606241,5.847953216374269,89.89768433415033,2.325233537203897
1738620000.Mon.Feb.03_22_00_00.GMT.2025.CACO04.c1.timex.jpg,c1,1738620000,2025-02-03T22:00:00+00:00,0.0,0.6666212464921909,5.847953216374269,29.484726051879086,0.8230091736762679
1738621800.Mon.Feb.03_22_30_00.GMT.2025.CACO04.c1.timex.jpg,c1,1738621800,2025-02-03T22:30:00+00:00,30.0,0.6666212464921909,5.847953216374269,6.382761437908497e-06,0.00012765522875816994
1738623600.Mon.Feb.03_23_00_00.GMT.2025.CACO04.c1.timex.jpg,c1,1738623600,2025-02-03T23:00:00+00:00,0.0,0.5845282237374357,5.847953216374269,3.829656862745098e-05,0.0003829656862745098
1738625400.Mon.Feb.03_23_30_00.GMT.2025.CACO04.c1.timex.jpg,c1,1738625400,2025-02-03T23:30:00+00:00,30.0,0.5845282237374357,5.847953216374269,0.0021158854166666665,0.009711371517592868
1738627200.Tue.Feb.04_00_00_00.GMT.2025.CACO04.c1.timex.jpg,c1,1738627200,2025-02-04T00:00:00+00:00,0.0,0.755240211668919,6.768189509306261,3.1913807189542485e-06,6.382761437908497e-05
1738629000.Tue.Feb.04_00_30_00.GMT.2025.CACO04.c1.timex.jpg,c1,1738629000,2025-02-04T00:30:00+00:00,30.0,0.755240211668919,6.768189509306261,3.1913807189542485e-06,6.382761437908497e-05
1738630800.Tue.Feb.04_01_00_00.GMT.2025.CACO04.c1.timex.jpg,c1,1738630800,2025-02-04T01:00:00+00:00,0.0,0.7767818530461884,6.768189509306261,6.382761437908497e-06,0.00012765522875816994
1738632600.Tue.Feb.04_01_30_00.GMT.2025.CACO04.c1.timex.jpg,c1,1738632600,2025-02-04T01:30:00+00:00,30.0,0.7767818530461884,6.768189509306261,9.574142156862745e-06,0.0001914828431372549
1738634400.Tue.Feb.04_02_00_00.GMT.2025.CACO04.c1.timex.jpg,c1,1738634400,2025-02-04T02:00:00+00:00,0.0,0.8595004687383212,6.430868167202571,6.382761437908497e-06,0.00012765522875816994
1738636200.Tue.Feb.04_02_30_00.GMT.2025.CACO04.c1.timex.jpg,c1,1738636200,2025-02-04T02:30:00+00:00,30.0,0.8595004687383212,6.430868167202571,6.382761437908497e-06,0.00012765522875816994
1738638000.Tue.Feb.04_03_00_00.GMT.2025.CACO04.c1.timex.jpg,c1,1738638000,2025-02-04T03:00:00+00:00,0.0,0.8624224165092526,7.142857142857142,6.382761437908497e-06,0.00012765522875816994
1738668600.Tue.Feb.04_11_30_00.GMT.2025.CACO04.c1.timex.jpg,c1,1738668600,2025-02-04T11:30:00+00:00,30.0,0.6167706296076886,6.125574272588055,13.721871170343137,0.5298871806106948
1738670400.Tue.Feb.04_12_00_00.GMT.2025.CACO04.c1.timex.jpg,c1,1738670400,2025-02-04T12:00:00+00:00,0.0,0.5000787870057161,6.430868167202571,147.42843647875816,3.1564382560087427
1738672200.Tue.Feb.04_12_30_00.GMT.2025.CACO04.c1.timex.jpg,c1,1738672200,2025-02-04T12:30:00+00:00,30.0,0.5000787870057161,6.430868167202571,113.59958065257354,2.7432023590686274
1738674000.Tue.Feb.04_13_00_00.GMT.2025.CACO04.c1.timex.jpg,c1,1738674000,2025-02-04T13:00:00+00:00,0.0,0.5029449617658333,10.6951871657754,149.73499412785947,4.7916330240319605
1738675800.Tue.Feb.04_13_30_00.GMT.2025.CACO04.c1.timex.jpg,c1,1738675800,2025-02-04T13:30:00+00:00,30.0,0.5029449617658333,10.6951871657754,150.4877419066585,6.07323267882645
1738677600.Tue.Feb.04_14_00_00.GMT.2025.CACO04.c1.timex.jpg,c1,1738677600,2025-02-04T14:00:00+00:00,0.0,1.0448924259801888,4.767580452920143,142.93227570976308,5.804114505621242
1738679400.Tue.Feb.04_14_30_00.GMT.2025.CACO04.c1.timex.jpg,c1,1738679400,2025-02-04T14:30:00+00:00,30.0,1.0448924259801888,4.767580452920143,150.67319304023692,17.717138372903054
1738681200.Tue.Feb.04_15_00_00.GMT.2025.CACO04.c1.timex.jpg,c1,1738681200,2025-02-04T15:00:00+00:00,0.0,1.3110808240690777,5.594405594405594,139.578022875817,17.228759024479217
1738683000.Tue.Feb.04_15_30_00.GMT.2025.CACO04.c1.timex.jpg,c1,1738683000,2025-02-04T15:30:00+00:00,30.0,1.3110808240690777,5.594405594405594,172.16276360804738,20.44432256560827
1738684800.Tue.Feb.04_16_00_00.GMT.2025.CACO04.c1.timex.jpg,c1,1738684800,2025-02-04T16:00:00+00:00,0.0,1.1924240676607465,5.847953216374269,183.15009701797385,25.767938735529995
1738686600.Tue.Feb.04_16_30_00.GMT.2025.CACO04.c1.timex.jpg,c1,1738686600,2025-02-04T16:30:00+00:00,30.0,1.1924240676607465,5.847953216374269,108.01926317401961,6.162495522279294
1738688400.Tue.Feb.04_17_00_00.GMT.2025.CACO04.c1.timex.jpg,c1,1738688400,2025-02-04T17:00:00+00:00,0.0,1.2587797097997728,6.125574272588055,142.30995008680554,11.09219898310408
1738690200.Tue.Feb.04_17_30_00.GMT.2025.CACO04.c1.timex.jpg,c1,1738690200,2025-02-04T17:30:00+00:00,30.0,1.2587797097997728,6.125574272588055,128.1477258220997,12.347502748237691
1738692000.Tue.Feb.04_18_00_00.GMT.2025.CACO04.c1.timex.jpg,c1,1738692000,2025-02-04T18:00:00+00:00,0.0,1.2009629269925983,5.847953216374269,141.38916334763073,19.762928012689585
1738693800.Tue.Feb.04_18_30_00.GMT.2025.CACO04.c1.timex.jpg,c1,1738693800,2025-02-04T18:30:00+00:00,30.0,1.2009629269925983,5.847953216374269,136.23651641646242,19.680101831300817
1738695600.Tue.Feb.04_19_00_00.GMT.2025.CACO04.c1.timex.jpg,c1,1738695600,2025-02-04T19:00:00+00:00,0.0,1.1276587502090996,5.361930294906166,123.3202965430964,16.580677655420594
1738697400.Tue.Feb.04_19_30_00.GMT.2025.CACO04.c1.timex.jpg,c1,1738697400,2025-02-04T19:30:00+00:00,30.0,1.1276587502090996,5.361930294906166,113.2767884497549,19.443911251638227
1738699200.Tue.Feb.04_20_00_00.GMT.2025.CACO04.c1.timex.jpg,c1,1738699200,2025-02-04T20:00:00+00:00,0.0,1.3184408916409809,5.847953216374269,104.70886948529412,20.628080829204574
1738701000.Tue.Feb.04_20_30_00.GMT.2025.CACO04.c1.timex.jpg,c1,1738701000,2025-02-04T20:30:00+00:00,30.0,1.3184408916409809,5.847953216374269,98.1948752808415,17.383362538954383
1738702800.Tue.Feb.04_21_00_00.GMT.2025.CACO04.c1.timex.jpg,c1,1738702800,2025-02-04T21:00:00+00:00,0.0,1.6090208406729765,6.125574272588055,94.95284734987744,15.457976582955864
1738704600.Tue.Feb.04_21_30_00.GMT.2025.CACO04.c1.timex.jpg,c1,1738704600,2025-02-04T21:30:00+00:00,30.0,1.6090208406729765,6.125574272588055,87.52699588950163,8.100825088567705
1738706400.Tue.Feb.04_22_00_00.GMT.2025.CACO04.c1.timex.jpg,c1,1738706400,2025-02-04T22:00:00+00:00,0.0,1.5375484235285966,7.142857142857142,51.666950699550654,1.94279699286044
1738708200.Tue.Feb.04_22_30_00.GMT.2025.CACO04.c1.timex.jpg,c1,1738708200,2025-02-04T22:30:00+00:00,30.0,1.5375484235285966,7.142857142857142,0.5949052798202614,1.06357549447731
1738710000.Tue.Feb.04_23_00_00.GMT.2025.CACO04.c1.timex.jpg,c1,1738710000,2025-02-04T23:00:00+00:00,0.0,1.4500943959572328,6.768189509306261,0.0,0.0
1738711800.Tue.Feb.04_23_30_00.GMT.2025.CACO04.c1.timex.jpg,c1,1738711800,2025-02-04T23:30:00+00:00,30.0,1.4500943959572328,6.768189509306261,0.0,0.0
1738713600.Wed.Feb.05_00_00_00.GMT.2025.CACO04.c1.timex.jpg,c1,1738713600,2025-02-05T00:00:00+00:00,0.0,1.32524913498146,6.768189509306261,0.0,0.0
1738715400.Wed.Feb.05_00_30_00.GMT.2025.CACO04.c1.timex.jpg,c1,1738715400,2025-02-05T00:30:00+00:00,30.0,1.32524913498146,6.768189509306261,0.0,0.0
1738717200.Wed.Feb.05_01_00_00.GMT.2025.CACO04.c1.timex.jpg,c1,1738717200,2025-02-05T01:00:00+00:00,0.0,1.4172526410738069,6.768189509306261,0.0,0.0
1738719000.Wed.Feb.05_01_30_00.GMT.2025.CACO04.c1.timex.jpg,c1,1738719000,2025-02-05T01:30:00+00:00,30.0,1.4172526410738069,6.768189509306261,0.0,0.0
1738720800.Wed.Feb.05_02_00_00.GMT.2025.CACO04.c1.timex.jpg,c1,1738720800,2025-02-05T02:00:00+00:00,0.0,1.7712981387949152,8.032128514056225,0.0,0.0
1738722600.Wed.Feb.05_02_30_00.GMT.2025.CACO04.c1.timex.jpg,c1,1738722600,2025-02-05T02:30:00+00:00,30.0,1.7712981387949152,8.032128514056225,0.0,0.0
1738724400.Wed.Feb.05_03_00_00.GMT.2025.CACO04.c1.timex.jpg,c1,1738724400,2025-02-05T03:00:00+00:00,0.0,1.9484147255290136,8.032128514056225,0.0,0.0
1738755000.Wed.Feb.05_11_30_00.GMT.2025.CACO04.c1.timex.jpg,c1,1738755000,2025-02-05T11:30:00+00:00,30.0,1.0509784382742409,6.430868167202571,27.677073759191178,1.3620046585616208
1738756800.Wed.Feb.05_12_00_00.GMT.2025.CACO04.c1.timex.jpg,c1,1738756800,2025-02-05T12:00:00+00:00,0.0,1.0372964619393086,6.125574272588055,160.93008003982843,10.10555807439809
1738758600.Wed.Feb.05_12_30_00.GMT.2025.CACO04.c1.timex.jpg,c1,1738758600,2025-02-05T12:30:00+00:00,30.0,1.0372964619393086,6.125574272588055,158.8740744995915,20.725977578927626
1738760400.Wed.Feb.05_13_00_00.GMT.2025.CACO04.c1.timex.jpg,c1,1738760400,2025-02-05T13:00:00+00:00,0.0,0.9591970240726552,6.125574272588055,141.72854115604576,31.45380096634356
1738762200.Wed.Feb.05_13_30_00.GMT.2025.CACO04.c1.timex.jpg,c1,1738762200,2025-02-05T13:30:00+00:00,30.0,0.9591970240726552,6.125574272588055,145.92454618566177,33.445159305740525
1738764000.Wed.Feb.05_14_00_00.GMT.2025.CACO04.c1.timex.jpg,c1,1738764000,2025-02-05T14:00:00+00:00,0.0,1.0937249395477278,5.594405594405594,146.85519109987746,32.31911878656296
1738765800.Wed.Feb.05_14_30_00.GMT.2025.CACO04.c1.timex.jpg,c1,1738765800,2025-02-05T14:30:00+00:00,30.0,1.0937249395477278,5.594405594405594,146.04317938112746,31.020727766721745
1738767600.Wed.Feb.05_15_00_00.GMT.2025.CACO04.c1.timex.jpg,c1,1738767600,2025-02-05T15:00:00+00:00,0.0,1.0922779447623443,5.594405594405594,145.63462520424838,28.670962141876956
1738769400.Wed.Feb.05_15_30_00.GMT.2025.CACO04.c1.timex.jpg,c1,1738769400,2025-02-05T15:30:00+00:00,30.0,1.0922779447623443,5.594405594405594,145.29005501940358,28.402152265160623
1738771200.Wed.Feb.05_16_00_00.GMT.2025.CACO04.c1.timex.jpg,c1,1738771200,2025-02-05T16:00:00+00:00,0.0,1.2086747212360562,5.847953216374269,144.35866013071896,26.111864275494153
1738773000.Wed.Feb.05_16_30_00.GMT.2025.CACO04.c1.timex.jpg,c1,1738773000,2025-02-05T16:30:00+00:00,30.0,1.2086747212360562,5.847953216374269,143.5368061938317,25.04451015379648
1738774800.Wed.Feb.05_17_00_00.GMT.2025.CACO04.c1.timex.jpg,c1,1738774800,2025-02-05T17:00:00+00:00,0.0,1.142223361242105,5.594405594405594,141.67301113153596,22.502489262253775
1738776600.Wed.Feb.05_17_30_00.GMT.2025.CACO04.c1.timex.jpg,c1,1738776600,2025-02-05T17:30:00+00:00,30.0,1.142223361242105,5.594405594405594,142.76795789930554,23.12439939401208
1738778400.Wed.Feb.05_18_00_00.GMT.2025.CACO04.c1.timex.jpg,c1,1738778400,2025-02-05T18:00:00+00:00,0.0,1.2629236858057455,5.148005148005149,140.5147824754902,23.065052200114337
1738780200.Wed.Feb.05_18_30_00.GMT.2025.CACO04.c1.timex.jpg,c1,1738780200,2025-02-05T18:30:00+00:00,30.0,1.2629236858057455,5.148005148005149,137.37619357638889,24.21045188992621
1738782000.Wed.Feb.05_19_00_00.GMT.2025.CACO04.c1.timex.jpg,c1,1738782000,2025-02-05T19:00:00+00:00,0.0,1.1785093213196356,5.594405594405594,125.81029156454248,24.098252416823218
1738783800.Wed.Feb.05_19_30_00.GMT.2025.CACO04.c1.timex.jpg,c1,1738783800,2025-02-05T19:30:00+00:00,30.0,1.1785093213196356,5.594405594405594,113.22087545955883,25.65004272904796
1738785600.Wed.Feb.05_20_00_00.GMT.2025.CACO04.c1.timex.jpg,c1,1738785600,2025-02-05T20:00:00+00:00,0.0,1.002860084864702,4.950495049504951,109.37644569546569,30.520581479705868
1738787400.Wed.Feb.05_20_30_00.GMT.2025.CACO04.c1.timex.jpg,c1,1738787400,2025-02-05T20:30:00+00:00,30.0,1.002860084864702,4.950495049504951,104.75952308006536,31.891845752949582
1738789200.Wed.Feb.05_21_00_00.GMT.2025.CACO04.c1.timex.jpg,c1,1738789200,2025-02-05T21:00:00+00:00,0.0,0.9233341971546912,5.847953216374269,103.49503421160131,24.229899930711575
1738791000.Wed.Feb.05_21_30_00.GMT.2025.CACO04.c1.timex.jpg,c1,1738791000,2025-02-05T21:30:00+00:00,30.0,0.9233341971546912,5.847953216374269,93.59310853247548,11.26272976939796
1738792800.Wed.Feb.05_22_00_00.GMT.2025.CACO04.c1.timex.jpg,c1,1738792800,2025-02-05T22:00:00+00:00,0.0,0.9420461174872636,5.594405594405594,41.77544487847222,1.7686499711709336
1738794600.Wed.Feb.05_22_30_00.GMT.2025.CACO04.c1.timex.jpg,c1,1738794600,2025-02-05T22:30:00+00:00,30.0,0.9420461174872636,5.594405594405594,0.2886667687908497,0.9368808688406114
1738796400.Wed.Feb.05_23_00_00.GMT.2025.CACO04.c1.timex.jpg,c1,1738796400,2025-02-05T23:00:00+00:00,0.0,0.8747892233154622,5.594405594405594,9.574142156862745e-06,0.00014042075163398692
1738798200.Wed.Feb.05_23_30_00.GMT.2025.CACO04.c1.timex.jpg,c1,1738798200,2025-02-05T23:30:00+00:00,30.0,0.8747892233154622,5.594405594405594,3.1913807189542485e-06,6.382761437908497e-05
1738800000.Thu.Feb.06_00_00_00.GMT.2025.CACO04.c1.timex.jpg,c1,1738800000,2025-02-06T00:00:00+00:00,0.0,0.8140778576150779,5.361930294906166,9.574142156862745e-06,0.0001340379494564347
1738801800.Thu.Feb.06_00_30_00.GMT.2025.CACO04.c1.timex.jpg,c1,1738801800,2025-02-06T00:30:00+00:00,30.0,0.8140778576150779,5.361930294906166,3.1913807189542485e-06,6.382761437908497e-05
1738803600.Thu.Feb.06_01_00_00.GMT.2025.CACO04.c1.timex.jpg,c1,1738803600,2025-02-06T01:00:00+00:00,0.0,0.811298886690811,5.361930294906166,2.5531045751633988e-05,0.00023616217320261438
1738805400.Thu.Feb.06_01_30_00.GMT.2025.CACO04.c1.timex.jpg,c1,1738805400,2025-02-06T01:30:00+00:00,30.0,0.811298886690811,5.361930294906166,3.1913807189542485e-06,6.382761437908497e-05
1738807200.Thu.Feb.06_02_00_00.GMT.2025.CACO04.c1.timex.jpg,c1,1738807200,2025-02-06T02:00:00+00:00,0.0,0.8816168670849858,5.594405594405594,2.5531045751633988e-05,0.00029998978758169936
1738809000.Thu.Feb.06_02_30_00.GMT.2025.CACO04.c1.timex.jpg,c1,1738809000,2025-02-06T02:30:00+00:00,30.0,0.8816168670849858,5.594405594405594,3.1913807189542485e-06,6.382761437908497e-05
1738810800.Thu.Feb.06_03_00_00.GMT.2025.CACO04.c1.timex.jpg,c1,1738810800,2025-02-06T03:00:00+00:00,0.0,0.6301332920258365,5.361930294906166,3.1913807189542485e-06,6.382761437908497e-05
1738841400.Thu.Feb.06_11_30_00.GMT.2025.CACO04.c1.timex.jpg,c1,1738841400,2025-02-06T11:30:00+00:00,30.0,0.414628027260997,4.024144869215292,10.436044730392156,0.9250180819872899
1738843200.Thu.Feb.06_12_00_00.GMT.2025.CACO04.c1.timex.jpg,c1,1738843200,2025-02-06T12:00:00+00:00,0.0,0.611083967155047,3.389830508474576,61.06430632148693,9.402812873177988
1738845000.Thu.Feb.06_12_30_00.GMT.2025.CACO04.c1.timex.jpg,c1,1738845000,2025-02-06T12:30:00+00:00,30.0,0.611083967155047,3.389830508474576,177.02641505821077,14.254062539565933
1738846800.Thu.Feb.06_13_00_00.GMT.2025.CACO04.c1.timex.jpg,c1,1738846800,2025-02-06T13:00:00+00:00,0.0,0.7917060074265005,3.787878787878788,139.34587865093954,8.60004304280229
1738848600.Thu.Feb.06_13_30_00.GMT.2025.CACO04.c1.timex.jpg,c1,1738848600,2025-02-06T13:30:00+00:00,30.0,0.7917060074265005,3.787878787878788,128.7027707567402,6.840810719525944
1738850400.Thu.Feb.06_14_00_00.GMT.2025.CACO04.c1.timex.jpg,c1,1738850400,2025-02-06T14:00:00+00:00,0.0,0.944335279099012,4.024144869215292,175.5995391646242,7.841525405152676
1738852200.Thu.Feb.06_14_30_00.GMT.2025.CACO04.c1.timex.jpg,c1,1738852200,2025-02-06T14:30:00+00:00,30.0,0.944335279099012,4.024144869215292,133.46084175857843,4.499077690880556
1738854000.Thu.Feb.06_15_00_00.GMT.2025.CACO04.c1.timex.jpg,c1,1738854000,2025-02-06T15:00:00+00:00,0.0,1.13740240240102,4.597701149425287,156.4055606617647,5.777567048834443
1738855800.Thu.Feb.06_15_30_00.GMT.2025.CACO04.c1.timex.jpg,c1,1738855800,2025-02-06T15:30:00+00:00,30.0,1.13740240240102,4.597701149425287,150.50464345894608,5.027292541245781
1738857600.Thu.Feb.06_16_00_00.GMT.2025.CACO04.c1.timex.jpg,c1,1738857600,2025-02-06T16:00:00+00:00,0.0,1.2580758756213437,4.950495049504951,151.5237566380719,5.275134385637869
1738859400.Thu.Feb.06_16_30_00.GMT.2025.CACO04.c1.timex.jpg,c1,1738859400,2025-02-06T16:30:00+00:00,30.0,1.2580758756213437,4.950495049504951,171.31030752144608,5.246434084735303
1738861200.Thu.Feb.06_17_00_00.GMT.2025.CACO04.c1.timex.jpg,c1,1738861200,2025-02-06T17:00:00+00:00,0.0,1.3588418387086534,4.950495049504951,149.30549811070262,3.9130932136716368
1738863000.Thu.Feb.06_17_30_00.GMT.2025.CACO04.c1.timex.jpg,c1,1738863000,2025-02-06T17:30:00+00:00,30.0,1.3588418387086534,4.950495049504951,140.91040198631535,3.182922408492069
1738864800.Thu.Feb.06_18_00_00.GMT.2025.CACO04.c1.timex.jpg,c1,1738864800,2025-02-06T18:00:00+00:00,0.0,1.793657008613961,6.125574272588055,171.60377412683823,3.6564714427362817
1738866600.Thu.Feb.06_18_30_00.GMT.2025.CACO04.c1.timex.jpg,c1,1738866600,2025-02-06T18:30:00+00:00,30.0,1.793657008613961,6.125574272588055,125.12192989174837,2.670039560820395
1738868400.Thu.Feb.06_19_00_00.GMT.2025.CACO04.c1.timex.jpg,c1,1738868400,2025-02-06T19:00:00+00:00,0.0,1.8003204336276142,6.125574272588055,135.71013965482027,2.879049557308155
1738870200.Thu.Feb.06_19_30_00.GMT.2025.CACO04.c1.timex.jpg,c1,1738870200,2025-02-06T19:30:00+00:00,30.0,1.8003204336276142,6.125574272588055,142.3079203686683,3.0293827444624326
1738872000.Thu.Feb.06_20_00_00.GMT.2025.CACO04.c1.timex.jpg,c1,1738872000,2025-02-06T20:00:00+00:00,0.0,1.9145179175144225,6.768189509306261,134.14095052083334,2.95581527038205
1738873800.Thu.Feb.06_20_30_00.GMT.2025.CACO04.c1.timex.jpg,c1,1738873800,2025-02-06T20:30:00+00:00,30.0,1.9145179175144225,6.768189509306261,165.99024394914215,3.607871792858173
1738875600.Thu.Feb.06_21_00_00.GMT.2025.CACO04.c1.timex.jpg,c1,1738875600,2025-02-06T21:00:00+00:00,0.0,1.836332576468419,6.768189509306261,116.59843813827614,2.63049555071304
1738877400.Thu.Feb.06_21_30_00.GMT.2025.CACO04.c1.timex.jpg,c1,1738877400,2025-02-06T21:30:00+00:00,30.0,1.836332576468419,6.768189509306261,105.26856107026144,2.4101498201435336
1738879200.Thu.Feb.06_22_00_00.GMT.2025.CACO04.c1.timex.jpg,c1,1738879200,2025-02-06T22:00:00+00:00,0.0,1.816420261579884,7.561436672967865,27.918833614174837,0.7546051611450768
1738881000.Thu.Feb.06_22_30_00.GMT.2025.CACO04.c1.timex.jpg,c1,1738881000,2025-02-06T22:30:00+00:00,30.0,1.816420261579884,7.561436672967865,0.4646650326797386,0.6786151946118044
1738882800.Thu.Feb.06_23_00_00.GMT.2025.CACO04.c1.timex.jpg,c1,1738882800,2025-02-06T23:00:00+00:00,0.0,1.7408340189318312,8.032128514056225,0.0,0.0
1738884600.Thu.Feb.06_23_30_00.GMT.2025.CACO04.c1.timex.jpg,c1,1738884600,2025-02-06T23:30:00+00:00,30.0,1.7408340189318312,8.032128514056225,0.0,0.0
1738886400.Fri.Feb.07_00_00_00.GMT.2025.CACO04.c1.timex.jpg,c1,1738886400,2025-02-07T00:00:00+00:00,0.0,1.4502628449929054,7.561436672967865,0.0,0.0
1738888200.Fri.Feb.07_00_30_00.GMT.2025.CACO04.c1.timex.jpg,c1,1738888200,2025-02-07T00:30:00+00:00,30.0,1.4502628449929054,7.561436672967865,0.0,0.0
1738890000.Fri.Feb.07_01_00_00.GMT.2025.CACO04.c1.timex.jpg,c1,1738890000,2025-02-07T01:00:00+00:00,0.0,1.4266583868305778,8.032128514056225,0.0,0.0
1738891800.Fri.Feb.07_01_30_00.GMT.2025.CACO04.c1.timex.jpg,c1,1738891800,2025-02-07T01:30:00+00:00,30.0,1.4266583868305778,8.032128514056225,0.0,0.0
1738893600.Fri.Feb.07_02_00_00.GMT.2025.CACO04.c1.timex.jpg,c1,1738893600,2025-02-07T02:00:00+00:00,0.0,1.27290704364071,7.561436672967865,0.0,0.0
1738895400.Fri.Feb.07_02_30_00.GMT.2025.CACO04.c1.timex.jpg,c1,1738895400,2025-02-07T02:30:00+00:00,30.0,1.27290704364071,7.561436672967865,0.0,0.0
1738897200.Fri.Feb.07_03_00_00.GMT.2025.CACO04.c1.timex.jpg,c1,1738897200,2025-02-07T03:00:00+00:00,0.0,1.3160471740113358,8.032128514056225,0.0,0.0
1738927800.Fri.Feb.07_11_30_00.GMT.2025.CACO04.c1.timex.jpg,c1,1738927800,2025-02-07T11:30:00+00:00,30.0,0.9056545464478944,8.032128514056225,29.751876531862745,0.9057106564038743
1738929600.Fri.Feb.07_12_00_00.GMT.2025.CACO04.c1.timex.jpg,c1,1738929600,2025-02-07T12:00:00+00:00,0.0,1.102478765479045,8.032128514056225,123.28039470996733,3.1437268166902808
1738931400.Fri.Feb.07_12_30_00.GMT.2025.CACO04.c1.timex.jpg,c1,1738931400,2025-02-07T12:30:00+00:00,30.0,1.102478765479045,8.032128514056225,97.72301687602125,2.6700460941555555
1738933200.Fri.Feb.07_13_00_00.GMT.2025.CACO04.c1.timex.jpg,c1,1738933200,2025-02-07T13:00:00+00:00,0.0,1.1719821991947397,8.565310492505352,183.1539585886438,4.205259218001652
1738935000.Fri.Feb.07_13_30_00.GMT.2025.CACO04.c1.timex.jpg,c1,1738935000,2025-02-07T13:30:00+00:00,30.0,1.1719821991947397,8.565310492505352,108.37860945159314,3.617551001914161
1738936800.Fri.Feb.07_14_00_00.GMT.2025.CACO04.c1.timex.jpg,c1,1738936800,2025-02-07T14:00:00+00:00,0.0,1.1843464750728043,9.876543209876544,141.59728285845588,7.24576491229766
1738938600.Fri.Feb.07_14_30_00.GMT.2025.CACO04.c1.timex.jpg,c1,1738938600,2025-02-07T14:30:00+00:00,30.0,1.1843464750728043,9.876543209876544,140.03986034517973,16.79680713035096
1738940400.Fri.Feb.07_15_00_00.GMT.2025.CACO04.c1.timex.jpg,c1,1738940400,2025-02-07T15:00:00+00:00,0.0,1.1659414444081606,8.565310492505352,147.22350515727123,31.29097320198417
1738942200.Fri.Feb.07_15_30_00.GMT.2025.CACO04.c1.timex.jpg,c1,1738942200,2025-02-07T15:30:00+00:00,30.0,1.1659414444081606,8.565310492505352,147.16009561376634,25.18110609137063
1738944000.Fri.Feb.07_16_00_00.GMT.2025.CACO04.c1.timex.jpg,c1,1738944000,2025-02-07T16:00:00+00:00,0.0,1.1268626402832982,9.876543209876544,154.77357792075162,25.752495565858087
1738945800.Fri.Feb.07_16_30_00.GMT.2025.CACO04.c1.timex.jpg,c1,1738945800,2025-02-07T16:30:00+00:00,30.0,1.1268626402832982,9.876543209876544,130.0800589767157,18.734218615979202
1738947600.Fri.Feb.07_17_00_00.GMT.2025.CACO04.c1.timex.jpg,c1,1738947600,2025-02-07T17:00:00+00:00,0.0,0.9709680271704784,10.6951871657754,145.3448957056781,34.97322695422006
1738949400.Fri.Feb.07_17_30_00.GMT.2025.CACO04.c1.timex.jpg,c1,1738949400,2025-02-07T17:30:00+00:00,30.0,0.9709680271704784,10.6951871657754,139.94090839460785,40.15579342132214
1738951200.Fri.Feb.07_18_00_00.GMT.2025.CACO04.c1.timex.jpg,c1,1738951200,2025-02-07T18:00:00+00:00,0.0,1.0655346257143403,10.6951871657754,134.44887088950162,40.20532666476301
1738953000.Fri.Feb.07_18_30_00.GMT.2025.CACO04.c1.timex.jpg,c1,1738953000,2025-02-07T18:30:00+00:00,30.0,1.0655346257143403,10.6951871657754,128.02059717116012,34.03032674352089
1738954800.Fri.Feb.07_19_00_00.GMT.2025.CACO04.c1.timex.jpg,c1,1738954800,2025-02-07T19:00:00+00:00,0.0,0.9730781270828076,10.6951871657754,117.0142271752451,22.02526108658122
1738956600.Fri.Feb.07_19_30_00.GMT.2025.CACO04.c1.timex.jpg,c1,1738956600,2025-02-07T19:30:00+00:00,30.0,0.9730781270828076,10.6951871657754,107.6647199244281,21.842061411021096
1738958400.Fri.Feb.07_20_00_00.GMT.2025.CACO04.c1.timex.jpg,c1,1738958400,2025-02-07T20:00:00+00:00,0.0,0.9285258761832782,9.876543209876544,97.42131012561275,18.247023921086406
1738960200.Fri.Feb.07_20_30_00.GMT.2025.CACO04.c1.timex.jpg,c1,1738960200,2025-02-07T20:30:00+00:00,30.0,0.9285258761832782,9.876543209876544,96.41007965686275,20.279410931620912
1738962000.Fri.Feb.07_21_00_00.GMT.2025.CACO04.c1.timex.jpg,c1,1738962000,2025-02-07T21:00:00+00:00,0.0,0.8431075067327937,10.6951871657754,88.33532156352125,16.5423830068831
1738963800.Fri.Feb.07_21_30_00.GMT.2025.CACO04.c1.timex.jpg,c1,1738963800,2025-02-07T21:30:00+00:00,30.0,0.8431075067327937,10.6951871657754,91.87217881944444,11.39251741518036
1738965600.Fri.Feb.07_22_00_00.GMT.2025.CACO04.c1.timex.jpg,c1,1738965600,2025-02-07T22:00:00+00:00,0.0,0.8777869068938599,9.876543209876544,67.90069699754902,4.23576443418087
1738967400.Fri.Feb.07_22_30_00.GMT.2025.CACO04.c1.timex.jpg,c1,1738967400,2025-02-07T22:30:00+00:00,30.0,0.8777869068938599,9.876543209876544,1.0505801930147058,0.12852008656743727
1738969200.Fri.Feb.07_23_00_00.GMT.2025.CACO04.c1.timex.jpg,c1,1738969200,2025-02-07T23:00:00+00:00,0.0,0.9081672629353124,9.876543209876544,0.0,0.0
1738971000.Fri.Feb.07_23_30_00.GMT.2025.CACO04.c1.timex.jpg,c1,1738971000,2025-02-07T23:30:00+00:00,30.0,0.9081672629353124,9.876543209876544,0.0,0.0
1738972800.Sat.Feb.08_00_00_00.GMT.2025.CACO04.c1.timex.jpg,c1,1738972800,2025-02-08T00:00:00+00:00,0.0,0.841048836975862,9.876543209876544,0.0,0.0
1738974600.Sat.Feb.08_00_30_00.GMT.2025.CACO04.c1.timex.jpg,c1,1738974600,2025-02-08T00:30:00+00:00,30.0,0.841048836975862,9.876543209876544,6.382761437908497e-05,0.0006829554738562091
1738976400.Sat.Feb.08_01_00_00.GMT.2025.CACO04.c1.timex.jpg,c1,1738976400,2025-02-08T01:00:00+00:00,0.0,0.99731505625047,9.876543209876544,9.574142156862745e-06,9.574142156862745e-05
1738978200.Sat.Feb.08_01_30_00.GMT.2025.CACO04.c1.timex.jpg,c1,1738978200,2025-02-08T01:30:00+00:00,30.0,0.99731505625047,9.876543209876544,0.0,0.0
1738980000.Sat.Feb.08_02_00_00.GMT.2025.CACO04.c1.timex.jpg,c1,1738980000,2025-02-08T02:00:00+00:00,0.0,0.8692643939816748,9.876543209876544,0.0,0.0
1738981800.Sat.Feb.08_02_30_00.GMT.2025.CACO04.c1.timex.jpg,c1,1738981800,2025-02-08T02:30:00+00:00,30.0,0.8692643939816748,9.876543209876544,0.0,0.0
1738983600.Sat.Feb.08_03_00_00.GMT.2025.CACO04.c1.timex.jpg,c1,1738983600,2025-02-08T03:00:00+00:00,0.0,0.7839412823943187,10.6951871657754,0.0,0.0
1739014200.Sat.Feb.08_11_30_00.GMT.2025.CACO04.c1.timex.jpg,c1,1739014200,2025-02-08T11:30:00+00:00,30.0,0.818554360703644,5.847953216374269,52.36744919321895,3.955750197733609
1739016000.Sat.Feb.08_12_00_00.GMT.2025.CACO04.c1.timex.jpg,c1,1739016000,2025-02-08T12:00:00+00:00,0.0,0.8626180219642556,5.148005148005149,158.7852743310866,47.98233178481884
1739017800.Sat.Feb.08_12_30_00.GMT.2025.CACO04.c1.timex.jpg,c1,1739017800,2025-02-08T12:30:00+00:00,30.0,0.8626180219642556,5.148005148005149,143.5275639552696,59.76274665079612
1739019600.Sat.Feb.08_13_00_00.GMT.2025.CACO04.c1.timex.jpg,c1,1739019600,2025-02-08T13:00:00+00:00,0.0,0.7230457364453439,9.876543209876544,150.51285807291666,89.65456684325537
1739021400.Sat.Feb.08_13_30_00.GMT.2025.CACO04.c1.timex.jpg,c1,1739021400,2025-02-08T13:30:00+00:00,30.0,0.7230457364453439,9.876543209876544,144.8678257761438,85.6780350201153
1739023200.Sat.Feb.08_14_00_00.GMT.2025.CACO04.c1.timex.jpg,c1,1739023200,2025-02-08T14:00:00+00:00,0.0,0.6486359641936034,9.876543209876544,147.7288188061683,69.96723024197057
1739025000.Sat.Feb.08_14_30_00.GMT.2025.CACO04.c1.timex.jpg,c1,1739025000,2025-02-08T14:30:00+00:00,30.0,0.6486359641936034,9.876543209876544,144.48892910028596,27.69683052510758
1739026800.Sat.Feb.08_15_00_00.GMT.2025.CACO04.c1.timex.jpg,c1,1739026800,2025-02-08T15:00:00+00:00,0.0,0.491498274760519,8.565310492505352,150.7343430861928,32.03169386721649
1739028600.Sat.Feb.08_15_30_00.GMT.2025.CACO04.c1.timex.jpg,c1,1739028600,2025-02-08T15:30:00+00:00,30.0,0.491498274760519,8.565310492505352,171.47208818423204,51.72395087845725
1739030400.Sat.Feb.08_16_00_00.GMT.2025.CACO04.c1.timex.jpg,c1,1739030400,2025-02-08T16:00:00+00:00,0.0,0.5102483870352538,9.876543209876544,140.92037185968138,46.1529455403301
1739032200.Sat.Feb.08_16_30_00.GMT.2025.CACO04.c1.timex.jpg,c1,1739032200,2025-02-08T16:30:00+00:00,30.0,0.5102483870352538,9.876543209876544,152.0100528492647,48.905597144838666
1739034000.Sat.Feb.08_17_00_00.GMT.2025.CACO04.c1.timex.jpg,c1,1739034000,2025-02-08T17:00:00+00:00,0.0,0.4559996050667524,9.174311926605505,132.12752757352942,30.67158893207915
1739035800.Sat.Feb.08_17_30_00.GMT.2025.CACO04.c1.timex.jpg,c1,1739035800,2025-02-08T17:30:00+00:00,30.0,0.4559996050667524,9.174311926605505,140.0549108966503,32.396234847453414
1739037600.Sat.Feb.08_18_00_00.GMT.2025.CACO04.c1.timex.jpg,c1,1739037600,2025-02-08T18:00:00+00:00,0.0,0.5178746787808614,9.876543209876544,149.82040505004085,34.37508497572632
1739039400.Sat.Feb.08_18_30_00.GMT.2025.CACO04.c1.timex.jpg,c1,1739039400,2025-02-08T18:30:00+00:00,30.0,0.5178746787808614,9.876543209876544,144.83787785947712,35.39020284814405
1739041200.Sat.Feb.08_19_00_00.GMT.2025.CACO04.c1.timex.jpg,c1,1739041200,2025-02-08T19:00:00+00:00,0.0,0.4139678301204091,9.876543209876544,134.08604919832516,25.741780389464896
1739043000.Sat.Feb.08_19_30_00.GMT.2025.CACO04.c1.timex.jpg,c1,1739043000,2025-02-08T19:30:00+00:00,30.0,0.4139678301204091,9.876543209876544,124.51116664113562,20.7551445053523
1739044800.Sat.Feb.08_20_00_00.GMT.2025.CACO04.c1.timex.jpg,c1,1739044800,2025-02-08T20:00:00+00:00,0.0,0.3967241817326802,9.174311926605505,119.31654347937092,17.164818559413412
1739046600.Sat.Feb.08_20_30_00.GMT.2025.CACO04.c1.timex.jpg,c1,1739046600,2025-02-08T20:30:00+00:00,30.0,0.3967241817326802,9.174311926605505,127.30006957209967,16.979616346523844
1739048400.Sat.Feb.08_21_00_00.GMT.2025.CACO04.c1.timex.jpg,c1,1739048400,2025-02-08T21:00:00+00:00,0.0,0.3984330491056811,9.174311926605505,122.28012982536765,14.251428108976347
1739050200.Sat.Feb.08_21_30_00.GMT.2025.CACO04.c1.timex.jpg,c1,1739050200,2025-02-08T21:30:00+00:00,30.0,0.3984330491056811,9.174311926605505,112.26000178717321,11.000956930187982
1739052000.Sat.Feb.08_22_00_00.GMT.2025.CACO04.c1.timex.jpg,c1,1739052000,2025-02-08T22:00:00+00:00,0.0,0.3853556949310252,8.565310492505352,58.03305313010621,4.105384240824081
1739053800.Sat.Feb.08_22_30_00.GMT.2025.CACO04.c1.timex.jpg,c1,1739053800,2025-02-08T22:30:00+00:00,30.0,0.3853556949310252,8.565310492505352,0.9958065257352942,0.04630374202632941
1739055600.Sat.Feb.08_23_00_00.GMT.2025.CACO04.c1.timex.jpg,c1,1739055600,2025-02-08T23:00:00+00:00,0.0,0.5195637595144738,8.565310492505352,3.1913807189542485e-06,6.382761437908497e-05
1739057400.Sat.Feb.08_23_30_00.GMT.2025.CACO04.c1.timex.jpg,c1,1739057400,2025-02-08T23:30:00+00:00,30.0,0.5195637595144738,8.565310492505352,3.1913807189542485e-06,6.382761437908497e-05
1739059200.Sun.Feb.09_00_00_00.GMT.2025.CACO04.c1.timex.jpg,c1,1739059200,2025-02-09T00:00:00+00:00,0.0,0.4034552260451868,9.876543209876544,3.1913807189542485e-06,6.382761437908497e-05
1739061000.Sun.Feb.09_00_30_00.GMT.2025.CACO04.c1.timex.jpg,c1,1739061000,2025-02-09T00:30:00+00:00,30.0,0.4034552260451868,9.876543209876544,3.1913807189542485e-06,6.382761437908497e-05
1739062800.Sun.Feb.09_01_00_00.GMT.2025.CACO04.c1.timex.jpg,c1,1739062800,2025-02-09T01:00:00+00:00,0.0,0.4044515496941446,9.174311926605505,3.1913807189542485e-06,6.382761437908497e-05
1739064600.Sun.Feb.09_01_30_00.GMT.2025.CACO04.c1.timex.jpg,c1,1739064600,2025-02-09T01:30:00+00:00,30.0,0.4044515496941446,9.174311926605505,3.1913807189542485e-06,6.382761437908497e-05
1739066400.Sun.Feb.09_02_00_00.GMT.2025.CACO04.c1.timex.jpg,c1,1739066400,2025-02-09T02:00:00+00:00,0.0,0.4360340677153876,9.174311926605505,6.382761437908497e-06,0.00012765522875816994
1739068200.Sun.Feb.09_02_30_00.GMT.2025.CACO04.c1.timex.jpg,c1,1739068200,2025-02-09T02:30:00+00:00,30.0,0.4360340677153876,9.174311926605505,6.382761437908497e-06,0.00012765522875816994
1739070000.Sun.Feb.09_03_00_00.GMT.2025.CACO04.c1.timex.jpg,c1,1739070000,2025-02-09T03:00:00+00:00,0.0,0.3929828129018584,8.565310492505352,6.382761437908497e-06,0.00012765522875816994
1739100600.Sun.Feb.09_11_30_00.GMT.2025.CACO04.c1.timex.jpg,c1,1739100600,2025-02-09T11:30:00+00:00,30.0,0.4221891353965435,5.361930294906166,12.710860906862745,0.4030330872168031
1739102400.Sun.Feb.09_12_00_00.GMT.2025.CACO04.c1.timex.jpg,c1,1739102400,2025-02-09T12:00:00+00:00,0.0,0.9879570560237536,4.597701149425287,132.30000255310458,2.65536531483767
1739104200.Sun.Feb.09_12_30_00.GMT.2025.CACO04.c1.timex.jpg,c1,1739104200,2025-02-09T12:30:00+00:00,30.0,0.9879570560237536,4.597701149425287,168.05439708435458,5.4588558982970685
1739106000.Sun.Feb.09_13_00_00.GMT.2025.CACO04.c1.timex.jpg,c1,1739106000,2025-02-09T13:00:00+00:00,0.0,1.049189957742457,4.950495049504951,115.11395143995098,3.673441967922821
1739107800.Sun.Feb.09_13_30_00.GMT.2025.CACO04.c1.timex.jpg,c1,1739107800,2025-02-09T13:30:00+00:00,30.0,1.049189957742457,4.950495049504951,141.92592486213235,26.40921940440538
1739109600.Sun.Feb.09_14_00_00.GMT.2025.CACO04.c1.timex.jpg,c1,1739109600,2025-02-09T14:00:00+00:00,0.0,1.1283512254242345,5.594405594405594,124.23745787377452,28.789199157294657
1739111400.Sun.Feb.09_14_30_00.GMT.2025.CACO04.c1.timex.jpg,c1,1739111400,2025-02-09T14:30:00+00:00,30.0,1.1283512254242345,5.594405594405594,114.99827665441177,28.983589919324647
1739113200.Sun.Feb.09_15_00_00.GMT.2025.CACO04.c1.timex.jpg,c1,1739113200,2025-02-09T15:00:00+00:00,0.0,1.0933426329716684,5.594405594405594,138.79331661049838,37.99408309764927
1739115000.Sun.Feb.09_15_30_00.GMT.2025.CACO04.c1.timex.jpg,c1,1739115000,2025-02-09T15:30:00+00:00,30.0,1.0933426329716684,5.594405594405594,175.9654820261438,40.81921267526776
1739116800.Sun.Feb.09_16_00_00.GMT.2025.CACO04.c1.timex.jpg,c1,1739116800,2025-02-09T16:00:00+00:00,0.0,1.135374130649807,6.125574272588055,104.21908190359477,25.58382787185649
1739118600.Sun.Feb.09_16_30_00.GMT.2025.CACO04.c1.timex.jpg,c1,1739118600,2025-02-09T16:30:00+00:00,30.0,1.135374130649807,6.125574272588055,118.15924989787581,37.68296052194618
1739120400.Sun.Feb.09_17_00_00.GMT.2025.CACO04.c1.timex.jpg,c1,1739120400,2025-02-09T17:00:00+00:00,0.0,1.3906780099115563,6.430868167202571,138.01326018688727,25.766317188533534
1739122200.Sun.Feb.09_17_30_00.GMT.2025.CACO04.c1.timex.jpg,c1,1739122200,2025-02-09T17:30:00+00:00,30.0,1.3906780099115563,6.430868167202571,88.8382608251634,18.628344384113202
1739124000.Sun.Feb.09_18_00_00.GMT.2025.CACO04.c1.timex.jpg,c1,1739124000,2025-02-09T18:00:00+00:00,0.0,1.8169147253704647,6.430868167202571,112.53570197610294,24.95215960586589
1739125800.Sun.Feb.09_18_30_00.GMT.2025.CACO04.c1.timex.jpg,c1,1739125800,2025-02-09T18:30:00+00:00,30.0,1.8169147253704647,6.430868167202571,135.1135461345997,36.39890029306236
1739127600.Sun.Feb.09_19_00_00.GMT.2025.CACO04.c1.timex.jpg,c1,1739127600,2025-02-09T19:00:00+00:00,0.0,1.93339584993242,5.847953216374269,97.17905879799837,19.331503374124665
1739129400.Sun.Feb.09_19_30_00.GMT.2025.CACO04.c1.timex.jpg,c1,1739129400,2025-02-09T19:30:00+00:00,30.0,1.93339584993242,5.847953216374269,108.0759867749183,24.705414732516235
1739131200.Sun.Feb.09_20_00_00.GMT.2025.CACO04.c1.timex.jpg,c1,1739131200,2025-02-09T20:00:00+00:00,0.0,1.827637030636162,7.142857142857142,105.01809512867646,22.612315855865887
1739133000.Sun.Feb.09_20_30_00.GMT.2025.CACO04.c1.timex.jpg,c1,1739133000,2025-02-09T20:30:00+00:00,30.0,1.827637030636162,7.142857142857142,163.36611519607843,50.00583878681373
1739134800.Sun.Feb.09_21_00_00.GMT.2025.CACO04.c1.timex.jpg,c1,1739134800,2025-02-09T21:00:00+00:00,0.0,1.9454472499796205,7.142857142857142,113.52922666462419,26.247653219302546
1739136600.Sun.Feb.09_21_30_00.GMT.2025.CACO04.c1.timex.jpg,c1,1739136600,2025-02-09T21:30:00+00:00,30.0,1.9454472499796205,7.142857142857142,113.2085631127451,27.109973217015227
1739138400.Sun.Feb.09_22_00_00.GMT.2025.CACO04.c1.timex.jpg,c1,1739138400,2025-02-09T22:00:00+00:00,0.0,2.047860854176504,7.142857142857142,47.65078635620915,5.710001997428465
1739140200.Sun.Feb.09_22_30_00.GMT.2025.CACO04.c1.timex.jpg,c1,1739140200,2025-02-09T22:30:00+00:00,30.0,2.047860854176504,7.142857142857142,1.2503797743055556,0.18061299975666242
1739142000.Sun.Feb.09_23_00_00.GMT.2025.CACO04.c1.timex.jpg,c1,1739142000,2025-02-09T23:00:00+00:00,0.0,1.8224171417187165,7.142857142857142,3.1913807189542485e-06,6.382761437908497e-05
1739143800.Sun.Feb.09_23_30_00.GMT.2025.CACO04.c1.timex.jpg,c1,1739143800,2025-02-09T23:30:00+00:00,30.0,1.8224171417187165,7.142857142857142,3.1913807189542485e-06,6.382761437908497e-05
1739145600.Mon.Feb.10_00_00_00.GMT.2025.CACO04.c1.timex.jpg,c1,1739145600,2025-02-10T00:00:00+00:00,0.0,1.8351845459476983,6.768189509306261,3.1913807189542485e-06,6.382761437908497e-05
1739147400.Mon.Feb.10_00_30_00.GMT.2025.CACO04.c1.timex.jpg,c1,1739147400,2025-02-10T00:30:00+00:00,30.0,1.8351845459476983,6.768189509306261,9.574142156862745e-06,0.0001914828431372549
1739149200.Mon.Feb.10_01_00_00.GMT.2025.CACO04.c1.timex.jpg,c1,1739149200,2025-02-10T01:00:00+00:00,0.0,1.979979486426199,6.768189509306261,9.574142156862745e-06,0.00014042075163398692
1739151000.Mon.Feb.10_01_30_00.GMT.2025.CACO04.c1.timex.jpg,c1,1739151000,2025-02-10T01:30:00+00:00,30.0,1.979979486426199,6.768189509306261,6.382761437908497e-06,0.00012765522875816994
1739152800.Mon.Feb.10_02_00_00.GMT.2025.CACO04.c1.timex.jpg,c1,1739152800,2025-02-10T02:00:00+00:00,0.0,1.8242574914813017,6.768189509306261,9.574142156862745e-06,0.0001914828431372549
1739154600.Mon.Feb.10_02_30_00.GMT.2025.CACO04.c1.timex.jpg,c1,1739154600,2025-02-10T02:30:00+00:00,30.0,1.8242574914813017,6.768189509306261,3.1913807189542485e-06,6.382761437908497e-05
1739156400.Mon.Feb.10_03_00_00.GMT.2025.CACO04.c1.timex.jpg,c1,1739156400,2025-02-10T03:00:00+00:00,0.0,1.6157905719264027,7.142857142857142,3.1913807189542485e-06,6.382761437908497e-05
1739187000.Mon.Feb.10_11_30_00.GMT.2025.CACO04.c1.timex.jpg,c1,1739187000,2025-02-10T11:30:00+00:00,30.0,1.1838438133643705,7.561436672967865,113.55571193321079,18.71567395694986
1739188800.Mon.Feb.10_12_00_00.GMT.2025.CACO04.c1.timex.jpg,c1,1739188800,2025-02-10T12:00:00+00:00,0.0,1.2411859722839202,7.142857142857142,153.88073171977123,99.59846745459497
1739190600.Mon.Feb.10_12_30_00.GMT.2025.CACO04.c1.timex.jpg,c1,1739190600,2025-02-10T12:30:00+00:00,30.0,1.2411859722839202,7.142857142857142,128.806640625,105.55550667457291
1739192400.Mon.Feb.10_13_00_00.GMT.2025.CACO04.c1.timex.jpg,c1,1739192400,2025-02-10T13:00:00+00:00,0.0,1.0899435264729016,8.032128514056225,122.64627693525327,94.21763931994529
1739194200.Mon.Feb.10_13_30_00.GMT.2025.CACO04.c1.timex.jpg,c1,1739194200,2025-02-10T13:30:00+00:00,30.0,1.0899435264729016,8.032128514056225,117.1959348192402,82.35130016337985
1739196000.Mon.Feb.10_14_00_00.GMT.2025.CACO04.c1.timex.jpg,c1,1739196000,2025-02-10T14:00:00+00:00,0.0,1.2157213187709106,7.561436672967865,113.66941444546569,74.25358414761997
1739197800.Mon.Feb.10_14_30_00.GMT.2025.CACO04.c1.timex.jpg,c1,1739197800,2025-02-10T14:30:00+00:00,30.0,1.2157213187709106,7.561436672967865,110.27332580167484,70.33832190993034
1739199600.Mon.Feb.10_15_00_00.GMT.2025.CACO04.c1.timex.jpg,c1,1739199600,2025-02-10T15:00:00+00:00,0.0,1.194765403197075,7.561436672967865,114.79090392667484,49.97998175938191
1739201400.Mon.Feb.10_15_30_00.GMT.2025.CACO04.c1.timex.jpg,c1,1739201400,2025-02-10T15:30:00+00:00,30.0,1.194765403197075,7.561436672967865,121.1358762254902,41.681140577967795
1739203200.Mon.Feb.10_16_00_00.GMT.2025.CACO04.c1.timex.jpg,c1,1739203200,2025-02-10T16:00:00+00:00,0.0,1.209189021397619,8.032128514056225,125.61219618055556,38.498120182240555
1739205000.Mon.Feb.10_16_30_00.GMT.2025.CACO04.c1.timex.jpg,c1,1739205000,2025-02-10T16:30:00+00:00,30.0,1.209189021397619,8.032128514056225,133.74538845486111,43.758511386915174
1739206800.Mon.Feb.10_17_00_00.GMT.2025.CACO04.c1.timex.jpg,c1,1739206800,2025-02-10T17:00:00+00:00,0.0,1.1879944969156278,8.032128514056225,110.46356719771242,29.65941797847235
1739208600.Mon.Feb.10_17_30_00.GMT.2025.CACO04.c1.timex.jpg,c1,1739208600,2025-02-10T17:30:00+00:00,30.0,1.1879944969156278,8.032128514056225,98.97594656352125,26.065996761828007
1739210400.Mon.Feb.10_18_00_00.GMT.2025.CACO04.c1.timex.jpg,c1,1739210400,2025-02-10T18:00:00+00:00,0.0,1.116800118942615,8.565310492505352,135.22551253574346,38.82532031863343
1739212200.Mon.Feb.10_18_30_00.GMT.2025.CACO04.c1.timex.jpg,c1,1739212200,2025-02-10T18:30:00+00:00,30.0,1.116800118942615,8.565310492505352,117.3712277879902,30.788311031516653
1739214000.Mon.Feb.10_19_00_00.GMT.2025.CACO04.c1.timex.jpg,c1,1739214000,2025-02-10T19:00:00+00:00,0.0,1.13109868596327,8.565310492505352,119.16532628676471,29.41817974386306
1739215800.Mon.Feb.10_19_30_00.GMT.2025.CACO04.c1.timex.jpg,c1,1739215800,2025-02-10T19:30:00+00:00,30.0,1.13109868596327,8.565310492505352,96.37113523794935,24.225908952682296
1739217600.Mon.Feb.10_20_00_00.GMT.2025.CACO04.c1.timex.jpg,c1,1739217600,2025-02-10T20:00:00+00:00,0.0,1.106392176763524,9.174311926605505,139.23574091094773,42.47816649240627
1739219400.Mon.Feb.10_20_30_00.GMT.2025.CACO04.c1.timex.jpg,c1,1739219400,2025-02-10T20:30:00+00:00,30.0,1.106392176763524,9.174311926605505,142.39026756535947,43.494324600087
1739221200.Mon.Feb.10_21_00_00.GMT.2025.CACO04.c1.timex.jpg,c1,1739221200,2025-02-10T21:00:00+00:00,0.0,0.8769389836049519,8.565310492505352,122.80351626327614,28.152338562773956
1739223000.Mon.Feb.10_21_30_00.GMT.2025.CACO04.c1.timex.jpg,c1,1739223000,2025-02-10T21:30:00+00:00,30.0,0.8769389836049519,8.565310492505352,103.64961511948529,17.953490739651116
1739224800.Mon.Feb.10_22_00_00.GMT.2025.CACO04.c1.timex.jpg,c1,1739224800,2025-02-10T22:00:00+00:00,0.0,0.9653776379097398,8.565310492505352,87.03112872753267,13.493454476913051
1739226600.Mon.Feb.10_22_30_00.GMT.2025.CACO04.c1.timex.jpg,c1,1739226600,2025-02-10T22:30:00+00:00,30.0,0.9653776379097398,8.565310492505352,1.7947176266339868,0.6587616165341527
1739228400.Mon.Feb.10_23_00_00.GMT.2025.CACO04.c1.timex.jpg,c1,1739228400,2025-02-10T23:00:00+00:00,0.0,0.9540789840364252,9.174311926605505,0.007426342933006536,0.012988919485404137
1739230200.Mon.Feb.10_23_30_00.GMT.2025.CACO04.c1.timex.jpg,c1,1739230200,2025-02-10T23:30:00+00:00,30.0,0.9540789840364252,9.174311926605505,4.7870710784313725e-05,0.0003829656862745098
1739232000.Tue.Feb.11_00_00_00.GMT.2025.CACO04.c1.timex.jpg,c1,1739232000,2025-02-11T00:00:00+00:00,0.0,0.928954107714215,9.174311926605505,3.1913807189542485e-06,6.382761437908497e-05
1739233800.Tue.Feb.11_00_30_00.GMT.2025.CACO04.c1.timex.jpg,c1,1739233800,2025-02-11T00:30:00+00:00,30.0,0.928954107714215,9.174311926605505,2.5531045751633988e-05,0.0002680759803921569
1739235600.Tue.Feb.11_01_00_00.GMT.2025.CACO04.c1.timex.jpg,c1,1739235600,2025-02-11T01:00:00+00:00,0.0,1.126382757670522,9.174311926605505,0.0003287122140522876,0.029909620098039217
1739237400.Tue.Feb.11_01_30_00.GMT.2025.CACO04.c1.timex.jpg,c1,1739237400,2025-02-11T01:30:00+00:00,30.0,1.126382757670522,9.174311926605505,0.0004021139705882353,0.05507684844771242
1739239200.Tue.Feb.11_02_00_00.GMT.2025.CACO04.c1.timex.jpg,c1,1739239200,2025-02-11T02:00:00+00:00,0.0,1.1163859555150724,8.032128514056225,0.0003478604983660131,0.017469618055555556
1739241000.Tue.Feb.11_02_30_00.GMT.2025.CACO04.c1.timex.jpg,c1,1739241000,2025-02-11T02:30:00+00:00,30.0,1.1163859555150724,8.032128514056225,0.00035424325980392156,0.01635263480392157
1739242800.Tue.Feb.11_03_00_00.GMT.2025.CACO04.c1.timex.jpg,c1,1739242800,2025-02-11T03:00:00+00:00,0.0,1.2501243222066905,5.847953216374269,0.0002457363153594771,0.011182598039215686
1739273400.Tue.Feb.11_11_30_00.GMT.2025.CACO04.c1.timex.jpg,c1,1739273400,2025-02-11T11:30:00+00:00,30.0,0.7746463253274272,6.125574272588055,116.5140739889706,29.155136059011806
1739275200.Tue.Feb.11_12_00_00.GMT.2025.CACO04.c1.timex.jpg,c1,1739275200,2025-02-11T12:00:00+00:00,0.0,0.7058874344271976,5.847953216374269,148.46915849673204,100.26410683811925
1739277000.Tue.Feb.11_12_30_00.GMT.2025.CACO04.c1.timex.jpg,c1,1739277000,2025-02-11T12:30:00+00:00,30.0,0.7058874344271976,5.847953216374269,133.1271063112745,117.27354331906498
1739278800.Tue.Feb.11_13_00_00.GMT.2025.CACO04.c1.timex.jpg,c1,1739278800,2025-02-11T13:00:00+00:00,0.0,0.7169958349224048,5.594405594405594,118.54253791360294,84.14579407840534
1739280600.Tue.Feb.11_13_30_00.GMT.2025.CACO04.c1.timex.jpg,c1,1739280600,2025-02-11T13:30:00+00:00,30.0,0.7169958349224048,5.594405594405594,119.62548508986929,78.08237324984603
1739282400.Tue.Feb.11_14_00_00.GMT.2025.CACO04.c1.timex.jpg,c1,1739282400,2025-02-11T14:00:00+00:00,0.0,0.6866317780108286,5.148005148005149,120.43227251838235,70.49447897212957
1739284200.Tue.Feb.11_14_30_00.GMT.2025.CACO04.c1.timex.jpg,c1,1739284200,2025-02-11T14:30:00+00:00,30.0,0.6866317780108286,5.148005148005149,122.06548394097223,53.10068123444188
1739286000.Tue.Feb.11_15_00_00.GMT.2025.CACO04.c1.timex.jpg,c1,1739286000,2025-02-11T15:00:00+00:00,0.0,0.629300849208469,5.148005148005149,126.30903416053921,61.939859818595416
1739287800.Tue.Feb.11_15_30_00.GMT.2025.CACO04.c1.timex.jpg,c1,1739287800,2025-02-11T15:30:00+00:00,30.0,0.629300849208469,5.148005148005149,124.19770603553921,55.91417875460616
1739289600.Tue.Feb.11_16_00_00.GMT.2025.CACO04.c1.timex.jpg,c1,1739289600,2025-02-11T16:00:00+00:00,0.0,0.5997809207563981,4.597701149425287,122.22288922079248,49.657751867194584
1739291400.Tue.Feb.11_16_30_00.GMT.2025.CACO04.c1.timex.jpg,c1,1739291400,2025-02-11T16:30:00+00:00,30.0,0.5997809207563981,4.597701149425287,117.90010978349673,39.70703028266771
1739293200.Tue.Feb.11_17_00_00.GMT.2025.CACO04.c1.timex.jpg,c1,1739293200,2025-02-11T17:00:00+00:00,0.0,0.5629272739232984,5.847953216374269,119.99106413398692,38.07921074506051
1739295000.Tue.Feb.11_17_30_00.GMT.2025.CACO04.c1.timex.jpg,c1,1739295000,2025-02-11T17:30:00+00:00,30.0,0.5629272739232984,5.847953216374269,124.59482230392157,39.21371513931799
1739296800.Tue.Feb.11_18_00_00.GMT.2025.CACO04.c1.timex.jpg,c1,1739296800,2025-02-11T18:00:00+00:00,0.0,0.4627002370721193,5.594405594405594,115.87707439746733,31.872717006095804
1739298600.Tue.Feb.11_18_30_00.GMT.2025.CACO04.c1.timex.jpg,c1,1739298600,2025-02-11T18:30:00+00:00,30.0,0.4627002370721193,5.594405594405594,125.86105366625817,34.92959152326625
1739300400.Tue.Feb.11_19_00_00.GMT.2025.CACO04.c1.timex.jpg,c1,1739300400,2025-02-11T19:00:00+00:00,0.0,0.4433031516008369,9.876543209876544,125.32515382455065,31.94791025420603
1739302200.Tue.Feb.11_19_30_00.GMT.2025.CACO04.c1.timex.jpg,c1,1739302200,2025-02-11T19:30:00+00:00,30.0,0.4433031516008369,9.876543209876544,119.85100400837419,30.676425894198225
1739304000.Tue.Feb.11_20_00_00.GMT.2025.CACO04.c1.timex.jpg,c1,1739304000,2025-02-11T20:00:00+00:00,0.0,0.355958645785989,9.876543209876544,121.15552555657679,32.00059030153673
1739305800.Tue.Feb.11_20_30_00.GMT.2025.CACO04.c1.timex.jpg,c1,1739305800,2025-02-11T20:30:00+00:00,30.0,0.355958645785989,9.876543209876544,119.50652318218954,32.50954216952163
1739307600.Tue.Feb.11_21_00_00.GMT.2025.CACO04.c1.timex.jpg,c1,1739307600,2025-02-11T21:00:00+00:00,0.0,0.3829766287068924,9.174311926605505,111.8266952614379,28.79249252979277
1739309400.Tue.Feb.11_21_30_00.GMT.2025.CACO04.c1.timex.jpg,c1,1739309400,2025-02-11T21:30:00+00:00,30.0,0.3829766287068924,9.174311926605505,104.4339639501634,25.395089687350424
1739311200.Tue.Feb.11_22_00_00.GMT.2025.CACO04.c1.timex.jpg,c1,1739311200,2025-02-11T22:00:00+00:00,0.0,0.2967038217687717,9.174311926605505,52.077831392973856,7.857820746247732
1739313000.Tue.Feb.11_22_30_00.GMT.2025.CACO04.c1.timex.jpg,c1,1739313000,2025-02-11T22:30:00+00:00,30.0,0.2967038217687717,9.174311926605505,1.24050883374183,0.08971928565290016
1739314800.Tue.Feb.11_23_00_00.GMT.2025.CACO04.c1.timex.jpg,c1,1739314800,2025-02-11T23:00:00+00:00,0.0,0.2784441734590389,9.174311926605505,9.574142156862745e-06,0.0001914828431372549
1739316600.Tue.Feb.11_23_30_00.GMT.2025.CACO04.c1.timex.jpg,c1,1739316600,2025-02-11T23:30:00+00:00,30.0,0.2784441734590389,9.174311926605505,9.574142156862745e-06,0.0001914828431372549
1739318400.Wed.Feb.12_00_00_00.GMT.2025.CACO04.c1.timex.jpg,c1,1739318400,2025-02-12T00:00:00+00:00,0.0,0.2883010792338238,9.876543209876544,2.5531045751633988e-05,0.0007659313725490196
1739320200.Wed.Feb.12_00_30_00.GMT.2025.CACO04.c1.timex.jpg,c1,1739320200,2025-02-12T00:30:00+00:00,30.0,0.2883010792338238,9.876543209876544,9.574142156862745e-06,0.0001914828431372549
1739322000.Wed.Feb.12_01_00_00.GMT.2025.CACO04.c1.timex.jpg,c1,1739322000,2025-02-12T01:00:00+00:00,0.0,0.2951011965803433,9.174311926605505,9.574142156862745e-06,0.0001914828431372549
1739323800.Wed.Feb.12_01_30_00.GMT.2025.CACO04.c1.timex.jpg,c1,1739323800,2025-02-12T01:30:00+00:00,30.0,0.2951011965803433,9.174311926605505,1.2765522875816994e-05,0.0002553104575163399
1739325600.Wed.Feb.12_02_00_00.GMT.2025.CACO04.c1.timex.jpg,c1,1739325600,2025-02-12T02:00:00+00:00,0.0,0.4034478269572177,9.174311926605505,1.2765522875816994e-05,0.0002553104575163399
1739327400.Wed.Feb.12_02_30_00.GMT.2025.CACO04.c1.timex.jpg,c1,1739327400,2025-02-12T02:30:00+00:00,30.0,0.4034478269572177,9.174311926605505,1.2765522875816994e-05,0.0002553104575163399
1739329200.Wed.Feb.12_03_00_00.GMT.2025.CACO04.c1.timex.jpg,c1,1739329200,2025-02-12T03:00:00+00:00,0.0,0.3991413174920953,9.174311926605505,1.2765522875816994e-05,0.0002553104575163399
1739359800.Wed.Feb.12_11_30_00.GMT.2025.CACO04.c1.timex.jpg,c1,1739359800,2025-02-12T11:30:00+00:00,30.0,0.240050546240098,10.6951871657754,36.42156543607026,3.9621532950469955
1739361600.Wed.Feb.12_12_00_00.GMT.2025.CACO04.c1.timex.jpg,c1,1739361600,2025-02-12T12:00:00+00:00,0.0,0.2722987883443197,9.876543209876544,157.46249170241012,47.334560812265664
1739363400.Wed.Feb.12_12_30_00.GMT.2025.CACO04.c1.timex.jpg,c1,1739363400,2025-02-12T12:30:00+00:00,30.0,0.2722987883443197,9.876543209876544,131.37071397569446,34.92970228644346
1739365200.Wed.Feb.12_13_00_00.GMT.2025.CACO04.c1.timex.jpg,c1,1739365200,2025-02-12T13:00:00+00:00,0.0,0.2919298311206633,9.174311926605505,135.62455958946077,40.08349295654282
1739367000.Wed.Feb.12_13_30_00.GMT.2025.CACO04.c1.timex.jpg,c1,1739367000,2025-02-12T13:30:00+00:00,30.0,0.2919298311206633,9.174311926605505,130.0892852583742,34.93002064997325
1739368800.Wed.Feb.12_14_00_00.GMT.2025.CACO04.c1.timex.jpg,c1,1739368800,2025-02-12T14:00:00+00:00,0.0,0.4759203361582468,10.6951871657754,126.39910449857027,38.09670202707338
1739370600.Wed.Feb.12_14_30_00.GMT.2025.CACO04.c1.timex.jpg,c1,1739370600,2025-02-12T14:30:00+00:00,30.0,0.4759203361582468,10.6951871657754,80.48527177798202,19.6412112478709
1739372400.Wed.Feb.12_15_00_00.GMT.2025.CACO04.c1.timex.jpg,c1,1739372400,2025-02-12T15:00:00+00:00,0.0,0.9910341070131262,3.902439024390244,113.3843284058415,13.870337367307332
1739374200.Wed.Feb.12_15_30_00.GMT.2025.CACO04.c1.timex.jpg,c1,1739374200,2025-02-12T15:30:00+00:00,30.0,0.9910341070131262,3.902439024390244,125.97054036458333,7.940342796521558
1739376000.Wed.Feb.12_16_00_00.GMT.2025.CACO04.c1.timex.jpg,c1,1739376000,2025-02-12T16:00:00+00:00,0.0,1.628526539648243,5.361930294906166,121.13911547691994,4.221928127776798
1739377800.Wed.Feb.12_16_30_00.GMT.2025.CACO04.c1.timex.jpg,c1,1739377800,2025-02-12T16:30:00+00:00,30.0,1.628526539648243,5.361930294906166,132.89085477941177,3.0836728682373993
1739379600.Wed.Feb.12_17_00_00.GMT.2025.CACO04.c1.timex.jpg,c1,1739379600,2025-02-12T17:00:00+00:00,0.0,1.7965392473496424,5.361930294906166,145.7976185917075,3.046915425286298
1739381400.Wed.Feb.12_17_30_00.GMT.2025.CACO04.c1.timex.jpg,c1,1739381400,2025-02-12T17:30:00+00:00,30.0,1.7965392473496424,5.361930294906166,141.97149139603758,2.9610841352990844
1739383200.Wed.Feb.12_18_00_00.GMT.2025.CACO04.c1.timex.jpg,c1,1739383200,2025-02-12T18:00:00+00:00,0.0,1.8690547300523497,6.430868167202571,129.65752016952615,2.742316110451181
1739385000.Wed.Feb.12_18_30_00.GMT.2025.CACO04.c1.timex.jpg,c1,1739385000,2025-02-12T18:30:00+00:00,30.0,1.8690547300523497,6.430868167202571,153.13037109375,3.200780986227104
1739386800.Wed.Feb.12_19_00_00.GMT.2025.CACO04.c1.timex.jpg,c1,1739386800,2025-02-12T19:00:00+00:00,0.0,1.838602533091758,6.125574272588055,123.90124272365196,3.5413049081546286
1739388600.Wed.Feb.12_19_30_00.GMT.2025.CACO04.c1.timex.jpg,c1,1739388600,2025-02-12T19:30:00+00:00,30.0,1.838602533091758,6.125574272588055,142.95445899714053,3.0644034550635966
1739390400.Wed.Feb.12_20_00_00.GMT.2025.CACO04.c1.timex.jpg,c1,1739390400,2025-02-12T20:00:00+00:00,0.0,1.8035760568817616,6.430868167202571,128.4924236621732,2.7266555963492847
1739392200.Wed.Feb.12_20_30_00.GMT.2025.CACO04.c1.timex.jpg,c1,1739392200,2025-02-12T20:30:00+00:00,30.0,1.8035760568817616,6.430868167202571,133.40492557700162,2.798816013226184
1739394000.Wed.Feb.12_21_00_00.GMT.2025.CACO04.c1.timex.jpg,c1,1739394000,2025-02-12T21:00:00+00:00,0.0,1.5994710905397556,6.768189509306261,129.3004110498366,2.739350013391919
1739395800.Wed.Feb.12_21_30_00.GMT.2025.CACO04.c1.timex.jpg,c1,1739395800,2025-02-12T21:30:00+00:00,30.0,1.5994710905397556,6.768189509306261,102.83399075776144,2.2686162074580087
1739397600.Wed.Feb.12_22_00_00.GMT.2025.CACO04.c1.timex.jpg,c1,1739397600,2025-02-12T22:00:00+00:00,0.0,1.628468450215248,6.430868167202571,51.37795202716503,1.3489283703745312
1739399400.Wed.Feb.12_22_30_00.GMT.2025.CACO04.c1.timex.jpg,c1,1739399400,2025-02-12T22:30:00+00:00,30.0,1.628468450215248,6.430868167202571,0.9908120149101307,0.14063776535991732
1739401200.Wed.Feb.12_23_00_00.GMT.2025.CACO04.c1.timex.jpg,c1,1739401200,2025-02-12T23:00:00+00:00,0.0,1.363098157110365,6.430868167202571,1.2765522875816994e-05,0.0002553104575163399
1739403000.Wed.Feb.12_23_30_00.GMT.2025.CACO04.c1.timex.jpg,c1,1739403000,2025-02-12T23:30:00+00:00,30.0,1.363098157110365,6.430868167202571,1.2765522875816994e-05,0.0002553104575163399
1739404800.Thu.Feb.13_00_00_00.GMT.2025.CACO04.c1.timex.jpg,c1,1739404800,2025-02-13T00:00:00+00:00,0.0,1.6173298486957262,6.430868167202571,1.2765522875816994e-05,0.0002553104575163399
1739406600.Thu.Feb.13_00_30_00.GMT.2025.CACO04.c1.timex.jpg,c1,1739406600,2025-02-13T00:30:00+00:00,30.0,1.6173298486957262,6.430868167202571,1.2765522875816994e-05,0.0002553104575163399
1739408400.Thu.Feb.13_01_00_00.GMT.2025.CACO04.c1.timex.jpg,c1,1739408400,2025-02-13T01:00:00+00:00,0.0,1.6341997215826982,5.847953216374269,1.2765522875816994e-05,0.0002553104575163399
1739410200.Thu.Feb.13_01_30_00.GMT.2025.CACO04.c1.timex.jpg,c1,1739410200,2025-02-13T01:30:00+00:00,30.0,1.6341997215826982,5.847953216374269,1.2765522875816994e-05,0.0002553104575163399
1739412000.Thu.Feb.13_02_00_00.GMT.2025.CACO04.c1.timex.jpg,c1,1739412000,2025-02-13T02:00:00+00:00,0.0,1.5646537406614642,5.361930294906166,1.2765522875816994e-05,0.0002553104575163399
1739413800.Thu.Feb.13_02_30_00.GMT.2025.CACO04.c1.timex.jpg,c1,1739413800,2025-02-13T02:30:00+00:00,30.0,1.5646537406614642,5.361930294906166,1.2765522875816994e-05,0.0002553104575163399
1739415600.Thu.Feb.13_03_00_00.GMT.2025.CACO04.c1.timex.jpg,c1,1739415600,2025-02-13T03:00:00+00:00,0.0,1.750697676306029,5.847953216374269,1.2765522875816994e-05,0.0002553104575163399
1739446200.Thu.Feb.13_11_30_00.GMT.2025.CACO04.c1.timex.jpg,c1,1739446200,2025-02-13T11:30:00+00:00,30.0,2.651266227975792,7.561436672967865,19.834479039011438,0.841432470947172
1739448000.Thu.Feb.13_12_00_00.GMT.2025.CACO04.c1.timex.jpg,c1,1739448000,2025-02-13T12:00:00+00:00,0.0,2.810192770959013,7.561436672967865,147.95808440563727,4.897429444614809
1739449800.Thu.Feb.13_12_30_00.GMT.2025.CACO04.c1.timex.jpg,c1,1739449800,2025-02-13T12:30:00+00:00,30.0,2.810192770959013,7.561436672967865,122.15395539726308,3.949104514043178
1739451600.Thu.Feb.13_13_00_00.GMT.2025.CACO04.c1.timex.jpg,c1,1739451600,2025-02-13T13:00:00+00:00,0.0,3.055633982918514,7.561436672967865,142.4446710324755,6.213790782732673
1739453400.Thu.Feb.13_13_30_00.GMT.2025.CACO04.c1.timex.jpg,c1,1739453400,2025-02-13T13:30:00+00:00,30.0,3.055633982918514,7.561436672967865,133.42854498570262,5.71926288953264
1739455200.Thu.Feb.13_14_00_00.GMT.2025.CACO04.c1.timex.jpg,c1,1739455200,2025-02-13T14:00:00+00:00,0.0,2.9705226081856457,8.032128514056225,118.39137497446896,6.4612561974319105
1739457000.Thu.Feb.13_14_30_00.GMT.2025.CACO04.c1.timex.jpg,c1,1739457000,2025-02-13T14:30:00+00:00,30.0,2.9705226081856457,8.032128514056225,136.40632978451796,8.417563153757452
1739458800.Thu.Feb.13_15_00_00.GMT.2025.CACO04.c1.timex.jpg,c1,1739458800,2025-02-13T15:00:00+00:00,0.0,2.961958513144666,8.032128514056225,124.05454707924837,5.452678174759464
1739460600.Thu.Feb.13_15_30_00.GMT.2025.CACO04.c1.timex.jpg,c1,1739460600,2025-02-13T15:30:00+00:00,30.0,2.961958513144666,8.032128514056225,166.050883374183,10.990380490013095
1739462400.Thu.Feb.13_16_00_00.GMT.2025.CACO04.c1.timex.jpg,c1,1739462400,2025-02-13T16:00:00+00:00,0.0,2.846326426433626,8.565310492505352,149.55436517054738,5.443897879420579
1739464200.Thu.Feb.13_16_30_00.GMT.2025.CACO04.c1.timex.jpg,c1,1739464200,2025-02-13T16:30:00+00:00,30.0,2.846326426433626,8.565310492505352,136.7553391799428,3.960486962390001
1739466000.Thu.Feb.13_17_00_00.GMT.2025.CACO04.c1.timex.jpg,c1,1739466000,2025-02-13T17:00:00+00:00,0.0,2.66823840474921,9.174311926605505,123.41869638480392,2.906674294496388
1739467800.Thu.Feb.13_17_30_00.GMT.2025.CACO04.c1.timex.jpg,c1,1739467800,2025-02-13T17:30:00+00:00,30.0,2.66823840474921,9.174311926605505,121.21187576593137,2.975400705055199
1739469600.Thu.Feb.13_18_00_00.GMT.2025.CACO04.c1.timex.jpg,c1,1739469600,2025-02-13T18:00:00+00:00,0.0,2.71316785909004,8.565310492505352,115.81069686989379,4.462118263770985
1739471400.Thu.Feb.13_18_30_00.GMT.2025.CACO04.c1.timex.jpg,c1,1739471400,2025-02-13T18:30:00+00:00,30.0,2.71316785909004,8.565310492505352,119.24474060457516,5.419896171829254
1739473200.Thu.Feb.13_19_00_00.GMT.2025.CACO04.c1.timex.jpg,c1,1739473200,2025-02-13T19:00:00+00:00,0.0,2.4377942464535947,8.565310492505352,135.84434359681373,8.224149726182597
1739475000.Thu.Feb.13_19_30_00.GMT.2025.CACO04.c1.timex.jpg,c1,1739475000,2025-02-13T19:30:00+00:00,30.0,2.4377942464535947,8.565310492505352,109.88665492238562,5.544264427105861
1739476800.Thu.Feb.13_20_00_00.GMT.2025.CACO04.c1.timex.jpg,c1,1739476800,2025-02-13T20:00:00+00:00,0.0,2.1289112670045083,8.565310492505352,120.42224200878267,7.523890464867779
1739478600.Thu.Feb.13_20_30_00.GMT.2025.CACO04.c1.timex.jpg,c1,1739478600,2025-02-13T20:30:00+00:00,30.0,2.1289112670045083,8.565310492505352,111.77374706392973,9.244437346317271
1739480400.Thu.Feb.13_21_00_00.GMT.2025.CACO04.c1.timex.jpg,c1,1739480400,2025-02-13T21:00:00+00:00,0.0,1.880618586781697,8.565310492505352,104.18589473549837,7.931547612879927
1739482200.Thu.Feb.13_21_30_00.GMT.2025.CACO04.c1.timex.jpg,c1,1739482200,2025-02-13T21:30:00+00:00,30.0,1.880618586781697,8.565310492505352,118.13013493157679,10.427628827210121
1739484000.Thu.Feb.13_22_00_00.GMT.2025.CACO04.c1.timex.jpg,c1,1739484000,2025-02-13T22:00:00+00:00,0.0,1.8073262439559303,8.032128514056225,31.901724622140524,1.4908056309163191
1739485800.Thu.Feb.13_22_30_00.GMT.2025.CACO04.c1.timex.jpg,c1,1739485800,2025-02-13T22:30:00+00:00,30.0,1.8073262439559303,8.032128514056225,1.7247944750816993,0.4363574824027033
1739487600.Thu.Feb.13_23_00_00.GMT.2025.CACO04.c1.timex.jpg,c1,1739487600,2025-02-13T23:00:00+00:00,0.0,1.5895232905416508,9.174311926605505,9.574142156862745e-06,0.0001914828431372549
1739489400.Thu.Feb.13_23_30_00.GMT.2025.CACO04.c1.timex.jpg,c1,1739489400,2025-02-13T23:30:00+00:00,30.0,1.5895232905416508,9.174311926605505,1.2765522875816994e-05,0.0002553104575163399
1739491200.Fri.Feb.14_00_00_00.GMT.2025.CACO04.c1.timex.jpg,c1,1739491200,2025-02-14T00:00:00+00:00,0.0,1.575615504857257,8.565310492505352,9.574142156862745e-06,0.0001914828431372549
1739493000.Fri.Feb.14_00_30_00.GMT.2025.CACO04.c1.timex.jpg,c1,1739493000,2025-02-14T00:30:00+00:00,30.0,1.575615504857257,8.565310492505352,1.2765522875816994e-05,0.0002553104575163399
1739494800.Fri.Feb.14_01_00_00.GMT.2025.CACO04.c1.timex.jpg,c1,1739494800,2025-02-14T01:00:00+00:00,0.0,1.3679775994545351,8.565310492505352,9.574142156862745e-06,0.0001914828431372549
1739496600.Fri.Feb.14_01_30_00.GMT.2025.CACO04.c1.timex.jpg,c1,1739496600,2025-02-14T01:30:00+00:00,30.0,1.3679775994545351,8.565310492505352,9.574142156862745e-06,0.0001914828431372549
1739498400.Fri.Feb.14_02_00_00.GMT.2025.CACO04.c1.timex.jpg,c1,1739498400,2025-02-14T02:00:00+00:00,0.0,1.5195682015005036,8.565310492505352,6.382761437908497e-06,0.00012765522875816994
1739500200.Fri.Feb.14_02_30_00.GMT.2025.CACO04.c1.timex.jpg,c1,1739500200,2025-02-14T02:30:00+00:00,30.0,1.5195682015005036,8.565310492505352,9.574142156862745e-06,0.0001914828431372549
1739502000.Fri.Feb.14_03_00_00.GMT.2025.CACO04.c1.timex.jpg,c1,1739502000,2025-02-14T03:00:00+00:00,0.0,1.2290977428028895,8.565310492505352,9.574142156862745e-06,0.0001914828431372549
1739532600.Fri.Feb.14_11_30_00.GMT.2025.CACO04.c1.timex.jpg,c1,1739532600,2025-02-14T11:30:00+00:00,30.0,1.0916615681853843,5.847953216374269,126.25329669628267,24.062594153787476
1739534400.Fri.Feb.14_12_00_00.GMT.2025.CACO04.c1.timex.jpg,c1,1739534400,2025-02-14T12:00:00+00:00,0.0,1.235635870425347,6.768189509306261,144.71820746527777,88.97685291995364
1739536200.Fri.Feb.14_12_30_00.GMT.2025.CACO04.c1.timex.jpg,c1,1739536200,2025-02-14T12:30:00+00:00,30.0,1.235635870425347,6.768189509306261,139.56336805555554,100.06339242274098
1739538000.Fri.Feb.14_13_00_00.GMT.2025.CACO04.c1.timex.jpg,c1,1739538000,2025-02-14T13:00:00+00:00,0.0,1.2978732395850996,7.142857142857142,141.37135544321896,97.858185264616
1739539800.Fri.Feb.14_13_30_00.GMT.2025.CACO04.c1.timex.jpg,c1,1739539800,2025-02-14T13:30:00+00:00,30.0,1.2978732395850996,7.142857142857142,145.1124897875817,99.16779227955256
1739541600.Fri.Feb.14_14_00_00.GMT.2025.CACO04.c1.timex.jpg,c1,1739541600,2025-02-14T14:00:00+00:00,0.0,1.3803664839090897,6.768189509306261,143.36055900224673,94.15607838407831
1739543400.Fri.Feb.14_14_30_00.GMT.2025.CACO04.c1.timex.jpg,c1,1739543400,2025-02-14T14:30:00+00:00,30.0,1.3803664839090897,6.768189509306261,144.36823746425654,94.58511313718256
1739545200.Fri.Feb.14_15_00_00.GMT.2025.CACO04.c1.timex.jpg,c1,1739545200,2025-02-14T15:00:00+00:00,0.0,1.4611662390746551,6.768189509306261,141.69732626123366,89.56873829417025
1739547000.Fri.Feb.14_15_30_00.GMT.2025.CACO04.c1.timex.jpg,c1,1739547000,2025-02-14T15:30:00+00:00,30.0,1.4611662390746551,6.768189509306261,138.31727430555554,80.54066363187219
1739548800.Fri.Feb.14_16_00_00.GMT.2025.CACO04.c1.timex.jpg,c1,1739548800,2025-02-14T16:00:00+00:00,0.0,1.309482978399603,6.768189509306261,137.0516397314134,76.82931204594625
1739550600.Fri.Feb.14_16_30_00.GMT.2025.CACO04.c1.timex.jpg,c1,1739550600,2025-02-14T16:30:00+00:00,30.0,1.309482978399603,6.768189509306261,132.31932636335785,71.91837836575837
1739552400.Fri.Feb.14_17_00_00.GMT.2025.CACO04.c1.timex.jpg,c1,1739552400,2025-02-14T17:00:00+00:00,0.0,1.2786406228594431,6.768189509306261,133.54137944240196,75.975416168398
1739554200.Fri.Feb.14_17_30_00.GMT.2025.CACO04.c1.timex.jpg,c1,1739554200,2025-02-14T17:30:00+00:00,30.0,1.2786406228594431,6.768189509306261,133.48333780126634,87.5326293995076
1739556000.Fri.Feb.14_18_00_00.GMT.2025.CACO04.c1.timex.jpg,c1,1739556000,2025-02-14T18:00:00+00:00,0.0,1.1329586710393993,6.430868167202571,132.24332363153596,85.18287182981719
1739557800.Fri.Feb.14_18_30_00.GMT.2025.CACO04.c1.timex.jpg,c1,1739557800,2025-02-14T18:30:00+00:00,30.0,1.1329586710393993,6.430868167202571,129.35594107434642,71.78305672699916
1739559600.Fri.Feb.14_19_00_00.GMT.2025.CACO04.c1.timex.jpg,c1,1739559600,2025-02-14T19:00:00+00:00,0.0,1.0577170921405668,6.430868167202571,116.53475732741013,44.094822251123006
1739561400.Fri.Feb.14_19_30_00.GMT.2025.CACO04.c1.timex.jpg,c1,1739561400,2025-02-14T19:30:00+00:00,30.0,1.0577170921405668,6.430868167202571,108.74629799836602,37.69557726799262
1739563200.Fri.Feb.14_20_00_00.GMT.2025.CACO04.c1.timex.jpg,c1,1739563200,2025-02-14T20:00:00+00:00,0.0,1.0823233782895434,7.561436672967865,99.72181691687092,28.14135577190926
1739565000.Fri.Feb.14_20_30_00.GMT.2025.CACO04.c1.timex.jpg,c1,1739565000,2025-02-14T20:30:00+00:00,30.0,1.0823233782895434,7.561436672967865,91.74488102532679,26.43952637763925
1739566800.Fri.Feb.14_21_00_00.GMT.2025.CACO04.c1.timex.jpg,c1,1739566800,2025-02-14T21:00:00+00:00,0.0,0.9533124124469786,7.142857142857142,88.61528224571079,26.383363598266598
1739568600.Fri.Feb.14_21_30_00.GMT.2025.CACO04.c1.timex.jpg,c1,1739568600,2025-02-14T21:30:00+00:00,30.0,0.9533124124469786,7.142857142857142,85.10260289011438,21.35961925786351
1739570400.Fri.Feb.14_22_00_00.GMT.2025.CACO04.c1.timex.jpg,c1,1739570400,2025-02-14T22:00:00+00:00,0.0,0.9141223897285912,7.561436672967865,71.01874936172386,8.360207638454751
1739572200.Fri.Feb.14_22_30_00.GMT.2025.CACO04.c1.timex.jpg,c1,1739572200,2025-02-14T22:30:00+00:00,30.0,0.9141223897285912,7.561436672967865,2.946585860906863,0.26208575649107474
1739574000.Fri.Feb.14_23_00_00.GMT.2025.CACO04.c1.timex.jpg,c1,1739574000,2025-02-14T23:00:00+00:00,0.0,0.8826080600795442,7.142857142857142,0.0,0.0
1739575800.Fri.Feb.14_23_30_00.GMT.2025.CACO04.c1.timex.jpg,c1,1739575800,2025-02-14T23:30:00+00:00,30.0,0.8826080600795442,7.142857142857142,0.0,0.0
1739577600.Sat.Feb.15_00_00_00.GMT.2025.CACO04.c1.timex.jpg,c1,1739577600,2025-02-15T00:00:00+00:00,0.0,0.7988363488229294,6.768189509306261,0.0,0.0
1739579400.Sat.Feb.15_00_30_00.GMT.2025.CACO04.c1.timex.jpg,c1,1739579400,2025-02-15T00:30:00+00:00,30.0,0.7988363488229294,6.768189509306261,6.382761437908497e-06,7.659313725490196e-05
1739581200.Sat.Feb.15_01_00_00.GMT.2025.CACO04.c1.timex.jpg,c1,1739581200,2025-02-15T01:00:00+00:00,0.0,0.8671399550530093,7.142857142857142,0.0,0.0
1739583000.Sat.Feb.15_01_30_00.GMT.2025.CACO04.c1.timex.jpg,c1,1739583000,2025-02-15T01:30:00+00:00,30.0,0.8671399550530093,7.142857142857142,2.8722426470588235e-05,0.0006063623366013072
1739584800.Sat.Feb.15_02_00_00.GMT.2025.CACO04.c1.timex.jpg,c1,1739584800,2025-02-15T02:00:00+00:00,0.0,0.8990406859323904,6.125574272588055,0.0,0.0
1739586600.Sat.Feb.15_02_30_00.GMT.2025.CACO04.c1.timex.jpg,c1,1739586600,2025-02-15T02:30:00+00:00,30.0,0.8990406859323904,6.125574272588055,0.0,0.0
1739588400.Sat.Feb.15_03_00_00.GMT.2025.CACO04.c1.timex.jpg,c1,1739588400,2025-02-15T03:00:00+00:00,0.0,1.202811281166193,7.142857142857142,0.0,0.0
1739619000.Sat.Feb.15_11_30_00.GMT.2025.CACO04.c1.timex.jpg,c1,1739619000,2025-02-15T11:30:00+00:00,30.0,0.7265176559269181,5.847953216374269,94.17183032066994,20.471524289510977
1739620800.Sat.Feb.15_12_00_00.GMT.2025.CACO04.c1.timex.jpg,c1,1739620800,2025-02-15T12:00:00+00:00,0.0,0.7233187475842178,6.125574272588055,163.20011871936273,106.85920281988514
1739622600.Sat.Feb.15_12_30_00.GMT.2025.CACO04.c1.timex.jpg,c1,1739622600,2025-02-15T12:30:00+00:00,30.0,0.7233187475842178,6.125574272588055,147.36136642156862,127.90476228403635
1739624400.Sat.Feb.15_13_00_00.GMT.2025.CACO04.c1.timex.jpg,c1,1739624400,2025-02-15T13:00:00+00:00,0.0,0.7367796598418006,5.594405594405594,137.29016671772877,53.85629769638381
1739626200.Sat.Feb.15_13_30_00.GMT.2025.CACO04.c1.timex.jpg,c1,1739626200,2025-02-15T13:30:00+00:00,30.0,0.7367796598418006,5.594405594405594,137.8098862591912,37.7868668299024
1739628000.Sat.Feb.15_14_00_00.GMT.2025.CACO04.c1.timex.jpg,c1,1739628000,2025-02-15T14:00:00+00:00,0.0,0.6197853652322802,5.361930294906166,149.21226192299838,47.72991941693123
1739629800.Sat.Feb.15_14_30_00.GMT.2025.CACO04.c1.timex.jpg,c1,1739629800,2025-02-15T14:30:00+00:00,30.0,0.6197853652322802,5.361930294906166,151.93248634089053,63.19306243236462
1739631600.Sat.Feb.15_15_00_00.GMT.2025.CACO04.c1.timex.jpg,c1,1739631600,2025-02-15T15:00:00+00:00,0.0,0.6869494602385339,5.847953216374269,164.45660041360293,85.37231102643207
1739633400.Sat.Feb.15_15_30_00.GMT.2025.CACO04.c1.timex.jpg,c1,1739633400,2025-02-15T15:30:00+00:00,30.0,0.6869494602385339,5.847953216374269,149.568359375,57.89033053642285
1739635200.Sat.Feb.15_16_00_00.GMT.2025.CACO04.c1.timex.jpg,c1,1739635200,2025-02-15T16:00:00+00:00,0.0,0.6576514296929912,5.594405594405594,148.52106949550654,70.35443260621942
1739637000.Sat.Feb.15_16_30_00.GMT.2025.CACO04.c1.timex.jpg,c1,1739637000,2025-02-15T16:30:00+00:00,30.0,0.6576514296929912,5.594405594405594,138.04573248570262,50.03435634237581
1739638800.Sat.Feb.15_17_00_00.GMT.2025.CACO04.c1.timex.jpg,c1,1739638800,2025-02-15T17:00:00+00:00,0.0,0.529687470101674,5.594405594405594,140.1016805810866,46.830463196762885
1739640600.Sat.Feb.15_17_30_00.GMT.2025.CACO04.c1.timex.jpg,c1,1739640600,2025-02-15T17:30:00+00:00,30.0,0.529687470101674,5.594405594405594,136.57706227022058,39.43536569227947
1739642400.Sat.Feb.15_18_00_00.GMT.2025.CACO04.c1.timex.jpg,c1,1739642400,2025-02-15T18:00:00+00:00,0.0,0.6319910743122358,4.767580452920143,138.81375421262254,44.81192197777887
1739644200.Sat.Feb.15_18_30_00.GMT.2025.CACO04.c1.timex.jpg,c1,1739644200,2025-02-15T18:30:00+00:00,30.0,0.6319910743122358,4.767580452920143,139.10536981719773,44.80475536962868
1739646000.Sat.Feb.15_19_00_00.GMT.2025.CACO04.c1.timex.jpg,c1,1739646000,2025-02-15T19:00:00+00:00,0.0,0.3835184625784991,5.361930294906166,129.4660054125817,37.3844198043254
1739647800.Sat.Feb.15_19_30_00.GMT.2025.CACO04.c1.timex.jpg,c1,1739647800,2025-02-15T19:30:00+00:00,30.0,0.3835184625784991,5.361930294906166,140.54732179330065,45.58139328657372
1739649600.Sat.Feb.15_20_00_00.GMT.2025.CACO04.c1.timex.jpg,c1,1739649600,2025-02-15T20:00:00+00:00,0.0,0.3601343927963538,5.361930294906166,126.52203648386438,33.12279358839633
1739651400.Sat.Feb.15_20_30_00.GMT.2025.CACO04.c1.timex.jpg,c1,1739651400,2025-02-15T20:30:00+00:00,30.0,0.3601343927963538,5.361930294906166,130.10281990400327,36.27128493309713
1739653200.Sat.Feb.15_21_00_00.GMT.2025.CACO04.c1.timex.jpg,c1,1739653200,2025-02-15T21:00:00+00:00,0.0,0.3540530863626733,5.594405594405594,132.99908088235293,40.40809551146576
1739655000.Sat.Feb.15_21_30_00.GMT.2025.CACO04.c1.timex.jpg,c1,1739655000,2025-02-15T21:30:00+00:00,30.0,0.3540530863626733,5.594405594405594,112.84908917994281,27.504811177499587
1739656800.Sat.Feb.15_22_00_00.GMT.2025.CACO04.c1.timex.jpg,c1,1739656800,2025-02-15T22:00:00+00:00,0.0,0.407992474139812,4.439511653718091,21.08213018280229,1.8948503583726948
1739658600.Sat.Feb.15_22_30_00.GMT.2025.CACO04.c1.timex.jpg,c1,1739658600,2025-02-15T22:30:00+00:00,30.0,0.407992474139812,4.439511653718091,0.9949608098447712,0.05172908924855163
1739660400.Sat.Feb.15_23_00_00.GMT.2025.CACO04.c1.timex.jpg,c1,1739660400,2025-02-15T23:00:00+00:00,0.0,0.3866047442789875,4.153686396677051,0.0,0.0
1739662200.Sat.Feb.15_23_30_00.GMT.2025.CACO04.c1.timex.jpg,c1,1739662200,2025-02-15T23:30:00+00:00,30.0,0.3866047442789875,4.153686396677051,0.0,0.0
1739664000.Sun.Feb.16_00_00_00.GMT.2025.CACO04.c1.timex.jpg,c1,1739664000,2025-02-16T00:00:00+00:00,0.0,0.3072052801000074,5.594405594405594,0.0,0.0
1739665800.Sun.Feb.16_00_30_00.GMT.2025.CACO04.c1.timex.jpg,c1,1739665800,2025-02-16T00:30:00+00:00,30.0,0.3072052801000074,5.594405594405594,0.0,0.0
1739667600.Sun.Feb.16_01_00_00.GMT.2025.CACO04.c1.timex.jpg,c1,1739667600,2025-02-16T01:00:00+00:00,0.0,0.3033170554187243,5.361930294906166,0.0,0.0
1739669400.Sun.Feb.16_01_30_00.GMT.2025.CACO04.c1.timex.jpg,c1,1739669400,2025-02-16T01:30:00+00:00,30.0,0.3033170554187243,5.361930294906166,0.0,0.0
1739671200.Sun.Feb.16_02_00_00.GMT.2025.CACO04.c1.timex.jpg,c1,1739671200,2025-02-16T02:00:00+00:00,0.0,0.2927390132326567,7.142857142857142,0.0,0.0
1739673000.Sun.Feb.16_02_30_00.GMT.2025.CACO04.c1.timex.jpg,c1,1739673000,2025-02-16T02:30:00+00:00,30.0,0.2927390132326567,7.142857142857142,0.0,0.0
1739674800.Sun.Feb.16_03_00_00.GMT.2025.CACO04.c1.timex.jpg,c1,1739674800,2025-02-16T03:00:00+00:00,0.0,0.2755908443229293,6.768189509306261,0.0,0.0
1739705400.Sun.Feb.16_11_30_00.GMT.2025.CACO04.c1.timex.jpg,c1,1739705400,2025-02-16T11:30:00+00:00,30.0,1.7963913209984024,5.594405594405594,18.288867825776144,0.8012726929315186
1739707200.Sun.Feb.16_12_00_00.GMT.2025.CACO04.c1.timex.jpg,c1,1739707200,2025-02-16T12:00:00+00:00,0.0,1.7793121337695257,6.125574272588055,137.85328584558823,3.8466515898159632
1739709000.Sun.Feb.16_12_30_00.GMT.2025.CACO04.c1.timex.jpg,c1,1739709000,2025-02-16T12:30:00+00:00,30.0,1.7793121337695257,6.125574272588055,124.98005706188725,3.8903737839988826
1739710800.Sun.Feb.16_13_00_00.GMT.2025.CACO04.c1.timex.jpg,c1,1739710800,2025-02-16T13:00:00+00:00,0.0,2.5624827660962315,5.847953216374269,135.03430734272877,4.158971021398332
1739712600.Sun.Feb.16_13_30_00.GMT.2025.CACO04.c1.timex.jpg,c1,1739712600,2025-02-16T13:30:00+00:00,30.0,2.5624827660962315,5.847953216374269,140.98146126940358,3.8684327938081133
1739714400.Sun.Feb.16_14_00_00.GMT.2025.CACO04.c1.timex.jpg,c1,1739714400,2025-02-16T14:00:00+00:00,0.0,2.779774377064812,6.430868167202571,113.65939351000817,2.9922834297914958
1739716200.Sun.Feb.16_14_30_00.GMT.2025.CACO04.c1.timex.jpg,c1,1739716200,2025-02-16T14:30:00+00:00,30.0,2.779774377064812,6.430868167202571,134.58546517565358,5.830348119328729
1739718000.Sun.Feb.16_15_00_00.GMT.2025.CACO04.c1.timex.jpg,c1,1739718000,2025-02-16T15:00:00+00:00,0.0,2.8433536818987024,6.768189509306261,123.98019109987744,4.076071525181245
1739719800.Sun.Feb.16_15_30_00.GMT.2025.CACO04.c1.timex.jpg,c1,1739719800,2025-02-16T15:30:00+00:00,30.0,2.8433536818987024,6.768189509306261,131.16728579452615,4.355201469654664
1739721600.Sun.Feb.16_16_00_00.GMT.2025.CACO04.c1.timex.jpg,c1,1739721600,2025-02-16T16:00:00+00:00,0.0,3.157764726886121,7.142857142857142,124.72819329554738,4.903230089986282
1739723400.Sun.Feb.16_16_30_00.GMT.2025.CACO04.c1.timex.jpg,c1,1739723400,2025-02-16T16:30:00+00:00,30.0,3.157764726886121,7.142857142857142,170.9417413449755,11.540008513593088
1739725200.Sun.Feb.16_17_00_00.GMT.2025.CACO04.c1.timex.jpg,c1,1739725200,2025-02-16T17:00:00+00:00,0.0,2.590183158299491,7.142857142857142,165.4462699142157,7.538912927403169
1739727000.Sun.Feb.16_17_30_00.GMT.2025.CACO04.c1.timex.jpg,c1,1739727000,2025-02-16T17:30:00+00:00,30.0,2.590183158299491,7.142857142857142,114.1801087622549,6.590478847137737
1739728800.Sun.Feb.16_18_00_00.GMT.2025.CACO04.c1.timex.jpg,c1,1739728800,2025-02-16T18:00:00+00:00,0.0,2.429645639617119,7.561436672967865,178.34300002553104,11.572514994476773
1739730600.Sun.Feb.16_18_30_00.GMT.2025.CACO04.c1.timex.jpg,c1,1739730600,2025-02-16T18:30:00+00:00,30.0,2.429645639617119,7.561436672967865,145.23191125408496,12.04191257448574
1739732400.Sun.Feb.16_19_00_00.GMT.2025.CACO04.c1.timex.jpg,c1,1739732400,2025-02-16T19:00:00+00:00,0.0,2.5052633011561225,8.032128514056225,149.27408854166666,19.756745571501256
1739734200.Sun.Feb.16_19_30_00.GMT.2025.CACO04.c1.timex.jpg,c1,1739734200,2025-02-16T19:30:00+00:00,30.0,2.5052633011561225,8.032128514056225,108.96796811172386,8.645675659658378
1739736000.Sun.Feb.16_20_00_00.GMT.2025.CACO04.c1.timex.jpg,c1,1739736000,2025-02-16T20:00:00+00:00,0.0,2.2769537457365643,7.561436672967865,138.3118106617647,27.448450612168354
1739737800.Sun.Feb.16_20_30_00.GMT.2025.CACO04.c1.timex.jpg,c1,1739737800,2025-02-16T20:30:00+00:00,30.0,2.2769537457365643,7.561436672967865,104.69393701491013,33.77277123277763
1739739600.Sun.Feb.16_21_00_00.GMT.2025.CACO04.c1.timex.jpg,c1,1739739600,2025-02-16T21:00:00+00:00,0.0,1.9406619689014928,7.561436672967865,143.44865706699346,21.217185795182395
1739741400.Sun.Feb.16_21_30_00.GMT.2025.CACO04.c1.timex.jpg,c1,1739741400,2025-02-16T21:30:00+00:00,30.0,1.9406619689014928,7.561436672967865,108.1986443014706,6.323002182020117
1739743200.Sun.Feb.16_22_00_00.GMT.2025.CACO04.c1.timex.jpg,c1,1739743200,2025-02-16T22:00:00+00:00,0.0,2.17995294996561,8.032128514056225,33.230998519199346,1.8216973763517663
1739745000.Sun.Feb.16_22_30_00.GMT.2025.CACO04.c1.timex.jpg,c1,1739745000,2025-02-16T22:30:00+00:00,30.0,2.17995294996561,8.032128514056225,1.178366268382353,0.33108021447178726
1739746800.Sun.Feb.16_23_00_00.GMT.2025.CACO04.c1.timex.jpg,c1,1739746800,2025-02-16T23:00:00+00:00,0.0,1.977969825300609,8.032128514056225,9.574142156862745e-06,0.0001914828431372549
1739748600.Sun.Feb.16_23_30_00.GMT.2025.CACO04.c1.timex.jpg,c1,1739748600,2025-02-16T23:30:00+00:00,30.0,1.977969825300609,8.032128514056225,9.574142156862745e-06,0.0001914828431372549
1739750400.Mon.Feb.17_00_00_00.GMT.2025.CACO04.c1.timex.jpg,c1,1739750400,2025-02-17T00:00:00+00:00,0.0,1.63185547623694,7.142857142857142,9.574142156862745e-06,0.0001914828431372549
1739752200.Mon.Feb.17_00_30_00.GMT.2025.CACO04.c1.timex.jpg,c1,1739752200,2025-02-17T00:30:00+00:00,30.0,1.63185547623694,7.142857142857142,9.574142156862745e-06,0.0001914828431372549
1739754000.Mon.Feb.17_01_00_00.GMT.2025.CACO04.c1.timex.jpg,c1,1739754000,2025-02-17T01:00:00+00:00,0.0,1.5513292762526878,7.561436672967865,6.382761437908497e-06,0.00012765522875816994
1739755800.Mon.Feb.17_01_30_00.GMT.2025.CACO04.c1.timex.jpg,c1,1739755800,2025-02-17T01:30:00+00:00,30.0,1.5513292762526878,7.561436672967865,6.382761437908497e-06,0.00012765522875816994
1739757600.Mon.Feb.17_02_00_00.GMT.2025.CACO04.c1.timex.jpg,c1,1739757600,2025-02-17T02:00:00+00:00,0.0,1.4854940009549618,8.032128514056225,6.382761437908497e-06,0.00012765522875816994
1739759400.Mon.Feb.17_02_30_00.GMT.2025.CACO04.c1.timex.jpg,c1,1739759400,2025-02-17T02:30:00+00:00,30.0,1.4854940009549618,8.032128514056225,6.382761437908497e-06,0.00012765522875816994
1739761200.Mon.Feb.17_03_00_00.GMT.2025.CACO04.c1.timex.jpg,c1,1739761200,2025-02-17T03:00:00+00:00,0.0,1.2534214383028166,8.032128514056225,6.382761437908497e-06,0.00012765522875816994
1739791800.Mon.Feb.17_11_30_00.GMT.2025.CACO04.c1.timex.jpg,c1,1739791800,2025-02-17T11:30:00+00:00,30.0,1.0393474094959727,12.82051282051282,84.78415734783496,11.269546770490347
1739793600.Mon.Feb.17_12_00_00.GMT.2025.CACO04.c1.timex.jpg,c1,1739793600,2025-02-17T12:00:00+00:00,0.0,1.0831052361600395,12.82051282051282,195.34419998468138,53.6033472477272
1739795400.Mon.Feb.17_12_30_00.GMT.2025.CACO04.c1.timex.jpg,c1,1739795400,2025-02-17T12:30:00+00:00,30.0,1.0831052361600395,12.82051282051282,155.59519250408496,34.75523441704291
1739797200.Mon.Feb.17_13_00_00.GMT.2025.CACO04.c1.timex.jpg,c1,1739797200,2025-02-17T13:00:00+00:00,0.0,1.1912359632651868,12.82051282051282,133.17907475490196,59.74571158994017
1739799000.Mon.Feb.17_13_30_00.GMT.2025.CACO04.c1.timex.jpg,c1,1739799000,2025-02-17T13:30:00+00:00,30.0,1.1912359632651868,12.82051282051282,146.51633029513889,70.62840936574929
1739800800.Mon.Feb.17_14_00_00.GMT.2025.CACO04.c1.timex.jpg,c1,1739800800,2025-02-17T14:00:00+00:00,0.0,1.107305164826815,12.82051282051282,195.88631982741012,86.13210327523731
1739802600.Mon.Feb.17_14_30_00.GMT.2025.CACO04.c1.timex.jpg,c1,1739802600,2025-02-17T14:30:00+00:00,30.0,1.107305164826815,12.82051282051282,139.75235523897058,61.527375732239605
1739804400.Mon.Feb.17_15_00_00.GMT.2025.CACO04.c1.timex.jpg,c1,1739804400,2025-02-17T15:00:00+00:00,0.0,0.897148342313627,11.661807580174926,143.76263786764707,67.43538626293751
1739806200.Mon.Feb.17_15_30_00.GMT.2025.CACO04.c1.timex.jpg,c1,1739806200,2025-02-17T15:30:00+00:00,30.0,0.897148342313627,11.661807580174926,147.46923828125,60.81098790869279
1739808000.Mon.Feb.17_16_00_00.GMT.2025.CACO04.c1.timex.jpg,c1,1739808000,2025-02-17T16:00:00+00:00,0.0,1.0007607596516952,11.661807580174926,187.69138391033496,56.53334516408305
1739809800.Mon.Feb.17_16_30_00.GMT.2025.CACO04.c1.timex.jpg,c1,1739809800,2025-02-17T16:30:00+00:00,30.0,1.0007607596516952,11.661807580174926,176.53099149816177,68.08037967658255
1739811600.Mon.Feb.17_17_00_00.GMT.2025.CACO04.c1.timex.jpg,c1,1739811600,2025-02-17T17:00:00+00:00,0.0,1.123762687569933,11.661807580174926,174.83543964460785,69.145487860504
1739813400.Mon.Feb.17_17_30_00.GMT.2025.CACO04.c1.timex.jpg,c1,1739813400,2025-02-17T17:30:00+00:00,30.0,1.123762687569933,11.661807580174926,134.58385352839053,46.29374584973843
1739815200.Mon.Feb.17_18_00_00.GMT.2025.CACO04.c1.timex.jpg,c1,1739815200,2025-02-17T18:00:00+00:00,0.0,1.0752676640597203,11.661807580174926,137.96247893688727,45.67577780012624
1739817000.Mon.Feb.17_18_30_00.GMT.2025.CACO04.c1.timex.jpg,c1,1739817000,2025-02-17T18:30:00+00:00,30.0,1.0752676640597203,11.661807580174926,132.54107945261438,38.68015119054652
1739818800.Mon.Feb.17_19_00_00.GMT.2025.CACO04.c1.timex.jpg,c1,1739818800,2025-02-17T19:00:00+00:00,0.0,0.9767605360538684,12.82051282051282,93.89656096813725,14.707510123315405
1739820600.Mon.Feb.17_19_30_00.GMT.2025.CACO04.c1.timex.jpg,c1,1739820600,2025-02-17T19:30:00+00:00,30.0,0.9767605360538684,12.82051282051282,118.83800232332516,28.87946717132797
1739822400.Mon.Feb.17_20_00_00.GMT.2025.CACO04.c1.timex.jpg,c1,1739822400,2025-02-17T20:00:00+00:00,0.0,1.032940203237909,11.661807580174926,99.08049300449346,13.671235860002621
1739824200.Mon.Feb.17_20_30_00.GMT.2025.CACO04.c1.timex.jpg,c1,1739824200,2025-02-17T20:30:00+00:00,30.0,1.032940203237909,11.661807580174926,92.90416602839052,10.496858727698232
1739826000.Mon.Feb.17_21_00_00.GMT.2025.CACO04.c1.timex.jpg,c1,1739826000,2025-02-17T21:00:00+00:00,0.0,1.1606923452711193,12.82051282051282,92.91972081801471,12.552416918650406
1739827800.Mon.Feb.17_21_30_00.GMT.2025.CACO04.c1.timex.jpg,c1,1739827800,2025-02-17T21:30:00+00:00,30.0,1.1606923452711193,12.82051282051282,93.14587162990196,10.274879135678725
1739829600.Mon.Feb.17_22_00_00.GMT.2025.CACO04.c1.timex.jpg,c1,1739829600,2025-02-17T22:00:00+00:00,0.0,1.0541593993371894,11.661807580174926,84.412699780433,7.383394953339758
1739831400.Mon.Feb.17_22_30_00.GMT.2025.CACO04.c1.timex.jpg,c1,1739831400,2025-02-17T22:30:00+00:00,30.0,1.0541593993371894,11.661807580174926,5.205997242647059,0.4893758764657661
1739833200.Mon.Feb.17_23_00_00.GMT.2025.CACO04.c1.timex.jpg,c1,1739833200,2025-02-17T23:00:00+00:00,0.0,1.0708504853021226,11.661807580174926,0.0,0.0
1739835000.Mon.Feb.17_23_30_00.GMT.2025.CACO04.c1.timex.jpg,c1,1739835000,2025-02-17T23:30:00+00:00,30.0,1.0708504853021226,11.661807580174926,0.0,0.0
1739836800.Tue.Feb.18_00_00_00.GMT.2025.CACO04.c1.timex.jpg,c1,1739836800,2025-02-18T00:00:00+00:00,0.0,1.062124129941275,12.82051282051282,0.0,0.0
1739838600.Tue.Feb.18_00_30_00.GMT.2025.CACO04.c1.timex.jpg,c1,1739838600,2025-02-18T00:30:00+00:00,30.0,1.062124129941275,12.82051282051282,0.0,0.0
1739840400.Tue.Feb.18_01_00_00.GMT.2025.CACO04.c1.timex.jpg,c1,1739840400,2025-02-18T01:00:00+00:00,0.0,1.0527277448879462,12.82051282051282,0.0,0.0
1739842200.Tue.Feb.18_01_30_00.GMT.2025.CACO04.c1.timex.jpg,c1,1739842200,2025-02-18T01:30:00+00:00,30.0,1.0527277448879462,12.82051282051282,0.0,0.0
1739844000.Tue.Feb.18_02_00_00.GMT.2025.CACO04.c1.timex.jpg,c1,1739844000,2025-02-18T02:00:00+00:00,0.0,0.994857068197603,11.661807580174926,0.0,0.0
1739845800.Tue.Feb.18_02_30_00.GMT.2025.CACO04.c1.timex.jpg,c1,1739845800,2025-02-18T02:30:00+00:00,30.0,0.994857068197603,11.661807580174926,0.0,0.0
1739847600.Tue.Feb.18_03_00_00.GMT.2025.CACO04.c1.timex.jpg,c1,1739847600,2025-02-18T03:00:00+00:00,0.0,1.144623690076732,5.148005148005149,0.0,0.0
1739878200.Tue.Feb.18_11_30_00.GMT.2025.CACO04.c1.timex.jpg,c1,1739878200,2025-02-18T11:30:00+00:00,30.0,0.989099251366696,6.430868167202571,152.55460133272058,26.49068462546681
1739880000.Tue.Feb.18_12_00_00.GMT.2025.CACO04.c1.timex.jpg,c1,1739880000,2025-02-18T12:00:00+00:00,0.0,0.9468084388331844,6.430868167202571,149.5038392310049,90.18416190376558
1739881800.Tue.Feb.18_12_30_00.GMT.2025.CACO04.c1.timex.jpg,c1,1739881800,2025-02-18T12:30:00+00:00,30.0,0.9468084388331844,6.430868167202571,140.38463796977123,79.54282528253412
1739883600.Tue.Feb.18_13_00_00.GMT.2025.CACO04.c1.timex.jpg,c1,1739883600,2025-02-18T13:00:00+00:00,0.0,0.9861201222442948,6.768189509306261,142.48556538500816,69.75867309136027
1739885400.Tue.Feb.18_13_30_00.GMT.2025.CACO04.c1.timex.jpg,c1,1739885400,2025-02-18T13:30:00+00:00,30.0,0.9861201222442948,6.768189509306261,142.36742685355392,66.47187943588719
1739887200.Tue.Feb.18_14_00_00.GMT.2025.CACO04.c1.timex.jpg,c1,1739887200,2025-02-18T14:00:00+00:00,0.0,1.0699530883097814,4.950495049504951,143.52042164522058,61.355543030266205
1739889000.Tue.Feb.18_14_30_00.GMT.2025.CACO04.c1.timex.jpg,c1,1739889000,2025-02-18T14:30:00+00:00,30.0,1.0699530883097814,4.950495049504951,144.87443831699346,55.26579325365854
1739890800.Tue.Feb.18_15_00_00.GMT.2025.CACO04.c1.timex.jpg,c1,1739890800,2025-02-18T15:00:00+00:00,0.0,1.02434536127022,4.291845493562232,144.46595115910947,55.95211540024622
1739892600.Tue.Feb.18_15_30_00.GMT.2025.CACO04.c1.timex.jpg,c1,1739892600,2025-02-18T15:30:00+00:00,30.0,1.02434536127022,4.291845493562232,143.64664713541666,59.28400920039234
1739894400.Tue.Feb.18_16_00_00.GMT.2025.CACO04.c1.timex.jpg,c1,1739894400,2025-02-18T16:00:00+00:00,0.0,1.0323982928160278,5.361930294906166,142.40643190870097,54.39921013824839
1739896200.Tue.Feb.18_16_30_00.GMT.2025.CACO04.c1.timex.jpg,c1,1739896200,2025-02-18T16:30:00+00:00,30.0,1.0323982928160278,5.361930294906166,143.24996170343138,50.686458923982805
1739898000.Tue.Feb.18_17_00_00.GMT.2025.CACO04.c1.timex.jpg,c1,1739898000,2025-02-18T17:00:00+00:00,0.0,0.99926965769583,6.768189509306261,141.99217154309642,49.330713342574306
1739899800.Tue.Feb.18_17_30_00.GMT.2025.CACO04.c1.timex.jpg,c1,1739899800,2025-02-18T17:30:00+00:00,30.0,0.99926965769583,6.768189509306261,141.1662677440768,47.161615247407454
1739901600.Tue.Feb.18_18_00_00.GMT.2025.CACO04.c1.timex.jpg,c1,1739901600,2025-02-18T18:00:00+00:00,0.0,0.982701022246382,6.125574272588055,146.67923432393792,51.7015172524069
1739903400.Tue.Feb.18_18_30_00.GMT.2025.CACO04.c1.timex.jpg,c1,1739903400,2025-02-18T18:30:00+00:00,30.0,0.982701022246382,6.125574272588055,133.6819789113562,41.64509641147952
1739905200.Tue.Feb.18_19_00_00.GMT.2025.CACO04.c1.timex.jpg,c1,1739905200,2025-02-18T19:00:00+00:00,0.0,0.94119222930173,6.430868167202571,125.02607358047386,37.20773010199112
1739907000.Tue.Feb.18_19_30_00.GMT.2025.CACO04.c1.timex.jpg,c1,1739907000,2025-02-18T19:30:00+00:00,30.0,0.94119222930173,6.430868167202571,111.73382927389706,32.22884422916233
1739908800.Tue.Feb.18_20_00_00.GMT.2025.CACO04.c1.timex.jpg,c1,1739908800,2025-02-18T20:00:00+00:00,0.0,0.8880328075860594,6.430868167202571,99.60518790849673,20.00730689751648
1739910600.Tue.Feb.18_20_30_00.GMT.2025.CACO04.c1.timex.jpg,c1,1739910600,2025-02-18T20:30:00+00:00,30.0,0.8880328075860594,6.430868167202571,100.887104907067,21.55176633717876
1739912400.Tue.Feb.18_21_00_00.GMT.2025.CACO04.c1.timex.jpg,c1,1739912400,2025-02-18T21:00:00+00:00,0.0,0.8564201447712175,6.430868167202571,93.24929151348039,17.32100779714149
1739914200.Tue.Feb.18_21_30_00.GMT.2025.CACO04.c1.timex.jpg,c1,1739914200,2025-02-18T21:30:00+00:00,30.0,0.8564201447712175,6.430868167202571,92.15598830678104,13.211403224483407
1739916000.Tue.Feb.18_22_00_00.GMT.2025.CACO04.c1.timex.jpg,c1,1739916000,2025-02-18T22:00:00+00:00,0.0,0.8006009896992969,6.430868167202571,89.2100949754902,8.774684951797218
1739917800.Tue.Feb.18_22_30_00.GMT.2025.CACO04.c1.timex.jpg,c1,1739917800,2025-02-18T22:30:00+00:00,30.0,0.8006009896992969,6.430868167202571,6.583355672998366,0.45387178243640103
1739919600.Tue.Feb.18_23_00_00.GMT.2025.CACO04.c1.timex.jpg,c1,1739919600,2025-02-18T23:00:00+00:00,0.0,0.8205558542362527,6.430868167202571,0.0,0.0
1739921400.Tue.Feb.18_23_30_00.GMT.2025.CACO04.c1.timex.jpg,c1,1739921400,2025-02-18T23:30:00+00:00,30.0,0.8205558542362527,6.430868167202571,0.0,0.0
1739923200.Wed.Feb.19_00_00_00.GMT.2025.CACO04.c1.timex.jpg,c1,1739923200,2025-02-19T00:00:00+00:00,0.0,0.930922539630738,6.125574272588055,0.0,0.0
1739925000.Wed.Feb.19_00_30_00.GMT.2025.CACO04.c1.timex.jpg,c1,1739925000,2025-02-19T00:30:00+00:00,30.0,0.930922539630738,6.125574272588055,0.0,0.0
1739926800.Wed.Feb.19_01_00_00.GMT.2025.CACO04.c1.timex.jpg,c1,1739926800,2025-02-19T01:00:00+00:00,0.0,0.9491215334809624,6.430868167202571,0.0,0.0
1739928600.Wed.Feb.19_01_30_00.GMT.2025.CACO04.c1.timex.jpg,c1,1739928600,2025-02-19T01:30:00+00:00,30.0,0.9491215334809624,6.430868167202571,0.0,0.0
1739930400.Wed.Feb.19_02_00_00.GMT.2025.CACO04.c1.timex.jpg,c1,1739930400,2025-02-19T02:00:00+00:00,0.0,0.9875903686893328,5.594405594405594,0.0,0.0
1739932200.Wed.Feb.19_02_30_00.GMT.2025.CACO04.c1.timex.jpg,c1,1739932200,2025-02-19T02:30:00+00:00,30.0,0.9875903686893328,5.594405594405594,0.0,0.0
1739934000.Wed.Feb.19_03_00_00.GMT.2025.CACO04.c1.timex.jpg,c1,1739934000,2025-02-19T03:00:00+00:00,0.0,0.9453089258114904,6.125574272588055,0.0,0.0
1739964600.Wed.Feb.19_11_30_00.GMT.2025.CACO04.c1.timex.jpg,c1,1739964600,2025-02-19T11:30:00+00:00,30.0,0.93361550848874,6.430868167202571,70.12193308312908,9.109603946326793
1739966400.Wed.Feb.19_12_00_00.GMT.2025.CACO04.c1.timex.jpg,c1,1739966400,2025-02-19T12:00:00+00:00,0.0,0.9356778318739178,7.561436672967865,167.77248646854576,38.51881797778427
1739968200.Wed.Feb.19_12_30_00.GMT.2025.CACO04.c1.timex.jpg,c1,1739968200,2025-02-19T12:30:00+00:00,30.0,0.9356778318739178,7.561436672967865,143.50600617851308,28.000151428888504
1739970000.Wed.Feb.19_13_00_00.GMT.2025.CACO04.c1.timex.jpg,c1,1739970000,2025-02-19T13:00:00+00:00,0.0,0.9943495812491716,7.142857142857142,144.57414215686273,34.1443161012942
1739971800.Wed.Feb.19_13_30_00.GMT.2025.CACO04.c1.timex.jpg,c1,1739971800,2025-02-19T13:30:00+00:00,30.0,0.9943495812491716,7.142857142857142,140.52259178410947,47.7813251602425
1739973600.Wed.Feb.19_14_00_00.GMT.2025.CACO04.c1.timex.jpg,c1,1739973600,2025-02-19T14:00:00+00:00,0.0,0.9691417775278304,6.125574272588055,151.57070823120915,76.00986211146815
1739975400.Wed.Feb.19_14_30_00.GMT.2025.CACO04.c1.timex.jpg,c1,1739975400,2025-02-19T14:30:00+00:00,30.0,0.9691417775278304,6.125574272588055,146.46628306270424,78.17513173312653
1739977200.Wed.Feb.19_15_00_00.GMT.2025.CACO04.c1.timex.jpg,c1,1739977200,2025-02-19T15:00:00+00:00,0.0,0.8519317400423473,5.847953216374269,146.28126595690358,149.84026801590736
1739979000.Wed.Feb.19_15_30_00.GMT.2025.CACO04.c1.timex.jpg,c1,1739979000,2025-02-19T15:30:00+00:00,30.0,0.8519317400423473,5.847953216374269,146.18401820363562,136.5385641120592
1739980800.Wed.Feb.19_16_00_00.GMT.2025.CACO04.c1.timex.jpg,c1,1739980800,2025-02-19T16:00:00+00:00,0.0,0.7961081786109344,5.847953216374269,143.38100298713235,80.10936760021411
1739982600.Wed.Feb.19_16_30_00.GMT.2025.CACO04.c1.timex.jpg,c1,1739982600,2025-02-19T16:30:00+00:00,30.0,0.7961081786109344,5.847953216374269,143.6309104370915,109.09825268420772
1739984400.Wed.Feb.19_17_00_00.GMT.2025.CACO04.c1.timex.jpg,c1,1739984400,2025-02-19T17:00:00+00:00,0.0,0.7519375793653871,5.361930294906166,141.89777369281046,95.60361931911572
1739986200.Wed.Feb.19_17_30_00.GMT.2025.CACO04.c1.timex.jpg,c1,1739986200,2025-02-19T17:30:00+00:00,30.0,0.7519375793653871,5.361930294906166,140.8338152318219,86.25220011658526
1739988000.Wed.Feb.19_18_00_00.GMT.2025.CACO04.c1.timex.jpg,c1,1739988000,2025-02-19T18:00:00+00:00,0.0,0.7318038856296939,5.361930294906166,139.94420828227123,79.5548601325184
1739989800.Wed.Feb.19_18_30_00.GMT.2025.CACO04.c1.timex.jpg,c1,1739989800,2025-02-19T18:30:00+00:00,30.0,0.7318038856296939,5.361930294906166,133.99657564848857,70.04234754132248
1739991600.Wed.Feb.19_19_00_00.GMT.2025.CACO04.c1.timex.jpg,c1,1739991600,2025-02-19T19:00:00+00:00,0.0,0.7353401887893556,4.767580452920143,122.20573874080883,59.953271362873075
1739993400.Wed.Feb.19_19_30_00.GMT.2025.CACO04.c1.timex.jpg,c1,1739993400,2025-02-19T19:30:00+00:00,30.0,0.7353401887893556,4.767580452920143,112.0931436376634,53.143382170060924
1739995200.Wed.Feb.19_20_00_00.GMT.2025.CACO04.c1.timex.jpg,c1,1739995200,2025-02-19T20:00:00+00:00,0.0,0.5687070115577035,5.361930294906166,103.12143841911765,39.898219975073026
1739997000.Wed.Feb.19_20_30_00.GMT.2025.CACO04.c1.timex.jpg,c1,1739997000,2025-02-19T20:30:00+00:00,30.0,0.5687070115577035,5.361930294906166,99.02186414930556,24.810502183896173
1739998800.Wed.Feb.19_21_00_00.GMT.2025.CACO04.c1.timex.jpg,c1,1739998800,2025-02-19T21:00:00+00:00,0.0,0.4315656412611939,5.361930294906166,89.99983404820262,20.022090639520716
1740000600.Wed.Feb.19_21_30_00.GMT.2025.CACO04.c1.timex.jpg,c1,1740000600,2025-02-19T21:30:00+00:00,30.0,0.4315656412611939,5.361930294906166,86.1396324805964,13.376611342438874
1740002400.Wed.Feb.19_22_00_00.GMT.2025.CACO04.c1.timex.jpg,c1,1740002400,2025-02-19T22:00:00+00:00,0.0,0.3189553256343904,5.361930294906166,79.02319495506536,7.494099132559108
1740004200.Wed.Feb.19_22_30_00.GMT.2025.CACO04.c1.timex.jpg,c1,1740004200,2025-02-19T22:30:00+00:00,30.0,0.3189553256343904,5.361930294906166,8.28250102124183,0.6727877151676336
1740006000.Wed.Feb.19_23_00_00.GMT.2025.CACO04.c1.timex.jpg,c1,1740006000,2025-02-19T23:00:00+00:00,0.0,0.3065398941187631,8.032128514056225,3.1913807189542485e-06,6.382761437908497e-05
1740007800.Wed.Feb.19_23_30_00.GMT.2025.CACO04.c1.timex.jpg,c1,1740007800,2025-02-19T23:30:00+00:00,30.0,0.3065398941187631,8.032128514056225,0.0,0.0
1740009600.Thu.Feb.20_00_00_00.GMT.2025.CACO04.c1.timex.jpg,c1,1740009600,2025-02-20T00:00:00+00:00,0.0,0.401544501522014,4.291845493562232,0.0,0.0
1740011400.Thu.Feb.20_00_30_00.GMT.2025.CACO04.c1.timex.jpg,c1,1740011400,2025-02-20T00:30:00+00:00,30.0,0.401544501522014,4.291845493562232,3.510518790849673e-05,0.0005999795751633987
1740013200.Thu.Feb.20_01_00_00.GMT.2025.CACO04.c1.timex.jpg,c1,1740013200,2025-02-20T01:00:00+00:00,0.0,0.375837218159847,4.291845493562232,1.2765522875816994e-05,0.00011488970588235294
1740015000.Thu.Feb.20_01_30_00.GMT.2025.CACO04.c1.timex.jpg,c1,1740015000,2025-02-20T01:30:00+00:00,30.0,0.375837218159847,4.291845493562232,0.0,0.0
1740016800.Thu.Feb.20_02_00_00.GMT.2025.CACO04.c1.timex.jpg,c1,1740016800,2025-02-20T02:00:00+00:00,0.0,0.3266959641492445,4.291845493562232,1.914828431372549e-05,0.00023616217320261438
1740018600.Thu.Feb.20_02_30_00.GMT.2025.CACO04.c1.timex.jpg,c1,1740018600,2025-02-20T02:30:00+00:00,30.0,0.3266959641492445,4.291845493562232,1.5956903594771243e-05,0.0002106311274509804
1740020400.Thu.Feb.20_03_00_00.GMT.2025.CACO04.c1.timex.jpg,c1,1740020400,2025-02-20T03:00:00+00:00,0.0,0.3311842437971115,4.153686396677051,0.0,0.0
1740051000.Thu.Feb.20_11_30_00.GMT.2025.CACO04.c1.timex.jpg,c1,1740051000,2025-02-20T11:30:00+00:00,30.0,0.2192630035014006,16.0,148.3313706341912,31.397616932844226
1740052800.Thu.Feb.20_12_00_00.GMT.2025.CACO04.c1.timex.jpg,c1,1740052800,2025-02-20T12:00:00+00:00,0.0,0.2239513538961532,16.0,135.37719886131535,33.712052554871164
1740054600.Thu.Feb.20_12_30_00.GMT.2025.CACO04.c1.timex.jpg,c1,1740054600,2025-02-20T12:30:00+00:00,30.0,0.2239513538961532,16.0,149.06762216605392,104.53153444903948
1740056400.Thu.Feb.20_13_00_00.GMT.2025.CACO04.c1.timex.jpg,c1,1740056400,2025-02-20T13:00:00+00:00,0.0,0.2379401849038809,16.0,141.05147697099673,130.95077796337608
1740058200.Thu.Feb.20_13_30_00.GMT.2025.CACO04.c1.timex.jpg,c1,1740058200,2025-02-20T13:30:00+00:00,30.0,0.2379401849038809,16.0,121.13741127961602,52.241102055099006
1740060000.Thu.Feb.20_14_00_00.GMT.2025.CACO04.c1.timex.jpg,c1,1740060000,2025-02-20T14:00:00+00:00,0.0,0.3449382263440071,3.902439024390244,145.37053206699346,77.6658555540109
1740061800.Thu.Feb.20_14_30_00.GMT.2025.CACO04.c1.timex.jpg,c1,1740061800,2025-02-20T14:30:00+00:00,30.0,0.3449382263440071,3.902439024390244,130.86510991115196,45.50419509259611
1740063600.Thu.Feb.20_15_00_00.GMT.2025.CACO04.c1.timex.jpg,c1,1740063600,2025-02-20T15:00:00+00:00,0.0,0.245920556596879,16.0,125.93048534517973,38.49643196449147
1740065400.Thu.Feb.20_15_30_00.GMT.2025.CACO04.c1.timex.jpg,c1,1740065400,2025-02-20T15:30:00+00:00,30.0,0.245920556596879,16.0,136.24532462724673,50.773812251922294
1740067200.Thu.Feb.20_16_00_00.GMT.2025.CACO04.c1.timex.jpg,c1,1740067200,2025-02-20T16:00:00+00:00,0.0,0.2505639185189426,16.0,158.885844311683,54.36345569063544
1740069000.Thu.Feb.20_16_30_00.GMT.2025.CACO04.c1.timex.jpg,c1,1740069000,2025-02-20T16:30:00+00:00,30.0,0.2505639185189426,16.0,150.0231502757353,49.95439072335421
1740070800.Thu.Feb.20_17_00_00.GMT.2025.CACO04.c1.timex.jpg,c1,1740070800,2025-02-20T17:00:00+00:00,0.0,0.3060937981053288,5.148005148005149,151.13138276143792,48.64452789948006
1740072600.Thu.Feb.20_17_30_00.GMT.2025.CACO04.c1.timex.jpg,c1,1740072600,2025-02-20T17:30:00+00:00,30.0,0.3060937981053288,5.148005148005149,153.8627610549428,50.80736533371976
1740074400.Thu.Feb.20_18_00_00.GMT.2025.CACO04.c1.timex.jpg,c1,1740074400,2025-02-20T18:00:00+00:00,0.0,0.4238789207788124,4.597701149425287,135.18681385314542,42.67751667520828
1740076200.Thu.Feb.20_18_30_00.GMT.2025.CACO04.c1.timex.jpg,c1,1740076200,2025-02-20T18:30:00+00:00,30.0,0.4238789207788124,4.597701149425287,152.98249527675654,47.15415039111998
1740078000.Thu.Feb.20_19_00_00.GMT.2025.CACO04.c1.timex.jpg,c1,1740078000,2025-02-20T19:00:00+00:00,0.0,0.2332585894824297,16.0,112.03802530126634,21.60831201917272
1740079800.Thu.Feb.20_19_30_00.GMT.2025.CACO04.c1.timex.jpg,c1,1740079800,2025-02-20T19:30:00+00:00,30.0,0.2332585894824297,16.0,139.92151118259804,37.660881577147556
1740081600.Thu.Feb.20_20_00_00.GMT.2025.CACO04.c1.timex.jpg,c1,1740081600,2025-02-20T20:00:00+00:00,0.0,0.6572111894936243,2.9962546816479403,131.54591120302288,38.62333313308332
1740083400.Thu.Feb.20_20_30_00.GMT.2025.CACO04.c1.timex.jpg,c1,1740083400,2025-02-20T20:30:00+00:00,30.0,0.6572111894936243,2.9962546816479403,166.56135748570262,59.18074286665919
1740085200.Thu.Feb.20_21_00_00.GMT.2025.CACO04.c1.timex.jpg,c1,1740085200,2025-02-20T21:00:00+00:00,0.0,0.8154736813063254,3.577817531305903,108.45984604779412,21.038876250082595
1740087000.Thu.Feb.20_21_30_00.GMT.2025.CACO04.c1.timex.jpg,c1,1740087000,2025-02-20T21:30:00+00:00,30.0,0.8154736813063254,3.577817531305903,113.08720447814542,25.384206894955604
1740088800.Thu.Feb.20_22_00_00.GMT.2025.CACO04.c1.timex.jpg,c1,1740088800,2025-02-20T22:00:00+00:00,0.0,0.9459579831410674,4.291845493562232,43.144416360294116,4.755852945143534
1740090600.Thu.Feb.20_22_30_00.GMT.2025.CACO04.c1.timex.jpg,c1,1740090600,2025-02-20T22:30:00+00:00,30.0,0.9459579831410674,4.291845493562232,3.1300423815359477,0.3717032992257746
1740092400.Thu.Feb.20_23_00_00.GMT.2025.CACO04.c1.timex.jpg,c1,1740092400,2025-02-20T23:00:00+00:00,0.0,0.9518811344420176,4.597701149425287,9.574142156862745e-06,0.0001914828431372549
1740094200.Thu.Feb.20_23_30_00.GMT.2025.CACO04.c1.timex.jpg,c1,1740094200,2025-02-20T23:30:00+00:00,30.0,0.9518811344420176,4.597701149425287,9.574142156862745e-06,0.0001914828431372549
1740096000.Fri.Feb.21_00_00_00.GMT.2025.CACO04.c1.timex.jpg,c1,1740096000,2025-02-21T00:00:00+00:00,0.0,0.9153128199843978,4.597701149425287,9.574142156862745e-06,0.0001914828431372549
1740097800.Fri.Feb.21_00_30_00.GMT.2025.CACO04.c1.timex.jpg,c1,1740097800,2025-02-21T00:30:00+00:00,30.0,0.9153128199843978,4.597701149425287,9.574142156862745e-06,0.0001914828431372549
1740099600.Fri.Feb.21_01_00_00.GMT.2025.CACO04.c1.timex.jpg,c1,1740099600,2025-02-21T01:00:00+00:00,0.0,0.8727364417019545,4.597701149425287,9.574142156862745e-06,0.0001914828431372549
1740101400.Fri.Feb.21_01_30_00.GMT.2025.CACO04.c1.timex.jpg,c1,1740101400,2025-02-21T01:30:00+00:00,30.0,0.8727364417019545,4.597701149425287,6.382761437908497e-06,0.00012765522875816994
1740103200.Fri.Feb.21_02_00_00.GMT.2025.CACO04.c1.timex.jpg,c1,1740103200,2025-02-21T02:00:00+00:00,0.0,0.2642606809993786,16.0,6.382761437908497e-06,0.00012765522875816994
1740105000.Fri.Feb.21_02_30_00.GMT.2025.CACO04.c1.timex.jpg,c1,1740105000,2025-02-21T02:30:00+00:00,30.0,0.2642606809993786,16.0,6.382761437908497e-06,0.00012765522875816994
1740106800.Fri.Feb.21_03_00_00.GMT.2025.CACO04.c1.timex.jpg,c1,1740106800,2025-02-21T03:00:00+00:00,0.0,0.2705172628446113,16.0,6.382761437908497e-06,0.00012765522875816994
1740137400.Fri.Feb.21_11_30_00.GMT.2025.CACO04.c1.timex.jpg,c1,1740137400,2025-02-21T11:30:00+00:00,30.0,1.049218723167121,5.594405594405594,130.83823848549838,127.79621556775926
1740139200.Fri.Feb.21_12_00_00.GMT.2025.CACO04.c1.timex.jpg,c1,1740139200,2025-02-21T12:00:00+00:00,0.0,1.1970784540781605,5.847953216374269,145.50141059027777,170.5062479617692
1740141000.Fri.Feb.21_12_30_00.GMT.2025.CACO04.c1.timex.jpg,c1,1740141000,2025-02-21T12:30:00+00:00,30.0,1.1970784540781605,5.847953216374269,160.94188495710785,208.1464203907824
1740142800.Fri.Feb.21_13_00_00.GMT.2025.CACO04.c1.timex.jpg,c1,1740142800,2025-02-21T13:00:00+00:00,0.0,1.3811002059695452,6.768189509306261,210.92346430759804,152.04143675489175
1740144600.Fri.Feb.21_13_30_00.GMT.2025.CACO04.c1.timex.jpg,c1,1740144600,2025-02-21T13:30:00+00:00,30.0,1.3811002059695452,6.768189509306261,150.46888722937092,165.75104355899663
1740146400.Fri.Feb.21_14_00_00.GMT.2025.CACO04.c1.timex.jpg,c1,1740146400,2025-02-21T14:00:00+00:00,0.0,1.4756411878789155,7.142857142857142,144.71810214971404,88.73942369581405
1740148200.Fri.Feb.21_14_30_00.GMT.2025.CACO04.c1.timex.jpg,c1,1740148200,2025-02-21T14:30:00+00:00,30.0,1.4756411878789155,7.142857142857142,154.7650856566585,73.09469751373881
1740150000.Fri.Feb.21_15_00_00.GMT.2025.CACO04.c1.timex.jpg,c1,1740150000,2025-02-21T15:00:00+00:00,0.0,1.5475753503691188,7.142857142857142,146.17681844873366,40.0856055957534
1740151800.Fri.Feb.21_15_30_00.GMT.2025.CACO04.c1.timex.jpg,c1,1740151800,2025-02-21T15:30:00+00:00,30.0,1.5475753503691188,7.142857142857142,146.388387842116,40.73492032277028
1740153600.Fri.Feb.21_16_00_00.GMT.2025.CACO04.c1.timex.jpg,c1,1740153600,2025-02-21T16:00:00+00:00,0.0,1.5703301792113236,7.142857142857142,162.19256152982027,75.39297022841518
1740155400.Fri.Feb.21_16_30_00.GMT.2025.CACO04.c1.timex.jpg,c1,1740155400,2025-02-21T16:30:00+00:00,30.0,1.5703301792113236,7.142857142857142,146.11573542177288,71.08248123458971
1740157200.Fri.Feb.21_17_00_00.GMT.2025.CACO04.c1.timex.jpg,c1,1740157200,2025-02-21T17:00:00+00:00,0.0,1.3684274580308629,7.142857142857142,145.98374948937908,66.2442874283501
1740159000.Fri.Feb.21_17_30_00.GMT.2025.CACO04.c1.timex.jpg,c1,1740159000,2025-02-21T17:30:00+00:00,30.0,1.3684274580308629,7.142857142857142,145.14461741727942,63.76841744263783
1740160800.Fri.Feb.21_18_00_00.GMT.2025.CACO04.c1.timex.jpg,c1,1740160800,2025-02-21T18:00:00+00:00,0.0,1.423459502631479,6.430868167202571,142.5798547283497,59.870419767259506
1740162600.Fri.Feb.21_18_30_00.GMT.2025.CACO04.c1.timex.jpg,c1,1740162600,2025-02-21T18:30:00+00:00,30.0,1.423459502631479,6.430868167202571,139.17437385110293,54.52598050561473
1740164400.Fri.Feb.21_19_00_00.GMT.2025.CACO04.c1.timex.jpg,c1,1740164400,2025-02-21T19:00:00+00:00,0.0,1.435919459337415,6.768189509306261,127.56206916360294,45.207209246676705
1740166200.Fri.Feb.21_19_30_00.GMT.2025.CACO04.c1.timex.jpg,c1,1740166200,2025-02-21T19:30:00+00:00,30.0,1.435919459337415,6.768189509306261,115.77021420547386,36.06301009146262
1740168000.Fri.Feb.21_20_00_00.GMT.2025.CACO04.c1.timex.jpg,c1,1740168000,2025-02-21T20:00:00+00:00,0.0,1.3403114366338853,6.430868167202571,104.63729638991013,26.54145991264961
1740169800.Fri.Feb.21_20_30_00.GMT.2025.CACO04.c1.timex.jpg,c1,1740169800,2025-02-21T20:30:00+00:00,30.0,1.3403114366338853,6.430868167202571,93.25537109375,20.489833612760602
1740171600.Fri.Feb.21_21_00_00.GMT.2025.CACO04.c1.timex.jpg,c1,1740171600,2025-02-21T21:00:00+00:00,0.0,1.3346855512462388,5.594405594405594,87.21622880923202,21.31067269922622
1740173400.Fri.Feb.21_21_30_00.GMT.2025.CACO04.c1.timex.jpg,c1,1740173400,2025-02-21T21:30:00+00:00,30.0,1.3346855512462388,5.594405594405594,88.34038947610294,21.512409785601623
1740175200.Fri.Feb.21_22_00_00.GMT.2025.CACO04.c1.timex.jpg,c1,1740175200,2025-02-21T22:00:00+00:00,0.0,1.3158858630316772,6.125574272588055,79.6922647314134,10.495949929596403
1740177000.Fri.Feb.21_22_30_00.GMT.2025.CACO04.c1.timex.jpg,c1,1740177000,2025-02-21T22:30:00+00:00,30.0,1.3158858630316772,6.125574272588055,14.272106694240197,1.018261077173945
1740178800.Fri.Feb.21_23_00_00.GMT.2025.CACO04.c1.timex.jpg,c1,1740178800,2025-02-21T23:00:00+00:00,0.0,1.2194651226449251,6.430868167202571,0.0,0.0
1740180600.Fri.Feb.21_23_30_00.GMT.2025.CACO04.c1.timex.jpg,c1,1740180600,2025-02-21T23:30:00+00:00,30.0,1.2194651226449251,6.430868167202571,0.0,0.0
1740182400.Sat.Feb.22_00_00_00.GMT.2025.CACO04.c1.timex.jpg,c1,1740182400,2025-02-22T00:00:00+00:00,0.0,1.216668781769353,6.125574272588055,0.0,0.0
1740184200.Sat.Feb.22_00_30_00.GMT.2025.CACO04.c1.timex.jpg,c1,1740184200,2025-02-22T00:30:00+00:00,30.0,1.216668781769353,6.125574272588055,0.0,0.0
1740186000.Sat.Feb.22_01_00_00.GMT.2025.CACO04.c1.timex.jpg,c1,1740186000,2025-02-22T01:00:00+00:00,0.0,1.1638457242587288,6.125574272588055,0.0,0.0
1740187800.Sat.Feb.22_01_30_00.GMT.2025.CACO04.c1.timex.jpg,c1,1740187800,2025-02-22T01:30:00+00:00,30.0,1.1638457242587288,6.125574272588055,0.0,0.0
1740189600.Sat.Feb.22_02_00_00.GMT.2025.CACO04.c1.timex.jpg,c1,1740189600,2025-02-22T02:00:00+00:00,0.0,1.2191709263223522,6.125574272588055,0.0,0.0
1740191400.Sat.Feb.22_02_30_00.GMT.2025.CACO04.c1.timex.jpg,c1,1740191400,2025-02-22T02:30:00+00:00,30.0,1.2191709263223522,6.125574272588055,0.0,0.0
1740193200.Sat.Feb.22_03_00_00.GMT.2025.CACO04.c1.timex.jpg,c1,1740193200,2025-02-22T03:00:00+00:00,0.0,1.2642070968106591,6.125574272588055,0.0,0.0
1740223800.Sat.Feb.22_11_30_00.GMT.2025.CACO04.c1.timex.jpg,c1,1740223800,2025-02-22T11:30:00+00:00,30.0,1.1808444582204594,6.430868167202571,156.8258016748366,30.083015649412093
1740225600.Sat.Feb.22_12_00_00.GMT.2025.CACO04.c1.timex.jpg,c1,1740225600,2025-02-22T12:00:00+00:00,0.0,1.066274997788735,6.430868167202571,188.50296479268792,87.8305211353701
1740227400.Sat.Feb.22_12_30_00.GMT.2025.CACO04.c1.timex.jpg,c1,1740227400,2025-02-22T12:30:00+00:00,30.0,1.066274997788735,6.430868167202571,171.3932515063317,112.70503662310749
1740229200.Sat.Feb.22_13_00_00.GMT.2025.CACO04.c1.timex.jpg,c1,1740229200,2025-02-22T13:00:00+00:00,0.0,1.045003710698882,6.125574272588055,175.47217116013073,76.68827079662302
1740231000.Sat.Feb.22_13_30_00.GMT.2025.CACO04.c1.timex.jpg,c1,1740231000,2025-02-22T13:30:00+00:00,30.0,1.045003710698882,6.125574272588055,149.56894020629085,48.35392533234109
1740232800.Sat.Feb.22_14_00_00.GMT.2025.CACO04.c1.timex.jpg,c1,1740232800,2025-02-22T14:00:00+00:00,0.0,0.8770922692796376,6.125574272588055,186.27758310355392,89.89819041031367
1740234600.Sat.Feb.22_14_30_00.GMT.2025.CACO04.c1.timex.jpg,c1,1740234600,2025-02-22T14:30:00+00:00,30.0,0.8770922692796376,6.125574272588055,178.1395782271242,75.32018473033358
1740236400.Sat.Feb.22_15_00_00.GMT.2025.CACO04.c1.timex.jpg,c1,1740236400,2025-02-22T15:00:00+00:00,0.0,0.8000773449458778,6.125574272588055,142.72935176674838,70.11034186735091
1740238200.Sat.Feb.22_15_30_00.GMT.2025.CACO04.c1.timex.jpg,c1,1740238200,2025-02-22T15:30:00+00:00,30.0,0.8000773449458778,6.125574272588055,144.91865170547385,68.68147564336631
1740240000.Sat.Feb.22_16_00_00.GMT.2025.CACO04.c1.timex.jpg,c1,1740240000,2025-02-22T16:00:00+00:00,0.0,0.8003631187488947,5.361930294906166,147.68402777777777,70.35907513275725
1740241800.Sat.Feb.22_16_30_00.GMT.2025.CACO04.c1.timex.jpg,c1,1740241800,2025-02-22T16:30:00+00:00,30.0,0.8003631187488947,5.361930294906166,144.45500472324346,68.71236899456294
1740243600.Sat.Feb.22_17_00_00.GMT.2025.CACO04.c1.timex.jpg,c1,1740243600,2025-02-22T17:00:00+00:00,0.0,0.6956396341756549,5.594405594405594,148.18632876327615,67.72842702229451
1740245400.Sat.Feb.22_17_30_00.GMT.2025.CACO04.c1.timex.jpg,c1,1740245400,2025-02-22T17:30:00+00:00,30.0,0.6956396341756549,5.594405594405594,160.40274267258988,65.29595355526375
1740247200.Sat.Feb.22_18_00_00.GMT.2025.CACO04.c1.timex.jpg,c1,1740247200,2025-02-22T18:00:00+00:00,0.0,0.6290425461133297,9.876543209876544,154.1844873366013,66.82040579602446
1740249000.Sat.Feb.22_18_30_00.GMT.2025.CACO04.c1.timex.jpg,c1,1740249000,2025-02-22T18:30:00+00:00,30.0,0.6290425461133297,9.876543209876544,136.80550768484477,57.0516032864514
1740250800.Sat.Feb.22_19_00_00.GMT.2025.CACO04.c1.timex.jpg,c1,1740250800,2025-02-22T19:00:00+00:00,0.0,0.5795884736602661,9.876543209876544,127.83118553410948,49.74960793975866
1740252600.Sat.Feb.22_19_30_00.GMT.2025.CACO04.c1.timex.jpg,c1,1740252600,2025-02-22T19:30:00+00:00,30.0,0.5795884736602661,9.876543209876544,116.41307636335785,41.539625017996066
1740254400.Sat.Feb.22_20_00_00.GMT.2025.CACO04.c1.timex.jpg,c1,1740254400,2025-02-22T20:00:00+00:00,0.0,0.6191921371832632,9.876543209876544,102.84941150939542,31.076411271412027
1740256200.Sat.Feb.22_20_30_00.GMT.2025.CACO04.c1.timex.jpg,c1,1740256200,2025-02-22T20:30:00+00:00,30.0,0.6191921371832632,9.876543209876544,95.32321665645425,26.514207708936947
1740258000.Sat.Feb.22_21_00_00.GMT.2025.CACO04.c1.timex.jpg,c1,1740258000,2025-02-22T21:00:00+00:00,0.0,0.6843014641596676,5.594405594405594,91.71704899407679,24.94895504896845
1740259800.Sat.Feb.22_21_30_00.GMT.2025.CACO04.c1.timex.jpg,c1,1740259800,2025-02-22T21:30:00+00:00,30.0,0.6843014641596676,5.594405594405594,87.20097720077614,19.011299681320285
1740261600.Sat.Feb.22_22_00_00.GMT.2025.CACO04.c1.timex.jpg,c1,1740261600,2025-02-22T22:00:00+00:00,0.0,0.6559460125702313,9.174311926605505,77.83313227634804,9.048096636541532
1740263400.Sat.Feb.22_22_30_00.GMT.2025.CACO04.c1.timex.jpg,c1,1740263400,2025-02-22T22:30:00+00:00,30.0,0.6559460125702313,9.174311926605505,15.06100324244281,1.0757091211189986
1740265200.Sat.Feb.22_23_00_00.GMT.2025.CACO04.c1.timex.jpg,c1,1740265200,2025-02-22T23:00:00+00:00,0.0,0.6432421607358513,9.876543209876544,4.7870710784313725e-05,0.00029998978758169936
1740267000.Sat.Feb.22_23_30_00.GMT.2025.CACO04.c1.timex.jpg,c1,1740267000,2025-02-22T23:30:00+00:00,30.0,0.6432421607358513,9.876543209876544,0.0,0.0
1740268800.Sun.Feb.23_00_00_00.GMT.2025.CACO04.c1.timex.jpg,c1,1740268800,2025-02-23T00:00:00+00:00,0.0,0.5846119547233222,9.174311926605505,0.0,0.0
1740270600.Sun.Feb.23_00_30_00.GMT.2025.CACO04.c1.timex.jpg,c1,1740270600,2025-02-23T00:30:00+00:00,30.0,0.5846119547233222,9.174311926605505,0.0,0.0
1740272400.Sun.Feb.23_01_00_00.GMT.2025.CACO04.c1.timex.jpg,c1,1740272400,2025-02-23T01:00:00+00:00,0.0,0.5354204188859178,9.876543209876544,0.002482894199346405,0.733117595996732
1740274200.Sun.Feb.23_01_30_00.GMT.2025.CACO04.c1.timex.jpg,c1,1740274200,2025-02-23T01:30:00+00:00,30.0,0.5354204188859178,9.876543209876544,0.0024318321078431373,0.578961141748366
1740276000.Sun.Feb.23_02_00_00.GMT.2025.CACO04.c1.timex.jpg,c1,1740276000,2025-02-23T02:00:00+00:00,0.0,0.5201726269169661,9.174311926605505,0.0025499131944444445,0.24417892156862744
1740277800.Sun.Feb.23_02_30_00.GMT.2025.CACO04.c1.timex.jpg,c1,1740277800,2025-02-23T02:30:00+00:00,30.0,0.5201726269169661,9.174311926605505,0.0027158649918300653,0.6248404309640523
1740279600.Sun.Feb.23_03_00_00.GMT.2025.CACO04.c1.timex.jpg,c1,1740279600,2025-02-23T03:00:00+00:00,0.0,0.4012100288616717,8.565310492505352,0.0027062908496732025,0.8090086294934641
1740310200.Sun.Feb.23_11_30_00.GMT.2025.CACO04.c1.timex.jpg,c1,1740310200,2025-02-23T11:30:00+00:00,30.0,0.3788296605742755,9.876543209876544,147.98662173202615,28.66244931635331
1740312000.Sun.Feb.23_12_00_00.GMT.2025.CACO04.c1.timex.jpg,c1,1740312000,2025-02-23T12:00:00+00:00,0.0,0.3794766359026283,10.6951871657754,135.36293977226308,87.73131304936292
1740313800.Sun.Feb.23_12_30_00.GMT.2025.CACO04.c1.timex.jpg,c1,1740313800,2025-02-23T12:30:00+00:00,30.0,0.3794766359026283,10.6951871657754,132.0412709354575,84.70334979874589
1740315600.Sun.Feb.23_13_00_00.GMT.2025.CACO04.c1.timex.jpg,c1,1740315600,2025-02-23T13:00:00+00:00,0.0,0.412868023363561,9.876543209876544,136.19835069444446,100.55388488860788
1740317400.Sun.Feb.23_13_30_00.GMT.2025.CACO04.c1.timex.jpg,c1,1740317400,2025-02-23T13:30:00+00:00,30.0,0.412868023363561,9.876543209876544,144.3533656301062,105.68167366027792
1740319200.Sun.Feb.23_14_00_00.GMT.2025.CACO04.c1.timex.jpg,c1,1740319200,2025-02-23T14:00:00+00:00,0.0,0.3164812971888739,9.174311926605505,144.75492749183007,102.14166366910887
1740321000.Sun.Feb.23_14_30_00.GMT.2025.CACO04.c1.timex.jpg,c1,1740321000,2025-02-23T14:30:00+00:00,30.0,0.3164812971888739,9.174311926605505,140.83141531352123,95.37154713651289
1740322800.Sun.Feb.23_15_00_00.GMT.2025.CACO04.c1.timex.jpg,c1,1740322800,2025-02-23T15:00:00+00:00,0.0,0.4622774472568371,9.876543209876544,140.0920649509804,88.15911147695181
1740324600.Sun.Feb.23_15_30_00.GMT.2025.CACO04.c1.timex.jpg,c1,1740324600,2025-02-23T15:30:00+00:00,30.0,0.4622774472568371,9.876543209876544,126.39597056270425,55.084808889318
1740326400.Sun.Feb.23_16_00_00.GMT.2025.CACO04.c1.timex.jpg,c1,1740326400,2025-02-23T16:00:00+00:00,0.0,0.4370154344883482,9.876543209876544,141.48343992544935,78.08874724940878
1740328200.Sun.Feb.23_16_30_00.GMT.2025.CACO04.c1.timex.jpg,c1,1740328200,2025-02-23T16:30:00+00:00,30.0,0.4370154344883482,9.876543209876544,135.17176011029412,61.08046228328842
1740330000.Sun.Feb.23_17_00_00.GMT.2025.CACO04.c1.timex.jpg,c1,1740330000,2025-02-23T17:00:00+00:00,0.0,0.2858288334833713,9.876543209876544,148.04067095588235,61.901514332238136
1740331800.Sun.Feb.23_17_30_00.GMT.2025.CACO04.c1.timex.jpg,c1,1740331800,2025-02-23T17:30:00+00:00,30.0,0.2858288334833713,9.876543209876544,140.3991938572304,66.19875781189509
1740333600.Sun.Feb.23_18_00_00.GMT.2025.CACO04.c1.timex.jpg,c1,1740333600,2025-02-23T18:00:00+00:00,0.0,0.3150505701238126,9.174311926605505,141.41240936478758,65.27478479455002
1740335400.Sun.Feb.23_18_30_00.GMT.2025.CACO04.c1.timex.jpg,c1,1740335400,2025-02-23T18:30:00+00:00,30.0,0.3150505701238126,9.174311926605505,139.72751353145424,60.46782620445392
1740337200.Sun.Feb.23_19_00_00.GMT.2025.CACO04.c1.timex.jpg,c1,1740337200,2025-02-23T19:00:00+00:00,0.0,0.33164504580278,9.174311926605505,130.15011616625816,48.18409625932608
1740339000.Sun.Feb.23_19_30_00.GMT.2025.CACO04.c1.timex.jpg,c1,1740339000,2025-02-23T19:30:00+00:00,30.0,0.33164504580278,9.174311926605505,118.61030688316994,36.95016274160309
1740340800.Sun.Feb.23_20_00_00.GMT.2025.CACO04.c1.timex.jpg,c1,1740340800,2025-02-23T20:00:00+00:00,0.0,0.3342246711476657,9.174311926605505,110.90497983047386,26.55617293776205
1740342600.Sun.Feb.23_20_30_00.GMT.2025.CACO04.c1.timex.jpg,c1,1740342600,2025-02-23T20:30:00+00:00,30.0,0.3342246711476657,9.174311926605505,100.9345192504085,19.022938467232148
1740344400.Sun.Feb.23_21_00_00.GMT.2025.CACO04.c1.timex.jpg,c1,1740344400,2025-02-23T21:00:00+00:00,0.0,0.3546347395907269,9.174311926605505,94.09883067810458,15.915526649943684
1740346200.Sun.Feb.23_21_30_00.GMT.2025.CACO04.c1.timex.jpg,c1,1740346200,2025-02-23T21:30:00+00:00,30.0,0.3546347395907269,9.174311926605505,92.59294577205883,12.045335850032638
1740348000.Sun.Feb.23_22_00_00.GMT.2025.CACO04.c1.timex.jpg,c1,1740348000,2025-02-23T22:00:00+00:00,0.0,0.329993267472126,9.876543209876544,76.3075310202206,5.506111324589694
1740349800.Sun.Feb.23_22_30_00.GMT.2025.CACO04.c1.timex.jpg,c1,1740349800,2025-02-23T22:30:00+00:00,30.0,0.329993267472126,9.876543209876544,14.861229192197712,1.0691476457829592
1740351600.Sun.Feb.23_23_00_00.GMT.2025.CACO04.c1.timex.jpg,c1,1740351600,2025-02-23T23:00:00+00:00,0.0,0.3385402204206167,9.876543209876544,0.0,0.0
1740353400.Sun.Feb.23_23_30_00.GMT.2025.CACO04.c1.timex.jpg,c1,1740353400,2025-02-23T23:30:00+00:00,30.0,0.3385402204206167,9.876543209876544,0.0,0.0
1740355200.Mon.Feb.24_00_00_00.GMT.2025.CACO04.c1.timex.jpg,c1,1740355200,2025-02-24T00:00:00+00:00,0.0,0.3649470897216758,9.876543209876544,0.00011488970588235294,0.0015733506842595326
1740357000.Mon.Feb.24_00_30_00.GMT.2025.CACO04.c1.timex.jpg,c1,1740357000,2025-02-24T00:30:00+00:00,30.0,0.3649470897216758,9.876543209876544,0.0,0.0
1740358800.Mon.Feb.24_01_00_00.GMT.2025.CACO04.c1.timex.jpg,c1,1740358800,2025-02-24T01:00:00+00:00,0.0,0.3406463564874274,9.876543209876544,0.0,0.0
1740360600.Mon.Feb.24_01_30_00.GMT.2025.CACO04.c1.timex.jpg,c1,1740360600,2025-02-24T01:30:00+00:00,30.0,0.3406463564874274,9.876543209876544,0.0,0.0
1740362400.Mon.Feb.24_02_00_00.GMT.2025.CACO04.c1.timex.jpg,c1,1740362400,2025-02-24T02:00:00+00:00,0.0,0.3225755933155179,9.174311926605505,0.0,0.0
1740364200.Mon.Feb.24_02_30_00.GMT.2025.CACO04.c1.timex.jpg,c1,1740364200,2025-02-24T02:30:00+00:00,30.0,0.3225755933155179,9.174311926605505,0.0,0.0
1740366000.Mon.Feb.24_03_00_00.GMT.2025.CACO04.c1.timex.jpg,c1,1740366000,2025-02-24T03:00:00+00:00,0.0,0.4184829166542821,9.876543209876544,0.0,0.0
1740396600.Mon.Feb.24_11_30_00.GMT.2025.CACO04.c1.timex.jpg,c1,1740396600,2025-02-24T11:30:00+00:00,30.0,0.349821018321699,11.661807580174926,162.57572508169935,34.179054129958345
1740398400.Mon.Feb.24_12_00_00.GMT.2025.CACO04.c1.timex.jpg,c1,1740398400,2025-02-24T12:00:00+00:00,0.0,0.3282540830464291,9.876543209876544,103.08960758782679,15.950480075265254
1740400200.Mon.Feb.24_12_30_00.GMT.2025.CACO04.c1.timex.jpg,c1,1740400200,2025-02-24T12:30:00+00:00,30.0,0.3282540830464291,9.876543209876544,160.65662658292484,50.185305733372935
1740402000.Mon.Feb.24_13_00_00.GMT.2025.CACO04.c1.timex.jpg,c1,1740402000,2025-02-24T13:00:00+00:00,0.0,0.3267837388767167,9.876543209876544,137.8980002808415,106.43495836688349
1740403800.Mon.Feb.24_13_30_00.GMT.2025.CACO04.c1.timex.jpg,c1,1740403800,2025-02-24T13:30:00+00:00,30.0,0.3267837388767167,9.876543209876544,136.77758310355392,101.72095736628633
1740405600.Mon.Feb.24_14_00_00.GMT.2025.CACO04.c1.timex.jpg,c1,1740405600,2025-02-24T14:00:00+00:00,0.0,0.3242637741460953,10.6951871657754,117.36375676572712,59.320701776582986
1740407400.Mon.Feb.24_14_30_00.GMT.2025.CACO04.c1.timex.jpg,c1,1740407400,2025-02-24T14:30:00+00:00,30.0,0.3242637741460953,10.6951871657754,151.43818614685458,106.63267981374099
1740409200.Mon.Feb.24_15_00_00.GMT.2025.CACO04.c1.timex.jpg,c1,1740409200,2025-02-24T15:00:00+00:00,0.0,0.3053335732464167,10.6951871657754,150.6515171823938,101.837442185777
1740411000.Mon.Feb.24_15_30_00.GMT.2025.CACO04.c1.timex.jpg,c1,1740411000,2025-02-24T15:30:00+00:00,30.0,0.3053335732464167,10.6951871657754,146.4831431270425,92.73878546843564
1740412800.Mon.Feb.24_16_00_00.GMT.2025.CACO04.c1.timex.jpg,c1,1740412800,2025-02-24T16:00:00+00:00,0.0,0.3148809854283489,10.6951871657754,146.24617991727942,85.33392691544006
1740414600.Mon.Feb.24_16_30_00.GMT.2025.CACO04.c1.timex.jpg,c1,1740414600,2025-02-24T16:30:00+00:00,30.0,0.3148809854283489,10.6951871657754,143.07432725694446,79.57849166770018
1740416400.Mon.Feb.24_17_00_00.GMT.2025.CACO04.c1.timex.jpg,c1,1740416400,2025-02-24T17:00:00+00:00,0.0,0.4091025416892827,11.661807580174926,140.26374527675654,73.3452945963281
1740418200.Mon.Feb.24_17_30_00.GMT.2025.CACO04.c1.timex.jpg,c1,1740418200,2025-02-24T17:30:00+00:00,30.0,0.4091025416892827,11.661807580174926,142.6388059129902,69.84924513374277
1740420000.Mon.Feb.24_18_00_00.GMT.2025.CACO04.c1.timex.jpg,c1,1740420000,2025-02-24T18:00:00+00:00,0.0,0.3000719131872619,10.6951871657754,142.83949588950162,68.42132519015517
1740421800.Mon.Feb.24_18_30_00.GMT.2025.CACO04.c1.timex.jpg,c1,1740421800,2025-02-24T18:30:00+00:00,30.0,0.3000719131872619,10.6951871657754,142.85786547691993,64.65097943611761
1740423600.Mon.Feb.24_19_00_00.GMT.2025.CACO04.c1.timex.jpg,c1,1740423600,2025-02-24T19:00:00+00:00,0.0,0.2883065308233486,9.876543209876544,120.71018114276961,35.900210825268154
1740425400.Mon.Feb.24_19_30_00.GMT.2025.CACO04.c1.timex.jpg,c1,1740425400,2025-02-24T19:30:00+00:00,30.0,0.2883065308233486,9.876543209876544,124.66675602532679,26.992249565054443
1740427200.Mon.Feb.24_20_00_00.GMT.2025.CACO04.c1.timex.jpg,c1,1740427200,2025-02-24T20:00:00+00:00,0.0,0.2886701489320051,11.661807580174926,144.6720281862745,32.63811915478634
1740429000.Mon.Feb.24_20_30_00.GMT.2025.CACO04.c1.timex.jpg,c1,1740429000,2025-02-24T20:30:00+00:00,30.0,0.2886701489320051,11.661807580174926,110.49372893688725,18.684732400213484
1740430800.Mon.Feb.24_21_00_00.GMT.2025.CACO04.c1.timex.jpg,c1,1740430800,2025-02-24T21:00:00+00:00,0.0,0.3079896290205661,10.6951871657754,115.55582044015523,19.794279670485153
1740432600.Mon.Feb.24_21_30_00.GMT.2025.CACO04.c1.timex.jpg,c1,1740432600,2025-02-24T21:30:00+00:00,30.0,0.3079896290205661,10.6951871657754,97.47497319240196,12.93880521742393
1740434400.Mon.Feb.24_22_00_00.GMT.2025.CACO04.c1.timex.jpg,c1,1740434400,2025-02-24T22:00:00+00:00,0.0,0.3193253539728637,11.661807580174926,92.8873410692402,11.049605351194291
1740436200.Mon.Feb.24_22_30_00.GMT.2025.CACO04.c1.timex.jpg,c1,1740436200,2025-02-24T22:30:00+00:00,30.0,0.3193253539728637,11.661807580174926,15.626704197303921,1.3573899432266274
1740438000.Mon.Feb.24_23_00_00.GMT.2025.CACO04.c1.timex.jpg,c1,1740438000,2025-02-24T23:00:00+00:00,0.0,0.2906874824434635,11.661807580174926,3.1913807189542485e-06,6.382761437908497e-05
1740439800.Mon.Feb.24_23_30_00.GMT.2025.CACO04.c1.timex.jpg,c1,1740439800,2025-02-24T23:30:00+00:00,30.0,0.2906874824434635,11.661807580174926,3.1913807189542485e-06,6.382761437908497e-05
1740441600.Tue.Feb.25_00_00_00.GMT.2025.CACO04.c1.timex.jpg,c1,1740441600,2025-02-25T00:00:00+00:00,0.0,0.5880931092790062,3.679852805887765,3.1913807189542485e-06,6.382761437908497e-05
1740443400.Tue.Feb.25_00_30_00.GMT.2025.CACO04.c1.timex.jpg,c1,1740443400,2025-02-25T00:30:00+00:00,30.0,0.5880931092790062,3.679852805887765,3.1913807189542485e-06,6.382761437908497e-05
1740445200.Tue.Feb.25_01_00_00.GMT.2025.CACO04.c1.timex.jpg,c1,1740445200,2025-02-25T01:00:00+00:00,0.0,0.6360592014473128,3.4812880765883376,3.1913807189542485e-06,6.382761437908497e-05
1740447000.Tue.Feb.25_01_30_00.GMT.2025.CACO04.c1.timex.jpg,c1,1740447000,2025-02-25T01:30:00+00:00,30.0,0.6360592014473128,3.4812880765883376,3.1913807189542485e-06,6.382761437908497e-05
1740448800.Tue.Feb.25_02_00_00.GMT.2025.CACO04.c1.timex.jpg,c1,1740448800,2025-02-25T02:00:00+00:00,0.0,0.6453914460179486,3.902439024390244,3.1913807189542485e-06,6.382761437908497e-05
1740450600.Tue.Feb.25_02_30_00.GMT.2025.CACO04.c1.timex.jpg,c1,1740450600,2025-02-25T02:30:00+00:00,30.0,0.6453914460179486,3.902439024390244,3.1913807189542485e-06,6.382761437908497e-05
1740452400.Tue.Feb.25_03_00_00.GMT.2025.CACO04.c1.timex.jpg,c1,1740452400,2025-02-25T03:00:00+00:00,0.0,0.7112825036797704,3.902439024390244,3.1913807189542485e-06,6.382761437908497e-05
1740483000.Tue.Feb.25_11_30_00.GMT.2025.CACO04.c1.timex.jpg,c1,1740483000,2025-02-25T11:30:00+00:00,30.0,0.6980248692838348,4.767580452920143,158.56188725490196,72.86740510786271
1740484800.Tue.Feb.25_12_00_00.GMT.2025.CACO04.c1.timex.jpg,c1,1740484800,2025-02-25T12:00:00+00:00,0.0,0.6612480724810679,4.767580452920143,133.0275958690768,36.0011993225934
1740486600.Tue.Feb.25_12_30_00.GMT.2025.CACO04.c1.timex.jpg,c1,1740486600,2025-02-25T12:30:00+00:00,30.0,0.6612480724810679,4.767580452920143,125.128031811683,41.81116697302316
1740488400.Tue.Feb.25_13_00_00.GMT.2025.CACO04.c1.timex.jpg,c1,1740488400,2025-02-25T13:00:00+00:00,0.0,0.6754749253080743,4.950495049504951,127.47663909313725,31.30418832464339
1740490200.Tue.Feb.25_13_30_00.GMT.2025.CACO04.c1.timex.jpg,c1,1740490200,2025-02-25T13:30:00+00:00,30.0,0.6754749253080743,4.950495049504951,129.61419398488562,35.624549998197786
1740492000.Tue.Feb.25_14_00_00.GMT.2025.CACO04.c1.timex.jpg,c1,1740492000,2025-02-25T14:00:00+00:00,0.0,0.7170744059958561,4.950495049504951,133.2731853809232,38.53603932739267
1740493800.Tue.Feb.25_14_30_00.GMT.2025.CACO04.c1.timex.jpg,c1,1740493800,2025-02-25T14:30:00+00:00,30.0,0.7170744059958561,4.950495049504951,145.41524650224673,47.189803882535166
1740495600.Tue.Feb.25_15_00_00.GMT.2025.CACO04.c1.timex.jpg,c1,1740495600,2025-02-25T15:00:00+00:00,0.0,0.6235098860603367,5.148005148005149,140.14608545241012,39.164022010660794
1740497400.Tue.Feb.25_15_30_00.GMT.2025.CACO04.c1.timex.jpg,c1,1740497400,2025-02-25T15:30:00+00:00,30.0,0.6235098860603367,5.148005148005149,141.8328897314134,46.09717251186191
1740499200.Tue.Feb.25_16_00_00.GMT.2025.CACO04.c1.timex.jpg,c1,1740499200,2025-02-25T16:00:00+00:00,0.0,0.6378175940896705,4.950495049504951,140.5886342167075,48.507372006962996
1740501000.Tue.Feb.25_16_30_00.GMT.2025.CACO04.c1.timex.jpg,c1,1740501000,2025-02-25T16:30:00+00:00,30.0,0.6378175940896705,4.950495049504951,134.21163641237746,49.8275377562485
1740502800.Tue.Feb.25_17_00_00.GMT.2025.CACO04.c1.timex.jpg,c1,1740502800,2025-02-25T17:00:00+00:00,0.0,0.5378428770190732,5.361930294906166,164.25021063112746,64.36325531155781
1740504600.Tue.Feb.25_17_30_00.GMT.2025.CACO04.c1.timex.jpg,c1,1740504600,2025-02-25T17:30:00+00:00,30.0,0.5378428770190732,5.361930294906166,145.73025492749184,50.625919075929666
1740506400.Tue.Feb.25_18_00_00.GMT.2025.CACO04.c1.timex.jpg,c1,1740506400,2025-02-25T18:00:00+00:00,0.0,0.5259695331536712,5.148005148005149,132.02718098958334,31.72301045536175
1740508200.Tue.Feb.25_18_30_00.GMT.2025.CACO04.c1.timex.jpg,c1,1740508200,2025-02-25T18:30:00+00:00,30.0,0.5259695331536712,5.148005148005149,145.3638014450572,42.97602262255159
1740510000.Tue.Feb.25_19_00_00.GMT.2025.CACO04.c1.timex.jpg,c1,1740510000,2025-02-25T19:00:00+00:00,0.0,0.4562019843350139,11.661807580174926,134.66073708129085,42.06966782638776
1740511800.Tue.Feb.25_19_30_00.GMT.2025.CACO04.c1.timex.jpg,c1,1740511800,2025-02-25T19:30:00+00:00,30.0,0.4562019843350139,11.661807580174926,110.25177121629902,22.769397065347086
1740513600.Tue.Feb.25_20_00_00.GMT.2025.CACO04.c1.timex.jpg,c1,1740513600,2025-02-25T20:00:00+00:00,0.0,0.4157778278489387,9.876543209876544,116.01596328635621,19.806969066611156
1740515400.Tue.Feb.25_20_30_00.GMT.2025.CACO04.c1.timex.jpg,c1,1740515400,2025-02-25T20:30:00+00:00,30.0,0.4157778278489387,9.876543209876544,99.77267795138889,15.332500270677041
1740517200.Tue.Feb.25_21_00_00.GMT.2025.CACO04.c1.timex.jpg,c1,1740517200,2025-02-25T21:00:00+00:00,0.0,0.3799111154250194,11.661807580174926,103.20875778696896,16.670138885588976
1740519000.Tue.Feb.25_21_30_00.GMT.2025.CACO04.c1.timex.jpg,c1,1740519000,2025-02-25T21:30:00+00:00,30.0,0.3799111154250194,11.661807580174926,86.35689210580065,11.288880442181739
1740520800.Tue.Feb.25_22_00_00.GMT.2025.CACO04.c1.timex.jpg,c1,1740520800,2025-02-25T22:00:00+00:00,0.0,0.3563851638103506,11.661807580174926,85.51723983864379,11.309990383486987
1740522600.Tue.Feb.25_22_30_00.GMT.2025.CACO04.c1.timex.jpg,c1,1740522600,2025-02-25T22:30:00+00:00,30.0,0.3563851638103506,11.661807580174926,17.905292585784313,1.5116325582666175
1740524400.Tue.Feb.25_23_00_00.GMT.2025.CACO04.c1.timex.jpg,c1,1740524400,2025-02-25T23:00:00+00:00,0.0,0.3426978256375153,11.661807580174926,6.382761437908497e-06,0.00012765522875816994
1740526200.Tue.Feb.25_23_30_00.GMT.2025.CACO04.c1.timex.jpg,c1,1740526200,2025-02-25T23:30:00+00:00,30.0,0.3426978256375153,11.661807580174926,6.382761437908497e-06,0.00012765522875816994
1740528000.Wed.Feb.26_00_00_00.GMT.2025.CACO04.c1.timex.jpg,c1,1740528000,2025-02-26T00:00:00+00:00,0.0,0.3598737632354887,10.6951871657754,6.382761437908497e-06,0.00012765522875816994
1740529800.Wed.Feb.26_00_30_00.GMT.2025.CACO04.c1.timex.jpg,c1,1740529800,2025-02-26T00:30:00+00:00,30.0,0.3598737632354887,10.6951871657754,6.382761437908497e-06,0.00012765522875816994
1740531600.Wed.Feb.26_01_00_00.GMT.2025.CACO04.c1.timex.jpg,c1,1740531600,2025-02-26T01:00:00+00:00,0.0,0.3426664528431128,10.6951871657754,6.382761437908497e-06,0.00012765522875816994
1740533400.Wed.Feb.26_01_30_00.GMT.2025.CACO04.c1.timex.jpg,c1,1740533400,2025-02-26T01:30:00+00:00,30.0,0.3426664528431128,10.6951871657754,6.382761437908497e-06,0.00012765522875816994
1740535200.Wed.Feb.26_02_00_00.GMT.2025.CACO04.c1.timex.jpg,c1,1740535200,2025-02-26T02:00:00+00:00,0.0,0.3523335926011774,12.82051282051282,6.382761437908497e-06,0.00012765522875816994
1740537000.Wed.Feb.26_02_30_00.GMT.2025.CACO04.c1.timex.jpg,c1,1740537000,2025-02-26T02:30:00+00:00,30.0,0.3523335926011774,12.82051282051282,6.382761437908497e-06,0.00012765522875816994
1740538800.Wed.Feb.26_03_00_00.GMT.2025.CACO04.c1.timex.jpg,c1,1740538800,2025-02-26T03:00:00+00:00,0.0,0.5241914351103593,11.661807580174926,6.382761437908497e-06,0.00012765522875816994
1740569400.Wed.Feb.26_11_30_00.GMT.2025.CACO04.c1.timex.jpg,c1,1740569400,2025-02-26T11:30:00+00:00,30.0,0.3760788530567874,11.661807580174926,161.01950571895424,88.97888793124
1740571200.Wed.Feb.26_12_00_00.GMT.2025.CACO04.c1.timex.jpg,c1,1740571200,2025-02-26T12:00:00+00:00,0.0,0.5436228018067558,11.661807580174926,124.4316246680964,120.10877411368259
1740573000.Wed.Feb.26_12_30_00.GMT.2025.CACO04.c1.timex.jpg,c1,1740573000,2025-02-26T12:30:00+00:00,30.0,0.5436228018067558,11.661807580174926,123.7227424172794,137.23288364484546
1740574800.Wed.Feb.26_13_00_00.GMT.2025.CACO04.c1.timex.jpg,c1,1740574800,2025-02-26T13:00:00+00:00,0.0,0.7068884109409116,3.389830508474576,123.55352264603758,136.67881535512126
1740576600.Wed.Feb.26_13_30_00.GMT.2025.CACO04.c1.timex.jpg,c1,1740576600,2025-02-26T13:30:00+00:00,30.0,0.7068884109409116,3.389830508474576,123.86765025020425,117.54998952098144
1740578400.Wed.Feb.26_14_00_00.GMT.2025.CACO04.c1.timex.jpg,c1,1740578400,2025-02-26T14:00:00+00:00,0.0,0.7174571741023634,3.902439024390244,123.01045815461602,89.54104690301413
1740580200.Wed.Feb.26_14_30_00.GMT.2025.CACO04.c1.timex.jpg,c1,1740580200,2025-02-26T14:30:00+00:00,30.0,0.7174571741023634,3.902439024390244,123.11853745404412,81.11756721994867
1740582000.Wed.Feb.26_15_00_00.GMT.2025.CACO04.c1.timex.jpg,c1,1740582000,2025-02-26T15:00:00+00:00,0.0,0.7135921398730535,11.661807580174926,119.10105507046569,68.51938510181466
1740583800.Wed.Feb.26_15_30_00.GMT.2025.CACO04.c1.timex.jpg,c1,1740583800,2025-02-26T15:30:00+00:00,30.0,0.7135921398730535,11.661807580174926,122.42910028594771,73.41435649119082
1740585600.Wed.Feb.26_16_00_00.GMT.2025.CACO04.c1.timex.jpg,c1,1740585600,2025-02-26T16:00:00+00:00,0.0,0.7291957848354096,4.950495049504951,125.14328661151961,71.46028818674327
1740587400.Wed.Feb.26_16_30_00.GMT.2025.CACO04.c1.timex.jpg,c1,1740587400,2025-02-26T16:30:00+00:00,30.0,0.7291957848354096,4.950495049504951,125.44935917075163,70.72324696423952
1740589200.Wed.Feb.26_17_00_00.GMT.2025.CACO04.c1.timex.jpg,c1,1740589200,2025-02-26T17:00:00+00:00,0.0,0.6618267639419907,4.950495049504951,125.6882914624183,65.78754427679591
1740591000.Wed.Feb.26_17_30_00.GMT.2025.CACO04.c1.timex.jpg,c1,1740591000,2025-02-26T17:30:00+00:00,30.0,0.6618267639419907,4.950495049504951,126.40725209354575,62.87770415442202
1740592800.Wed.Feb.26_18_00_00.GMT.2025.CACO04.c1.timex.jpg,c1,1740592800,2025-02-26T18:00:00+00:00,0.0,0.5002808681145084,5.148005148005149,127.11572584763071,62.015118235947774
1740594600.Wed.Feb.26_18_30_00.GMT.2025.CACO04.c1.timex.jpg,c1,1740594600,2025-02-26T18:30:00+00:00,30.0,0.5002808681145084,5.148005148005149,126.70853439031863,59.8277413668354
1740596400.Wed.Feb.26_19_00_00.GMT.2025.CACO04.c1.timex.jpg,c1,1740596400,2025-02-26T19:00:00+00:00,0.0,0.3808214739784815,11.661807580174926,119.62202882455065,52.323787282128286
1740598200.Wed.Feb.26_19_30_00.GMT.2025.CACO04.c1.timex.jpg,c1,1740598200,2025-02-26T19:30:00+00:00,30.0,0.3808214739784815,11.661807580174926,110.17483021854575,40.21599223147373
1740600000.Wed.Feb.26_20_00_00.GMT.2025.CACO04.c1.timex.jpg,c1,1740600000,2025-02-26T20:00:00+00:00,0.0,0.3236730438046939,10.6951871657754,101.76156237234477,30.860283230863406
1740601800.Wed.Feb.26_20_30_00.GMT.2025.CACO04.c1.timex.jpg,c1,1740601800,2025-02-26T20:30:00+00:00,30.0,0.3236730438046939,10.6951871657754,94.23715150122548,26.792636617244735
1740603600.Wed.Feb.26_21_00_00.GMT.2025.CACO04.c1.timex.jpg,c1,1740603600,2025-02-26T21:00:00+00:00,0.0,0.2985990723260169,11.661807580174926,89.11364187602125,25.363453193295285
1740605400.Wed.Feb.26_21_30_00.GMT.2025.CACO04.c1.timex.jpg,c1,1740605400,2025-02-26T21:30:00+00:00,30.0,0.2985990723260169,11.661807580174926,87.70668977226308,24.303337109542635
1740607200.Wed.Feb.26_22_00_00.GMT.2025.CACO04.c1.timex.jpg,c1,1740607200,2025-02-26T22:00:00+00:00,0.0,0.2903750711675632,11.661807580174926,81.33602685866013,13.249974455754604
1740609000.Wed.Feb.26_22_30_00.GMT.2025.CACO04.c1.timex.jpg,c1,1740609000,2025-02-26T22:30:00+00:00,30.0,0.2903750711675632,11.661807580174926,32.63393905739379,2.792588840998998
1740610800.Wed.Feb.26_23_00_00.GMT.2025.CACO04.c1.timex.jpg,c1,1740610800,2025-02-26T23:00:00+00:00,0.0,0.3048499832767384,11.661807580174926,0.07945580575980392,0.33939695262538205
1740612600.Wed.Feb.26_23_30_00.GMT.2025.CACO04.c1.timex.jpg,c1,1740612600,2025-02-26T23:30:00+00:00,30.0,0.3048499832767384,11.661807580174926,6.382761437908497e-06,0.00012765522875816994
1740614400.Thu.Feb.27_00_00_00.GMT.2025.CACO04.c1.timex.jpg,c1,1740614400,2025-02-27T00:00:00+00:00,0.0,0.4530140660398443,9.876543209876544,6.382761437908497e-06,0.00012765522875816994
1740616200.Thu.Feb.27_00_30_00.GMT.2025.CACO04.c1.timex.jpg,c1,1740616200,2025-02-27T00:30:00+00:00,30.0,0.4530140660398443,9.876543209876544,6.382761437908497e-06,0.00012765522875816994
1740618000.Thu.Feb.27_01_00_00.GMT.2025.CACO04.c1.timex.jpg,c1,1740618000,2025-02-27T01:00:00+00:00,0.0,0.3792370943863224,9.876543209876544,6.382761437908497e-06,0.00012765522875816994
1740619800.Thu.Feb.27_01_30_00.GMT.2025.CACO04.c1.timex.jpg,c1,1740619800,2025-02-27T01:30:00+00:00,30.0,0.3792370943863224,9.876543209876544,6.382761437908497e-06,0.00012765522875816994
1740621600.Thu.Feb.27_02_00_00.GMT.2025.CACO04.c1.timex.jpg,c1,1740621600,2025-02-27T02:00:00+00:00,0.0,0.479810325652981,8.032128514056225,6.382761437908497e-06,0.00012765522875816994
1740623400.Thu.Feb.27_02_30_00.GMT.2025.CACO04.c1.timex.jpg,c1,1740623400,2025-02-27T02:30:00+00:00,30.0,0.479810325652981,8.032128514056225,6.382761437908497e-06,0.00012765522875816994
1740625200.Thu.Feb.27_03_00_00.GMT.2025.CACO04.c1.timex.jpg,c1,1740625200,2025-02-27T03:00:00+00:00,0.0,0.5069356634528515,8.032128514056225,6.382761437908497e-06,0.00012765522875816994
1740655800.Thu.Feb.27_11_30_00.GMT.2025.CACO04.c1.timex.jpg,c1,1740655800,2025-02-27T11:30:00+00:00,30.0,0.8532807593712188,10.6951871657754,84.36877999897875,11.559521737309113
1740657600.Thu.Feb.27_12_00_00.GMT.2025.CACO04.c1.timex.jpg,c1,1740657600,2025-02-27T12:00:00+00:00,0.0,0.9513963444451864,10.6951871657754,152.7067153033088,38.09139458502396
1740659400.Thu.Feb.27_12_30_00.GMT.2025.CACO04.c1.timex.jpg,c1,1740659400,2025-02-27T12:30:00+00:00,30.0,0.9513963444451864,10.6951871657754,78.49645437602125,9.206916030303004
1740661200.Thu.Feb.27_13_00_00.GMT.2025.CACO04.c1.timex.jpg,c1,1740661200,2025-02-27T13:00:00+00:00,0.0,1.001765715635742,10.6951871657754,128.38301993974673,27.74868768025068
1740663000.Thu.Feb.27_13_30_00.GMT.2025.CACO04.c1.timex.jpg,c1,1740663000,2025-02-27T13:30:00+00:00,30.0,1.001765715635742,10.6951871657754,116.91496885212419,18.461559391219318
1740664800.Thu.Feb.27_14_00_00.GMT.2025.CACO04.c1.timex.jpg,c1,1740664800,2025-02-27T14:00:00+00:00,0.0,1.2006488926710543,10.6951871657754,105.61998634089052,11.692763964416605
1740666600.Thu.Feb.27_14_30_00.GMT.2025.CACO04.c1.timex.jpg,c1,1740666600,2025-02-27T14:30:00+00:00,30.0,1.2006488926710543,10.6951871657754,158.45569725285947,26.168782319857183
1740668400.Thu.Feb.27_15_00_00.GMT.2025.CACO04.c1.timex.jpg,c1,1740668400,2025-02-27T15:00:00+00:00,0.0,1.1276328993138025,10.6951871657754,112.84932853349673,14.19837879549969
1740670200.Thu.Feb.27_15_30_00.GMT.2025.CACO04.c1.timex.jpg,c1,1740670200,2025-02-27T15:30:00+00:00,30.0,1.1276328993138025,10.6951871657754,136.8566176470588,21.317334782649986
1740672000.Thu.Feb.27_16_00_00.GMT.2025.CACO04.c1.timex.jpg,c1,1740672000,2025-02-27T16:00:00+00:00,0.0,1.248893951461306,10.6951871657754,148.4345001021242,21.57923556382452
1740673800.Thu.Feb.27_16_30_00.GMT.2025.CACO04.c1.timex.jpg,c1,1740673800,2025-02-27T16:30:00+00:00,30.0,1.248893951461306,10.6951871657754,160.75297117544935,30.807750977630207
1740675600.Thu.Feb.27_17_00_00.GMT.2025.CACO04.c1.timex.jpg,c1,1740675600,2025-02-27T17:00:00+00:00,0.0,1.5068527359196893,11.661807580174926,118.10129123263889,18.825986772922057
1740677400.Thu.Feb.27_17_30_00.GMT.2025.CACO04.c1.timex.jpg,c1,1740677400,2025-02-27T17:30:00+00:00,30.0,1.5068527359196893,11.661807580174926,115.82981962316177,18.517223833249837
1740679200.Thu.Feb.27_18_00_00.GMT.2025.CACO04.c1.timex.jpg,c1,1740679200,2025-02-27T18:00:00+00:00,0.0,1.5731493648318366,5.847953216374269,158.86952039930554,27.474784863041492
1740681000.Thu.Feb.27_18_30_00.GMT.2025.CACO04.c1.timex.jpg,c1,1740681000,2025-02-27T18:30:00+00:00,30.0,1.5731493648318366,5.847953216374269,179.76250063827615,27.582433340504554
1740682800.Thu.Feb.27_19_00_00.GMT.2025.CACO04.c1.timex.jpg,c1,1740682800,2025-02-27T19:00:00+00:00,0.0,1.6468897720234978,5.847953216374269,165.19850388071896,25.124352130882155
1740684600.Thu.Feb.27_19_30_00.GMT.2025.CACO04.c1.timex.jpg,c1,1740684600,2025-02-27T19:30:00+00:00,30.0,1.6468897720234978,5.847953216374269,141.1888818678513,18.293291058828167
1740686400.Thu.Feb.27_20_00_00.GMT.2025.CACO04.c1.timex.jpg,c1,1740686400,2025-02-27T20:00:00+00:00,0.0,1.5689277880942532,6.125574272588055,163.60026041666666,22.85535704530927
1740688200.Thu.Feb.27_20_30_00.GMT.2025.CACO04.c1.timex.jpg,c1,1740688200,2025-02-27T20:30:00+00:00,30.0,1.5689277880942532,6.125574272588055,138.59571589052288,19.487265879893286
1740690000.Thu.Feb.27_21_00_00.GMT.2025.CACO04.c1.timex.jpg,c1,1740690000,2025-02-27T21:00:00+00:00,0.0,1.6512984321717594,6.430868167202571,158.61828852634804,24.652072328551377
1740691800.Thu.Feb.27_21_30_00.GMT.2025.CACO04.c1.timex.jpg,c1,1740691800,2025-02-27T21:30:00+00:00,30.0,1.6512984321717594,6.430868167202571,128.63200188929738,16.559308310922688
1740693600.Thu.Feb.27_22_00_00.GMT.2025.CACO04.c1.timex.jpg,c1,1740693600,2025-02-27T22:00:00+00:00,0.0,1.3858851882822534,6.768189509306261,79.77930325776144,8.07401447617171
1740695400.Thu.Feb.27_22_30_00.GMT.2025.CACO04.c1.timex.jpg,c1,1740695400,2025-02-27T22:30:00+00:00,30.0,1.3858851882822534,6.768189509306261,10.88141148386438,0.7642048332884602
1740697200.Thu.Feb.27_23_00_00.GMT.2025.CACO04.c1.timex.jpg,c1,1740697200,2025-02-27T23:00:00+00:00,0.0,1.316116892126121,9.876543209876544,9.574142156862745e-06,0.0001914828431372549
1740699000.Thu.Feb.27_23_30_00.GMT.2025.CACO04.c1.timex.jpg,c1,1740699000,2025-02-27T23:30:00+00:00,30.0,1.316116892126121,9.876543209876544,9.574142156862745e-06,0.0001914828431372549
1740700800.Fri.Feb.28_00_00_00.GMT.2025.CACO04.c1.timex.jpg,c1,1740700800,2025-02-28T00:00:00+00:00,0.0,1.178855925158497,8.032128514056225,6.382761437908497e-06,0.00012765522875816994
1740702600.Fri.Feb.28_00_30_00.GMT.2025.CACO04.c1.timex.jpg,c1,1740702600,2025-02-28T00:30:00+00:00,30.0,1.178855925158497,8.032128514056225,6.382761437908497e-06,0.00012765522875816994
1740704400.Fri.Feb.28_01_00_00.GMT.2025.CACO04.c1.timex.jpg,c1,1740704400,2025-02-28T01:00:00+00:00,0.0,1.1668285298054055,9.174311926605505,6.382761437908497e-06,0.00012765522875816994
1740706200.Fri.Feb.28_01_30_00.GMT.2025.CACO04.c1.timex.jpg,c1,1740706200,2025-02-28T01:30:00+00:00,30.0,1.1668285298054055,9.174311926605505,6.382761437908497e-06,0.00012765522875816994
1740708000.Fri.Feb.28_02_00_00.GMT.2025.CACO04.c1.timex.jpg,c1,1740708000,2025-02-28T02:00:00+00:00,0.0,1.1583950591651524,9.174311926605505,6.382761437908497e-06,0.00012765522875816994
1740709800.Fri.Feb.28_02_30_00.GMT.2025.CACO04.c1.timex.jpg,c1,1740709800,2025-02-28T02:30:00+00:00,30.0,1.1583950591651524,9.174311926605505,6.382761437908497e-06,0.00012765522875816994
1740711600.Fri.Feb.28_03_00_00.GMT.2025.CACO04.c1.timex.jpg,c1,1740711600,2025-02-28T03:00:00+00:00,0.0,1.2324051410553416,8.032128514056225,6.382761437908497e-06,0.00012765522875816994
1740742200.Fri.Feb.28_11_30_00.GMT.2025.CACO04.c1.timex.jpg,c1,1740742200,2025-02-28T11:30:00+00:00,30.0,0.9455004467457142,6.768189509306261,152.62460107741012,33.20495036674069
1740744000.Fri.Feb.28_12_00_00.GMT.2025.CACO04.c1.timex.jpg,c1,1740744000,2025-02-28T12:00:00+00:00,0.0,0.8297888347897484,9.876543209876544,115.59330320669935,48.7095913605615
1740745800.Fri.Feb.28_12_30_00.GMT.2025.CACO04.c1.timex.jpg,c1,1740745800,2025-02-28T12:30:00+00:00,30.0,0.8297888347897484,9.876543209876544,133.29698988970588,74.91101942462035
1740747600.Fri.Feb.28_13_00_00.GMT.2025.CACO04.c1.timex.jpg,c1,1740747600,2025-02-28T13:00:00+00:00,0.0,0.8174471638474728,9.876543209876544,135.47406045751634,75.49449526252789
1740749400.Fri.Feb.28_13_30_00.GMT.2025.CACO04.c1.timex.jpg,c1,1740749400,2025-02-28T13:30:00+00:00,30.0,0.8174471638474728,9.876543209876544,134.31116600285947,73.40965336012489
1740751200.Fri.Feb.28_14_00_00.GMT.2025.CACO04.c1.timex.jpg,c1,1740751200,2025-02-28T14:00:00+00:00,0.0,0.8626596825009503,9.876543209876544,134.2150767207925,68.93230964677225
1740753000.Fri.Feb.28_14_30_00.GMT.2025.CACO04.c1.timex.jpg,c1,1740753000,2025-02-28T14:30:00+00:00,30.0,0.8626596825009503,9.876543209876544,126.48337290645425,61.106924794924
1740754800.Fri.Feb.28_15_00_00.GMT.2025.CACO04.c1.timex.jpg,c1,1740754800,2025-02-28T15:00:00+00:00,0.0,0.7979189197449609,8.565310492505352,124.72945069955065,59.64906973751013
1740756600.Fri.Feb.28_15_30_00.GMT.2025.CACO04.c1.timex.jpg,c1,1740756600,2025-02-28T15:30:00+00:00,30.0,0.7979189197449609,8.565310492505352,135.49493527879903,66.30225532591339
1740758400.Fri.Feb.28_16_00_00.GMT.2025.CACO04.c1.timex.jpg,c1,1740758400,2025-02-28T16:00:00+00:00,0.0,0.8648571400332565,9.876543209876544,133.2655579810049,61.440277053889304
1740760200.Fri.Feb.28_16_30_00.GMT.2025.CACO04.c1.timex.jpg,c1,1740760200,2025-02-28T16:30:00+00:00,30.0,0.8648571400332565,9.876543209876544,130.08656620200162,54.531394257285356
1740762000.Fri.Feb.28_17_00_00.GMT.2025.CACO04.c1.timex.jpg,c1,1740762000,2025-02-28T17:00:00+00:00,0.0,0.8925025363798299,9.174311926605505,112.87973281760621,41.20458102556249
1740763800.Fri.Feb.28_17_30_00.GMT.2025.CACO04.c1.timex.jpg,c1,1740763800,2025-02-28T17:30:00+00:00,30.0,0.8925025363798299,9.174311926605505,128.1211767258987,47.34918089179605
1740765600.Fri.Feb.28_18_00_00.GMT.2025.CACO04.c1.timex.jpg,c1,1740765600,2025-02-28T18:00:00+00:00,0.0,0.900818538119144,9.174311926605505,122.04053053513071,39.783924476274066
1740767400.Fri.Feb.28_18_30_00.GMT.2025.CACO04.c1.timex.jpg,c1,1740767400,2025-02-28T18:30:00+00:00,30.0,0.900818538119144,9.174311926605505,126.07790160334967,42.11756701027193
1740769200.Fri.Feb.28_19_00_00.GMT.2025.CACO04.c1.timex.jpg,c1,1740769200,2025-02-28T19:00:00+00:00,0.0,0.9606685725066784,10.6951871657754,121.72600081699346,33.37452663271872
1740771000.Fri.Feb.28_19_30_00.GMT.2025.CACO04.c1.timex.jpg,c1,1740771000,2025-02-28T19:30:00+00:00,30.0,0.9606685725066784,10.6951871657754,114.13244549121733,23.508729838098688
1740772800.Fri.Feb.28_20_00_00.GMT.2025.CACO04.c1.timex.jpg,c1,1740772800,2025-02-28T20:00:00+00:00,0.0,0.8467839887406876,9.174311926605505,103.43507135927288,19.987712792968495
1740774600.Fri.Feb.28_20_30_00.GMT.2025.CACO04.c1.timex.jpg,c1,1740774600,2025-02-28T20:30:00+00:00,30.0,0.8467839887406876,9.174311926605505,93.01520692912581,19.858576124881328
1740776400.Fri.Feb.28_21_00_00.GMT.2025.CACO04.c1.timex.jpg,c1,1740776400,2025-02-28T21:00:00+00:00,0.0,0.647643746563963,9.876543209876544,90.90484898386438,25.13408258702837
1740778200.Fri.Feb.28_21_30_00.GMT.2025.CACO04.c1.timex.jpg,c1,1740778200,2025-02-28T21:30:00+00:00,30.0,0.647643746563963,9.876543209876544,82.17435470281863,22.85030110040526
1740780000.Fri.Feb.28_22_00_00.GMT.2025.CACO04.c1.timex.jpg,c1,1740780000,2025-02-28T22:00:00+00:00,0.0,0.7242951665586778,9.174311926605505,80.91055517258987,13.2712290465763
1740781800.Fri.Feb.28_22_30_00.GMT.2025.CACO04.c1.timex.jpg,c1,1740781800,2025-02-28T22:30:00+00:00,30.0,0.7242951665586778,9.174311926605505,34.641895169526144,3.0200992569399285
1740783600.Fri.Feb.28_23_00_00.GMT.2025.CACO04.c1.timex.jpg,c1,1740783600,2025-02-28T23:00:00+00:00,0.0,0.7815164104037136,9.876543209876544,0.10551981209150327,0.2834392865213683
1740785400.Fri.Feb.28_23_30_00.GMT.2025.CACO04.c1.timex.jpg,c1,1740785400,2025-02-28T23:30:00+00:00,30.0,0.7815164104037136,9.876543209876544,9.574142156862745e-06,0.0001914828431372549
1740787200.Sat.Mar.01_00_00_00.GMT.2025.CACO04.c1.timex.jpg,c1,1740787200,2025-03-01T00:00:00+00:00,0.0,0.925023965995214,9.174311926605505,1.2765522875816994e-05,0.0002553104575163399
1740789000.Sat.Mar.01_00_30_00.GMT.2025.CACO04.c1.timex.jpg,c1,1740789000,2025-03-01T00:30:00+00:00,30.0,0.925023965995214,9.174311926605505,9.574142156862745e-06,0.0001914828431372549
1740790800.Sat.Mar.01_01_00_00.GMT.2025.CACO04.c1.timex.jpg,c1,1740790800,2025-03-01T01:00:00+00:00,0.0,0.8880757446121673,6.125574272588055,6.382761437908497e-06,0.00012765522875816994
1740792600.Sat.Mar.01_01_30_00.GMT.2025.CACO04.c1.timex.jpg,c1,1740792600,2025-03-01T01:30:00+00:00,30.0,0.8880757446121673,6.125574272588055,9.574142156862745e-06,0.0001914828431372549
1740794400.Sat.Mar.01_02_00_00.GMT.2025.CACO04.c1.timex.jpg,c1,1740794400,2025-03-01T02:00:00+00:00,0.0,0.9453330487346836,8.032128514056225,9.574142156862745e-06,0.0001914828431372549
1740796200.Sat.Mar.01_02_30_00.GMT.2025.CACO04.c1.timex.jpg,c1,1740796200,2025-03-01T02:30:00+00:00,30.0,0.9453330487346836,8.032128514056225,1.2765522875816994e-05,0.0002553104575163399
1740798000.Sat.Mar.01_03_00_00.GMT.2025.CACO04.c1.timex.jpg,c1,1740798000,2025-03-01T03:00:00+00:00,0.0,0.946719085513953,8.565310492505352,1.2765522875816994e-05,0.0002553104575163399
1740828600.Sat.Mar.01_11_30_00.GMT.2025.CACO04.c1.timex.jpg,c1,1740828600,2025-03-01T11:30:00+00:00,30.0,0.8452132334081044,5.361930294906166,114.78140956903594,20.278015188498834
1740830400.Sat.Mar.01_12_00_00.GMT.2025.CACO04.c1.timex.jpg,c1,1740830400,2025-03-01T12:00:00+00:00,0.0,1.097830259528028,4.439511653718091,130.33146318423204,21.94126271241101
1740832200.Sat.Mar.01_12_30_00.GMT.2025.CACO04.c1.timex.jpg,c1,1740832200,2025-03-01T12:30:00+00:00,30.0,1.097830259528028,4.439511653718091,148.1263946333742,33.2434104678316
1740834000.Sat.Mar.01_13_00_00.GMT.2025.CACO04.c1.timex.jpg,c1,1740834000,2025-03-01T13:00:00+00:00,0.0,1.0182213667042568,4.950495049504951,139.6742461958742,68.68781965529222
1740835800.Sat.Mar.01_13_30_00.GMT.2025.CACO04.c1.timex.jpg,c1,1740835800,2025-03-01T13:30:00+00:00,30.0,1.0182213667042568,4.950495049504951,131.4859611162173,55.913500217051286
1740837600.Sat.Mar.01_14_00_00.GMT.2025.CACO04.c1.timex.jpg,c1,1740837600,2025-03-01T14:00:00+00:00,0.0,1.127842161088277,4.767580452920143,141.43353630514707,46.15085159641975
1740839400.Sat.Mar.01_14_30_00.GMT.2025.CACO04.c1.timex.jpg,c1,1740839400,2025-03-01T14:30:00+00:00,30.0,1.127842161088277,4.767580452920143,134.40055019403596,51.101067262007724
1740841200.Sat.Mar.01_15_00_00.GMT.2025.CACO04.c1.timex.jpg,c1,1740841200,2025-03-01T15:00:00+00:00,0.0,1.351662497579267,5.361930294906166,134.91132748672385,46.13794834768916
1740843000.Sat.Mar.01_15_30_00.GMT.2025.CACO04.c1.timex.jpg,c1,1740843000,2025-03-01T15:30:00+00:00,30.0,1.351662497579267,5.361930294906166,130.90460324754903,40.83080386026712
1740844800.Sat.Mar.01_16_00_00.GMT.2025.CACO04.c1.timex.jpg,c1,1740844800,2025-03-01T16:00:00+00:00,0.0,1.4637861748379777,5.594405594405594,129.81486800449346,38.11790508547457
1740846600.Sat.Mar.01_16_30_00.GMT.2025.CACO04.c1.timex.jpg,c1,1740846600,2025-03-01T16:30:00+00:00,30.0,1.4637861748379777,5.594405594405594,134.53467435151143,39.42091772974803
1740848400.Sat.Mar.01_17_00_00.GMT.2025.CACO04.c1.timex.jpg,c1,1740848400,2025-03-01T17:00:00+00:00,0.0,1.4504475112326156,6.125574272588055,111.91876659517973,25.510619819299226
1740850200.Sat.Mar.01_17_30_00.GMT.2025.CACO04.c1.timex.jpg,c1,1740850200,2025-03-01T17:30:00+00:00,30.0,1.4504475112326156,6.125574272588055,125.85918351715686,30.125547238643694
1740852000.Sat.Mar.01_18_00_00.GMT.2025.CACO04.c1.timex.jpg,c1,1740852000,2025-03-01T18:00:00+00:00,0.0,1.4843612228224838,6.768189509306261,129.38140190972223,27.60336969550506
1740853800.Sat.Mar.01_18_30_00.GMT.2025.CACO04.c1.timex.jpg,c1,1740853800,2025-03-01T18:30:00+00:00,30.0,1.4843612228224838,6.768189509306261,115.05720869076798,22.92149501824818
1740855600.Sat.Mar.01_19_00_00.GMT.2025.CACO04.c1.timex.jpg,c1,1740855600,2025-03-01T19:00:00+00:00,0.0,1.5026938142764277,6.768189509306261,115.61252170138889,13.957126313473161
1740857400.Sat.Mar.01_19_30_00.GMT.2025.CACO04.c1.timex.jpg,c1,1740857400,2025-03-01T19:30:00+00:00,30.0,1.5026938142764277,6.768189509306261,140.4075935712827,22.23438086255693
1740859200.Sat.Mar.01_20_00_00.GMT.2025.CACO04.c1.timex.jpg,c1,1740859200,2025-03-01T20:00:00+00:00,0.0,1.4111858110966238,7.142857142857142,114.55776718239379,12.36429273752702
1740861000.Sat.Mar.01_20_30_00.GMT.2025.CACO04.c1.timex.jpg,c1,1740861000,2025-03-01T20:30:00+00:00,30.0,1.4111858110966238,7.142857142857142,125.69296364379085,14.860638238572065
1740862800.Sat.Mar.01_21_00_00.GMT.2025.CACO04.c1.timex.jpg,c1,1740862800,2025-03-01T21:00:00+00:00,0.0,1.20075765488882,7.142857142857142,141.40753293504903,19.487418823685438
1740864600.Sat.Mar.01_21_30_00.GMT.2025.CACO04.c1.timex.jpg,c1,1740864600,2025-03-01T21:30:00+00:00,30.0,1.20075765488882,7.142857142857142,95.37108098447712,8.835832178070705
1740866400.Sat.Mar.01_22_00_00.GMT.2025.CACO04.c1.timex.jpg,c1,1740866400,2025-03-01T22:00:00+00:00,0.0,1.2691441504373164,6.768189509306261,104.06552862030229,9.91434333563676
1740868200.Sat.Mar.01_22_30_00.GMT.2025.CACO04.c1.timex.jpg,c1,1740868200,2025-03-01T22:30:00+00:00,30.0,1.2691441504373164,6.768189509306261,37.35146675857843,2.5469930585881335
1740870000.Sat.Mar.01_23_00_00.GMT.2025.CACO04.c1.timex.jpg,c1,1740870000,2025-03-01T23:00:00+00:00,0.0,1.1162713349804283,7.142857142857142,0.20472707312091504,0.35976115583461926
1740871800.Sat.Mar.01_23_30_00.GMT.2025.CACO04.c1.timex.jpg,c1,1740871800,2025-03-01T23:30:00+00:00,30.0,1.1162713349804283,7.142857142857142,6.382761437908497e-06,0.00012765522875816994
1740873600.Sun.Mar.02_00_00_00.GMT.2025.CACO04.c1.timex.jpg,c1,1740873600,2025-03-02T00:00:00+00:00,0.0,0.9033662892255344,7.561436672967865,3.1913807189542485e-06,6.382761437908497e-05
1740875400.Sun.Mar.02_00_30_00.GMT.2025.CACO04.c1.timex.jpg,c1,1740875400,2025-03-02T00:30:00+00:00,30.0,0.9033662892255344,7.561436672967865,0.0,0.0
1740877200.Sun.Mar.02_01_00_00.GMT.2025.CACO04.c1.timex.jpg,c1,1740877200,2025-03-02T01:00:00+00:00,0.0,1.0262412675750865,4.291845493562232,0.0,0.0
1740879000.Sun.Mar.02_01_30_00.GMT.2025.CACO04.c1.timex.jpg,c1,1740879000,2025-03-02T01:30:00+00:00,30.0,1.0262412675750865,4.291845493562232,0.0,0.0
1740880800.Sun.Mar.02_02_00_00.GMT.2025.CACO04.c1.timex.jpg,c1,1740880800,2025-03-02T02:00:00+00:00,0.0,0.9726771235342848,6.430868167202571,0.0,0.0
1740882600.Sun.Mar.02_02_30_00.GMT.2025.CACO04.c1.timex.jpg,c1,1740882600,2025-03-02T02:30:00+00:00,30.0,0.9726771235342848,6.430868167202571,0.0,0.0
1740884400.Sun.Mar.02_03_00_00.GMT.2025.CACO04.c1.timex.jpg,c1,1740884400,2025-03-02T03:00:00+00:00,0.0,1.0964706933319184,4.439511653718091,0.0,0.0
1740915000.Sun.Mar.02_11_30_00.GMT.2025.CACO04.c1.timex.jpg,c1,1740915000,2025-03-02T11:30:00+00:00,30.0,0.900420550891579,6.768189509306261,154.0389125051062,44.43604186945069
1740916800.Sun.Mar.02_12_00_00.GMT.2025.CACO04.c1.timex.jpg,c1,1740916800,2025-03-02T12:00:00+00:00,0.0,1.0961875556585892,7.142857142857142,133.29932598039215,31.61767437328792
1740918600.Sun.Mar.02_12_30_00.GMT.2025.CACO04.c1.timex.jpg,c1,1740918600,2025-03-02T12:30:00+00:00,30.0,1.0961875556585892,7.142857142857142,180.52691929636438,85.54225619773526
1740920400.Sun.Mar.02_13_00_00.GMT.2025.CACO04.c1.timex.jpg,c1,1740920400,2025-03-02T13:00:00+00:00,0.0,1.1969570539453822,6.430868167202571,135.6521714154412,63.231468073087036
1740922200.Sun.Mar.02_13_30_00.GMT.2025.CACO04.c1.timex.jpg,c1,1740922200,2025-03-02T13:30:00+00:00,30.0,1.1969570539453822,6.430868167202571,139.111123876634,75.67014764219853
1740924000.Sun.Mar.02_14_00_00.GMT.2025.CACO04.c1.timex.jpg,c1,1740924000,2025-03-02T14:00:00+00:00,0.0,1.2878018585735065,7.142857142857142,134.14510888991012,64.35759681794507
1740925800.Sun.Mar.02_14_30_00.GMT.2025.CACO04.c1.timex.jpg,c1,1740925800,2025-03-02T14:30:00+00:00,30.0,1.2878018585735065,7.142857142857142,135.99997766033496,62.67655617252023
1740927600.Sun.Mar.02_15_00_00.GMT.2025.CACO04.c1.timex.jpg,c1,1740927600,2025-03-02T15:00:00+00:00,0.0,1.2460209763748131,7.142857142857142,132.220805249183,54.47902705141927
1740929400.Sun.Mar.02_15_30_00.GMT.2025.CACO04.c1.timex.jpg,c1,1740929400,2025-03-02T15:30:00+00:00,30.0,1.2460209763748131,7.142857142857142,131.26770258884804,53.06941363354088
1740931200.Sun.Mar.02_16_00_00.GMT.2025.CACO04.c1.timex.jpg,c1,1740931200,2025-03-02T16:00:00+00:00,0.0,1.2363959007096808,6.768189509306261,129.78309461805554,49.31109646809972
1740933000.Sun.Mar.02_16_30_00.GMT.2025.CACO04.c1.timex.jpg,c1,1740933000,2025-03-02T16:30:00+00:00,30.0,1.2363959007096808,6.768189509306261,128.0631414675245,46.390025468387776
1740934800.Sun.Mar.02_17_00_00.GMT.2025.CACO04.c1.timex.jpg,c1,1740934800,2025-03-02T17:00:00+00:00,0.0,1.1072716022916211,6.430868167202571,126.73806742749183,44.13140282244301
1740936600.Sun.Mar.02_17_30_00.GMT.2025.CACO04.c1.timex.jpg,c1,1740936600,2025-03-02T17:30:00+00:00,30.0,1.1072716022916211,6.430868167202571,127.21696920955883,41.5707895611855
1740938400.Sun.Mar.02_18_00_00.GMT.2025.CACO04.c1.timex.jpg,c1,1740938400,2025-03-02T18:00:00+00:00,0.0,1.0824738190961782,9.876543209876544,127.07915900735294,42.71196654492825
1740940200.Sun.Mar.02_18_30_00.GMT.2025.CACO04.c1.timex.jpg,c1,1740940200,2025-03-02T18:30:00+00:00,30.0,1.0824738190961782,9.876543209876544,125.68597771139706,41.84159006476224
1740942000.Sun.Mar.02_19_00_00.GMT.2025.CACO04.c1.timex.jpg,c1,1740942000,2025-03-02T19:00:00+00:00,0.0,0.9688170571012704,5.594405594405594,118.57276028901144,32.989672639194886
1740943800.Sun.Mar.02_19_30_00.GMT.2025.CACO04.c1.timex.jpg,c1,1740943800,2025-03-02T19:30:00+00:00,30.0,0.9688170571012704,5.594405594405594,110.56243617238562,23.729102702004127
1740945600.Sun.Mar.02_20_00_00.GMT.2025.CACO04.c1.timex.jpg,c1,1740945600,2025-03-02T20:00:00+00:00,0.0,0.908169601403818,9.876543209876544,102.6009880514706,19.08732844904378
1740947400.Sun.Mar.02_20_30_00.GMT.2025.CACO04.c1.timex.jpg,c1,1740947400,2025-03-02T20:30:00+00:00,30.0,0.908169601403818,9.876543209876544,94.52871604370915,18.480392070657654
1740949200.Sun.Mar.02_21_00_00.GMT.2025.CACO04.c1.timex.jpg,c1,1740949200,2025-03-02T21:00:00+00:00,0.0,0.8350838846666285,5.361930294906166,91.73194635927288,20.811286974016394
1740951000.Sun.Mar.02_21_30_00.GMT.2025.CACO04.c1.timex.jpg,c1,1740951000,2025-03-02T21:30:00+00:00,30.0,0.8350838846666285,5.361930294906166,87.4248557495915,19.65652078776385
1740952800.Sun.Mar.02_22_00_00.GMT.2025.CACO04.c1.timex.jpg,c1,1740952800,2025-03-02T22:00:00+00:00,0.0,0.7503972422027698,5.361930294906166,83.96104600694444,14.548390848551376
1740954600.Sun.Mar.02_22_30_00.GMT.2025.CACO04.c1.timex.jpg,c1,1740954600,2025-03-02T22:30:00+00:00,30.0,0.7503972422027698,5.361930294906166,58.449410232843135,5.433008840986562
1740956400.Sun.Mar.02_23_00_00.GMT.2025.CACO04.c1.timex.jpg,c1,1740956400,2025-03-02T23:00:00+00:00,0.0,0.629478255902496,9.876543209876544,0.4951363357843137,0.6469981860633776
1740958200.Sun.Mar.02_23_30_00.GMT.2025.CACO04.c1.timex.jpg,c1,1740958200,2025-03-02T23:30:00+00:00,30.0,0.629478255902496,9.876543209876544,0.0,0.0
1740960000.Mon.Mar.03_00_00_00.GMT.2025.CACO04.c1.timex.jpg,c1,1740960000,2025-03-03T00:00:00+00:00,0.0,0.5933389156469916,5.594405594405594,0.0,0.0
1740961800.Mon.Mar.03_00_30_00.GMT.2025.CACO04.c1.timex.jpg,c1,1740961800,2025-03-03T00:30:00+00:00,30.0,0.5933389156469916,5.594405594405594,0.0,0.0
1740963600.Mon.Mar.03_01_00_00.GMT.2025.CACO04.c1.timex.jpg,c1,1740963600,2025-03-03T01:00:00+00:00,0.0,0.6802769152473085,5.361930294906166,0.0,0.0
1740965400.Mon.Mar.03_01_30_00.GMT.2025.CACO04.c1.timex.jpg,c1,1740965400,2025-03-03T01:30:00+00:00,30.0,0.6802769152473085,5.361930294906166,0.0,0.0
1740967200.Mon.Mar.03_02_00_00.GMT.2025.CACO04.c1.timex.jpg,c1,1740967200,2025-03-03T02:00:00+00:00,0.0,0.7567727486279445,5.594405594405594,0.0,0.0
1740969000.Mon.Mar.03_02_30_00.GMT.2025.CACO04.c1.timex.jpg,c1,1740969000,2025-03-03T02:30:00+00:00,30.0,0.7567727486279445,5.594405594405594,0.0,0.0
1740970800.Mon.Mar.03_03_00_00.GMT.2025.CACO04.c1.timex.jpg,c1,1740970800,2025-03-03T03:00:00+00:00,0.0,0.9023094881925068,5.847953216374269,0.0,0.0
1741001400.Mon.Mar.03_11_30_00.GMT.2025.CACO04.c1.timex.jpg,c1,1741001400,2025-03-03T11:30:00+00:00,30.0,0.8070911123436167,5.847953216374269,160.46464907577615,40.97029446657232
1741003200.Mon.Mar.03_12_00_00.GMT.2025.CACO04.c1.timex.jpg,c1,1741003200,2025-03-03T12:00:00+00:00,0.0,0.6267901403458527,5.847953216374269,125.8267941942402,42.567459337153906
1741005000.Mon.Mar.03_12_30_00.GMT.2025.CACO04.c1.timex.jpg,c1,1741005000,2025-03-03T12:30:00+00:00,30.0,0.6267901403458527,5.847953216374269,134.19283279718138,79.23861465916904
1741006800.Mon.Mar.03_13_00_00.GMT.2025.CACO04.c1.timex.jpg,c1,1741006800,2025-03-03T13:00:00+00:00,0.0,0.5197610022989447,5.361930294906166,141.19374234068627,79.99801779641737
1741008600.Mon.Mar.03_13_30_00.GMT.2025.CACO04.c1.timex.jpg,c1,1741008600,2025-03-03T13:30:00+00:00,30.0,0.5197610022989447,5.361930294906166,134.49623097937092,53.52449940251001
1741010400.Mon.Mar.03_14_00_00.GMT.2025.CACO04.c1.timex.jpg,c1,1741010400,2025-03-03T14:00:00+00:00,0.0,0.5136010643393462,5.148005148005149,157.75431474673204,71.34211143490353
1741012200.Mon.Mar.03_14_30_00.GMT.2025.CACO04.c1.timex.jpg,c1,1741012200,2025-03-03T14:30:00+00:00,30.0,0.5136010643393462,5.148005148005149,135.54642820669935,36.14652581991811
1741014000.Mon.Mar.03_15_00_00.GMT.2025.CACO04.c1.timex.jpg,c1,1741014000,2025-03-03T15:00:00+00:00,0.0,0.592538669301105,5.847953216374269,144.70141761131535,34.847703632232275
1741015800.Mon.Mar.03_15_30_00.GMT.2025.CACO04.c1.timex.jpg,c1,1741015800,2025-03-03T15:30:00+00:00,30.0,0.592538669301105,5.847953216374269,162.42792266646242,52.32147874872486
1741017600.Mon.Mar.03_16_00_00.GMT.2025.CACO04.c1.timex.jpg,c1,1741017600,2025-03-03T16:00:00+00:00,0.0,0.9826497921662888,4.950495049504951,128.87433300142973,25.10698434392861
1741019400.Mon.Mar.03_16_30_00.GMT.2025.CACO04.c1.timex.jpg,c1,1741019400,2025-03-03T16:30:00+00:00,30.0,0.9826497921662888,4.950495049504951,132.84534249897877,26.227925197068526
1741021200.Mon.Mar.03_17_00_00.GMT.2025.CACO04.c1.timex.jpg,c1,1741021200,2025-03-03T17:00:00+00:00,0.0,1.0746551506814062,4.767580452920143,144.80698848549838,30.5179227352896
1741023000.Mon.Mar.03_17_30_00.GMT.2025.CACO04.c1.timex.jpg,c1,1741023000,2025-03-03T17:30:00+00:00,30.0,1.0746551506814062,4.767580452920143,175.242573657067,34.41639478795628
1741024800.Mon.Mar.03_18_00_00.GMT.2025.CACO04.c1.timex.jpg,c1,1741024800,2025-03-03T18:00:00+00:00,0.0,1.0038288532028112,5.594405594405594,135.15408943525327,24.173202397277528
1741026600.Mon.Mar.03_18_30_00.GMT.2025.CACO04.c1.timex.jpg,c1,1741026600,2025-03-03T18:30:00+00:00,30.0,1.0038288532028112,5.594405594405594,166.9105743208742,48.58748416981299
1741028400.Mon.Mar.03_19_00_00.GMT.2025.CACO04.c1.timex.jpg,c1,1741028400,2025-03-03T19:00:00+00:00,0.0,0.8815683205266432,5.148005148005149,118.5916787939134,32.51896318358019
1741030200.Mon.Mar.03_19_30_00.GMT.2025.CACO04.c1.timex.jpg,c1,1741030200,2025-03-03T19:30:00+00:00,30.0,0.8815683205266432,5.148005148005149,121.0026265063317,26.828361072179334
1741032000.Mon.Mar.03_20_00_00.GMT.2025.CACO04.c1.timex.jpg,c1,1741032000,2025-03-03T20:00:00+00:00,0.0,0.9829172090922044,5.361930294906166,107.97411790236929,20.66278139944695
1741033800.Mon.Mar.03_20_30_00.GMT.2025.CACO04.c1.timex.jpg,c1,1741033800,2025-03-03T20:30:00+00:00,30.0,0.9829172090922044,5.361930294906166,99.3114564185049,19.53770432354492
1741035600.Mon.Mar.03_21_00_00.GMT.2025.CACO04.c1.timex.jpg,c1,1741035600,2025-03-03T21:00:00+00:00,0.0,0.7752078552027164,5.594405594405594,92.21358953737744,18.954815991141064
1741037400.Mon.Mar.03_21_30_00.GMT.2025.CACO04.c1.timex.jpg,c1,1741037400,2025-03-03T21:30:00+00:00,30.0,0.7752078552027164,5.594405594405594,88.31193193423202,14.202173544690497
1741039200.Mon.Mar.03_22_00_00.GMT.2025.CACO04.c1.timex.jpg,c1,1741039200,2025-03-03T22:00:00+00:00,0.0,0.6209886605553053,5.361930294906166,83.38728043300654,8.799182319769445
1741041000.Mon.Mar.03_22_30_00.GMT.2025.CACO04.c1.timex.jpg,c1,1741041000,2025-03-03T22:30:00+00:00,30.0,0.6209886605553053,5.361930294906166,66.00963477839052,5.593669614073224
1741042800.Mon.Mar.03_23_00_00.GMT.2025.CACO04.c1.timex.jpg,c1,1741042800,2025-03-03T23:00:00+00:00,0.0,0.5925771057188576,5.148005148005149,0.9304310917075164,1.0759005978511895
1741044600.Mon.Mar.03_23_30_00.GMT.2025.CACO04.c1.timex.jpg,c1,1741044600,2025-03-03T23:30:00+00:00,30.0,0.5925771057188576,5.148005148005149,0.0,0.0
1741046400.Tue.Mar.04_00_00_00.GMT.2025.CACO04.c1.timex.jpg,c1,1741046400,2025-03-04T00:00:00+00:00,0.0,0.5007452455248546,4.950495049504951,0.0,0.0
1741048200.Tue.Mar.04_00_30_00.GMT.2025.CACO04.c1.timex.jpg,c1,1741048200,2025-03-04T00:30:00+00:00,30.0,0.5007452455248546,4.950495049504951,0.0,0.0
1741050000.Tue.Mar.04_01_00_00.GMT.2025.CACO04.c1.timex.jpg,c1,1741050000,2025-03-04T01:00:00+00:00,0.0,0.4319363123637799,5.148005148005149,0.0,0.0
1741051800.Tue.Mar.04_01_30_00.GMT.2025.CACO04.c1.timex.jpg,c1,1741051800,2025-03-04T01:30:00+00:00,30.0,0.4319363123637799,5.148005148005149,0.0,0.0
1741053600.Tue.Mar.04_02_00_00.GMT.2025.CACO04.c1.timex.jpg,c1,1741053600,2025-03-04T02:00:00+00:00,0.0,0.4062554495512299,4.950495049504951,0.0,0.0
1741055400.Tue.Mar.04_02_30_00.GMT.2025.CACO04.c1.timex.jpg,c1,1741055400,2025-03-04T02:30:00+00:00,30.0,0.4062554495512299,4.950495049504951,0.0,0.0
1741057200.Tue.Mar.04_03_00_00.GMT.2025.CACO04.c1.timex.jpg,c1,1741057200,2025-03-04T03:00:00+00:00,0.0,0.3579334420812095,4.597701149425287,0.0,0.0
1741087800.Tue.Mar.04_11_30_00.GMT.2025.CACO04.c1.timex.jpg,c1,1741087800,2025-03-04T11:30:00+00:00,30.0,0.2253079998936898,9.876543209876544,105.84767539828431,30.1091911284528
1741089600.Tue.Mar.04_12_00_00.GMT.2025.CACO04.c1.timex.jpg,c1,1741089600,2025-03-04T12:00:00+00:00,0.0,0.2878705465734481,9.174311926605505,124.63933249080883,69.23767546102297
1741091400.Tue.Mar.04_12_30_00.GMT.2025.CACO04.c1.timex.jpg,c1,1741091400,2025-03-04T12:30:00+00:00,30.0,0.2878705465734481,9.174311926605505,128.54741753472223,82.01790524811334
1741093200.Tue.Mar.04_13_00_00.GMT.2025.CACO04.c1.timex.jpg,c1,1741093200,2025-03-04T13:00:00+00:00,0.0,0.1961978015939648,9.876543209876544,131.6272690716912,89.96112758852884
1741095000.Tue.Mar.04_13_30_00.GMT.2025.CACO04.c1.timex.jpg,c1,1741095000,2025-03-04T13:30:00+00:00,30.0,0.1961978015939648,9.876543209876544,132.65548726000816,82.46033888402145
1741096800.Tue.Mar.04_14_00_00.GMT.2025.CACO04.c1.timex.jpg,c1,1741096800,2025-03-04T14:00:00+00:00,0.0,0.1796421816601463,9.174311926605505,139.98758552900327,88.19134584760171
1741098600.Tue.Mar.04_14_30_00.GMT.2025.CACO04.c1.timex.jpg,c1,1741098600,2025-03-04T14:30:00+00:00,30.0,0.1796421816601463,9.174311926605505,135.28450201695262,74.27388963080504
1741100400.Tue.Mar.04_15_00_00.GMT.2025.CACO04.c1.timex.jpg,c1,1741100400,2025-03-04T15:00:00+00:00,0.0,0.1733393026917865,9.174311926605505,138.24208218443627,76.67286104860379
1741102200.Tue.Mar.04_15_30_00.GMT.2025.CACO04.c1.timex.jpg,c1,1741102200,2025-03-04T15:30:00+00:00,30.0,0.1733393026917865,9.174311926605505,136.30273756638073,69.4098067599159
1741104000.Tue.Mar.04_16_00_00.GMT.2025.CACO04.c1.timex.jpg,c1,1741104000,2025-03-04T16:00:00+00:00,0.0,0.3972330819871359,9.174311926605505,136.8897665185866,65.64273886219429
1741105800.Tue.Mar.04_16_30_00.GMT.2025.CACO04.c1.timex.jpg,c1,1741105800,2025-03-04T16:30:00+00:00,30.0,0.3972330819871359,9.174311926605505,133.04425487642973,53.29576112134346
1741107600.Tue.Mar.04_17_00_00.GMT.2025.CACO04.c1.timex.jpg,c1,1741107600,2025-03-04T17:00:00+00:00,0.0,0.4902778279817942,3.2206119162640903,128.4724839154412,48.516956321187585
1741109400.Tue.Mar.04_17_30_00.GMT.2025.CACO04.c1.timex.jpg,c1,1741109400,2025-03-04T17:30:00+00:00,30.0,0.4902778279817942,3.2206119162640903,121.42298879187092,46.01094664313913
1741111200.Tue.Mar.04_18_00_00.GMT.2025.CACO04.c1.timex.jpg,c1,1741111200,2025-03-04T18:00:00+00:00,0.0,0.5606321755596056,3.4812880765883376,125.91590073529412,45.307501321957446
1741113000.Tue.Mar.04_18_30_00.GMT.2025.CACO04.c1.timex.jpg,c1,1741113000,2025-03-04T18:30:00+00:00,30.0,0.5606321755596056,3.4812880765883376,164.14902152267157,57.273504969697775
1741114800.Tue.Mar.04_19_00_00.GMT.2025.CACO04.c1.timex.jpg,c1,1741114800,2025-03-04T19:00:00+00:00,0.0,0.6457364356344201,4.291845493562232,117.71286828533496,28.349344164065595
1741116600.Tue.Mar.04_19_30_00.GMT.2025.CACO04.c1.timex.jpg,c1,1741116600,2025-03-04T19:30:00+00:00,30.0,0.6457364356344201,4.291845493562232,116.58744702308006,20.590418186755652
1741118400.Tue.Mar.04_20_00_00.GMT.2025.CACO04.c1.timex.jpg,c1,1741118400,2025-03-04T20:00:00+00:00,0.0,0.7352786790130079,4.950495049504951,119.05349711499183,20.910768003658074
1741120200.Tue.Mar.04_20_30_00.GMT.2025.CACO04.c1.timex.jpg,c1,1741120200,2025-03-04T20:30:00+00:00,30.0,0.7352786790130079,4.950495049504951,127.5320574193219,34.71544562185013
1741122000.Tue.Mar.04_21_00_00.GMT.2025.CACO04.c1.timex.jpg,c1,1741122000,2025-03-04T21:00:00+00:00,0.0,0.7834691330456636,4.950495049504951,133.665141186683,32.026031604046
1741123800.Tue.Mar.04_21_30_00.GMT.2025.CACO04.c1.timex.jpg,c1,1741123800,2025-03-04T21:30:00+00:00,30.0,0.7834691330456636,4.950495049504951,142.48978758169935,29.92173704455697
1741125600.Tue.Mar.04_22_00_00.GMT.2025.CACO04.c1.timex.jpg,c1,1741125600,2025-03-04T22:00:00+00:00,0.0,0.797810822238234,4.024144869215292,118.5257097630719,26.12859341219177
1741127400.Tue.Mar.04_22_30_00.GMT.2025.CACO04.c1.timex.jpg,c1,1741127400,2025-03-04T22:30:00+00:00,30.0,0.797810822238234,4.024144869215292,25.506669985702615,2.3750574389864325
1741129200.Tue.Mar.04_23_00_00.GMT.2025.CACO04.c1.timex.jpg,c1,1741129200,2025-03-04T23:00:00+00:00,0.0,0.7143764078558822,4.950495049504951,0.08986928104575163,0.8103394323098284
1741131000.Tue.Mar.04_23_30_00.GMT.2025.CACO04.c1.timex.jpg,c1,1741131000,2025-03-04T23:30:00+00:00,30.0,0.7143764078558822,4.950495049504951,6.382761437908497e-06,0.00012765522875816994
1741132800.Wed.Mar.05_00_00_00.GMT.2025.CACO04.c1.timex.jpg,c1,1741132800,2025-03-05T00:00:00+00:00,0.0,0.7502167743207179,5.361930294906166,6.382761437908497e-06,0.00012765522875816994
1741134600.Wed.Mar.05_00_30_00.GMT.2025.CACO04.c1.timex.jpg,c1,1741134600,2025-03-05T00:30:00+00:00,30.0,0.7502167743207179,5.361930294906166,6.382761437908497e-06,0.00012765522875816994
1741136400.Wed.Mar.05_01_00_00.GMT.2025.CACO04.c1.timex.jpg,c1,1741136400,2025-03-05T01:00:00+00:00,0.0,0.6716022401108627,5.847953216374269,3.1913807189542485e-06,6.382761437908497e-05
1741138200.Wed.Mar.05_01_30_00.GMT.2025.CACO04.c1.timex.jpg,c1,1741138200,2025-03-05T01:30:00+00:00,30.0,0.6716022401108627,5.847953216374269,6.382761437908497e-06,0.00012765522875816994
1741140000.Wed.Mar.05_02_00_00.GMT.2025.CACO04.c1.timex.jpg,c1,1741140000,2025-03-05T02:00:00+00:00,0.0,0.6397802471484592,5.361930294906166,6.382761437908497e-06,0.00012765522875816994
1741141800.Wed.Mar.05_02_30_00.GMT.2025.CACO04.c1.timex.jpg,c1,1741141800,2025-03-05T02:30:00+00:00,30.0,0.6397802471484592,5.361930294906166,6.382761437908497e-06,0.00012765522875816994
1741143600.Wed.Mar.05_03_00_00.GMT.2025.CACO04.c1.timex.jpg,c1,1741143600,2025-03-05T03:00:00+00:00,0.0,0.5712088288682814,5.594405594405594,6.382761437908497e-06,0.00012765522875816994
1741174200.Wed.Mar.05_11_30_00.GMT.2025.CACO04.c1.timex.jpg,c1,1741174200,2025-03-05T11:30:00+00:00,30.0,0.7839914337440073,6.125574272588055,140.55048126021242,49.96640096632896
1741176000.Wed.Mar.05_12_00_00.GMT.2025.CACO04.c1.timex.jpg,c1,1741176000,2025-03-05T12:00:00+00:00,0.0,0.7441185760455789,5.594405594405594,133.45416539011438,55.924393042245356
1741177800.Wed.Mar.05_12_30_00.GMT.2025.CACO04.c1.timex.jpg,c1,1741177800,2025-03-05T12:30:00+00:00,30.0,0.7441185760455789,5.594405594405594,106.72650186376634,28.392321297031497
1741179600.Wed.Mar.05_13_00_00.GMT.2025.CACO04.c1.timex.jpg,c1,1741179600,2025-03-05T13:00:00+00:00,0.0,0.7428987599814196,5.594405594405594,125.40068104064542,35.78471940430182
1741181400.Wed.Mar.05_13_30_00.GMT.2025.CACO04.c1.timex.jpg,c1,1741181400,2025-03-05T13:30:00+00:00,30.0,0.7428987599814196,5.594405594405594,137.7966388378268,35.667217847156046
1741183200.Wed.Mar.05_14_00_00.GMT.2025.CACO04.c1.timex.jpg,c1,1741183200,2025-03-05T14:00:00+00:00,0.0,0.7314956737985671,5.148005148005149,150.90017680249184,50.09644587778659
1741185000.Wed.Mar.05_14_30_00.GMT.2025.CACO04.c1.timex.jpg,c1,1741185000,2025-03-05T14:30:00+00:00,30.0,0.7314956737985671,5.148005148005149,120.98456967422386,25.783096540304715
1741186800.Wed.Mar.05_15_00_00.GMT.2025.CACO04.c1.timex.jpg,c1,1741186800,2025-03-05T15:00:00+00:00,0.0,0.7211945632424547,5.148005148005149,164.87609145220588,49.8090489744412
1741188600.Wed.Mar.05_15_30_00.GMT.2025.CACO04.c1.timex.jpg,c1,1741188600,2025-03-05T15:30:00+00:00,30.0,0.7211945632424547,5.148005148005149,140.95493770424838,35.676536848159174
1741190400.Wed.Mar.05_16_00_00.GMT.2025.CACO04.c1.timex.jpg,c1,1741190400,2025-03-05T16:00:00+00:00,0.0,0.7093120416382184,5.361930294906166,145.92044845281862,36.83344111963422
1741192200.Wed.Mar.05_16_30_00.GMT.2025.CACO04.c1.timex.jpg,c1,1741192200,2025-03-05T16:30:00+00:00,30.0,0.7093120416382184,5.361930294906166,163.45356541053923,46.195187137751155
1741194000.Wed.Mar.05_17_00_00.GMT.2025.CACO04.c1.timex.jpg,c1,1741194000,2025-03-05T17:00:00+00:00,0.0,0.7094471473658294,5.148005148005149,146.4700808057598,36.38617301940552
1741195800.Wed.Mar.05_17_30_00.GMT.2025.CACO04.c1.timex.jpg,c1,1741195800,2025-03-05T17:30:00+00:00,30.0,0.7094471473658294,5.148005148005149,135.5057891646242,29.6760037421895
1741197600.Wed.Mar.05_18_00_00.GMT.2025.CACO04.c1.timex.jpg,c1,1741197600,2025-03-05T18:00:00+00:00,0.0,0.7531640924097363,4.439511653718091,139.40558300142973,32.59659657455314
1741199400.Wed.Mar.05_18_30_00.GMT.2025.CACO04.c1.timex.jpg,c1,1741199400,2025-03-05T18:30:00+00:00,30.0,0.7531640924097363,4.439511653718091,147.07847605187908,36.10837855769465
1741201200.Wed.Mar.05_19_00_00.GMT.2025.CACO04.c1.timex.jpg,c1,1741201200,2025-03-05T19:00:00+00:00,0.0,0.8056686363900378,4.767580452920143,147.5915639042075,34.4400401824491
1741203000.Wed.Mar.05_19_30_00.GMT.2025.CACO04.c1.timex.jpg,c1,1741203000,2025-03-05T19:30:00+00:00,30.0,0.8056686363900378,4.767580452920143,143.7534690308415,32.08073224999566
1741204800.Wed.Mar.05_20_00_00.GMT.2025.CACO04.c1.timex.jpg,c1,1741204800,2025-03-05T20:00:00+00:00,0.0,0.9474503069573252,4.950495049504951,147.44146688623366,31.354916586860227
1741206600.Wed.Mar.05_20_30_00.GMT.2025.CACO04.c1.timex.jpg,c1,1741206600,2025-03-05T20:30:00+00:00,30.0,0.9474503069573252,4.950495049504951,143.81636795343138,26.145411695621874
1741208400.Wed.Mar.05_21_00_00.GMT.2025.CACO04.c1.timex.jpg,c1,1741208400,2025-03-05T21:00:00+00:00,0.0,0.9782890576391906,5.361930294906166,131.96238957822712,23.561459551057577
1741210200.Wed.Mar.05_21_30_00.GMT.2025.CACO04.c1.timex.jpg,c1,1741210200,2025-03-05T21:30:00+00:00,30.0,0.9782890576391906,5.361930294906166,139.96621923508988,26.851954003401712
1741212000.Wed.Mar.05_22_00_00.GMT.2025.CACO04.c1.timex.jpg,c1,1741212000,2025-03-05T22:00:00+00:00,0.0,1.0799762750985982,5.847953216374269,145.70193780637254,26.767281226770827
1741213800.Wed.Mar.05_22_30_00.GMT.2025.CACO04.c1.timex.jpg,c1,1741213800,2025-03-05T22:30:00+00:00,30.0,1.0799762750985982,5.847953216374269,47.99444061478758,4.209798103497352
1741215600.Wed.Mar.05_23_00_00.GMT.2025.CACO04.c1.timex.jpg,c1,1741215600,2025-03-05T23:00:00+00:00,0.0,1.2390080404551238,5.594405594405594,0.8375331903594772,1.0566214717861893
1741217400.Wed.Mar.05_23_30_00.GMT.2025.CACO04.c1.timex.jpg,c1,1741217400,2025-03-05T23:30:00+00:00,30.0,1.2390080404551238,5.594405594405594,6.382761437908497e-06,0.00012765522875816994
1741219200.Thu.Mar.06_00_00_00.GMT.2025.CACO04.c1.timex.jpg,c1,1741219200,2025-03-06T00:00:00+00:00,0.0,1.128222914560554,5.361930294906166,6.382761437908497e-06,0.00012765522875816994
1741221000.Thu.Mar.06_00_30_00.GMT.2025.CACO04.c1.timex.jpg,c1,1741221000,2025-03-06T00:30:00+00:00,30.0,1.128222914560554,5.361930294906166,6.382761437908497e-06,0.00012765522875816994
1741222800.Thu.Mar.06_01_00_00.GMT.2025.CACO04.c1.timex.jpg,c1,1741222800,2025-03-06T01:00:00+00:00,0.0,0.9930402773272868,5.594405594405594,6.382761437908497e-06,0.00012765522875816994
1741224600.Thu.Mar.06_01_30_00.GMT.2025.CACO04.c1.timex.jpg,c1,1741224600,2025-03-06T01:30:00+00:00,30.0,0.9930402773272868,5.594405594405594,6.382761437908497e-06,0.00012765522875816994
1741226400.Thu.Mar.06_02_00_00.GMT.2025.CACO04.c1.timex.jpg,c1,1741226400,2025-03-06T02:00:00+00:00,0.0,0.9170143824373116,5.847953216374269,6.382761437908497e-06,0.00012765522875816994
1741228200.Thu.Mar.06_02_30_00.GMT.2025.CACO04.c1.timex.jpg,c1,1741228200,2025-03-06T02:30:00+00:00,30.0,0.9170143824373116,5.847953216374269,6.382761437908497e-06,0.00012765522875816994
1741230000.Thu.Mar.06_03_00_00.GMT.2025.CACO04.c1.timex.jpg,c1,1741230000,2025-03-06T03:00:00+00:00,0.0,1.0789632555081234,5.361930294906166,6.382761437908497e-06,0.00012765522875816994
1741260600.Thu.Mar.06_11_30_00.GMT.2025.CACO04.c1.timex.jpg,c1,1741260600,2025-03-06T11:30:00+00:00,30.0,1.9827870697422505,7.561436672967865,76.8385129442402,3.401188387681961
1741262400.Thu.Mar.06_12_00_00.GMT.2025.CACO04.c1.timex.jpg,c1,1741262400,2025-03-06T12:00:00+00:00,0.0,2.000336430239728,7.561436672967865,174.84236174938727,13.046632376193406
1741264200.Thu.Mar.06_12_30_00.GMT.2025.CACO04.c1.timex.jpg,c1,1741264200,2025-03-06T12:30:00+00:00,30.0,2.000336430239728,7.561436672967865,120.36319189133987,7.187659564106452
1741266000.Thu.Mar.06_13_00_00.GMT.2025.CACO04.c1.timex.jpg,c1,1741266000,2025-03-06T13:00:00+00:00,0.0,1.847836563761548,7.561436672967865,131.11420994178923,8.114650267987185
1741267800.Thu.Mar.06_13_30_00.GMT.2025.CACO04.c1.timex.jpg,c1,1741267800,2025-03-06T13:30:00+00:00,30.0,1.847836563761548,7.561436672967865,132.87470320159315,7.718041448296962
1741269600.Thu.Mar.06_14_00_00.GMT.2025.CACO04.c1.timex.jpg,c1,1741269600,2025-03-06T14:00:00+00:00,0.0,1.7059051186096112,6.768189509306261,129.2030930861928,7.584810921981763
1741271400.Thu.Mar.06_14_30_00.GMT.2025.CACO04.c1.timex.jpg,c1,1741271400,2025-03-06T14:30:00+00:00,30.0,1.7059051186096112,6.768189509306261,136.80414496527777,8.566450876531485
1741273200.Thu.Mar.06_15_00_00.GMT.2025.CACO04.c1.timex.jpg,c1,1741273200,2025-03-06T15:00:00+00:00,0.0,1.4923593195764244,7.142857142857142,138.65620532066993,9.694926279368978
1741275000.Thu.Mar.06_15_30_00.GMT.2025.CACO04.c1.timex.jpg,c1,1741275000,2025-03-06T15:30:00+00:00,30.0,1.4923593195764244,7.142857142857142,127.8097394556781,9.290871617601441
1741276800.Thu.Mar.06_16_00_00.GMT.2025.CACO04.c1.timex.jpg,c1,1741276800,2025-03-06T16:00:00+00:00,0.0,1.4947091233541177,7.561436672967865,133.30074295343138,10.168386508961289
1741278600.Thu.Mar.06_16_30_00.GMT.2025.CACO04.c1.timex.jpg,c1,1741278600,2025-03-06T16:30:00+00:00,30.0,1.4947091233541177,7.561436672967865,127.43944993361929,8.59833903334886
1741280400.Thu.Mar.06_17_00_00.GMT.2025.CACO04.c1.timex.jpg,c1,1741280400,2025-03-06T17:00:00+00:00,0.0,1.5003531276705102,6.768189509306261,128.1555095996732,9.495927460837626
1741282200.Thu.Mar.06_17_30_00.GMT.2025.CACO04.c1.timex.jpg,c1,1741282200,2025-03-06T17:30:00+00:00,30.0,1.5003531276705102,6.768189509306261,139.16674325980392,10.963429760070259
1741284000.Thu.Mar.06_18_00_00.GMT.2025.CACO04.c1.timex.jpg,c1,1741284000,2025-03-06T18:00:00+00:00,0.0,1.5561443960034136,11.661807580174926,139.68363523794935,11.503736735266163
1741285800.Thu.Mar.06_18_30_00.GMT.2025.CACO04.c1.timex.jpg,c1,1741285800,2025-03-06T18:30:00+00:00,30.0,1.5561443960034136,11.661807580174926,116.82872497957516,8.225975171510054
1741287600.Thu.Mar.06_19_00_00.GMT.2025.CACO04.c1.timex.jpg,c1,1741287600,2025-03-06T19:00:00+00:00,0.0,1.5400517674249683,11.661807580174926,147.77607038909315,11.615671435019264
1741289400.Thu.Mar.06_19_30_00.GMT.2025.CACO04.c1.timex.jpg,c1,1741289400,2025-03-06T19:30:00+00:00,30.0,1.5400517674249683,11.661807580174926,131.21445440155227,8.91999510197328
1741291200.Thu.Mar.06_20_00_00.GMT.2025.CACO04.c1.timex.jpg,c1,1741291200,2025-03-06T20:00:00+00:00,0.0,1.4723186829952442,11.661807580174926,116.85217843647875,6.102899576232599
1741293000.Thu.Mar.06_20_30_00.GMT.2025.CACO04.c1.timex.jpg,c1,1741293000,2025-03-06T20:30:00+00:00,30.0,1.4723186829952442,11.661807580174926,122.71862553615196,6.431615000090109
1741294800.Thu.Mar.06_21_00_00.GMT.2025.CACO04.c1.timex.jpg,c1,1741294800,2025-03-06T21:00:00+00:00,0.0,1.443038973792561,11.661807580174926,116.80293224060458,6.707321490862167
1741296600.Thu.Mar.06_21_30_00.GMT.2025.CACO04.c1.timex.jpg,c1,1741296600,2025-03-06T21:30:00+00:00,30.0,1.443038973792561,11.661807580174926,129.42992685355392,7.571709972397724
1741298400.Thu.Mar.06_22_00_00.GMT.2025.CACO04.c1.timex.jpg,c1,1741298400,2025-03-06T22:00:00+00:00,0.0,1.456643551912191,7.142857142857142,131.19557419321896,6.114535445501713
1741300200.Thu.Mar.06_22_30_00.GMT.2025.CACO04.c1.timex.jpg,c1,1741300200,2025-03-06T22:30:00+00:00,30.0,1.456643551912191,7.142857142857142,24.02158330780229,0.9824761284620374
1741302000.Thu.Mar.06_23_00_00.GMT.2025.CACO04.c1.timex.jpg,c1,1741302000,2025-03-06T23:00:00+00:00,0.0,1.4033152544932006,8.032128514056225,0.17641952614379086,1.0711039591183888
1741303800.Thu.Mar.06_23_30_00.GMT.2025.CACO04.c1.timex.jpg,c1,1741303800,2025-03-06T23:30:00+00:00,30.0,1.4033152544932006,8.032128514056225,6.382761437908497e-06,0.00012765522875816994
1741305600.Fri.Mar.07_00_00_00.GMT.2025.CACO04.c1.timex.jpg,c1,1741305600,2025-03-07T00:00:00+00:00,0.0,1.5396271643345876,11.661807580174926,6.382761437908497e-06,0.00012765522875816994
1741307400.Fri.Mar.07_00_30_00.GMT.2025.CACO04.c1.timex.jpg,c1,1741307400,2025-03-07T00:30:00+00:00,30.0,1.5396271643345876,11.661807580174926,6.382761437908497e-06,0.00012765522875816994
1741309200.Fri.Mar.07_01_00_00.GMT.2025.CACO04.c1.timex.jpg,c1,1741309200,2025-03-07T01:00:00+00:00,0.0,1.5430892966026657,11.661807580174926,6.382761437908497e-06,0.00012765522875816994
1741311000.Fri.Mar.07_01_30_00.GMT.2025.CACO04.c1.timex.jpg,c1,1741311000,2025-03-07T01:30:00+00:00,30.0,1.5430892966026657,11.661807580174926,6.382761437908497e-06,0.00012765522875816994
1741312800.Fri.Mar.07_02_00_00.GMT.2025.CACO04.c1.timex.jpg,c1,1741312800,2025-03-07T02:00:00+00:00,0.0,1.5433675242682283,12.82051282051282,6.382761437908497e-06,0.00012765522875816994
1741314600.Fri.Mar.07_02_30_00.GMT.2025.CACO04.c1.timex.jpg,c1,1741314600,2025-03-07T02:30:00+00:00,30.0,1.5433675242682283,12.82051282051282,6.382761437908497e-06,0.00012765522875816994
1741316400.Fri.Mar.07_03_00_00.GMT.2025.CACO04.c1.timex.jpg,c1,1741316400,2025-03-07T03:00:00+00:00,0.0,1.4748006584139066,11.661807580174926,6.382761437908497e-06,0.00012765522875816994
1741347000.Fri.Mar.07_11_30_00.GMT.2025.CACO04.c1.timex.jpg,c1,1741347000,2025-03-07T11:30:00+00:00,30.0,1.4916821713325203,11.661807580174926,165.27918836805554,20.504697712051648
1741348800.Fri.Mar.07_12_00_00.GMT.2025.CACO04.c1.timex.jpg,c1,1741348800,2025-03-07T12:00:00+00:00,0.0,1.3932613100527085,12.82051282051282,149.0949818729575,65.3420515489006
1741350600.Fri.Mar.07_12_30_00.GMT.2025.CACO04.c1.timex.jpg,c1,1741350600,2025-03-07T12:30:00+00:00,30.0,1.3932613100527085,12.82051282051282,134.75396050347223,50.495786462021
1741352400.Fri.Mar.07_13_00_00.GMT.2025.CACO04.c1.timex.jpg,c1,1741352400,2025-03-07T13:00:00+00:00,0.0,1.4751035956095018,11.661807580174926,136.87505744485293,49.984186857115056
1741354200.Fri.Mar.07_13_30_00.GMT.2025.CACO04.c1.timex.jpg,c1,1741354200,2025-03-07T13:30:00+00:00,30.0,1.4751035956095018,11.661807580174926,140.34630310457516,52.640443881719406
1741356000.Fri.Mar.07_14_00_00.GMT.2025.CACO04.c1.timex.jpg,c1,1741356000,2025-03-07T14:00:00+00:00,0.0,1.3961694518225125,11.661807580174926,144.5616925806781,57.740169734782505
1741357800.Fri.Mar.07_14_30_00.GMT.2025.CACO04.c1.timex.jpg,c1,1741357800,2025-03-07T14:30:00+00:00,30.0,1.3961694518225125,11.661807580174926,147.03863485498366,66.0611765173439
1741359600.Fri.Mar.07_15_00_00.GMT.2025.CACO04.c1.timex.jpg,c1,1741359600,2025-03-07T15:00:00+00:00,0.0,1.432945988529106,11.661807580174926,146.0469452103758,67.85380130893952
1741361400.Fri.Mar.07_15_30_00.GMT.2025.CACO04.c1.timex.jpg,c1,1741361400,2025-03-07T15:30:00+00:00,30.0,1.432945988529106,11.661807580174926,147.4430434283088,59.277960170944425
1741363200.Fri.Mar.07_16_00_00.GMT.2025.CACO04.c1.timex.jpg,c1,1741363200,2025-03-07T16:00:00+00:00,0.0,1.3532082517205517,11.661807580174926,145.54654628778596,58.644922490722664
1741365000.Fri.Mar.07_16_30_00.GMT.2025.CACO04.c1.timex.jpg,c1,1741365000,2025-03-07T16:30:00+00:00,30.0,1.3532082517205517,11.661807580174926,145.82533892463235,50.37649695969711
1741366800.Fri.Mar.07_17_00_00.GMT.2025.CACO04.c1.timex.jpg,c1,1741366800,2025-03-07T17:00:00+00:00,0.0,1.4569988446443185,7.561436672967865,144.7546626072304,49.487449059823916
1741368600.Fri.Mar.07_17_30_00.GMT.2025.CACO04.c1.timex.jpg,c1,1741368600,2025-03-07T17:30:00+00:00,30.0,1.4569988446443185,7.561436672967865,145.14521101409315,47.405569905915755
1741370400.Fri.Mar.07_18_00_00.GMT.2025.CACO04.c1.timex.jpg,c1,1741370400,2025-03-07T18:00:00+00:00,0.0,1.386037733446811,11.661807580174926,144.8669194240196,42.16707853207834
1741372200.Fri.Mar.07_18_30_00.GMT.2025.CACO04.c1.timex.jpg,c1,1741372200,2025-03-07T18:30:00+00:00,30.0,1.386037733446811,11.661807580174926,156.27764373978758,34.368687499281926
1741374000.Fri.Mar.07_19_00_00.GMT.2025.CACO04.c1.timex.jpg,c1,1741374000,2025-03-07T19:00:00+00:00,0.0,1.3305831827381358,10.6951871657754,108.23644939746733,16.62809219043194
1741375800.Fri.Mar.07_19_30_00.GMT.2025.CACO04.c1.timex.jpg,c1,1741375800,2025-03-07T19:30:00+00:00,30.0,1.3305831827381358,10.6951871657754,139.0577895220588,19.46092989794177
1741377600.Fri.Mar.07_20_00_00.GMT.2025.CACO04.c1.timex.jpg,c1,1741377600,2025-03-07T20:00:00+00:00,0.0,1.2831150056852112,9.174311926605505,81.60389539930556,8.212900196198719
1741379400.Fri.Mar.07_20_30_00.GMT.2025.CACO04.c1.timex.jpg,c1,1741379400,2025-03-07T20:30:00+00:00,30.0,1.2831150056852112,9.174311926605505,128.90801164215685,21.49094831537643
1741381200.Fri.Mar.07_21_00_00.GMT.2025.CACO04.c1.timex.jpg,c1,1741381200,2025-03-07T21:00:00+00:00,0.0,1.20729502107674,10.6951871657754,104.05057061887256,13.359406538350637
1741383000.Fri.Mar.07_21_30_00.GMT.2025.CACO04.c1.timex.jpg,c1,1741383000,2025-03-07T21:30:00+00:00,30.0,1.20729502107674,10.6951871657754,94.318461499183,13.017651525931562
1741384800.Fri.Mar.07_22_00_00.GMT.2025.CACO04.c1.timex.jpg,c1,1741384800,2025-03-07T22:00:00+00:00,0.0,1.1105153602612938,10.6951871657754,90.50584660947712,12.120388098704964
1741386600.Fri.Mar.07_22_30_00.GMT.2025.CACO04.c1.timex.jpg,c1,1741386600,2025-03-07T22:30:00+00:00,30.0,1.1105153602612938,10.6951871657754,71.26723345588235,5.471777517877347
1741388400.Fri.Mar.07_23_00_00.GMT.2025.CACO04.c1.timex.jpg,c1,1741388400,2025-03-07T23:00:00+00:00,0.0,1.0471564143648953,11.661807580174926,1.3635301776960784,0.17018037633917454
1741390200.Fri.Mar.07_23_30_00.GMT.2025.CACO04.c1.timex.jpg,c1,1741390200,2025-03-07T23:30:00+00:00,30.0,1.0471564143648953,11.661807580174926,0.0,0.0
1741392000.Sat.Mar.08_00_00_00.GMT.2025.CACO04.c1.timex.jpg,c1,1741392000,2025-03-08T00:00:00+00:00,0.0,0.9896887945791508,11.661807580174926,0.0,0.0
1741393800.Sat.Mar.08_00_30_00.GMT.2025.CACO04.c1.timex.jpg,c1,1741393800,2025-03-08T00:30:00+00:00,30.0,0.9896887945791508,11.661807580174926,0.0,0.0
1741395600.Sat.Mar.08_01_00_00.GMT.2025.CACO04.c1.timex.jpg,c1,1741395600,2025-03-08T01:00:00+00:00,0.0,0.8754624385174695,11.661807580174926,0.0,0.0
1741397400.Sat.Mar.08_01_30_00.GMT.2025.CACO04.c1.timex.jpg,c1,1741397400,2025-03-08T01:30:00+00:00,30.0,0.8754624385174695,11.661807580174926,0.0,0.0
1741399200.Sat.Mar.08_02_00_00.GMT.2025.CACO04.c1.timex.jpg,c1,1741399200,2025-03-08T02:00:00+00:00,0.0,0.8316369348525445,11.661807580174926,0.0,0.0
1741401000.Sat.Mar.08_02_30_00.GMT.2025.CACO04.c1.timex.jpg,c1,1741401000,2025-03-08T02:30:00+00:00,30.0,0.8316369348525445,11.661807580174926,0.0,0.0
1741402800.Sat.Mar.08_03_00_00.GMT.2025.CACO04.c1.timex.jpg,c1,1741402800,2025-03-08T03:00:00+00:00,0.0,0.8385856071842909,11.661807580174926,0.0,0.0
1741433400.Sat.Mar.08_11_30_00.GMT.2025.CACO04.c1.timex.jpg,c1,1741433400,2025-03-08T11:30:00+00:00,30.0,0.6553218892360482,9.876543209876544,142.3719873366013,29.72986557047861
1741435200.Sat.Mar.08_12_00_00.GMT.2025.CACO04.c1.timex.jpg,c1,1741435200,2025-03-08T12:00:00+00:00,0.0,0.6059224064897564,9.876543209876544,135.3842103247549,30.557660675562154
1741437000.Sat.Mar.08_12_30_00.GMT.2025.CACO04.c1.timex.jpg,c1,1741437000,2025-03-08T12:30:00+00:00,30.0,0.6059224064897564,9.876543209876544,143.55155994689542,31.766620505415773
1741438800.Sat.Mar.08_13_00_00.GMT.2025.CACO04.c1.timex.jpg,c1,1741438800,2025-03-08T13:00:00+00:00,0.0,0.5548200735521267,10.6951871657754,143.6226288041258,25.800857294944606
1741440600.Sat.Mar.08_13_30_00.GMT.2025.CACO04.c1.timex.jpg,c1,1741440600,2025-03-08T13:30:00+00:00,30.0,0.5548200735521267,10.6951871657754,152.2666334763072,27.49276387077857
1741442400.Sat.Mar.08_14_00_00.GMT.2025.CACO04.c1.timex.jpg,c1,1741442400,2025-03-08T14:00:00+00:00,0.0,0.5656080098838518,11.661807580174926,150.36896190767973,34.89873751614613
1741444200.Sat.Mar.08_14_30_00.GMT.2025.CACO04.c1.timex.jpg,c1,1741444200,2025-03-08T14:30:00+00:00,30.0,0.5656080098838518,11.661807580174926,152.07618783190358,33.67729195664819
1741446000.Sat.Mar.08_15_00_00.GMT.2025.CACO04.c1.timex.jpg,c1,1741446000,2025-03-08T15:00:00+00:00,0.0,0.5354515124723801,10.6951871657754,140.12133310355392,27.371359135167676
1741447800.Sat.Mar.08_15_30_00.GMT.2025.CACO04.c1.timex.jpg,c1,1741447800,2025-03-08T15:30:00+00:00,30.0,0.5354515124723801,10.6951871657754,162.73111660028596,45.18793309887317
1741449600.Sat.Mar.08_16_00_00.GMT.2025.CACO04.c1.timex.jpg,c1,1741449600,2025-03-08T16:00:00+00:00,0.0,0.5103941554136424,9.876543209876544,139.94981872957516,48.251544340809055
1741451400.Sat.Mar.08_16_30_00.GMT.2025.CACO04.c1.timex.jpg,c1,1741451400,2025-03-08T16:30:00+00:00,30.0,0.5103941554136424,9.876543209876544,178.44503804125816,43.05310454090135
1741453200.Sat.Mar.08_17_00_00.GMT.2025.CACO04.c1.timex.jpg,c1,1741453200,2025-03-08T17:00:00+00:00,0.0,0.5498375650153104,12.82051282051282,143.60613255718954,42.81615385363901
1741455000.Sat.Mar.08_17_30_00.GMT.2025.CACO04.c1.timex.jpg,c1,1741455000,2025-03-08T17:30:00+00:00,30.0,0.5498375650153104,12.82051282051282,141.7633367800245,39.83204714008039
1741456800.Sat.Mar.08_18_00_00.GMT.2025.CACO04.c1.timex.jpg,c1,1741456800,2025-03-08T18:00:00+00:00,0.0,0.6749977034944128,11.661807580174926,135.2208722681781,30.446991043020745
1741458600.Sat.Mar.08_18_30_00.GMT.2025.CACO04.c1.timex.jpg,c1,1741458600,2025-03-08T18:30:00+00:00,30.0,0.6749977034944128,11.661807580174926,140.2409875408497,36.25411219928687
1741460400.Sat.Mar.08_19_00_00.GMT.2025.CACO04.c1.timex.jpg,c1,1741460400,2025-03-08T19:00:00+00:00,0.0,0.9172437478687268,4.439511653718091,132.59726371017157,28.71491701233529
1741462200.Sat.Mar.08_19_30_00.GMT.2025.CACO04.c1.timex.jpg,c1,1741462200,2025-03-08T19:30:00+00:00,30.0,0.9172437478687268,4.439511653718091,122.87901156556373,23.079637290605525
1741464000.Sat.Mar.08_20_00_00.GMT.2025.CACO04.c1.timex.jpg,c1,1741464000,2025-03-08T20:00:00+00:00,0.0,0.9339327687066088,5.148005148005149,110.25124782986111,16.76276552185732
1741465800.Sat.Mar.08_20_30_00.GMT.2025.CACO04.c1.timex.jpg,c1,1741465800,2025-03-08T20:30:00+00:00,30.0,0.9339327687066088,5.148005148005149,100.83172487745098,16.667317589536538
1741467600.Sat.Mar.08_21_00_00.GMT.2025.CACO04.c1.timex.jpg,c1,1741467600,2025-03-08T21:00:00+00:00,0.0,0.9964557579420116,4.950495049504951,95.56711154513889,17.61511306081528
1741469400.Sat.Mar.08_21_30_00.GMT.2025.CACO04.c1.timex.jpg,c1,1741469400,2025-03-08T21:30:00+00:00,30.0,0.9964557579420116,4.950495049504951,92.68843507455065,16.43927439448009
1741471200.Sat.Mar.08_22_00_00.GMT.2025.CACO04.c1.timex.jpg,c1,1741471200,2025-03-08T22:00:00+00:00,0.0,0.8906360075069942,6.768189509306261,90.55753421160131,11.950453650065809
1741473000.Sat.Mar.08_22_30_00.GMT.2025.CACO04.c1.timex.jpg,c1,1741473000,2025-03-08T22:30:00+00:00,30.0,0.8906360075069942,6.768189509306261,80.58791296466504,6.853891214519182
1741474800.Sat.Mar.08_23_00_00.GMT.2025.CACO04.c1.timex.jpg,c1,1741474800,2025-03-08T23:00:00+00:00,0.0,0.8087772667858575,4.439511653718091,1.352472043504902,0.3696225232339394
1741476600.Sat.Mar.08_23_30_00.GMT.2025.CACO04.c1.timex.jpg,c1,1741476600,2025-03-08T23:30:00+00:00,30.0,0.8087772667858575,4.439511653718091,0.0,0.0
1741478400.Sun.Mar.09_00_00_00.GMT.2025.CACO04.c1.timex.jpg,c1,1741478400,2025-03-09T00:00:00+00:00,0.0,1.1562295353909997,6.768189509306261,0.0,0.0
1741480200.Sun.Mar.09_00_30_00.GMT.2025.CACO04.c1.timex.jpg,c1,1741480200,2025-03-09T00:30:00+00:00,30.0,1.1562295353909997,6.768189509306261,0.0,0.0
1741482000.Sun.Mar.09_01_00_00.GMT.2025.CACO04.c1.timex.jpg,c1,1741482000,2025-03-09T01:00:00+00:00,0.0,1.4738597416393169,7.142857142857142,0.0,0.0
1741483800.Sun.Mar.09_01_30_00.GMT.2025.CACO04.c1.timex.jpg,c1,1741483800,2025-03-09T01:30:00+00:00,30.0,1.4738597416393169,7.142857142857142,0.0,0.0
1741485600.Sun.Mar.09_02_00_00.GMT.2025.CACO04.c1.timex.jpg,c1,1741485600,2025-03-09T02:00:00+00:00,0.0,1.351565961742877,7.142857142857142,0.0,0.0
1741487400.Sun.Mar.09_02_30_00.GMT.2025.CACO04.c1.timex.jpg,c1,1741487400,2025-03-09T02:30:00+00:00,30.0,1.351565961742877,7.142857142857142,0.0,0.0
1741489200.Sun.Mar.09_03_00_00.GMT.2025.CACO04.c1.timex.jpg,c1,1741489200,2025-03-09T03:00:00+00:00,0.0,1.2645922016347682,6.768189509306261,0.0,0.0
1741516200.Sun.Mar.09_10_30_00.GMT.2025.CACO04.c1.timex.jpg,c1,1741516200,2025-03-09T10:30:00+00:00,30.0,0.9871411480876958,6.430868167202571,8.375877629697712,0.8071797881806142
1741518000.Sun.Mar.09_11_00_00.GMT.2025.CACO04.c1.timex.jpg,c1,1741518000,2025-03-09T11:00:00+00:00,0.0,0.947245308614564,5.847953216374269,142.1991006689134,21.212898015812996
1741519800.Sun.Mar.09_11_30_00.GMT.2025.CACO04.c1.timex.jpg,c1,1741519800,2025-03-09T11:30:00+00:00,30.0,0.947245308614564,5.847953216374269,131.5537779564951,62.08168441793319
1741521600.Sun.Mar.09_12_00_00.GMT.2025.CACO04.c1.timex.jpg,c1,1741521600,2025-03-09T12:00:00+00:00,0.0,0.8246796993635644,5.594405594405594,127.10858992034314,76.06867655576627
1741523400.Sun.Mar.09_12_30_00.GMT.2025.CACO04.c1.timex.jpg,c1,1741523400,2025-03-09T12:30:00+00:00,30.0,0.8246796993635644,5.594405594405594,128.70247714971404,82.82807306061083
1741525200.Sun.Mar.09_13_00_00.GMT.2025.CACO04.c1.timex.jpg,c1,1741525200,2025-03-09T13:00:00+00:00,0.0,0.7082721750389818,5.594405594405594,131.12861264297385,78.59926477431478
1741527000.Sun.Mar.09_13_30_00.GMT.2025.CACO04.c1.timex.jpg,c1,1741527000,2025-03-09T13:30:00+00:00,30.0,0.7082721750389818,5.594405594405594,133.08254187091504,71.83239408080999
1741528800.Sun.Mar.09_14_00_00.GMT.2025.CACO04.c1.timex.jpg,c1,1741528800,2025-03-09T14:00:00+00:00,0.0,0.610326636487454,5.361930294906166,133.56550947201796,65.14211759033978
1741530600.Sun.Mar.09_14_30_00.GMT.2025.CACO04.c1.timex.jpg,c1,1741530600,2025-03-09T14:30:00+00:00,30.0,0.610326636487454,5.361930294906166,135.27490872651143,60.65880021017625
1741532400.Sun.Mar.09_15_00_00.GMT.2025.CACO04.c1.timex.jpg,c1,1741532400,2025-03-09T15:00:00+00:00,0.0,0.5845960161666517,4.950495049504951,134.620809717116,55.661923664057895
1741534200.Sun.Mar.09_15_30_00.GMT.2025.CACO04.c1.timex.jpg,c1,1741534200,2025-03-09T15:30:00+00:00,30.0,0.5845960161666517,4.950495049504951,134.00149994893792,50.75386491714648
1741536000.Sun.Mar.09_16_00_00.GMT.2025.CACO04.c1.timex.jpg,c1,1741536000,2025-03-09T16:00:00+00:00,0.0,0.4896959307033178,4.767580452920143,91.21447674121733,16.134955888546344
1741537800.Sun.Mar.09_16_30_00.GMT.2025.CACO04.c1.timex.jpg,c1,1741537800,2025-03-09T16:30:00+00:00,30.0,0.4896959307033178,4.767580452920143,128.98287505106208,37.451046674161624
1741539600.Sun.Mar.09_17_00_00.GMT.2025.CACO04.c1.timex.jpg,c1,1741539600,2025-03-09T17:00:00+00:00,0.0,0.4692491402448616,5.148005148005149,134.39950980392157,42.98374922864537
1741541400.Sun.Mar.09_17_30_00.GMT.2025.CACO04.c1.timex.jpg,c1,1741541400,2025-03-09T17:30:00+00:00,30.0,0.4692491402448616,5.148005148005149,133.3694438061683,40.065451511553924
1741543200.Sun.Mar.09_18_00_00.GMT.2025.CACO04.c1.timex.jpg,c1,1741543200,2025-03-09T18:00:00+00:00,0.0,0.4377720246612206,4.767580452920143,131.5087890625,38.09507084829834
1741545000.Sun.Mar.09_18_30_00.GMT.2025.CACO04.c1.timex.jpg,c1,1741545000,2025-03-09T18:30:00+00:00,30.0,0.4377720246612206,4.767580452920143,132.46729153901143,38.26389483303714
1741546800.Sun.Mar.09_19_00_00.GMT.2025.CACO04.c1.timex.jpg,c1,1741546800,2025-03-09T19:00:00+00:00,0.0,0.4206612467514196,11.661807580174926,130.2401673560049,30.589400146847687
1741548600.Sun.Mar.09_19_30_00.GMT.2025.CACO04.c1.timex.jpg,c1,1741548600,2025-03-09T19:30:00+00:00,30.0,0.4206612467514196,11.661807580174926,116.53779871323529,23.373777475069435
1741550400.Sun.Mar.09_20_00_00.GMT.2025.CACO04.c1.timex.jpg,c1,1741550400,2025-03-09T20:00:00+00:00,0.0,0.4373136778794017,9.876543209876544,99.209370532067,15.246467016055835
1741552200.Sun.Mar.09_20_30_00.GMT.2025.CACO04.c1.timex.jpg,c1,1741552200,2025-03-09T20:30:00+00:00,30.0,0.4373136778794017,9.876543209876544,130.50196908190358,26.858518911470306
1741554000.Sun.Mar.09_21_00_00.GMT.2025.CACO04.c1.timex.jpg,c1,1741554000,2025-03-09T21:00:00+00:00,0.0,0.4433565578833269,4.291845493562232,125.7720237183415,21.281058493690825
1741555800.Sun.Mar.09_21_30_00.GMT.2025.CACO04.c1.timex.jpg,c1,1741555800,2025-03-09T21:30:00+00:00,30.0,0.4433565578833269,4.291845493562232,135.3791615604575,20.624554996218748
1741557600.Sun.Mar.09_22_00_00.GMT.2025.CACO04.c1.timex.jpg,c1,1741557600,2025-03-09T22:00:00+00:00,0.0,0.4456878769442021,4.024144869215292,102.44926023794935,11.58571672265413
1741559400.Sun.Mar.09_22_30_00.GMT.2025.CACO04.c1.timex.jpg,c1,1741559400,2025-03-09T22:30:00+00:00,30.0,0.4456878769442021,4.024144869215292,77.27085567299837,7.872871271970866
1741561200.Sun.Mar.09_23_00_00.GMT.2025.CACO04.c1.timex.jpg,c1,1741561200,2025-03-09T23:00:00+00:00,0.0,0.4803188893195246,11.661807580174926,1.0675136591094772,0.09676904469350363
1741563000.Sun.Mar.09_23_30_00.GMT.2025.CACO04.c1.timex.jpg,c1,1741563000,2025-03-09T23:30:00+00:00,30.0,0.4803188893195246,11.661807580174926,0.0,0.0
1741564800.Mon.Mar.10_00_00_00.GMT.2025.CACO04.c1.timex.jpg,c1,1741564800,2025-03-10T00:00:00+00:00,0.0,0.3439804272040848,10.6951871657754,0.0,0.0
1741566600.Mon.Mar.10_00_30_00.GMT.2025.CACO04.c1.timex.jpg,c1,1741566600,2025-03-10T00:30:00+00:00,30.0,0.3439804272040848,10.6951871657754,0.0,0.0
1741568400.Mon.Mar.10_01_00_00.GMT.2025.CACO04.c1.timex.jpg,c1,1741568400,2025-03-10T01:00:00+00:00,0.0,0.3863393030243234,5.594405594405594,0.0,0.0
1741570200.Mon.Mar.10_01_30_00.GMT.2025.CACO04.c1.timex.jpg,c1,1741570200,2025-03-10T01:30:00+00:00,30.0,0.3863393030243234,5.594405594405594,0.0,0.0
1741572000.Mon.Mar.10_02_00_00.GMT.2025.CACO04.c1.timex.jpg,c1,1741572000,2025-03-10T02:00:00+00:00,0.0,0.3543378549806657,9.174311926605505,0.0,0.0
1741602600.Mon.Mar.10_10_30_00.GMT.2025.CACO04.c1.timex.jpg,c1,1741602600,2025-03-10T10:30:00+00:00,30.0,0.4622844737621041,10.6951871657754,0.389575035743464,1.605596370966718
1741604400.Mon.Mar.10_11_00_00.GMT.2025.CACO04.c1.timex.jpg,c1,1741604400,2025-03-10T11:00:00+00:00,0.0,0.487296749085456,10.6951871657754,20.812790415645424,1.5133527367651463
1741606200.Mon.Mar.10_11_30_00.GMT.2025.CACO04.c1.timex.jpg,c1,1741606200,2025-03-10T11:30:00+00:00,30.0,0.487296749085456,10.6951871657754,177.9618949142157,32.44161686710283
1741608000.Mon.Mar.10_12_00_00.GMT.2025.CACO04.c1.timex.jpg,c1,1741608000,2025-03-10T12:00:00+00:00,0.0,0.4620333533361208,9.876543209876544,126.1425940819036,62.49797548724848
1741609800.Mon.Mar.10_12_30_00.GMT.2025.CACO04.c1.timex.jpg,c1,1741609800,2025-03-10T12:30:00+00:00,30.0,0.4620333533361208,9.876543209876544,155.0951446333742,104.2472474326633
1741611600.Mon.Mar.10_13_00_00.GMT.2025.CACO04.c1.timex.jpg,c1,1741611600,2025-03-10T13:00:00+00:00,0.0,0.4636882534125244,9.174311926605505,135.786234936683,88.13824611287833
1741613400.Mon.Mar.10_13_30_00.GMT.2025.CACO04.c1.timex.jpg,c1,1741613400,2025-03-10T13:30:00+00:00,30.0,0.4636882534125244,9.174311926605505,137.04302619485293,85.16449070061341
1741615200.Mon.Mar.10_14_00_00.GMT.2025.CACO04.c1.timex.jpg,c1,1741615200,2025-03-10T14:00:00+00:00,0.0,0.4251860261039993,7.561436672967865,136.94354766646242,78.58233598920503
1741617000.Mon.Mar.10_14_30_00.GMT.2025.CACO04.c1.timex.jpg,c1,1741617000,2025-03-10T14:30:00+00:00,30.0,0.4251860261039993,7.561436672967865,136.07316559436273,72.51223881729766
1741618800.Mon.Mar.10_15_00_00.GMT.2025.CACO04.c1.timex.jpg,c1,1741618800,2025-03-10T15:00:00+00:00,0.0,0.4385093873829966,11.661807580174926,135.0299351511438,66.17087623633957
