filename,camera,epoch,time_utc,gap_minutes,wave_height_m,wave_period_s
1734714000.Fri.Dec.20_17_00_00.GMT.2024.CACO03.c2.timex.jpg,c2,1734714000,2024-12-20T17:00:00+00:00,0.0,1.7056960429168415,5.361930294906166
1734715800.Fri.Dec.20_17_30_00.GMT.2024.CACO03.c2.timex.jpg,c2,1734715800,2024-12-20T17:30:00+00:00,30.0,1.7056960429168415,5.361930294906166
1734717600.Fri.Dec.20_18_00_00.GMT.2024.CACO03.c2.timex.jpg,c2,1734717600,2024-12-20T18:00:00+00:00,0.0,1.867654657554693,5.594405594405594
1734719400.Fri.Dec.20_18_30_00.GMT.2024.CACO03.c2.timex.jpg,c2,1734719400,2024-12-20T18:30:00+00:00,30.0,1.867654657554693,5.594405594405594
1734721200.Fri.Dec.20_19_00_00.GMT.2024.CACO03.c2.timex.jpg,c2,1734721200,2024-12-20T19:00:00+00:00,0.0,1.8045321694752685,5.847953216374269
1734723000.Fri.Dec.20_19_30_00.GMT.2024.CACO03.c2.timex.jpg,c2,1734723000,2024-12-20T19:30:00+00:00,30.0,1.8045321694752685,5.847953216374269
1734724800.Fri.Dec.20_20_00_00.GMT.2024.CACO03.c2.timex.jpg,c2,1734724800,2024-12-20T20:00:00+00:00,0.0,2.005770633288943,5.847953216374269
1734726600.Fri.Dec.20_20_30_00.GMT.2024.CACO03.c2.timex.jpg,c2,1734726600,2024-12-20T20:30:00+00:00,30.0,2.005770633288943,5.847953216374269
1734728400.Fri.Dec.20_21_00_00.GMT.2024.CACO03.c2.timex.jpg,c2,1734728400,2024-12-20T21:00:00+00:00,0.0,1.788979787855596,6.125574272588055
1734730200.Fri.Dec.20_21_30_00.GMT.2024.CACO03.c2.timex.jpg,c2,1734730200,2024-12-20T21:30:00+00:00,30.0,1.788979787855596,6.125574272588055
1734732000.Fri.Dec.20_22_00_00.GMT.2024.CACO03.c2.timex.jpg,c2,1734732000,2024-12-20T22:00:00+00:00,0.0,2.261231748372885,6.430868167202571
1734733800.Fri.Dec.20_22_30_00.GMT.2024.CACO03.c2.timex.jpg,c2,1734733800,2024-12-20T22:30:00+00:00,30.0,2.261231748372885,6.430868167202571
1734735600.Fri.Dec.20_23_00_00.GMT.2024.CACO03.c2.timex.jpg,c2,1734735600,2024-12-20T23:00:00+00:00,0.0,2.3514292760576136,6.430868167202571
1734737400.Fri.Dec.20_23_30_00.GMT.2024.CACO03.c2.timex.jpg,c2,1734737400,2024-12-20T23:30:00+00:00,30.0,2.3514292760576136,6.430868167202571
1734739200.Sat.Dec.21_00_00_00.GMT.2024.CACO03.c2.timex.jpg,c2,1734739200,2024-12-21T00:00:00+00:00,0.0,2.2558205735038097,6.768189509306261
1734741000.Sat.Dec.21_00_30_00.GMT.2024.CACO03.c2.timex.jpg,c2,1734741000,2024-12-21T00:30:00+00:00,30.0,2.2558205735038097,6.768189509306261
1734742800.Sat.Dec.21_01_00_00.GMT.2024.CACO03.c2.timex.jpg,c2,1734742800,2024-12-21T01:00:00+00:00,0.0,2.33621889715579,6.430868167202571
1734744600.Sat.Dec.21_01_30_00.GMT.2024.CACO03.c2.timex.jpg,c2,1734744600,2024-12-21T01:30:00+00:00,30.0,2.33621889715579,6.430868167202571
1734746400.Sat.Dec.21_02_00_00.GMT.2024.CACO03.c2.timex.jpg,c2,1734746400,2024-12-21T02:00:00+00:00,0.0,3.168787216474514,7.561436672967865
1734748200.Sat.Dec.21_02_30_00.GMT.2024.CACO03.c2.timex.jpg,c2,1734748200,2024-12-21T02:30:00+00:00,30.0,3.168787216474514,7.561436672967865
1734750000.Sat.Dec.21_03_00_00.GMT.2024.CACO03.c2.timex.jpg,c2,1734750000,2024-12-21T03:00:00+00:00,0.0,3.558445429064601,8.032128514056225
1734780600.Sat.Dec.21_11_30_00.GMT.2024.CACO03.c2.timex.jpg,c2,1734780600,2024-12-21T11:30:00+00:00,30.0,2.6424844947975745,8.565310492505352
1734782400.Sat.Dec.21_12_00_00.GMT.2024.CACO03.c2.timex.jpg,c2,1734782400,2024-12-21T12:00:00+00:00,0.0,2.5184755204808367,8.032128514056225
1734784200.Sat.Dec.21_12_30_00.GMT.2024.CACO03.c2.timex.jpg,c2,1734784200,2024-12-21T12:30:00+00:00,30.0,2.5184755204808367,8.032128514056225
1734786000.Sat.Dec.21_13_00_00.GMT.2024.CACO03.c2.timex.jpg,c2,1734786000,2024-12-21T13:00:00+00:00,0.0,2.6093129454426447,8.565310492505352
1734787800.Sat.Dec.21_13_30_00.GMT.2024.CACO03.c2.timex.jpg,c2,1734787800,2024-12-21T13:30:00+00:00,30.0,2.6093129454426447,8.565310492505352
1734789600.Sat.Dec.21_14_00_00.GMT.2024.CACO03.c2.timex.jpg,c2,1734789600,2024-12-21T14:00:00+00:00,0.0,2.4361763734245243,9.174311926605505
1734791400.Sat.Dec.21_14_30_00.GMT.2024.CACO03.c2.timex.jpg,c2,1734791400,2024-12-21T14:30:00+00:00,30.0,2.4361763734245243,9.174311926605505
1734793200.Sat.Dec.21_15_00_00.GMT.2024.CACO03.c2.timex.jpg,c2,1734793200,2024-12-21T15:00:00+00:00,0.0,2.2499796689970992,9.174311926605505
1734795000.Sat.Dec.21_15_30_00.GMT.2024.CACO03.c2.timex.jpg,c2,1734795000,2024-12-21T15:30:00+00:00,30.0,2.2499796689970992,9.174311926605505
1734796800.Sat.Dec.21_16_00_00.GMT.2024.CACO03.c2.timex.jpg,c2,1734796800,2024-12-21T16:00:00+00:00,0.0,2.60409210140278,9.876543209876544
1734798600.Sat.Dec.21_16_30_00.GMT.2024.CACO03.c2.timex.jpg,c2,1734798600,2024-12-21T16:30:00+00:00,30.0,2.60409210140278,9.876543209876544
1734800400.Sat.Dec.21_17_00_00.GMT.2024.CACO03.c2.timex.jpg,c2,1734800400,2024-12-21T17:00:00+00:00,0.0,2.536700469448663,9.876543209876544
1734802200.Sat.Dec.21_17_30_00.GMT.2024.CACO03.c2.timex.jpg,c2,1734802200,2024-12-21T17:30:00+00:00,30.0,2.536700469448663,9.876543209876544
1734804000.Sat.Dec.21_18_00_00.GMT.2024.CACO03.c2.timex.jpg,c2,1734804000,2024-12-21T18:00:00+00:00,0.0,2.3530167969135083,9.174311926605505
1734805800.Sat.Dec.21_18_30_00.GMT.2024.CACO03.c2.timex.jpg,c2,1734805800,2024-12-21T18:30:00+00:00,30.0,2.3530167969135083,9.174311926605505
1734807600.Sat.Dec.21_19_00_00.GMT.2024.CACO03.c2.timex.jpg,c2,1734807600,2024-12-21T19:00:00+00:00,0.0,2.494646921430264,9.876543209876544
1734809400.Sat.Dec.21_19_30_00.GMT.2024.CACO03.c2.timex.jpg,c2,1734809400,2024-12-21T19:30:00+00:00,30.0,2.494646921430264,9.876543209876544
1734811200.Sat.Dec.21_20_00_00.GMT.2024.CACO03.c2.timex.jpg,c2,1734811200,2024-12-21T20:00:00+00:00,0.0,2.47646714932627,9.876543209876544
1734813000.Sat.Dec.21_20_30_00.GMT.2024.CACO03.c2.timex.jpg,c2,1734813000,2024-12-21T20:30:00+00:00,30.0,2.47646714932627,9.876543209876544
1734814800.Sat.Dec.21_21_00_00.GMT.2024.CACO03.c2.timex.jpg,c2,1734814800,2024-12-21T21:00:00+00:00,0.0,2.276186061832987,9.876543209876544
1734816600.Sat.Dec.21_21_30_00.GMT.2024.CACO03.c2.timex.jpg,c2,1734816600,2024-12-21T21:30:00+00:00,30.0,2.276186061832987,9.876543209876544
1734818400.Sat.Dec.21_22_00_00.GMT.2024.CACO03.c2.timex.jpg,c2,1734818400,2024-12-21T22:00:00+00:00,0.0,2.459542740114164,9.876543209876544
1734820200.Sat.Dec.21_22_30_00.GMT.2024.CACO03.c2.timex.jpg,c2,1734820200,2024-12-21T22:30:00+00:00,30.0,2.459542740114164,9.876543209876544
1734822000.Sat.Dec.21_23_00_00.GMT.2024.CACO03.c2.timex.jpg,c2,1734822000,2024-12-21T23:00:00+00:00,0.0,2.043481619292137,9.876543209876544
1734823800.Sat.Dec.21_23_30_00.GMT.2024.CACO03.c2.timex.jpg,c2,1734823800,2024-12-21T23:30:00+00:00,30.0,2.043481619292137,9.876543209876544
1734825600.Sun.Dec.22_00_00_00.GMT.2024.CACO03.c2.timex.jpg,c2,1734825600,2024-12-22T00:00:00+00:00,0.0,2.0032461640507875,9.876543209876544
1734827400.Sun.Dec.22_00_30_00.GMT.2024.CACO03.c2.timex.jpg,c2,1734827400,2024-12-22T00:30:00+00:00,30.0,2.0032461640507875,9.876543209876544
1734829200.Sun.Dec.22_01_00_00.GMT.2024.CACO03.c2.timex.jpg,c2,1734829200,2024-12-22T01:00:00+00:00,0.0,1.839295443101572,9.876543209876544
1734831000.Sun.Dec.22_01_30_00.GMT.2024.CACO03.c2.timex.jpg,c2,1734831000,2024-12-22T01:30:00+00:00,30.0,1.839295443101572,9.876543209876544
1734832800.Sun.Dec.22_02_00_00.GMT.2024.CACO03.c2.timex.jpg,c2,1734832800,2024-12-22T02:00:00+00:00,0.0,1.8723555674260135,9.174311926605505
1734834600.Sun.Dec.22_02_30_00.GMT.2024.CACO03.c2.timex.jpg,c2,1734834600,2024-12-22T02:30:00+00:00,30.0,1.8723555674260135,9.174311926605505
1734836400.Sun.Dec.22_03_00_00.GMT.2024.CACO03.c2.timex.jpg,c2,1734836400,2024-12-22T03:00:00+00:00,0.0,1.743521706264629,9.876543209876544
1734867000.Sun.Dec.22_11_30_00.GMT.2024.CACO03.c2.timex.jpg,c2,1734867000,2024-12-22T11:30:00+00:00,30.0,1.496807652158733,6.125574272588055
1734868800.Sun.Dec.22_12_00_00.GMT.2024.CACO03.c2.timex.jpg,c2,1734868800,2024-12-22T12:00:00+00:00,0.0,1.4543482187286665,6.430868167202571
1734870600.Sun.Dec.22_12_30_00.GMT.2024.CACO03.c2.timex.jpg,c2,1734870600,2024-12-22T12:30:00+00:00,30.0,1.4543482187286665,6.430868167202571
1734872400.Sun.Dec.22_13_00_00.GMT.2024.CACO03.c2.timex.jpg,c2,1734872400,2024-12-22T13:00:00+00:00,0.0,1.196132628489984,6.125574272588055
1734874200.Sun.Dec.22_13_30_00.GMT.2024.CACO03.c2.timex.jpg,c2,1734874200,2024-12-22T13:30:00+00:00,30.0,1.196132628489984,6.125574272588055
1734876000.Sun.Dec.22_14_00_00.GMT.2024.CACO03.c2.timex.jpg,c2,1734876000,2024-12-22T14:00:00+00:00,0.0,1.2513644956699397,6.430868167202571
1734877800.Sun.Dec.22_14_30_00.GMT.2024.CACO03.c2.timex.jpg,c2,1734877800,2024-12-22T14:30:00+00:00,30.0,1.2513644956699397,6.430868167202571
1734879600.Sun.Dec.22_15_00_00.GMT.2024.CACO03.c2.timex.jpg,c2,1734879600,2024-12-22T15:00:00+00:00,0.0,1.1499970566520037,5.847953216374269
1734881400.Sun.Dec.22_15_30_00.GMT.2024.CACO03.c2.timex.jpg,c2,1734881400,2024-12-22T15:30:00+00:00,30.0,1.1499970566520037,5.847953216374269
1734883200.Sun.Dec.22_16_00_00.GMT.2024.CACO03.c2.timex.jpg,c2,1734883200,2024-12-22T16:00:00+00:00,0.0,1.1739225686127075,6.430868167202571
1734885000.Sun.Dec.22_16_30_00.GMT.2024.CACO03.c2.timex.jpg,c2,1734885000,2024-12-22T16:30:00+00:00,30.0,1.1739225686127075,6.430868167202571
1734886800.Sun.Dec.22_17_00_00.GMT.2024.CACO03.c2.timex.jpg,c2,1734886800,2024-12-22T17:00:00+00:00,0.0,1.3470535327253024,5.847953216374269
1734888600.Sun.Dec.22_17_30_00.GMT.2024.CACO03.c2.timex.jpg,c2,1734888600,2024-12-22T17:30:00+00:00,30.0,1.3470535327253024,5.847953216374269
1734890400.Sun.Dec.22_18_00_00.GMT.2024.CACO03.c2.timex.jpg,c2,1734890400,2024-12-22T18:00:00+00:00,0.0,1.3101636524460094,6.125574272588055
1734892200.Sun.Dec.22_18_30_00.GMT.2024.CACO03.c2.timex.jpg,c2,1734892200,2024-12-22T18:30:00+00:00,30.0,1.3101636524460094,6.125574272588055
1734894000.Sun.Dec.22_19_00_00.GMT.2024.CACO03.c2.timex.jpg,c2,1734894000,2024-12-22T19:00:00+00:00,0.0,1.4991309714061316,6.430868167202571
1734895800.Sun.Dec.22_19_30_00.GMT.2024.CACO03.c2.timex.jpg,c2,1734895800,2024-12-22T19:30:00+00:00,30.0,1.4991309714061316,6.430868167202571
1734897600.Sun.Dec.22_20_00_00.GMT.2024.CACO03.c2.timex.jpg,c2,1734897600,2024-12-22T20:00:00+00:00,0.0,1.526734125417642,6.430868167202571
1734899400.Sun.Dec.22_20_30_00.GMT.2024.CACO03.c2.timex.jpg,c2,1734899400,2024-12-22T20:30:00+00:00,30.0,1.526734125417642,6.430868167202571
1734901200.Sun.Dec.22_21_00_00.GMT.2024.CACO03.c2.timex.jpg,c2,1734901200,2024-12-22T21:00:00+00:00,0.0,1.3069023254798438,6.125574272588055
1734903000.Sun.Dec.22_21_30_00.GMT.2024.CACO03.c2.timex.jpg,c2,1734903000,2024-12-22T21:30:00+00:00,30.0,1.3069023254798438,6.125574272588055
1734904800.Sun.Dec.22_22_00_00.GMT.2024.CACO03.c2.timex.jpg,c2,1734904800,2024-12-22T22:00:00+00:00,0.0,1.3377227669693033,5.847953216374269
1734906600.Sun.Dec.22_22_30_00.GMT.2024.CACO03.c2.timex.jpg,c2,1734906600,2024-12-22T22:30:00+00:00,30.0,1.3377227669693033,5.847953216374269
1734908400.Sun.Dec.22_23_00_00.GMT.2024.CACO03.c2.timex.jpg,c2,1734908400,2024-12-22T23:00:00+00:00,0.0,1.475265920896221,6.125574272588055
1734910200.Sun.Dec.22_23_30_00.GMT.2024.CACO03.c2.timex.jpg,c2,1734910200,2024-12-22T23:30:00+00:00,30.0,1.475265920896221,6.125574272588055
1734912000.Mon.Dec.23_00_00_00.GMT.2024.CACO03.c2.timex.jpg,c2,1734912000,2024-12-23T00:00:00+00:00,0.0,1.371666007610766,5.847953216374269
1734913800.Mon.Dec.23_00_30_00.GMT.2024.CACO03.c2.timex.jpg,c2,1734913800,2024-12-23T00:30:00+00:00,30.0,1.371666007610766,5.847953216374269
1734915600.Mon.Dec.23_01_00_00.GMT.2024.CACO03.c2.timex.jpg,c2,1734915600,2024-12-23T01:00:00+00:00,0.0,1.5972587291393148,5.847953216374269
1734917400.Mon.Dec.23_01_30_00.GMT.2024.CACO03.c2.timex.jpg,c2,1734917400,2024-12-23T01:30:00+00:00,30.0,1.5972587291393148,5.847953216374269
1734919200.Mon.Dec.23_02_00_00.GMT.2024.CACO03.c2.timex.jpg,c2,1734919200,2024-12-23T02:00:00+00:00,0.0,1.476101929949365,5.361930294906166
1734921000.Mon.Dec.23_02_30_00.GMT.2024.CACO03.c2.timex.jpg,c2,1734921000,2024-12-23T02:30:00+00:00,30.0,1.476101929949365,5.361930294906166
1734922800.Mon.Dec.23_03_00_00.GMT.2024.CACO03.c2.timex.jpg,c2,1734922800,2024-12-23T03:00:00+00:00,0.0,1.3074565448869484,6.125574272588055
1734953400.Mon.Dec.23_11_30_00.GMT.2024.CACO03.c2.timex.jpg,c2,1734953400,2024-12-23T11:30:00+00:00,30.0,1.4080384620067314,6.125574272588055
1734955200.Mon.Dec.23_12_00_00.GMT.2024.CACO03.c2.timex.jpg,c2,1734955200,2024-12-23T12:00:00+00:00,0.0,1.1807897801603335,6.125574272588055
1734957000.Mon.Dec.23_12_30_00.GMT.2024.CACO03.c2.timex.jpg,c2,1734957000,2024-12-23T12:30:00+00:00,30.0,1.1807897801603335,6.125574272588055
1734958800.Mon.Dec.23_13_00_00.GMT.2024.CACO03.c2.timex.jpg,c2,1734958800,2024-12-23T13:00:00+00:00,0.0,1.0288294069655486,6.430868167202571
1734960600.Mon.Dec.23_13_30_00.GMT.2024.CACO03.c2.timex.jpg,c2,1734960600,2024-12-23T13:30:00+00:00,30.0,1.0288294069655486,6.430868167202571
1734962400.Mon.Dec.23_14_00_00.GMT.2024.CACO03.c2.timex.jpg,c2,1734962400,2024-12-23T14:00:00+00:00,0.0,0.9977376151909526,6.430868167202571
1734964200.Mon.Dec.23_14_30_00.GMT.2024.CACO03.c2.timex.jpg,c2,1734964200,2024-12-23T14:30:00+00:00,30.0,0.9977376151909526,6.430868167202571
1734966000.Mon.Dec.23_15_00_00.GMT.2024.CACO03.c2.timex.jpg,c2,1734966000,2024-12-23T15:00:00+00:00,0.0,0.8884556046118245,6.125574272588055
1734967800.Mon.Dec.23_15_30_00.GMT.2024.CACO03.c2.timex.jpg,c2,1734967800,2024-12-23T15:30:00+00:00,30.0,0.8884556046118245,6.125574272588055
1734969600.Mon.Dec.23_16_00_00.GMT.2024.CACO03.c2.timex.jpg,c2,1734969600,2024-12-23T16:00:00+00:00,0.0,0.8817621200020599,6.125574272588055
1734971400.Mon.Dec.23_16_30_00.GMT.2024.CACO03.c2.timex.jpg,c2,1734971400,2024-12-23T16:30:00+00:00,30.0,0.8817621200020599,6.125574272588055
1734973200.Mon.Dec.23_17_00_00.GMT.2024.CACO03.c2.timex.jpg,c2,1734973200,2024-12-23T17:00:00+00:00,0.0,0.823166767157438,6.125574272588055
1734975000.Mon.Dec.23_17_30_00.GMT.2024.CACO03.c2.timex.jpg,c2,1734975000,2024-12-23T17:30:00+00:00,30.0,0.823166767157438,6.125574272588055
1734976800.Mon.Dec.23_18_00_00.GMT.2024.CACO03.c2.timex.jpg,c2,1734976800,2024-12-23T18:00:00+00:00,0.0,0.9154864579447448,6.768189509306261
1734978600.Mon.Dec.23_18_30_00.GMT.2024.CACO03.c2.timex.jpg,c2,1734978600,2024-12-23T18:30:00+00:00,30.0,0.9154864579447448,6.768189509306261
1734980400.Mon.Dec.23_19_00_00.GMT.2024.CACO03.c2.timex.jpg,c2,1734980400,2024-12-23T19:00:00+00:00,0.0,0.8442606445450306,6.125574272588055
1734982200.Mon.Dec.23_19_30_00.GMT.2024.CACO03.c2.timex.jpg,c2,1734982200,2024-12-23T19:30:00+00:00,30.0,0.8442606445450306,6.125574272588055
1734984000.Mon.Dec.23_20_00_00.GMT.2024.CACO03.c2.timex.jpg,c2,1734984000,2024-12-23T20:00:00+00:00,0.0,0.8197315637883013,6.430868167202571
1734985800.Mon.Dec.23_20_30_00.GMT.2024.CACO03.c2.timex.jpg,c2,1734985800,2024-12-23T20:30:00+00:00,30.0,0.8197315637883013,6.430868167202571
1734987600.Mon.Dec.23_21_00_00.GMT.2024.CACO03.c2.timex.jpg,c2,1734987600,2024-12-23T21:00:00+00:00,0.0,0.8383313010987854,5.847953216374269
1734989400.Mon.Dec.23_21_30_00.GMT.2024.CACO03.c2.timex.jpg,c2,1734989400,2024-12-23T21:30:00+00:00,30.0,0.8383313010987854,5.847953216374269
1734991200.Mon.Dec.23_22_00_00.GMT.2024.CACO03.c2.timex.jpg,c2,1734991200,2024-12-23T22:00:00+00:00,0.0,0.7840440191864746,5.847953216374269
1734993000.Mon.Dec.23_22_30_00.GMT.2024.CACO03.c2.timex.jpg,c2,1734993000,2024-12-23T22:30:00+00:00,30.0,0.7840440191864746,5.847953216374269
1734994800.Mon.Dec.23_23_00_00.GMT.2024.CACO03.c2.timex.jpg,c2,1734994800,2024-12-23T23:00:00+00:00,0.0,0.726703134979836,5.847953216374269
1734996600.Mon.Dec.23_23_30_00.GMT.2024.CACO03.c2.timex.jpg,c2,1734996600,2024-12-23T23:30:00+00:00,30.0,0.726703134979836,5.847953216374269
1734998400.Tue.Dec.24_00_00_00.GMT.2024.CACO03.c2.timex.jpg,c2,1734998400,2024-12-24T00:00:00+00:00,0.0,0.6314693534441471,6.125574272588055
1735000200.Tue.Dec.24_00_30_00.GMT.2024.CACO03.c2.timex.jpg,c2,1735000200,2024-12-24T00:30:00+00:00,30.0,0.6314693534441471,6.125574272588055
1735002000.Tue.Dec.24_01_00_00.GMT.2024.CACO03.c2.timex.jpg,c2,1735002000,2024-12-24T01:00:00+00:00,0.0,0.6105463020762173,6.125574272588055
1735003800.Tue.Dec.24_01_30_00.GMT.2024.CACO03.c2.timex.jpg,c2,1735003800,2024-12-24T01:30:00+00:00,30.0,0.6105463020762173,6.125574272588055
1735005600.Tue.Dec.24_02_00_00.GMT.2024.CACO03.c2.timex.jpg,c2,1735005600,2024-12-24T02:00:00+00:00,0.0,0.5919995543116695,10.6951871657754
1735007400.Tue.Dec.24_02_30_00.GMT.2024.CACO03.c2.timex.jpg,c2,1735007400,2024-12-24T02:30:00+00:00,30.0,0.5919995543116695,10.6951871657754
1735009200.Tue.Dec.24_03_00_00.GMT.2024.CACO03.c2.timex.jpg,c2,1735009200,2024-12-24T03:00:00+00:00,0.0,0.5715251962410597,10.6951871657754
1735039800.Tue.Dec.24_11_30_00.GMT.2024.CACO03.c2.timex.jpg,c2,1735039800,2024-12-24T11:30:00+00:00,30.0,0.3265791321972423,10.6951871657754
1735041600.Tue.Dec.24_12_00_00.GMT.2024.CACO03.c2.timex.jpg,c2,1735041600,2024-12-24T12:00:00+00:00,0.0,0.8372879736740644,4.597701149425287
1735043400.Tue.Dec.24_12_30_00.GMT.2024.CACO03.c2.timex.jpg,c2,1735043400,2024-12-24T12:30:00+00:00,30.0,0.8372879736740644,4.597701149425287
1735045200.Tue.Dec.24_13_00_00.GMT.2024.CACO03.c2.timex.jpg,c2,1735045200,2024-12-24T13:00:00+00:00,0.0,0.5469082282251064,5.361930294906166
1735047000.Tue.Dec.24_13_30_00.GMT.2024.CACO03.c2.timex.jpg,c2,1735047000,2024-12-24T13:30:00+00:00,30.0,0.5469082282251064,5.361930294906166
1735048800.Tue.Dec.24_14_00_00.GMT.2024.CACO03.c2.timex.jpg,c2,1735048800,2024-12-24T14:00:00+00:00,0.0,0.6315541649168956,5.361930294906166
1735660800.Tue.Dec.31_16_00_00.GMT.2024.CACO03.c2.timex.jpg,c2,1735660800,2024-12-31T16:00:00+00:00,0.0,0.8142612810572183,9.876543209876544
1735662600.Tue.Dec.31_16_30_00.GMT.2024.CACO03.c2.timex.jpg,c2,1735662600,2024-12-31T16:30:00+00:00,30.0,0.8142612810572183,9.876543209876544
1735664400.Tue.Dec.31_17_00_00.GMT.2024.CACO03.c2.timex.jpg,c2,1735664400,2024-12-31T17:00:00+00:00,0.0,0.7926451682731401,9.876543209876544
1735666200.Tue.Dec.31_17_30_00.GMT.2024.CACO03.c2.timex.jpg,c2,1735666200,2024-12-31T17:30:00+00:00,30.0,0.7926451682731401,9.876543209876544
1735668000.Tue.Dec.31_18_00_00.GMT.2024.CACO03.c2.timex.jpg,c2,1735668000,2024-12-31T18:00:00+00:00,0.0,0.8416890390159183,9.876543209876544
1735669800.Tue.Dec.31_18_30_00.GMT.2024.CACO03.c2.timex.jpg,c2,1735669800,2024-12-31T18:30:00+00:00,30.0,0.8416890390159183,9.876543209876544
1735671600.Tue.Dec.31_19_00_00.GMT.2024.CACO03.c2.timex.jpg,c2,1735671600,2024-12-31T19:00:00+00:00,0.0,0.7478846545440628,9.876543209876544
1735673400.Tue.Dec.31_19_30_00.GMT.2024.CACO03.c2.timex.jpg,c2,1735673400,2024-12-31T19:30:00+00:00,30.0,0.7478846545440628,9.876543209876544
1735675200.Tue.Dec.31_20_00_00.GMT.2024.CACO03.c2.timex.jpg,c2,1735675200,2024-12-31T20:00:00+00:00,0.0,0.8801290242218033,9.876543209876544
1735677000.Tue.Dec.31_20_30_00.GMT.2024.CACO03.c2.timex.jpg,c2,1735677000,2024-12-31T20:30:00+00:00,30.0,0.8801290242218033,9.876543209876544
1735678800.Tue.Dec.31_21_00_00.GMT.2024.CACO03.c2.timex.jpg,c2,1735678800,2024-12-31T21:00:00+00:00,0.0,0.7960746696927848,9.174311926605505
1735680600.Tue.Dec.31_21_30_00.GMT.2024.CACO03.c2.timex.jpg,c2,1735680600,2024-12-31T21:30:00+00:00,30.0,0.7960746696927848,9.174311926605505
1735682400.Tue.Dec.31_22_00_00.GMT.2024.CACO03.c2.timex.jpg,c2,1735682400,2024-12-31T22:00:00+00:00,0.0,0.8189844711684222,7.561436672967865
1735684200.Tue.Dec.31_22_30_00.GMT.2024.CACO03.c2.timex.jpg,c2,1735684200,2024-12-31T22:30:00+00:00,30.0,0.8189844711684222,7.561436672967865
1735686000.Tue.Dec.31_23_00_00.GMT.2024.CACO03.c2.timex.jpg,c2,1735686000,2024-12-31T23:00:00+00:00,0.0,0.7399276382930536,9.174311926605505
1735687800.Tue.Dec.31_23_30_00.GMT.2024.CACO03.c2.timex.jpg,c2,1735687800,2024-12-31T23:30:00+00:00,30.0,0.7399276382930536,9.174311926605505
1735689600.Wed.Jan.01_00_00_00.GMT.2025.CACO03.c2.timex.jpg,c2,1735689600,2025-01-01T00:00:00+00:00,0.0,0.735999347489729,9.174311926605505
1735691400.Wed.Jan.01_00_30_00.GMT.2025.CACO03.c2.timex.jpg,c2,1735691400,2025-01-01T00:30:00+00:00,30.0,0.735999347489729,9.174311926605505
1735693200.Wed.Jan.01_01_00_00.GMT.2025.CACO03.c2.timex.jpg,c2,1735693200,2025-01-01T01:00:00+00:00,0.0,0.7072265958934302,8.565310492505352
1735695000.Wed.Jan.01_01_30_00.GMT.2025.CACO03.c2.timex.jpg,c2,1735695000,2025-01-01T01:30:00+00:00,30.0,0.7072265958934302,8.565310492505352
1735696800.Wed.Jan.01_02_00_00.GMT.2025.CACO03.c2.timex.jpg,c2,1735696800,2025-01-01T02:00:00+00:00,0.0,0.7186989767646877,8.565310492505352
1735698600.Wed.Jan.01_02_30_00.GMT.2025.CACO03.c2.timex.jpg,c2,1735698600,2025-01-01T02:30:00+00:00,30.0,0.7186989767646877,8.565310492505352
1735700400.Wed.Jan.01_03_00_00.GMT.2025.CACO03.c2.timex.jpg,c2,1735700400,2025-01-01T03:00:00+00:00,0.0,0.6231370573000944,7.561436672967865
1735731000.Wed.Jan.01_11_30_00.GMT.2025.CACO03.c2.timex.jpg,c2,1735731000,2025-01-01T11:30:00+00:00,30.0,2.2397836613320377,6.125574272588055
1735732800.Wed.Jan.01_12_00_00.GMT.2025.CACO03.c2.timex.jpg,c2,1735732800,2025-01-01T12:00:00+00:00,0.0,1.956196978155101,6.430868167202571
1735734600.Wed.Jan.01_12_30_00.GMT.2025.CACO03.c2.timex.jpg,c2,1735734600,2025-01-01T12:30:00+00:00,30.0,1.956196978155101,6.430868167202571
1735736400.Wed.Jan.01_13_00_00.GMT.2025.CACO03.c2.timex.jpg,c2,1735736400,2025-01-01T13:00:00+00:00,0.0,2.012314154841864,6.768189509306261
1735738200.Wed.Jan.01_13_30_00.GMT.2025.CACO03.c2.timex.jpg,c2,1735738200,2025-01-01T13:30:00+00:00,30.0,2.012314154841864,6.768189509306261
1735740000.Wed.Jan.01_14_00_00.GMT.2025.CACO03.c2.timex.jpg,c2,1735740000,2025-01-01T14:00:00+00:00,0.0,2.113361324064179,7.142857142857142
1735741800.Wed.Jan.01_14_30_00.GMT.2025.CACO03.c2.timex.jpg,c2,1735741800,2025-01-01T14:30:00+00:00,30.0,2.113361324064179,7.142857142857142
1735743600.Wed.Jan.01_15_00_00.GMT.2025.CACO03.c2.timex.jpg,c2,1735743600,2025-01-01T15:00:00+00:00,0.0,1.966992216351746,7.561436672967865
1735745400.Wed.Jan.01_15_30_00.GMT.2025.CACO03.c2.timex.jpg,c2,1735745400,2025-01-01T15:30:00+00:00,30.0,1.966992216351746,7.561436672967865
1735747200.Wed.Jan.01_16_00_00.GMT.2025.CACO03.c2.timex.jpg,c2,1735747200,2025-01-01T16:00:00+00:00,0.0,1.6738122102836994,6.768189509306261
1735749000.Wed.Jan.01_16_30_00.GMT.2025.CACO03.c2.timex.jpg,c2,1735749000,2025-01-01T16:30:00+00:00,30.0,1.6738122102836994,6.768189509306261
1735750800.Wed.Jan.01_17_00_00.GMT.2025.CACO03.c2.timex.jpg,c2,1735750800,2025-01-01T17:00:00+00:00,0.0,1.5320573296144864,8.565310492505352
1735752600.Wed.Jan.01_17_30_00.GMT.2025.CACO03.c2.timex.jpg,c2,1735752600,2025-01-01T17:30:00+00:00,30.0,1.5320573296144864,8.565310492505352
1735754400.Wed.Jan.01_18_00_00.GMT.2025.CACO03.c2.timex.jpg,c2,1735754400,2025-01-01T18:00:00+00:00,0.0,1.5849394965894823,8.565310492505352
1735756200.Wed.Jan.01_18_30_00.GMT.2025.CACO03.c2.timex.jpg,c2,1735756200,2025-01-01T18:30:00+00:00,30.0,1.5849394965894823,8.565310492505352
1735758000.Wed.Jan.01_19_00_00.GMT.2025.CACO03.c2.timex.jpg,c2,1735758000,2025-01-01T19:00:00+00:00,0.0,1.345785154822918,8.032128514056225
1735759800.Wed.Jan.01_19_30_00.GMT.2025.CACO03.c2.timex.jpg,c2,1735759800,2025-01-01T19:30:00+00:00,30.0,1.345785154822918,8.032128514056225
1735761600.Wed.Jan.01_20_00_00.GMT.2025.CACO03.c2.timex.jpg,c2,1735761600,2025-01-01T20:00:00+00:00,0.0,1.314015567527394,8.565310492505352
1735763400.Wed.Jan.01_20_30_00.GMT.2025.CACO03.c2.timex.jpg,c2,1735763400,2025-01-01T20:30:00+00:00,30.0,1.314015567527394,8.565310492505352
1735765200.Wed.Jan.01_21_00_00.GMT.2025.CACO03.c2.timex.jpg,c2,1735765200,2025-01-01T21:00:00+00:00,0.0,1.3139250064695251,8.032128514056225
1735767000.Wed.Jan.01_21_30_00.GMT.2025.CACO03.c2.timex.jpg,c2,1735767000,2025-01-01T21:30:00+00:00,30.0,1.3139250064695251,8.032128514056225
1735768800.Wed.Jan.01_22_00_00.GMT.2025.CACO03.c2.timex.jpg,c2,1735768800,2025-01-01T22:00:00+00:00,0.0,1.1139992960234757,8.032128514056225
1735770600.Wed.Jan.01_22_30_00.GMT.2025.CACO03.c2.timex.jpg,c2,1735770600,2025-01-01T22:30:00+00:00,30.0,1.1139992960234757,8.032128514056225
1735772400.Wed.Jan.01_23_00_00.GMT.2025.CACO03.c2.timex.jpg,c2,1735772400,2025-01-01T23:00:00+00:00,0.0,1.092333266358319,7.561436672967865
1735774200.Wed.Jan.01_23_30_00.GMT.2025.CACO03.c2.timex.jpg,c2,1735774200,2025-01-01T23:30:00+00:00,30.0,1.092333266358319,7.561436672967865
1735776000.Thu.Jan.02_00_00_00.GMT.2025.CACO03.c2.timex.jpg,c2,1735776000,2025-01-02T00:00:00+00:00,0.0,0.9982386410333348,7.561436672967865
1735777800.Thu.Jan.02_00_30_00.GMT.2025.CACO03.c2.timex.jpg,c2,1735777800,2025-01-02T00:30:00+00:00,30.0,0.9982386410333348,7.561436672967865
1735779600.Thu.Jan.02_01_00_00.GMT.2025.CACO03.c2.timex.jpg,c2,1735779600,2025-01-02T01:00:00+00:00,0.0,0.9213359253963932,7.142857142857142
1735781400.Thu.Jan.02_01_30_00.GMT.2025.CACO03.c2.timex.jpg,c2,1735781400,2025-01-02T01:30:00+00:00,30.0,0.9213359253963932,7.142857142857142
1735783200.Thu.Jan.02_02_00_00.GMT.2025.CACO03.c2.timex.jpg,c2,1735783200,2025-01-02T02:00:00+00:00,0.0,0.9454556427353428,7.561436672967865
1735785000.Thu.Jan.02_02_30_00.GMT.2025.CACO03.c2.timex.jpg,c2,1735785000,2025-01-02T02:30:00+00:00,30.0,0.9454556427353428,7.561436672967865
1735786800.Thu.Jan.02_03_00_00.GMT.2025.CACO03.c2.timex.jpg,c2,1735786800,2025-01-02T03:00:00+00:00,0.0,0.9866883954650868,7.142857142857142
1735817400.Thu.Jan.02_11_30_00.GMT.2025.CACO03.c2.timex.jpg,c2,1735817400,2025-01-02T11:30:00+00:00,30.0,0.8197226345685703,5.594405594405594
1735819200.Thu.Jan.02_12_00_00.GMT.2025.CACO03.c2.timex.jpg,c2,1735819200,2025-01-02T12:00:00+00:00,0.0,0.8402413037592642,10.6951871657754
1735821000.Thu.Jan.02_12_30_00.GMT.2025.CACO03.c2.timex.jpg,c2,1735821000,2025-01-02T12:30:00+00:00,30.0,0.8402413037592642,10.6951871657754
1735822800.Thu.Jan.02_13_00_00.GMT.2025.CACO03.c2.timex.jpg,c2,1735822800,2025-01-02T13:00:00+00:00,0.0,0.9658502840317984,6.125574272588055
1735824600.Thu.Jan.02_13_30_00.GMT.2025.CACO03.c2.timex.jpg,c2,1735824600,2025-01-02T13:30:00+00:00,30.0,0.9658502840317984,6.125574272588055
1735826400.Thu.Jan.02_14_00_00.GMT.2025.CACO03.c2.timex.jpg,c2,1735826400,2025-01-02T14:00:00+00:00,0.0,1.0480745309591517,6.768189509306261
1735828200.Thu.Jan.02_14_30_00.GMT.2025.CACO03.c2.timex.jpg,c2,1735828200,2025-01-02T14:30:00+00:00,30.0,1.0480745309591517,6.768189509306261
1735830000.Thu.Jan.02_15_00_00.GMT.2025.CACO03.c2.timex.jpg,c2,1735830000,2025-01-02T15:00:00+00:00,0.0,1.1310669237517266,6.768189509306261
1735831800.Thu.Jan.02_15_30_00.GMT.2025.CACO03.c2.timex.jpg,c2,1735831800,2025-01-02T15:30:00+00:00,30.0,1.1310669237517266,6.768189509306261
1735833600.Thu.Jan.02_16_00_00.GMT.2025.CACO03.c2.timex.jpg,c2,1735833600,2025-01-02T16:00:00+00:00,0.0,1.066436651775929,9.876543209876544
1735835400.Thu.Jan.02_16_30_00.GMT.2025.CACO03.c2.timex.jpg,c2,1735835400,2025-01-02T16:30:00+00:00,30.0,1.066436651775929,9.876543209876544
1735837200.Thu.Jan.02_17_00_00.GMT.2025.CACO03.c2.timex.jpg,c2,1735837200,2025-01-02T17:00:00+00:00,0.0,0.9794304707028192,9.876543209876544
1735839000.Thu.Jan.02_17_30_00.GMT.2025.CACO03.c2.timex.jpg,c2,1735839000,2025-01-02T17:30:00+00:00,30.0,0.9794304707028192,9.876543209876544
1735840800.Thu.Jan.02_18_00_00.GMT.2025.CACO03.c2.timex.jpg,c2,1735840800,2025-01-02T18:00:00+00:00,0.0,0.9299311496731524,9.876543209876544
1735842600.Thu.Jan.02_18_30_00.GMT.2025.CACO03.c2.timex.jpg,c2,1735842600,2025-01-02T18:30:00+00:00,30.0,0.9299311496731524,9.876543209876544
1735844400.Thu.Jan.02_19_00_00.GMT.2025.CACO03.c2.timex.jpg,c2,1735844400,2025-01-02T19:00:00+00:00,0.0,0.8292871036916283,10.6951871657754
1735846200.Thu.Jan.02_19_30_00.GMT.2025.CACO03.c2.timex.jpg,c2,1735846200,2025-01-02T19:30:00+00:00,30.0,0.8292871036916283,10.6951871657754
1735848000.Thu.Jan.02_20_00_00.GMT.2025.CACO03.c2.timex.jpg,c2,1735848000,2025-01-02T20:00:00+00:00,0.0,0.7950612010239378,10.6951871657754
1735849800.Thu.Jan.02_20_30_00.GMT.2025.CACO03.c2.timex.jpg,c2,1735849800,2025-01-02T20:30:00+00:00,30.0,0.7950612010239378,10.6951871657754
1735851600.Thu.Jan.02_21_00_00.GMT.2025.CACO03.c2.timex.jpg,c2,1735851600,2025-01-02T21:00:00+00:00,0.0,0.7007899992678751,11.661807580174926
1735853400.Thu.Jan.02_21_30_00.GMT.2025.CACO03.c2.timex.jpg,c2,1735853400,2025-01-02T21:30:00+00:00,30.0,0.7007899992678751,11.661807580174926
1735855200.Thu.Jan.02_22_00_00.GMT.2025.CACO03.c2.timex.jpg,c2,1735855200,2025-01-02T22:00:00+00:00,0.0,0.7834929395940096,12.82051282051282
1735857000.Thu.Jan.02_22_30_00.GMT.2025.CACO03.c2.timex.jpg,c2,1735857000,2025-01-02T22:30:00+00:00,30.0,0.7834929395940096,12.82051282051282
1735858800.Thu.Jan.02_23_00_00.GMT.2025.CACO03.c2.timex.jpg,c2,1735858800,2025-01-02T23:00:00+00:00,0.0,0.7446767260027052,6.430868167202571
1735860600.Thu.Jan.02_23_30_00.GMT.2025.CACO03.c2.timex.jpg,c2,1735860600,2025-01-02T23:30:00+00:00,30.0,0.7446767260027052,6.430868167202571
1735862400.Fri.Jan.03_00_00_00.GMT.2025.CACO03.c2.timex.jpg,c2,1735862400,2025-01-03T00:00:00+00:00,0.0,0.6921316435889053,6.125574272588055
1735864200.Fri.Jan.03_00_30_00.GMT.2025.CACO03.c2.timex.jpg,c2,1735864200,2025-01-03T00:30:00+00:00,30.0,0.6921316435889053,6.125574272588055
1735866000.Fri.Jan.03_01_00_00.GMT.2025.CACO03.c2.timex.jpg,c2,1735866000,2025-01-03T01:00:00+00:00,0.0,0.8107560943201134,5.361930294906166
1735867800.Fri.Jan.03_01_30_00.GMT.2025.CACO03.c2.timex.jpg,c2,1735867800,2025-01-03T01:30:00+00:00,30.0,0.8107560943201134,5.361930294906166
1735869600.Fri.Jan.03_02_00_00.GMT.2025.CACO03.c2.timex.jpg,c2,1735869600,2025-01-03T02:00:00+00:00,0.0,0.8462787015288254,5.594405594405594
1735871400.Fri.Jan.03_02_30_00.GMT.2025.CACO03.c2.timex.jpg,c2,1735871400,2025-01-03T02:30:00+00:00,30.0,0.8462787015288254,5.594405594405594
1735873200.Fri.Jan.03_03_00_00.GMT.2025.CACO03.c2.timex.jpg,c2,1735873200,2025-01-03T03:00:00+00:00,0.0,0.9129035150436916,4.767580452920143
1735903800.Fri.Jan.03_11_30_00.GMT.2025.CACO03.c2.timex.jpg,c2,1735903800,2025-01-03T11:30:00+00:00,30.0,0.6568663421189578,14.234875444839856
1735905600.Fri.Jan.03_12_00_00.GMT.2025.CACO03.c2.timex.jpg,c2,1735905600,2025-01-03T12:00:00+00:00,0.0,0.6149359841198092,12.82051282051282
1735907400.Fri.Jan.03_12_30_00.GMT.2025.CACO03.c2.timex.jpg,c2,1735907400,2025-01-03T12:30:00+00:00,30.0,0.6149359841198092,12.82051282051282
1735909200.Fri.Jan.03_13_00_00.GMT.2025.CACO03.c2.timex.jpg,c2,1735909200,2025-01-03T13:00:00+00:00,0.0,0.6316737339150257,6.125574272588055
1735911000.Fri.Jan.03_13_30_00.GMT.2025.CACO03.c2.timex.jpg,c2,1735911000,2025-01-03T13:30:00+00:00,30.0,0.6316737339150257,6.125574272588055
1735912800.Fri.Jan.03_14_00_00.GMT.2025.CACO03.c2.timex.jpg,c2,1735912800,2025-01-03T14:00:00+00:00,0.0,0.7237605877718912,6.768189509306261
1735914600.Fri.Jan.03_14_30_00.GMT.2025.CACO03.c2.timex.jpg,c2,1735914600,2025-01-03T14:30:00+00:00,30.0,0.7237605877718912,6.768189509306261
1735916400.Fri.Jan.03_15_00_00.GMT.2025.CACO03.c2.timex.jpg,c2,1735916400,2025-01-03T15:00:00+00:00,0.0,0.8184167894477185,6.430868167202571
1735918200.Fri.Jan.03_15_30_00.GMT.2025.CACO03.c2.timex.jpg,c2,1735918200,2025-01-03T15:30:00+00:00,30.0,0.8184167894477185,6.430868167202571
1735920000.Fri.Jan.03_16_00_00.GMT.2025.CACO03.c2.timex.jpg,c2,1735920000,2025-01-03T16:00:00+00:00,0.0,0.7703843263055851,5.847953216374269
1735921800.Fri.Jan.03_16_30_00.GMT.2025.CACO03.c2.timex.jpg,c2,1735921800,2025-01-03T16:30:00+00:00,30.0,0.7703843263055851,5.847953216374269
1735923600.Fri.Jan.03_17_00_00.GMT.2025.CACO03.c2.timex.jpg,c2,1735923600,2025-01-03T17:00:00+00:00,0.0,0.7505848649993951,6.125574272588055
1735925400.Fri.Jan.03_17_30_00.GMT.2025.CACO03.c2.timex.jpg,c2,1735925400,2025-01-03T17:30:00+00:00,30.0,0.7505848649993951,6.125574272588055
1735927200.Fri.Jan.03_18_00_00.GMT.2025.CACO03.c2.timex.jpg,c2,1735927200,2025-01-03T18:00:00+00:00,0.0,0.7385943721253674,6.430868167202571
1735929000.Fri.Jan.03_18_30_00.GMT.2025.CACO03.c2.timex.jpg,c2,1735929000,2025-01-03T18:30:00+00:00,30.0,0.7385943721253674,6.430868167202571
1735930800.Fri.Jan.03_19_00_00.GMT.2025.CACO03.c2.timex.jpg,c2,1735930800,2025-01-03T19:00:00+00:00,0.0,0.6984737342009845,6.125574272588055
1735932600.Fri.Jan.03_19_30_00.GMT.2025.CACO03.c2.timex.jpg,c2,1735932600,2025-01-03T19:30:00+00:00,30.0,0.6984737342009845,6.125574272588055
1735934400.Fri.Jan.03_20_00_00.GMT.2025.CACO03.c2.timex.jpg,c2,1735934400,2025-01-03T20:00:00+00:00,0.0,0.5055698258486284,6.125574272588055
1735936200.Fri.Jan.03_20_30_00.GMT.2025.CACO03.c2.timex.jpg,c2,1735936200,2025-01-03T20:30:00+00:00,30.0,0.5055698258486284,6.125574272588055
1735938000.Fri.Jan.03_21_00_00.GMT.2025.CACO03.c2.timex.jpg,c2,1735938000,2025-01-03T21:00:00+00:00,0.0,0.5233675804622396,5.361930294906166
1735939800.Fri.Jan.03_21_30_00.GMT.2025.CACO03.c2.timex.jpg,c2,1735939800,2025-01-03T21:30:00+00:00,30.0,0.5233675804622396,5.361930294906166
1735941600.Fri.Jan.03_22_00_00.GMT.2025.CACO03.c2.timex.jpg,c2,1735941600,2025-01-03T22:00:00+00:00,0.0,0.5462716618662545,16.0
1735943400.Fri.Jan.03_22_30_00.GMT.2025.CACO03.c2.timex.jpg,c2,1735943400,2025-01-03T22:30:00+00:00,30.0,0.5462716618662545,16.0
1735945200.Fri.Jan.03_23_00_00.GMT.2025.CACO03.c2.timex.jpg,c2,1735945200,2025-01-03T23:00:00+00:00,0.0,0.5145560195985338,16.0
1735947000.Fri.Jan.03_23_30_00.GMT.2025.CACO03.c2.timex.jpg,c2,1735947000,2025-01-03T23:30:00+00:00,30.0,0.5145560195985338,16.0
1735948800.Sat.Jan.04_00_00_00.GMT.2025.CACO03.c2.timex.jpg,c2,1735948800,2025-01-04T00:00:00+00:00,0.0,0.557064962197046,5.148005148005149
1735950600.Sat.Jan.04_00_30_00.GMT.2025.CACO03.c2.timex.jpg,c2,1735950600,2025-01-04T00:30:00+00:00,30.0,0.557064962197046,5.148005148005149
1735952400.Sat.Jan.04_01_00_00.GMT.2025.CACO03.c2.timex.jpg,c2,1735952400,2025-01-04T01:00:00+00:00,0.0,0.5550903561566082,14.234875444839856
1735954200.Sat.Jan.04_01_30_00.GMT.2025.CACO03.c2.timex.jpg,c2,1735954200,2025-01-04T01:30:00+00:00,30.0,0.5550903561566082,14.234875444839856
1735956000.Sat.Jan.04_02_00_00.GMT.2025.CACO03.c2.timex.jpg,c2,1735956000,2025-01-04T02:00:00+00:00,0.0,0.6399220064960215,14.234875444839856
1735957800.Sat.Jan.04_02_30_00.GMT.2025.CACO03.c2.timex.jpg,c2,1735957800,2025-01-04T02:30:00+00:00,30.0,0.6399220064960215,14.234875444839856
1735959600.Sat.Jan.04_03_00_00.GMT.2025.CACO03.c2.timex.jpg,c2,1735959600,2025-01-04T03:00:00+00:00,0.0,0.6383020274179302,14.234875444839856
1735990200.Sat.Jan.04_11_30_00.GMT.2025.CACO03.c2.timex.jpg,c2,1735990200,2025-01-04T11:30:00+00:00,30.0,0.6142366527952136,16.0
1735992000.Sat.Jan.04_12_00_00.GMT.2025.CACO03.c2.timex.jpg,c2,1735992000,2025-01-04T12:00:00+00:00,0.0,0.670637840181641,16.0
1735993800.Sat.Jan.04_12_30_00.GMT.2025.CACO03.c2.timex.jpg,c2,1735993800,2025-01-04T12:30:00+00:00,30.0,0.670637840181641,16.0
1735995600.Sat.Jan.04_13_00_00.GMT.2025.CACO03.c2.timex.jpg,c2,1735995600,2025-01-04T13:00:00+00:00,0.0,0.6384893970957962,16.0
1735997400.Sat.Jan.04_13_30_00.GMT.2025.CACO03.c2.timex.jpg,c2,1735997400,2025-01-04T13:30:00+00:00,30.0,0.6384893970957962,16.0
1735999200.Sat.Jan.04_14_00_00.GMT.2025.CACO03.c2.timex.jpg,c2,1735999200,2025-01-04T14:00:00+00:00,0.0,0.6030792510782474,14.234875444839856
1736001000.Sat.Jan.04_14_30_00.GMT.2025.CACO03.c2.timex.jpg,c2,1736001000,2025-01-04T14:30:00+00:00,30.0,0.6030792510782474,14.234875444839856
1736002800.Sat.Jan.04_15_00_00.GMT.2025.CACO03.c2.timex.jpg,c2,1736002800,2025-01-04T15:00:00+00:00,0.0,0.6128819312166128,14.234875444839856
1736004600.Sat.Jan.04_15_30_00.GMT.2025.CACO03.c2.timex.jpg,c2,1736004600,2025-01-04T15:30:00+00:00,30.0,0.6128819312166128,14.234875444839856
1736006400.Sat.Jan.04_16_00_00.GMT.2025.CACO03.c2.timex.jpg,c2,1736006400,2025-01-04T16:00:00+00:00,0.0,0.8243020802160858,16.0
1736008200.Sat.Jan.04_16_30_00.GMT.2025.CACO03.c2.timex.jpg,c2,1736008200,2025-01-04T16:30:00+00:00,30.0,0.8243020802160858,16.0
1736010000.Sat.Jan.04_17_00_00.GMT.2025.CACO03.c2.timex.jpg,c2,1736010000,2025-01-04T17:00:00+00:00,0.0,0.8910583637886821,14.234875444839856
1736011800.Sat.Jan.04_17_30_00.GMT.2025.CACO03.c2.timex.jpg,c2,1736011800,2025-01-04T17:30:00+00:00,30.0,0.8910583637886821,14.234875444839856
1736013600.Sat.Jan.04_18_00_00.GMT.2025.CACO03.c2.timex.jpg,c2,1736013600,2025-01-04T18:00:00+00:00,0.0,1.0424057023028648,14.234875444839856
1736015400.Sat.Jan.04_18_30_00.GMT.2025.CACO03.c2.timex.jpg,c2,1736015400,2025-01-04T18:30:00+00:00,30.0,1.0424057023028648,14.234875444839856
1736017200.Sat.Jan.04_19_00_00.GMT.2025.CACO03.c2.timex.jpg,c2,1736017200,2025-01-04T19:00:00+00:00,0.0,0.9632641410694622,14.234875444839856
1736019000.Sat.Jan.04_19_30_00.GMT.2025.CACO03.c2.timex.jpg,c2,1736019000,2025-01-04T19:30:00+00:00,30.0,0.9632641410694622,14.234875444839856
1736020800.Sat.Jan.04_20_00_00.GMT.2025.CACO03.c2.timex.jpg,c2,1736020800,2025-01-04T20:00:00+00:00,0.0,1.0510443390204207,6.125574272588055
1736022600.Sat.Jan.04_20_30_00.GMT.2025.CACO03.c2.timex.jpg,c2,1736022600,2025-01-04T20:30:00+00:00,30.0,1.0510443390204207,6.125574272588055
1736024400.Sat.Jan.04_21_00_00.GMT.2025.CACO03.c2.timex.jpg,c2,1736024400,2025-01-04T21:00:00+00:00,0.0,1.1133325718407554,14.234875444839856
1736026200.Sat.Jan.04_21_30_00.GMT.2025.CACO03.c2.timex.jpg,c2,1736026200,2025-01-04T21:30:00+00:00,30.0,1.1133325718407554,14.234875444839856
1736028000.Sat.Jan.04_22_00_00.GMT.2025.CACO03.c2.timex.jpg,c2,1736028000,2025-01-04T22:00:00+00:00,0.0,1.2211984766883237,14.234875444839856
1736029800.Sat.Jan.04_22_30_00.GMT.2025.CACO03.c2.timex.jpg,c2,1736029800,2025-01-04T22:30:00+00:00,30.0,1.2211984766883237,14.234875444839856
1736031600.Sat.Jan.04_23_00_00.GMT.2025.CACO03.c2.timex.jpg,c2,1736031600,2025-01-04T23:00:00+00:00,0.0,1.1041244414507572,14.234875444839856
1736033400.Sat.Jan.04_23_30_00.GMT.2025.CACO03.c2.timex.jpg,c2,1736033400,2025-01-04T23:30:00+00:00,30.0,1.1041244414507572,14.234875444839856
1736035200.Sun.Jan.05_00_00_00.GMT.2025.CACO03.c2.timex.jpg,c2,1736035200,2025-01-05T00:00:00+00:00,0.0,0.9982016248935895,5.847953216374269
1736037000.Sun.Jan.05_00_30_00.GMT.2025.CACO03.c2.timex.jpg,c2,1736037000,2025-01-05T00:30:00+00:00,30.0,0.9982016248935895,5.847953216374269
1736038800.Sun.Jan.05_01_00_00.GMT.2025.CACO03.c2.timex.jpg,c2,1736038800,2025-01-05T01:00:00+00:00,0.0,1.0992144704180689,14.234875444839856
1736040600.Sun.Jan.05_01_30_00.GMT.2025.CACO03.c2.timex.jpg,c2,1736040600,2025-01-05T01:30:00+00:00,30.0,1.0992144704180689,14.234875444839856
1736042400.Sun.Jan.05_02_00_00.GMT.2025.CACO03.c2.timex.jpg,c2,1736042400,2025-01-05T02:00:00+00:00,0.0,0.8890327107031891,14.234875444839856
1736044200.Sun.Jan.05_02_30_00.GMT.2025.CACO03.c2.timex.jpg,c2,1736044200,2025-01-05T02:30:00+00:00,30.0,0.8890327107031891,14.234875444839856
1736046000.Sun.Jan.05_03_00_00.GMT.2025.CACO03.c2.timex.jpg,c2,1736046000,2025-01-05T03:00:00+00:00,0.0,0.8630155767046583,14.234875444839856
1736076600.Sun.Jan.05_11_30_00.GMT.2025.CACO03.c2.timex.jpg,c2,1736076600,2025-01-05T11:30:00+00:00,30.0,0.733983612093875,14.234875444839856
1736078400.Sun.Jan.05_12_00_00.GMT.2025.CACO03.c2.timex.jpg,c2,1736078400,2025-01-05T12:00:00+00:00,0.0,0.880277947175354,12.82051282051282
1736080200.Sun.Jan.05_12_30_00.GMT.2025.CACO03.c2.timex.jpg,c2,1736080200,2025-01-05T12:30:00+00:00,30.0,0.880277947175354,12.82051282051282
1736082000.Sun.Jan.05_13_00_00.GMT.2025.CACO03.c2.timex.jpg,c2,1736082000,2025-01-05T13:00:00+00:00,0.0,0.8024125961663054,14.234875444839856
1736083800.Sun.Jan.05_13_30_00.GMT.2025.CACO03.c2.timex.jpg,c2,1736083800,2025-01-05T13:30:00+00:00,30.0,0.8024125961663054,14.234875444839856
1736085600.Sun.Jan.05_14_00_00.GMT.2025.CACO03.c2.timex.jpg,c2,1736085600,2025-01-05T14:00:00+00:00,0.0,0.7520365516938635,12.82051282051282
1736087400.Sun.Jan.05_14_30_00.GMT.2025.CACO03.c2.timex.jpg,c2,1736087400,2025-01-05T14:30:00+00:00,30.0,0.7520365516938635,12.82051282051282
1736089200.Sun.Jan.05_15_00_00.GMT.2025.CACO03.c2.timex.jpg,c2,1736089200,2025-01-05T15:00:00+00:00,0.0,0.7097897546061975,12.82051282051282
1736091000.Sun.Jan.05_15_30_00.GMT.2025.CACO03.c2.timex.jpg,c2,1736091000,2025-01-05T15:30:00+00:00,30.0,0.7097897546061975,12.82051282051282
1736092800.Sun.Jan.05_16_00_00.GMT.2025.CACO03.c2.timex.jpg,c2,1736092800,2025-01-05T16:00:00+00:00,0.0,0.8446601742752434,12.82051282051282
1736094600.Sun.Jan.05_16_30_00.GMT.2025.CACO03.c2.timex.jpg,c2,1736094600,2025-01-05T16:30:00+00:00,30.0,0.8446601742752434,12.82051282051282
1736096400.Sun.Jan.05_17_00_00.GMT.2025.CACO03.c2.timex.jpg,c2,1736096400,2025-01-05T17:00:00+00:00,0.0,0.947736121894833,12.82051282051282
1736098200.Sun.Jan.05_17_30_00.GMT.2025.CACO03.c2.timex.jpg,c2,1736098200,2025-01-05T17:30:00+00:00,30.0,0.947736121894833,12.82051282051282
1736100000.Sun.Jan.05_18_00_00.GMT.2025.CACO03.c2.timex.jpg,c2,1736100000,2025-01-05T18:00:00+00:00,0.0,0.971929310167826,12.82051282051282
1736101800.Sun.Jan.05_18_30_00.GMT.2025.CACO03.c2.timex.jpg,c2,1736101800,2025-01-05T18:30:00+00:00,30.0,0.971929310167826,12.82051282051282
1736103600.Sun.Jan.05_19_00_00.GMT.2025.CACO03.c2.timex.jpg,c2,1736103600,2025-01-05T19:00:00+00:00,0.0,0.9095667378647376,12.82051282051282
1736105400.Sun.Jan.05_19_30_00.GMT.2025.CACO03.c2.timex.jpg,c2,1736105400,2025-01-05T19:30:00+00:00,30.0,0.9095667378647376,12.82051282051282
1736107200.Sun.Jan.05_20_00_00.GMT.2025.CACO03.c2.timex.jpg,c2,1736107200,2025-01-05T20:00:00+00:00,0.0,0.8549062759553212,12.82051282051282
1736109000.Sun.Jan.05_20_30_00.GMT.2025.CACO03.c2.timex.jpg,c2,1736109000,2025-01-05T20:30:00+00:00,30.0,0.8549062759553212,12.82051282051282
1736110800.Sun.Jan.05_21_00_00.GMT.2025.CACO03.c2.timex.jpg,c2,1736110800,2025-01-05T21:00:00+00:00,0.0,0.7650441764570308,4.950495049504951
1736112600.Sun.Jan.05_21_30_00.GMT.2025.CACO03.c2.timex.jpg,c2,1736112600,2025-01-05T21:30:00+00:00,30.0,0.7650441764570308,4.950495049504951
1736114400.Sun.Jan.05_22_00_00.GMT.2025.CACO03.c2.timex.jpg,c2,1736114400,2025-01-05T22:00:00+00:00,0.0,0.8293386295317275,5.594405594405594
1736116200.Sun.Jan.05_22_30_00.GMT.2025.CACO03.c2.timex.jpg,c2,1736116200,2025-01-05T22:30:00+00:00,30.0,0.8293386295317275,5.594405594405594
1736118000.Sun.Jan.05_23_00_00.GMT.2025.CACO03.c2.timex.jpg,c2,1736118000,2025-01-05T23:00:00+00:00,0.0,1.0638664108204996,5.594405594405594
1736119800.Sun.Jan.05_23_30_00.GMT.2025.CACO03.c2.timex.jpg,c2,1736119800,2025-01-05T23:30:00+00:00,30.0,1.0638664108204996,5.594405594405594
1736121600.Mon.Jan.06_00_00_00.GMT.2025.CACO03.c2.timex.jpg,c2,1736121600,2025-01-06T00:00:00+00:00,0.0,1.3172906055380489,7.142857142857142
1736123400.Mon.Jan.06_00_30_00.GMT.2025.CACO03.c2.timex.jpg,c2,1736123400,2025-01-06T00:30:00+00:00,30.0,1.3172906055380489,7.142857142857142
1736125200.Mon.Jan.06_01_00_00.GMT.2025.CACO03.c2.timex.jpg,c2,1736125200,2025-01-06T01:00:00+00:00,0.0,1.575153873565501,6.768189509306261
1736127000.Mon.Jan.06_01_30_00.GMT.2025.CACO03.c2.timex.jpg,c2,1736127000,2025-01-06T01:30:00+00:00,30.0,1.575153873565501,6.768189509306261
1736128800.Mon.Jan.06_02_00_00.GMT.2025.CACO03.c2.timex.jpg,c2,1736128800,2025-01-06T02:00:00+00:00,0.0,1.6842152091704647,7.561436672967865
1736130600.Mon.Jan.06_02_30_00.GMT.2025.CACO03.c2.timex.jpg,c2,1736130600,2025-01-06T02:30:00+00:00,30.0,1.6842152091704647,7.561436672967865
1736132400.Mon.Jan.06_03_00_00.GMT.2025.CACO03.c2.timex.jpg,c2,1736132400,2025-01-06T03:00:00+00:00,0.0,1.901836494740804,8.032128514056225
1736163000.Mon.Jan.06_11_30_00.GMT.2025.CACO03.c2.timex.jpg,c2,1736163000,2025-01-06T11:30:00+00:00,30.0,1.2280296750628774,6.125574272588055
1736164800.Mon.Jan.06_12_00_00.GMT.2025.CACO03.c2.timex.jpg,c2,1736164800,2025-01-06T12:00:00+00:00,0.0,1.01606402062324,6.125574272588055
1736166600.Mon.Jan.06_12_30_00.GMT.2025.CACO03.c2.timex.jpg,c2,1736166600,2025-01-06T12:30:00+00:00,30.0,1.01606402062324,6.125574272588055
1736168400.Mon.Jan.06_13_00_00.GMT.2025.CACO03.c2.timex.jpg,c2,1736168400,2025-01-06T13:00:00+00:00,0.0,0.8101814202575665,6.125574272588055
1736170200.Mon.Jan.06_13_30_00.GMT.2025.CACO03.c2.timex.jpg,c2,1736170200,2025-01-06T13:30:00+00:00,30.0,0.8101814202575665,6.125574272588055
1736172000.Mon.Jan.06_14_00_00.GMT.2025.CACO03.c2.timex.jpg,c2,1736172000,2025-01-06T14:00:00+00:00,0.0,0.7910256699211027,5.594405594405594
1736173800.Mon.Jan.06_14_30_00.GMT.2025.CACO03.c2.timex.jpg,c2,1736173800,2025-01-06T14:30:00+00:00,30.0,0.7910256699211027,5.594405594405594
1736175600.Mon.Jan.06_15_00_00.GMT.2025.CACO03.c2.timex.jpg,c2,1736175600,2025-01-06T15:00:00+00:00,0.0,0.7975997599777421,5.847953216374269
1736177400.Mon.Jan.06_15_30_00.GMT.2025.CACO03.c2.timex.jpg,c2,1736177400,2025-01-06T15:30:00+00:00,30.0,0.7975997599777421,5.847953216374269
1736179200.Mon.Jan.06_16_00_00.GMT.2025.CACO03.c2.timex.jpg,c2,1736179200,2025-01-06T16:00:00+00:00,0.0,0.7640725822446086,5.847953216374269
1736181000.Mon.Jan.06_16_30_00.GMT.2025.CACO03.c2.timex.jpg,c2,1736181000,2025-01-06T16:30:00+00:00,30.0,0.7640725822446086,5.847953216374269
1736182800.Mon.Jan.06_17_00_00.GMT.2025.CACO03.c2.timex.jpg,c2,1736182800,2025-01-06T17:00:00+00:00,0.0,0.6928261037030463,5.594405594405594
1736184600.Mon.Jan.06_17_30_00.GMT.2025.CACO03.c2.timex.jpg,c2,1736184600,2025-01-06T17:30:00+00:00,30.0,0.6928261037030463,5.594405594405594
1736186400.Mon.Jan.06_18_00_00.GMT.2025.CACO03.c2.timex.jpg,c2,1736186400,2025-01-06T18:00:00+00:00,0.0,0.5843547652393304,5.361930294906166
1736188200.Mon.Jan.06_18_30_00.GMT.2025.CACO03.c2.timex.jpg,c2,1736188200,2025-01-06T18:30:00+00:00,30.0,0.5843547652393304,5.361930294906166
1736190000.Mon.Jan.06_19_00_00.GMT.2025.CACO03.c2.timex.jpg,c2,1736190000,2025-01-06T19:00:00+00:00,0.0,0.5347564292377827,5.361930294906166
1736191800.Mon.Jan.06_19_30_00.GMT.2025.CACO03.c2.timex.jpg,c2,1736191800,2025-01-06T19:30:00+00:00,30.0,0.5347564292377827,5.361930294906166
1736193600.Mon.Jan.06_20_00_00.GMT.2025.CACO03.c2.timex.jpg,c2,1736193600,2025-01-06T20:00:00+00:00,0.0,0.5110392838285421,5.361930294906166
1736195400.Mon.Jan.06_20_30_00.GMT.2025.CACO03.c2.timex.jpg,c2,1736195400,2025-01-06T20:30:00+00:00,30.0,0.5110392838285421,5.361930294906166
1736197200.Mon.Jan.06_21_00_00.GMT.2025.CACO03.c2.timex.jpg,c2,1736197200,2025-01-06T21:00:00+00:00,0.0,0.4619484100282072,6.125574272588055
1736199000.Mon.Jan.06_21_30_00.GMT.2025.CACO03.c2.timex.jpg,c2,1736199000,2025-01-06T21:30:00+00:00,30.0,0.4619484100282072,6.125574272588055
1736200800.Mon.Jan.06_22_00_00.GMT.2025.CACO03.c2.timex.jpg,c2,1736200800,2025-01-06T22:00:00+00:00,0.0,0.4218680987941536,5.594405594405594
1736202600.Mon.Jan.06_22_30_00.GMT.2025.CACO03.c2.timex.jpg,c2,1736202600,2025-01-06T22:30:00+00:00,30.0,0.4218680987941536,5.594405594405594
1736204400.Mon.Jan.06_23_00_00.GMT.2025.CACO03.c2.timex.jpg,c2,1736204400,2025-01-06T23:00:00+00:00,0.0,0.5684152456337173,4.597701149425287
1736206200.Mon.Jan.06_23_30_00.GMT.2025.CACO03.c2.timex.jpg,c2,1736206200,2025-01-06T23:30:00+00:00,30.0,0.5684152456337173,4.597701149425287
1736208000.Tue.Jan.07_00_00_00.GMT.2025.CACO03.c2.timex.jpg,c2,1736208000,2025-01-07T00:00:00+00:00,0.0,0.4669240205767046,5.594405594405594
1736209800.Tue.Jan.07_00_30_00.GMT.2025.CACO03.c2.timex.jpg,c2,1736209800,2025-01-07T00:30:00+00:00,30.0,0.4669240205767046,5.594405594405594
1736211600.Tue.Jan.07_01_00_00.GMT.2025.CACO03.c2.timex.jpg,c2,1736211600,2025-01-07T01:00:00+00:00,0.0,0.389779793341897,5.361930294906166
1736213400.Tue.Jan.07_01_30_00.GMT.2025.CACO03.c2.timex.jpg,c2,1736213400,2025-01-07T01:30:00+00:00,30.0,0.389779793341897,5.361930294906166
1736215200.Tue.Jan.07_02_00_00.GMT.2025.CACO03.c2.timex.jpg,c2,1736215200,2025-01-07T02:00:00+00:00,0.0,0.4136420027616795,5.361930294906166
1736217000.Tue.Jan.07_02_30_00.GMT.2025.CACO03.c2.timex.jpg,c2,1736217000,2025-01-07T02:30:00+00:00,30.0,0.4136420027616795,5.361930294906166
1736218800.Tue.Jan.07_03_00_00.GMT.2025.CACO03.c2.timex.jpg,c2,1736218800,2025-01-07T03:00:00+00:00,0.0,0.3405794793442763,5.148005148005149
1736249400.Tue.Jan.07_11_30_00.GMT.2025.CACO03.c2.timex.jpg,c2,1736249400,2025-01-07T11:30:00+00:00,30.0,1.2657441873975337,6.125574272588055
1736251200.Tue.Jan.07_12_00_00.GMT.2025.CACO03.c2.timex.jpg,c2,1736251200,2025-01-07T12:00:00+00:00,0.0,1.3218142894979663,5.847953216374269
1736253000.Tue.Jan.07_12_30_00.GMT.2025.CACO03.c2.timex.jpg,c2,1736253000,2025-01-07T12:30:00+00:00,30.0,1.3218142894979663,5.847953216374269
1736254800.Tue.Jan.07_13_00_00.GMT.2025.CACO03.c2.timex.jpg,c2,1736254800,2025-01-07T13:00:00+00:00,0.0,1.258596733344968,6.430868167202571
1736256600.Tue.Jan.07_13_30_00.GMT.2025.CACO03.c2.timex.jpg,c2,1736256600,2025-01-07T13:30:00+00:00,30.0,1.258596733344968,6.430868167202571
1736258400.Tue.Jan.07_14_00_00.GMT.2025.CACO03.c2.timex.jpg,c2,1736258400,2025-01-07T14:00:00+00:00,0.0,1.2832162063491586,6.125574272588055
1736260200.Tue.Jan.07_14_30_00.GMT.2025.CACO03.c2.timex.jpg,c2,1736260200,2025-01-07T14:30:00+00:00,30.0,1.2832162063491586,6.125574272588055
1736262000.Tue.Jan.07_15_00_00.GMT.2025.CACO03.c2.timex.jpg,c2,1736262000,2025-01-07T15:00:00+00:00,0.0,1.391984856555319,6.430868167202571
1736263800.Tue.Jan.07_15_30_00.GMT.2025.CACO03.c2.timex.jpg,c2,1736263800,2025-01-07T15:30:00+00:00,30.0,1.391984856555319,6.430868167202571
1736265600.Tue.Jan.07_16_00_00.GMT.2025.CACO03.c2.timex.jpg,c2,1736265600,2025-01-07T16:00:00+00:00,0.0,1.3343138748889856,6.768189509306261
1736267400.Tue.Jan.07_16_30_00.GMT.2025.CACO03.c2.timex.jpg,c2,1736267400,2025-01-07T16:30:00+00:00,30.0,1.3343138748889856,6.768189509306261
1736269200.Tue.Jan.07_17_00_00.GMT.2025.CACO03.c2.timex.jpg,c2,1736269200,2025-01-07T17:00:00+00:00,0.0,1.342808322470445,6.768189509306261
1736271000.Tue.Jan.07_17_30_00.GMT.2025.CACO03.c2.timex.jpg,c2,1736271000,2025-01-07T17:30:00+00:00,30.0,1.342808322470445,6.768189509306261
1736272800.Tue.Jan.07_18_00_00.GMT.2025.CACO03.c2.timex.jpg,c2,1736272800,2025-01-07T18:00:00+00:00,0.0,1.3400395349655545,6.768189509306261
1736274600.Tue.Jan.07_18_30_00.GMT.2025.CACO03.c2.timex.jpg,c2,1736274600,2025-01-07T18:30:00+00:00,30.0,1.3400395349655545,6.768189509306261
1736276400.Tue.Jan.07_19_00_00.GMT.2025.CACO03.c2.timex.jpg,c2,1736276400,2025-01-07T19:00:00+00:00,0.0,1.393981166764861,7.142857142857142
1736278200.Tue.Jan.07_19_30_00.GMT.2025.CACO03.c2.timex.jpg,c2,1736278200,2025-01-07T19:30:00+00:00,30.0,1.393981166764861,7.142857142857142
1736280000.Tue.Jan.07_20_00_00.GMT.2025.CACO03.c2.timex.jpg,c2,1736280000,2025-01-07T20:00:00+00:00,0.0,1.3678907908775195,6.768189509306261
1736281800.Tue.Jan.07_20_30_00.GMT.2025.CACO03.c2.timex.jpg,c2,1736281800,2025-01-07T20:30:00+00:00,30.0,1.3678907908775195,6.768189509306261
1736283600.Tue.Jan.07_21_00_00.GMT.2025.CACO03.c2.timex.jpg,c2,1736283600,2025-01-07T21:00:00+00:00,0.0,1.3058582370396783,5.594405594405594
1736285400.Tue.Jan.07_21_30_00.GMT.2025.CACO03.c2.timex.jpg,c2,1736285400,2025-01-07T21:30:00+00:00,30.0,1.3058582370396783,5.594405594405594
1736287200.Tue.Jan.07_22_00_00.GMT.2025.CACO03.c2.timex.jpg,c2,1736287200,2025-01-07T22:00:00+00:00,0.0,1.3810091182386015,6.768189509306261
1736289000.Tue.Jan.07_22_30_00.GMT.2025.CACO03.c2.timex.jpg,c2,1736289000,2025-01-07T22:30:00+00:00,30.0,1.3810091182386015,6.768189509306261
1736290800.Tue.Jan.07_23_00_00.GMT.2025.CACO03.c2.timex.jpg,c2,1736290800,2025-01-07T23:00:00+00:00,0.0,1.3402702329160463,7.142857142857142
1736292600.Tue.Jan.07_23_30_00.GMT.2025.CACO03.c2.timex.jpg,c2,1736292600,2025-01-07T23:30:00+00:00,30.0,1.3402702329160463,7.142857142857142
1736294400.Wed.Jan.08_00_00_00.GMT.2025.CACO03.c2.timex.jpg,c2,1736294400,2025-01-08T00:00:00+00:00,0.0,1.4933508643983118,7.142857142857142
1736296200.Wed.Jan.08_00_30_00.GMT.2025.CACO03.c2.timex.jpg,c2,1736296200,2025-01-08T00:30:00+00:00,30.0,1.4933508643983118,7.142857142857142
1736298000.Wed.Jan.08_01_00_00.GMT.2025.CACO03.c2.timex.jpg,c2,1736298000,2025-01-08T01:00:00+00:00,0.0,1.4847171689556968,7.142857142857142
1736299800.Wed.Jan.08_01_30_00.GMT.2025.CACO03.c2.timex.jpg,c2,1736299800,2025-01-08T01:30:00+00:00,30.0,1.4847171689556968,7.142857142857142
1736301600.Wed.Jan.08_02_00_00.GMT.2025.CACO03.c2.timex.jpg,c2,1736301600,2025-01-08T02:00:00+00:00,0.0,1.5543705861759347,8.565310492505352
1736303400.Wed.Jan.08_02_30_00.GMT.2025.CACO03.c2.timex.jpg,c2,1736303400,2025-01-08T02:30:00+00:00,30.0,1.5543705861759347,8.565310492505352
1736305200.Wed.Jan.08_03_00_00.GMT.2025.CACO03.c2.timex.jpg,c2,1736305200,2025-01-08T03:00:00+00:00,0.0,1.4378408064158226,7.142857142857142
1736335800.Wed.Jan.08_11_30_00.GMT.2025.CACO03.c2.timex.jpg,c2,1736335800,2025-01-08T11:30:00+00:00,30.0,1.2456004506794258,6.430868167202571
1736337600.Wed.Jan.08_12_00_00.GMT.2025.CACO03.c2.timex.jpg,c2,1736337600,2025-01-08T12:00:00+00:00,0.0,1.1836029753999082,6.430868167202571
1736339400.Wed.Jan.08_12_30_00.GMT.2025.CACO03.c2.timex.jpg,c2,1736339400,2025-01-08T12:30:00+00:00,30.0,1.1836029753999082,6.430868167202571
1736341200.Wed.Jan.08_13_00_00.GMT.2025.CACO03.c2.timex.jpg,c2,1736341200,2025-01-08T13:00:00+00:00,0.0,1.1954538771540135,6.768189509306261
1736343000.Wed.Jan.08_13_30_00.GMT.2025.CACO03.c2.timex.jpg,c2,1736343000,2025-01-08T13:30:00+00:00,30.0,1.1954538771540135,6.768189509306261
1736344800.Wed.Jan.08_14_00_00.GMT.2025.CACO03.c2.timex.jpg,c2,1736344800,2025-01-08T14:00:00+00:00,0.0,1.09706322517913,6.768189509306261
1736346600.Wed.Jan.08_14_30_00.GMT.2025.CACO03.c2.timex.jpg,c2,1736346600,2025-01-08T14:30:00+00:00,30.0,1.09706322517913,6.768189509306261
1736348400.Wed.Jan.08_15_00_00.GMT.2025.CACO03.c2.timex.jpg,c2,1736348400,2025-01-08T15:00:00+00:00,0.0,1.1189952748881011,6.430868167202571
1736350200.Wed.Jan.08_15_30_00.GMT.2025.CACO03.c2.timex.jpg,c2,1736350200,2025-01-08T15:30:00+00:00,30.0,1.1189952748881011,6.430868167202571
1736352000.Wed.Jan.08_16_00_00.GMT.2025.CACO03.c2.timex.jpg,c2,1736352000,2025-01-08T16:00:00+00:00,0.0,1.2084196054868968,6.768189509306261
1736353800.Wed.Jan.08_16_30_00.GMT.2025.CACO03.c2.timex.jpg,c2,1736353800,2025-01-08T16:30:00+00:00,30.0,1.2084196054868968,6.768189509306261
1736355600.Wed.Jan.08_17_00_00.GMT.2025.CACO03.c2.timex.jpg,c2,1736355600,2025-01-08T17:00:00+00:00,0.0,1.220373309753674,7.142857142857142
1736357400.Wed.Jan.08_17_30_00.GMT.2025.CACO03.c2.timex.jpg,c2,1736357400,2025-01-08T17:30:00+00:00,30.0,1.220373309753674,7.142857142857142
1736359200.Wed.Jan.08_18_00_00.GMT.2025.CACO03.c2.timex.jpg,c2,1736359200,2025-01-08T18:00:00+00:00,0.0,1.2294949036853302,7.561436672967865
1736361000.Wed.Jan.08_18_30_00.GMT.2025.CACO03.c2.timex.jpg,c2,1736361000,2025-01-08T18:30:00+00:00,30.0,1.2294949036853302,7.561436672967865
1736362800.Wed.Jan.08_19_00_00.GMT.2025.CACO03.c2.timex.jpg,c2,1736362800,2025-01-08T19:00:00+00:00,0.0,1.2455173610923465,7.142857142857142
1736364600.Wed.Jan.08_19_30_00.GMT.2025.CACO03.c2.timex.jpg,c2,1736364600,2025-01-08T19:30:00+00:00,30.0,1.2455173610923465,7.142857142857142
1736366400.Wed.Jan.08_20_00_00.GMT.2025.CACO03.c2.timex.jpg,c2,1736366400,2025-01-08T20:00:00+00:00,0.0,1.217440899388887,6.125574272588055
1736368200.Wed.Jan.08_20_30_00.GMT.2025.CACO03.c2.timex.jpg,c2,1736368200,2025-01-08T20:30:00+00:00,30.0,1.217440899388887,6.125574272588055
1736370000.Wed.Jan.08_21_00_00.GMT.2025.CACO03.c2.timex.jpg,c2,1736370000,2025-01-08T21:00:00+00:00,0.0,1.2989298313871274,7.142857142857142
1736371800.Wed.Jan.08_21_30_00.GMT.2025.CACO03.c2.timex.jpg,c2,1736371800,2025-01-08T21:30:00+00:00,30.0,1.2989298313871274,7.142857142857142
1736373600.Wed.Jan.08_22_00_00.GMT.2025.CACO03.c2.timex.jpg,c2,1736373600,2025-01-08T22:00:00+00:00,0.0,1.2516488982910554,6.768189509306261
1736375400.Wed.Jan.08_22_30_00.GMT.2025.CACO03.c2.timex.jpg,c2,1736375400,2025-01-08T22:30:00+00:00,30.0,1.2516488982910554,6.768189509306261
1736377200.Wed.Jan.08_23_00_00.GMT.2025.CACO03.c2.timex.jpg,c2,1736377200,2025-01-08T23:00:00+00:00,0.0,1.0925004624337098,7.142857142857142
1736379000.Wed.Jan.08_23_30_00.GMT.2025.CACO03.c2.timex.jpg,c2,1736379000,2025-01-08T23:30:00+00:00,30.0,1.0925004624337098,7.142857142857142
1736380800.Thu.Jan.09_00_00_00.GMT.2025.CACO03.c2.timex.jpg,c2,1736380800,2025-01-09T00:00:00+00:00,0.0,1.0292309253666403,6.768189509306261
1736382600.Thu.Jan.09_00_30_00.GMT.2025.CACO03.c2.timex.jpg,c2,1736382600,2025-01-09T00:30:00+00:00,30.0,1.0292309253666403,6.768189509306261
1736384400.Thu.Jan.09_01_00_00.GMT.2025.CACO03.c2.timex.jpg,c2,1736384400,2025-01-09T01:00:00+00:00,0.0,1.0179673295354057,7.142857142857142
1736386200.Thu.Jan.09_01_30_00.GMT.2025.CACO03.c2.timex.jpg,c2,1736386200,2025-01-09T01:30:00+00:00,30.0,1.0179673295354057,7.142857142857142
1736388000.Thu.Jan.09_02_00_00.GMT.2025.CACO03.c2.timex.jpg,c2,1736388000,2025-01-09T02:00:00+00:00,0.0,1.2094241311839826,6.768189509306261
1736389800.Thu.Jan.09_02_30_00.GMT.2025.CACO03.c2.timex.jpg,c2,1736389800,2025-01-09T02:30:00+00:00,30.0,1.2094241311839826,6.768189509306261
1736391600.Thu.Jan.09_03_00_00.GMT.2025.CACO03.c2.timex.jpg,c2,1736391600,2025-01-09T03:00:00+00:00,0.0,1.3445387169418297,7.142857142857142
1736422200.Thu.Jan.09_11_30_00.GMT.2025.CACO03.c2.timex.jpg,c2,1736422200,2025-01-09T11:30:00+00:00,30.0,1.3785598879627363,6.768189509306261
1736424000.Thu.Jan.09_12_00_00.GMT.2025.CACO03.c2.timex.jpg,c2,1736424000,2025-01-09T12:00:00+00:00,0.0,1.265911013501678,6.768189509306261
1736425800.Thu.Jan.09_12_30_00.GMT.2025.CACO03.c2.timex.jpg,c2,1736425800,2025-01-09T12:30:00+00:00,30.0,1.265911013501678,6.768189509306261
1736427600.Thu.Jan.09_13_00_00.GMT.2025.CACO03.c2.timex.jpg,c2,1736427600,2025-01-09T13:00:00+00:00,0.0,1.2834359032053864,6.430868167202571
1736429400.Thu.Jan.09_13_30_00.GMT.2025.CACO03.c2.timex.jpg,c2,1736429400,2025-01-09T13:30:00+00:00,30.0,1.2834359032053864,6.430868167202571
1736431200.Thu.Jan.09_14_00_00.GMT.2025.CACO03.c2.timex.jpg,c2,1736431200,2025-01-09T14:00:00+00:00,0.0,1.2439936778662448,4.291845493562232
1736433000.Thu.Jan.09_14_30_00.GMT.2025.CACO03.c2.timex.jpg,c2,1736433000,2025-01-09T14:30:00+00:00,30.0,1.2439936778662448,4.291845493562232
1736434800.Thu.Jan.09_15_00_00.GMT.2025.CACO03.c2.timex.jpg,c2,1736434800,2025-01-09T15:00:00+00:00,0.0,1.373898892103978,6.430868167202571
1736436600.Thu.Jan.09_15_30_00.GMT.2025.CACO03.c2.timex.jpg,c2,1736436600,2025-01-09T15:30:00+00:00,30.0,1.373898892103978,6.430868167202571
1736438400.Thu.Jan.09_16_00_00.GMT.2025.CACO03.c2.timex.jpg,c2,1736438400,2025-01-09T16:00:00+00:00,0.0,1.2840413841490896,7.142857142857142
1736440200.Thu.Jan.09_16_30_00.GMT.2025.CACO03.c2.timex.jpg,c2,1736440200,2025-01-09T16:30:00+00:00,30.0,1.2840413841490896,7.142857142857142
1736442000.Thu.Jan.09_17_00_00.GMT.2025.CACO03.c2.timex.jpg,c2,1736442000,2025-01-09T17:00:00+00:00,0.0,1.4678268239119432,6.430868167202571
1736443800.Thu.Jan.09_17_30_00.GMT.2025.CACO03.c2.timex.jpg,c2,1736443800,2025-01-09T17:30:00+00:00,30.0,1.4678268239119432,6.430868167202571
1736445600.Thu.Jan.09_18_00_00.GMT.2025.CACO03.c2.timex.jpg,c2,1736445600,2025-01-09T18:00:00+00:00,0.0,1.5594097833171687,7.142857142857142
1736447400.Thu.Jan.09_18_30_00.GMT.2025.CACO03.c2.timex.jpg,c2,1736447400,2025-01-09T18:30:00+00:00,30.0,1.5594097833171687,7.142857142857142
1736449200.Thu.Jan.09_19_00_00.GMT.2025.CACO03.c2.timex.jpg,c2,1736449200,2025-01-09T19:00:00+00:00,0.0,1.6929473736802314,7.142857142857142
1736451000.Thu.Jan.09_19_30_00.GMT.2025.CACO03.c2.timex.jpg,c2,1736451000,2025-01-09T19:30:00+00:00,30.0,1.6929473736802314,7.142857142857142
1736452800.Thu.Jan.09_20_00_00.GMT.2025.CACO03.c2.timex.jpg,c2,1736452800,2025-01-09T20:00:00+00:00,0.0,1.5673529770332513,6.768189509306261
1736454600.Thu.Jan.09_20_30_00.GMT.2025.CACO03.c2.timex.jpg,c2,1736454600,2025-01-09T20:30:00+00:00,30.0,1.5673529770332513,6.768189509306261
1736456400.Thu.Jan.09_21_00_00.GMT.2025.CACO03.c2.timex.jpg,c2,1736456400,2025-01-09T21:00:00+00:00,0.0,1.6664513987840377,7.142857142857142
1736458200.Thu.Jan.09_21_30_00.GMT.2025.CACO03.c2.timex.jpg,c2,1736458200,2025-01-09T21:30:00+00:00,30.0,1.6664513987840377,7.142857142857142
1736460000.Thu.Jan.09_22_00_00.GMT.2025.CACO03.c2.timex.jpg,c2,1736460000,2025-01-09T22:00:00+00:00,0.0,1.8196051445706265,7.561436672967865
1736461800.Thu.Jan.09_22_30_00.GMT.2025.CACO03.c2.timex.jpg,c2,1736461800,2025-01-09T22:30:00+00:00,30.0,1.8196051445706265,7.561436672967865
1736463600.Thu.Jan.09_23_00_00.GMT.2025.CACO03.c2.timex.jpg,c2,1736463600,2025-01-09T23:00:00+00:00,0.0,1.737512237226561,7.561436672967865
1736465400.Thu.Jan.09_23_30_00.GMT.2025.CACO03.c2.timex.jpg,c2,1736465400,2025-01-09T23:30:00+00:00,30.0,1.737512237226561,7.561436672967865
1736467200.Fri.Jan.10_00_00_00.GMT.2025.CACO03.c2.timex.jpg,c2,1736467200,2025-01-10T00:00:00+00:00,0.0,1.809231450835064,7.561436672967865
1736469000.Fri.Jan.10_00_30_00.GMT.2025.CACO03.c2.timex.jpg,c2,1736469000,2025-01-10T00:30:00+00:00,30.0,1.809231450835064,7.561436672967865
1736470800.Fri.Jan.10_01_00_00.GMT.2025.CACO03.c2.timex.jpg,c2,1736470800,2025-01-10T01:00:00+00:00,0.0,2.0094574963592,7.561436672967865
1736472600.Fri.Jan.10_01_30_00.GMT.2025.CACO03.c2.timex.jpg,c2,1736472600,2025-01-10T01:30:00+00:00,30.0,2.0094574963592,7.561436672967865
1736474400.Fri.Jan.10_02_00_00.GMT.2025.CACO03.c2.timex.jpg,c2,1736474400,2025-01-10T02:00:00+00:00,0.0,1.6915174389498129,7.561436672967865
1736476200.Fri.Jan.10_02_30_00.GMT.2025.CACO03.c2.timex.jpg,c2,1736476200,2025-01-10T02:30:00+00:00,30.0,1.6915174389498129,7.561436672967865
1736478000.Fri.Jan.10_03_00_00.GMT.2025.CACO03.c2.timex.jpg,c2,1736478000,2025-01-10T03:00:00+00:00,0.0,1.893068970518874,7.561436672967865
1736508600.Fri.Jan.10_11_30_00.GMT.2025.CACO03.c2.timex.jpg,c2,1736508600,2025-01-10T11:30:00+00:00,30.0,1.9278803476804305,7.561436672967865
1736510400.Fri.Jan.10_12_00_00.GMT.2025.CACO03.c2.timex.jpg,c2,1736510400,2025-01-10T12:00:00+00:00,0.0,1.8919215970463523,7.142857142857142
1736512200.Fri.Jan.10_12_30_00.GMT.2025.CACO03.c2.timex.jpg,c2,1736512200,2025-01-10T12:30:00+00:00,30.0,1.8919215970463523,7.142857142857142
1736514000.Fri.Jan.10_13_00_00.GMT.2025.CACO03.c2.timex.jpg,c2,1736514000,2025-01-10T13:00:00+00:00,0.0,1.590880358223346,7.142857142857142
1736515800.Fri.Jan.10_13_30_00.GMT.2025.CACO03.c2.timex.jpg,c2,1736515800,2025-01-10T13:30:00+00:00,30.0,1.590880358223346,7.142857142857142
1736517600.Fri.Jan.10_14_00_00.GMT.2025.CACO03.c2.timex.jpg,c2,1736517600,2025-01-10T14:00:00+00:00,0.0,1.6853945745418162,7.142857142857142
1736519400.Fri.Jan.10_14_30_00.GMT.2025.CACO03.c2.timex.jpg,c2,1736519400,2025-01-10T14:30:00+00:00,30.0,1.6853945745418162,7.142857142857142
1736521200.Fri.Jan.10_15_00_00.GMT.2025.CACO03.c2.timex.jpg,c2,1736521200,2025-01-10T15:00:00+00:00,0.0,1.6899172651526908,7.561436672967865
1736523000.Fri.Jan.10_15_30_00.GMT.2025.CACO03.c2.timex.jpg,c2,1736523000,2025-01-10T15:30:00+00:00,30.0,1.6899172651526908,7.561436672967865
1736524800.Fri.Jan.10_16_00_00.GMT.2025.CACO03.c2.timex.jpg,c2,1736524800,2025-01-10T16:00:00+00:00,0.0,1.5143897186450284,6.768189509306261
1736526600.Fri.Jan.10_16_30_00.GMT.2025.CACO03.c2.timex.jpg,c2,1736526600,2025-01-10T16:30:00+00:00,30.0,1.5143897186450284,6.768189509306261
1736528400.Fri.Jan.10_17_00_00.GMT.2025.CACO03.c2.timex.jpg,c2,1736528400,2025-01-10T17:00:00+00:00,0.0,1.6425065589154366,7.561436672967865
1736530200.Fri.Jan.10_17_30_00.GMT.2025.CACO03.c2.timex.jpg,c2,1736530200,2025-01-10T17:30:00+00:00,30.0,1.6425065589154366,7.561436672967865
1736532000.Fri.Jan.10_18_00_00.GMT.2025.CACO03.c2.timex.jpg,c2,1736532000,2025-01-10T18:00:00+00:00,0.0,1.2380194997755296,6.768189509306261
1736533800.Fri.Jan.10_18_30_00.GMT.2025.CACO03.c2.timex.jpg,c2,1736533800,2025-01-10T18:30:00+00:00,30.0,1.2380194997755296,6.768189509306261
1736535600.Fri.Jan.10_19_00_00.GMT.2025.CACO03.c2.timex.jpg,c2,1736535600,2025-01-10T19:00:00+00:00,0.0,1.1877265221796764,6.430868167202571
1736537400.Fri.Jan.10_19_30_00.GMT.2025.CACO03.c2.timex.jpg,c2,1736537400,2025-01-10T19:30:00+00:00,30.0,1.1877265221796764,6.430868167202571
1736539200.Fri.Jan.10_20_00_00.GMT.2025.CACO03.c2.timex.jpg,c2,1736539200,2025-01-10T20:00:00+00:00,0.0,1.08236870866382,6.768189509306261
1736541000.Fri.Jan.10_20_30_00.GMT.2025.CACO03.c2.timex.jpg,c2,1736541000,2025-01-10T20:30:00+00:00,30.0,1.08236870866382,6.768189509306261
1736542800.Fri.Jan.10_21_00_00.GMT.2025.CACO03.c2.timex.jpg,c2,1736542800,2025-01-10T21:00:00+00:00,0.0,0.9557191128569504,6.430868167202571
1736544600.Fri.Jan.10_21_30_00.GMT.2025.CACO03.c2.timex.jpg,c2,1736544600,2025-01-10T21:30:00+00:00,30.0,0.9557191128569504,6.430868167202571
1736546400.Fri.Jan.10_22_00_00.GMT.2025.CACO03.c2.timex.jpg,c2,1736546400,2025-01-10T22:00:00+00:00,0.0,0.9499445600964962,6.125574272588055
1736548200.Fri.Jan.10_22_30_00.GMT.2025.CACO03.c2.timex.jpg,c2,1736548200,2025-01-10T22:30:00+00:00,30.0,0.9499445600964962,6.125574272588055
1736550000.Fri.Jan.10_23_00_00.GMT.2025.CACO03.c2.timex.jpg,c2,1736550000,2025-01-10T23:00:00+00:00,0.0,1.1111365181594626,5.594405594405594
1736551800.Fri.Jan.10_23_30_00.GMT.2025.CACO03.c2.timex.jpg,c2,1736551800,2025-01-10T23:30:00+00:00,30.0,1.1111365181594626,5.594405594405594
1736553600.Sat.Jan.11_00_00_00.GMT.2025.CACO03.c2.timex.jpg,c2,1736553600,2025-01-11T00:00:00+00:00,0.0,1.0002860852552364,5.594405594405594
1736555400.Sat.Jan.11_00_30_00.GMT.2025.CACO03.c2.timex.jpg,c2,1736555400,2025-01-11T00:30:00+00:00,30.0,1.0002860852552364,5.594405594405594
1736557200.Sat.Jan.11_01_00_00.GMT.2025.CACO03.c2.timex.jpg,c2,1736557200,2025-01-11T01:00:00+00:00,0.0,0.8390060153745171,6.125574272588055
1736559000.Sat.Jan.11_01_30_00.GMT.2025.CACO03.c2.timex.jpg,c2,1736559000,2025-01-11T01:30:00+00:00,30.0,0.8390060153745171,6.125574272588055
1736560800.Sat.Jan.11_02_00_00.GMT.2025.CACO03.c2.timex.jpg,c2,1736560800,2025-01-11T02:00:00+00:00,0.0,0.9723262068006352,5.594405594405594
1736562600.Sat.Jan.11_02_30_00.GMT.2025.CACO03.c2.timex.jpg,c2,1736562600,2025-01-11T02:30:00+00:00,30.0,0.9723262068006352,5.594405594405594
1736564400.Sat.Jan.11_03_00_00.GMT.2025.CACO03.c2.timex.jpg,c2,1736564400,2025-01-11T03:00:00+00:00,0.0,0.8142927112284074,5.847953216374269
1736595000.Sat.Jan.11_11_30_00.GMT.2025.CACO03.c2.timex.jpg,c2,1736595000,2025-01-11T11:30:00+00:00,30.0,0.6478215690452253,5.847953216374269
1736596800.Sat.Jan.11_12_00_00.GMT.2025.CACO03.c2.timex.jpg,c2,1736596800,2025-01-11T12:00:00+00:00,0.0,0.6475198179113699,5.847953216374269
1736598600.Sat.Jan.11_12_30_00.GMT.2025.CACO03.c2.timex.jpg,c2,1736598600,2025-01-11T12:30:00+00:00,30.0,0.6475198179113699,5.847953216374269
1736600400.Sat.Jan.11_13_00_00.GMT.2025.CACO03.c2.timex.jpg,c2,1736600400,2025-01-11T13:00:00+00:00,0.0,0.6429322424518374,6.125574272588055
1736602200.Sat.Jan.11_13_30_00.GMT.2025.CACO03.c2.timex.jpg,c2,1736602200,2025-01-11T13:30:00+00:00,30.0,0.6429322424518374,6.125574272588055
1736604000.Sat.Jan.11_14_00_00.GMT.2025.CACO03.c2.timex.jpg,c2,1736604000,2025-01-11T14:00:00+00:00,0.0,0.6430375015127543,5.594405594405594
1736605800.Sat.Jan.11_14_30_00.GMT.2025.CACO03.c2.timex.jpg,c2,1736605800,2025-01-11T14:30:00+00:00,30.0,0.6430375015127543,5.594405594405594
1736607600.Sat.Jan.11_15_00_00.GMT.2025.CACO03.c2.timex.jpg,c2,1736607600,2025-01-11T15:00:00+00:00,0.0,0.6730697549369143,5.847953216374269
1736609400.Sat.Jan.11_15_30_00.GMT.2025.CACO03.c2.timex.jpg,c2,1736609400,2025-01-11T15:30:00+00:00,30.0,0.6730697549369143,5.847953216374269
1736611200.Sat.Jan.11_16_00_00.GMT.2025.CACO03.c2.timex.jpg,c2,1736611200,2025-01-11T16:00:00+00:00,0.0,0.5365475927437731,6.125574272588055
1736613000.Sat.Jan.11_16_30_00.GMT.2025.CACO03.c2.timex.jpg,c2,1736613000,2025-01-11T16:30:00+00:00,30.0,0.5365475927437731,6.125574272588055
1736614800.Sat.Jan.11_17_00_00.GMT.2025.CACO03.c2.timex.jpg,c2,1736614800,2025-01-11T17:00:00+00:00,0.0,0.5695199088507932,5.594405594405594
1736616600.Sat.Jan.11_17_30_00.GMT.2025.CACO03.c2.timex.jpg,c2,1736616600,2025-01-11T17:30:00+00:00,30.0,0.5695199088507932,5.594405594405594
1736618400.Sat.Jan.11_18_00_00.GMT.2025.CACO03.c2.timex.jpg,c2,1736618400,2025-01-11T18:00:00+00:00,0.0,0.5606847447592292,5.594405594405594
1736620200.Sat.Jan.11_18_30_00.GMT.2025.CACO03.c2.timex.jpg,c2,1736620200,2025-01-11T18:30:00+00:00,30.0,0.5606847447592292,5.594405594405594
1736622000.Sat.Jan.11_19_00_00.GMT.2025.CACO03.c2.timex.jpg,c2,1736622000,2025-01-11T19:00:00+00:00,0.0,0.573135138829951,5.847953216374269
1736623800.Sat.Jan.11_19_30_00.GMT.2025.CACO03.c2.timex.jpg,c2,1736623800,2025-01-11T19:30:00+00:00,30.0,0.573135138829951,5.847953216374269
1736625600.Sat.Jan.11_20_00_00.GMT.2025.CACO03.c2.timex.jpg,c2,1736625600,2025-01-11T20:00:00+00:00,0.0,0.5656955683893021,5.847953216374269
1736627400.Sat.Jan.11_20_30_00.GMT.2025.CACO03.c2.timex.jpg,c2,1736627400,2025-01-11T20:30:00+00:00,30.0,0.5656955683893021,5.847953216374269
1736629200.Sat.Jan.11_21_00_00.GMT.2025.CACO03.c2.timex.jpg,c2,1736629200,2025-01-11T21:00:00+00:00,0.0,0.4659268542962919,14.234875444839856
1736631000.Sat.Jan.11_21_30_00.GMT.2025.CACO03.c2.timex.jpg,c2,1736631000,2025-01-11T21:30:00+00:00,30.0,0.4659268542962919,14.234875444839856
1736632800.Sat.Jan.11_22_00_00.GMT.2025.CACO03.c2.timex.jpg,c2,1736632800,2025-01-11T22:00:00+00:00,0.0,1.079429752030733,4.291845493562232
1736634600.Sat.Jan.11_22_30_00.GMT.2025.CACO03.c2.timex.jpg,c2,1736634600,2025-01-11T22:30:00+00:00,30.0,1.079429752030733,4.291845493562232
1736636400.Sat.Jan.11_23_00_00.GMT.2025.CACO03.c2.timex.jpg,c2,1736636400,2025-01-11T23:00:00+00:00,0.0,1.441952851505741,5.148005148005149
1736638200.Sat.Jan.11_23_30_00.GMT.2025.CACO03.c2.timex.jpg,c2,1736638200,2025-01-11T23:30:00+00:00,30.0,1.441952851505741,5.148005148005149
1736640000.Sun.Jan.12_00_00_00.GMT.2025.CACO03.c2.timex.jpg,c2,1736640000,2025-01-12T00:00:00+00:00,0.0,1.7633591114482328,5.847953216374269
1736641800.Sun.Jan.12_00_30_00.GMT.2025.CACO03.c2.timex.jpg,c2,1736641800,2025-01-12T00:30:00+00:00,30.0,1.7633591114482328,5.847953216374269
1736643600.Sun.Jan.12_01_00_00.GMT.2025.CACO03.c2.timex.jpg,c2,1736643600,2025-01-12T01:00:00+00:00,0.0,1.7938766119455358,6.125574272588055
1736645400.Sun.Jan.12_01_30_00.GMT.2025.CACO03.c2.timex.jpg,c2,1736645400,2025-01-12T01:30:00+00:00,30.0,1.7938766119455358,6.125574272588055
1736647200.Sun.Jan.12_02_00_00.GMT.2025.CACO03.c2.timex.jpg,c2,1736647200,2025-01-12T02:00:00+00:00,0.0,1.656417236388091,6.125574272588055
1736649000.Sun.Jan.12_02_30_00.GMT.2025.CACO03.c2.timex.jpg,c2,1736649000,2025-01-12T02:30:00+00:00,30.0,1.656417236388091,6.125574272588055
1736650800.Sun.Jan.12_03_00_00.GMT.2025.CACO03.c2.timex.jpg,c2,1736650800,2025-01-12T03:00:00+00:00,0.0,1.678989845320513,5.847953216374269
1736681400.Sun.Jan.12_11_30_00.GMT.2025.CACO03.c2.timex.jpg,c2,1736681400,2025-01-12T11:30:00+00:00,30.0,1.82519586476416,6.430868167202571
1736683200.Sun.Jan.12_12_00_00.GMT.2025.CACO03.c2.timex.jpg,c2,1736683200,2025-01-12T12:00:00+00:00,0.0,1.8032973801028924,7.142857142857142
1736685000.Sun.Jan.12_12_30_00.GMT.2025.CACO03.c2.timex.jpg,c2,1736685000,2025-01-12T12:30:00+00:00,30.0,1.8032973801028924,7.142857142857142
1736686800.Sun.Jan.12_13_00_00.GMT.2025.CACO03.c2.timex.jpg,c2,1736686800,2025-01-12T13:00:00+00:00,0.0,1.809447270139784,6.768189509306261
1736688600.Sun.Jan.12_13_30_00.GMT.2025.CACO03.c2.timex.jpg,c2,1736688600,2025-01-12T13:30:00+00:00,30.0,1.809447270139784,6.768189509306261
1736690400.Sun.Jan.12_14_00_00.GMT.2025.CACO03.c2.timex.jpg,c2,1736690400,2025-01-12T14:00:00+00:00,0.0,1.6227027017293256,6.768189509306261
1736692200.Sun.Jan.12_14_30_00.GMT.2025.CACO03.c2.timex.jpg,c2,1736692200,2025-01-12T14:30:00+00:00,30.0,1.6227027017293256,6.768189509306261
1736694000.Sun.Jan.12_15_00_00.GMT.2025.CACO03.c2.timex.jpg,c2,1736694000,2025-01-12T15:00:00+00:00,0.0,1.5503008991187173,7.142857142857142
1736695800.Sun.Jan.12_15_30_00.GMT.2025.CACO03.c2.timex.jpg,c2,1736695800,2025-01-12T15:30:00+00:00,30.0,1.5503008991187173,7.142857142857142
1736697600.Sun.Jan.12_16_00_00.GMT.2025.CACO03.c2.timex.jpg,c2,1736697600,2025-01-12T16:00:00+00:00,0.0,1.540514602315918,6.768189509306261
1736699400.Sun.Jan.12_16_30_00.GMT.2025.CACO03.c2.timex.jpg,c2,1736699400,2025-01-12T16:30:00+00:00,30.0,1.540514602315918,6.768189509306261
1736701200.Sun.Jan.12_17_00_00.GMT.2025.CACO03.c2.timex.jpg,c2,1736701200,2025-01-12T17:00:00+00:00,0.0,1.5358772636167697,6.430868167202571
1736703000.Sun.Jan.12_17_30_00.GMT.2025.CACO03.c2.timex.jpg,c2,1736703000,2025-01-12T17:30:00+00:00,30.0,1.5358772636167697,6.430868167202571
1736704800.Sun.Jan.12_18_00_00.GMT.2025.CACO03.c2.timex.jpg,c2,1736704800,2025-01-12T18:00:00+00:00,0.0,1.3089473611479978,6.430868167202571
1736706600.Sun.Jan.12_18_30_00.GMT.2025.CACO03.c2.timex.jpg,c2,1736706600,2025-01-12T18:30:00+00:00,30.0,1.3089473611479978,6.430868167202571
1736708400.Sun.Jan.12_19_00_00.GMT.2025.CACO03.c2.timex.jpg,c2,1736708400,2025-01-12T19:00:00+00:00,0.0,1.3274176990480302,6.430868167202571
1736710200.Sun.Jan.12_19_30_00.GMT.2025.CACO03.c2.timex.jpg,c2,1736710200,2025-01-12T19:30:00+00:00,30.0,1.3274176990480302,6.430868167202571
1736712000.Sun.Jan.12_20_00_00.GMT.2025.CACO03.c2.timex.jpg,c2,1736712000,2025-01-12T20:00:00+00:00,0.0,1.3137909156543792,6.768189509306261
1736713800.Sun.Jan.12_20_30_00.GMT.2025.CACO03.c2.timex.jpg,c2,1736713800,2025-01-12T20:30:00+00:00,30.0,1.3137909156543792,6.768189509306261
1736715600.Sun.Jan.12_21_00_00.GMT.2025.CACO03.c2.timex.jpg,c2,1736715600,2025-01-12T21:00:00+00:00,0.0,1.2699261525117411,6.430868167202571
1736717400.Sun.Jan.12_21_30_00.GMT.2025.CACO03.c2.timex.jpg,c2,1736717400,2025-01-12T21:30:00+00:00,30.0,1.2699261525117411,6.430868167202571
1736719200.Sun.Jan.12_22_00_00.GMT.2025.CACO03.c2.timex.jpg,c2,1736719200,2025-01-12T22:00:00+00:00,0.0,1.3512831382763495,6.768189509306261
1736721000.Sun.Jan.12_22_30_00.GMT.2025.CACO03.c2.timex.jpg,c2,1736721000,2025-01-12T22:30:00+00:00,30.0,1.3512831382763495,6.768189509306261
1736722800.Sun.Jan.12_23_00_00.GMT.2025.CACO03.c2.timex.jpg,c2,1736722800,2025-01-12T23:00:00+00:00,0.0,1.3563363048241628,6.768189509306261
1736724600.Sun.Jan.12_23_30_00.GMT.2025.CACO03.c2.timex.jpg,c2,1736724600,2025-01-12T23:30:00+00:00,30.0,1.3563363048241628,6.768189509306261
1736726400.Mon.Jan.13_00_00_00.GMT.2025.CACO03.c2.timex.jpg,c2,1736726400,2025-01-13T00:00:00+00:00,0.0,1.2253384933208074,6.125574272588055
1736728200.Mon.Jan.13_00_30_00.GMT.2025.CACO03.c2.timex.jpg,c2,1736728200,2025-01-13T00:30:00+00:00,30.0,1.2253384933208074,6.125574272588055
1736730000.Mon.Jan.13_01_00_00.GMT.2025.CACO03.c2.timex.jpg,c2,1736730000,2025-01-13T01:00:00+00:00,0.0,1.2042004534849928,6.768189509306261
1736731800.Mon.Jan.13_01_30_00.GMT.2025.CACO03.c2.timex.jpg,c2,1736731800,2025-01-13T01:30:00+00:00,30.0,1.2042004534849928,6.768189509306261
1736733600.Mon.Jan.13_02_00_00.GMT.2025.CACO03.c2.timex.jpg,c2,1736733600,2025-01-13T02:00:00+00:00,0.0,1.1847800157872648,6.768189509306261
1736735400.Mon.Jan.13_02_30_00.GMT.2025.CACO03.c2.timex.jpg,c2,1736735400,2025-01-13T02:30:00+00:00,30.0,1.1847800157872648,6.768189509306261
1736737200.Mon.Jan.13_03_00_00.GMT.2025.CACO03.c2.timex.jpg,c2,1736737200,2025-01-13T03:00:00+00:00,0.0,1.2136449455218263,6.768189509306261
1736767800.Mon.Jan.13_11_30_00.GMT.2025.CACO03.c2.timex.jpg,c2,1736767800,2025-01-13T11:30:00+00:00,30.0,1.0963548054349743,9.876543209876544
1736769600.Mon.Jan.13_12_00_00.GMT.2025.CACO03.c2.timex.jpg,c2,1736769600,2025-01-13T12:00:00+00:00,0.0,1.2808188151763429,9.876543209876544
1736771400.Mon.Jan.13_12_30_00.GMT.2025.CACO03.c2.timex.jpg,c2,1736771400,2025-01-13T12:30:00+00:00,30.0,1.2808188151763429,9.876543209876544
1736773200.Mon.Jan.13_13_00_00.GMT.2025.CACO03.c2.timex.jpg,c2,1736773200,2025-01-13T13:00:00+00:00,0.0,1.28542406916629,9.876543209876544
1736775000.Mon.Jan.13_13_30_00.GMT.2025.CACO03.c2.timex.jpg,c2,1736775000,2025-01-13T13:30:00+00:00,30.0,1.28542406916629,9.876543209876544
1736776800.Mon.Jan.13_14_00_00.GMT.2025.CACO03.c2.timex.jpg,c2,1736776800,2025-01-13T14:00:00+00:00,0.0,1.2012688255972674,9.876543209876544
1736778600.Mon.Jan.13_14_30_00.GMT.2025.CACO03.c2.timex.jpg,c2,1736778600,2025-01-13T14:30:00+00:00,30.0,1.2012688255972674,9.876543209876544
1736780400.Mon.Jan.13_15_00_00.GMT.2025.CACO03.c2.timex.jpg,c2,1736780400,2025-01-13T15:00:00+00:00,0.0,1.1050192426587844,10.6951871657754
1736782200.Mon.Jan.13_15_30_00.GMT.2025.CACO03.c2.timex.jpg,c2,1736782200,2025-01-13T15:30:00+00:00,30.0,1.1050192426587844,10.6951871657754
1736784000.Mon.Jan.13_16_00_00.GMT.2025.CACO03.c2.timex.jpg,c2,1736784000,2025-01-13T16:00:00+00:00,0.0,1.2168501731763397,11.661807580174926
1736785800.Mon.Jan.13_16_30_00.GMT.2025.CACO03.c2.timex.jpg,c2,1736785800,2025-01-13T16:30:00+00:00,30.0,1.2168501731763397,11.661807580174926
1736787600.Mon.Jan.13_17_00_00.GMT.2025.CACO03.c2.timex.jpg,c2,1736787600,2025-01-13T17:00:00+00:00,0.0,1.0708211917128885,11.661807580174926
1736789400.Mon.Jan.13_17_30_00.GMT.2025.CACO03.c2.timex.jpg,c2,1736789400,2025-01-13T17:30:00+00:00,30.0,1.0708211917128885,11.661807580174926
1736791200.Mon.Jan.13_18_00_00.GMT.2025.CACO03.c2.timex.jpg,c2,1736791200,2025-01-13T18:00:00+00:00,0.0,0.9974410449549324,9.174311926605505
1736793000.Mon.Jan.13_18_30_00.GMT.2025.CACO03.c2.timex.jpg,c2,1736793000,2025-01-13T18:30:00+00:00,30.0,0.9974410449549324,9.174311926605505
1736794800.Mon.Jan.13_19_00_00.GMT.2025.CACO03.c2.timex.jpg,c2,1736794800,2025-01-13T19:00:00+00:00,0.0,1.0790528904520709,11.661807580174926
1736796600.Mon.Jan.13_19_30_00.GMT.2025.CACO03.c2.timex.jpg,c2,1736796600,2025-01-13T19:30:00+00:00,30.0,1.0790528904520709,11.661807580174926
1736798400.Mon.Jan.13_20_00_00.GMT.2025.CACO03.c2.timex.jpg,c2,1736798400,2025-01-13T20:00:00+00:00,0.0,0.9471696085767431,11.661807580174926
1736800200.Mon.Jan.13_20_30_00.GMT.2025.CACO03.c2.timex.jpg,c2,1736800200,2025-01-13T20:30:00+00:00,30.0,0.9471696085767431,11.661807580174926
1736802000.Mon.Jan.13_21_00_00.GMT.2025.CACO03.c2.timex.jpg,c2,1736802000,2025-01-13T21:00:00+00:00,0.0,0.9673947493811866,11.661807580174926
1736803800.Mon.Jan.13_21_30_00.GMT.2025.CACO03.c2.timex.jpg,c2,1736803800,2025-01-13T21:30:00+00:00,30.0,0.9673947493811866,11.661807580174926
1736805600.Mon.Jan.13_22_00_00.GMT.2025.CACO03.c2.timex.jpg,c2,1736805600,2025-01-13T22:00:00+00:00,0.0,0.8631810569398961,11.661807580174926
1736807400.Mon.Jan.13_22_30_00.GMT.2025.CACO03.c2.timex.jpg,c2,1736807400,2025-01-13T22:30:00+00:00,30.0,0.8631810569398961,11.661807580174926
1736809200.Mon.Jan.13_23_00_00.GMT.2025.CACO03.c2.timex.jpg,c2,1736809200,2025-01-13T23:00:00+00:00,0.0,0.9569822294902954,11.661807580174926
1736811000.Mon.Jan.13_23_30_00.GMT.2025.CACO03.c2.timex.jpg,c2,1736811000,2025-01-13T23:30:00+00:00,30.0,0.9569822294902954,11.661807580174926
1736812800.Tue.Jan.14_00_00_00.GMT.2025.CACO03.c2.timex.jpg,c2,1736812800,2025-01-14T00:00:00+00:00,0.0,1.0000868183930696,10.6951871657754
1736814600.Tue.Jan.14_00_30_00.GMT.2025.CACO03.c2.timex.jpg,c2,1736814600,2025-01-14T00:30:00+00:00,30.0,1.0000868183930696,10.6951871657754
1736816400.Tue.Jan.14_01_00_00.GMT.2025.CACO03.c2.timex.jpg,c2,1736816400,2025-01-14T01:00:00+00:00,0.0,1.076433385455221,10.6951871657754
1736818200.Tue.Jan.14_01_30_00.GMT.2025.CACO03.c2.timex.jpg,c2,1736818200,2025-01-14T01:30:00+00:00,30.0,1.076433385455221,10.6951871657754
1736820000.Tue.Jan.14_02_00_00.GMT.2025.CACO03.c2.timex.jpg,c2,1736820000,2025-01-14T02:00:00+00:00,0.0,1.1116609877322008,11.661807580174926
1736821800.Tue.Jan.14_02_30_00.GMT.2025.CACO03.c2.timex.jpg,c2,1736821800,2025-01-14T02:30:00+00:00,30.0,1.1116609877322008,11.661807580174926
1736823600.Tue.Jan.14_03_00_00.GMT.2025.CACO03.c2.timex.jpg,c2,1736823600,2025-01-14T03:00:00+00:00,0.0,1.057467120333439,11.661807580174926
1736854200.Tue.Jan.14_11_30_00.GMT.2025.CACO03.c2.timex.jpg,c2,1736854200,2025-01-14T11:30:00+00:00,30.0,0.8311444970571416,11.661807580174926
1736856000.Tue.Jan.14_12_00_00.GMT.2025.CACO03.c2.timex.jpg,c2,1736856000,2025-01-14T12:00:00+00:00,0.0,0.8769497421573347,11.661807580174926
1736857800.Tue.Jan.14_12_30_00.GMT.2025.CACO03.c2.timex.jpg,c2,1736857800,2025-01-14T12:30:00+00:00,30.0,0.8769497421573347,11.661807580174926
1736859600.Tue.Jan.14_13_00_00.GMT.2025.CACO03.c2.timex.jpg,c2,1736859600,2025-01-14T13:00:00+00:00,0.0,1.0296664971676446,11.661807580174926
1736861400.Tue.Jan.14_13_30_00.GMT.2025.CACO03.c2.timex.jpg,c2,1736861400,2025-01-14T13:30:00+00:00,30.0,1.0296664971676446,11.661807580174926
1736863200.Tue.Jan.14_14_00_00.GMT.2025.CACO03.c2.timex.jpg,c2,1736863200,2025-01-14T14:00:00+00:00,0.0,1.0355240830089725,11.661807580174926
1736865000.Tue.Jan.14_14_30_00.GMT.2025.CACO03.c2.timex.jpg,c2,1736865000,2025-01-14T14:30:00+00:00,30.0,1.0355240830089725,11.661807580174926
1736866800.Tue.Jan.14_15_00_00.GMT.2025.CACO03.c2.timex.jpg,c2,1736866800,2025-01-14T15:00:00+00:00,0.0,1.080346699407411,11.661807580174926
1736868600.Tue.Jan.14_15_30_00.GMT.2025.CACO03.c2.timex.jpg,c2,1736868600,2025-01-14T15:30:00+00:00,30.0,1.080346699407411,11.661807580174926
1736870400.Tue.Jan.14_16_00_00.GMT.2025.CACO03.c2.timex.jpg,c2,1736870400,2025-01-14T16:00:00+00:00,0.0,0.9404722108961986,9.876543209876544
1736872200.Tue.Jan.14_16_30_00.GMT.2025.CACO03.c2.timex.jpg,c2,1736872200,2025-01-14T16:30:00+00:00,30.0,0.9404722108961986,9.876543209876544
1736874000.Tue.Jan.14_17_00_00.GMT.2025.CACO03.c2.timex.jpg,c2,1736874000,2025-01-14T17:00:00+00:00,0.0,0.9342572700802412,11.661807580174926
1736875800.Tue.Jan.14_17_30_00.GMT.2025.CACO03.c2.timex.jpg,c2,1736875800,2025-01-14T17:30:00+00:00,30.0,0.9342572700802412,11.661807580174926
1736877600.Tue.Jan.14_18_00_00.GMT.2025.CACO03.c2.timex.jpg,c2,1736877600,2025-01-14T18:00:00+00:00,0.0,0.8018538327395826,9.876543209876544
1736879400.Tue.Jan.14_18_30_00.GMT.2025.CACO03.c2.timex.jpg,c2,1736879400,2025-01-14T18:30:00+00:00,30.0,0.8018538327395826,9.876543209876544
1736881200.Tue.Jan.14_19_00_00.GMT.2025.CACO03.c2.timex.jpg,c2,1736881200,2025-01-14T19:00:00+00:00,0.0,0.7655116491008588,9.876543209876544
1736883000.Tue.Jan.14_19_30_00.GMT.2025.CACO03.c2.timex.jpg,c2,1736883000,2025-01-14T19:30:00+00:00,30.0,0.7655116491008588,9.876543209876544
1736884800.Tue.Jan.14_20_00_00.GMT.2025.CACO03.c2.timex.jpg,c2,1736884800,2025-01-14T20:00:00+00:00,0.0,0.7841811736628912,11.661807580174926
1736886600.Tue.Jan.14_20_30_00.GMT.2025.CACO03.c2.timex.jpg,c2,1736886600,2025-01-14T20:30:00+00:00,30.0,0.7841811736628912,11.661807580174926
1736888400.Tue.Jan.14_21_00_00.GMT.2025.CACO03.c2.timex.jpg,c2,1736888400,2025-01-14T21:00:00+00:00,0.0,0.6433321544073706,10.6951871657754
1736890200.Tue.Jan.14_21_30_00.GMT.2025.CACO03.c2.timex.jpg,c2,1736890200,2025-01-14T21:30:00+00:00,30.0,0.6433321544073706,10.6951871657754
1736892000.Tue.Jan.14_22_00_00.GMT.2025.CACO03.c2.timex.jpg,c2,1736892000,2025-01-14T22:00:00+00:00,0.0,0.6156985626551474,10.6951871657754
1736893800.Tue.Jan.14_22_30_00.GMT.2025.CACO03.c2.timex.jpg,c2,1736893800,2025-01-14T22:30:00+00:00,30.0,0.6156985626551474,10.6951871657754
1736895600.Tue.Jan.14_23_00_00.GMT.2025.CACO03.c2.timex.jpg,c2,1736895600,2025-01-14T23:00:00+00:00,0.0,0.753594699070804,11.661807580174926
1736897400.Tue.Jan.14_23_30_00.GMT.2025.CACO03.c2.timex.jpg,c2,1736897400,2025-01-14T23:30:00+00:00,30.0,0.753594699070804,11.661807580174926
1736899200.Wed.Jan.15_00_00_00.GMT.2025.CACO03.c2.timex.jpg,c2,1736899200,2025-01-15T00:00:00+00:00,0.0,0.8754419070142065,5.594405594405594
1736901000.Wed.Jan.15_00_30_00.GMT.2025.CACO03.c2.timex.jpg,c2,1736901000,2025-01-15T00:30:00+00:00,30.0,0.8754419070142065,5.594405594405594
1736902800.Wed.Jan.15_01_00_00.GMT.2025.CACO03.c2.timex.jpg,c2,1736902800,2025-01-15T01:00:00+00:00,0.0,0.9525393085609728,4.024144869215292
1736904600.Wed.Jan.15_01_30_00.GMT.2025.CACO03.c2.timex.jpg,c2,1736904600,2025-01-15T01:30:00+00:00,30.0,0.9525393085609728,4.024144869215292
1736906400.Wed.Jan.15_02_00_00.GMT.2025.CACO03.c2.timex.jpg,c2,1736906400,2025-01-15T02:00:00+00:00,0.0,1.106475158133749,5.594405594405594
1736908200.Wed.Jan.15_02_30_00.GMT.2025.CACO03.c2.timex.jpg,c2,1736908200,2025-01-15T02:30:00+00:00,30.0,1.106475158133749,5.594405594405594
1736910000.Wed.Jan.15_03_00_00.GMT.2025.CACO03.c2.timex.jpg,c2,1736910000,2025-01-15T03:00:00+00:00,0.0,1.009030415890746,5.148005148005149
1736940600.Wed.Jan.15_11_30_00.GMT.2025.CACO03.c2.timex.jpg,c2,1736940600,2025-01-15T11:30:00+00:00,30.0,0.8969337716291991,5.847953216374269
1736942400.Wed.Jan.15_12_00_00.GMT.2025.CACO03.c2.timex.jpg,c2,1736942400,2025-01-15T12:00:00+00:00,0.0,0.8572351881841249,6.125574272588055
1736944200.Wed.Jan.15_12_30_00.GMT.2025.CACO03.c2.timex.jpg,c2,1736944200,2025-01-15T12:30:00+00:00,30.0,0.8572351881841249,6.125574272588055
1736946000.Wed.Jan.15_13_00_00.GMT.2025.CACO03.c2.timex.jpg,c2,1736946000,2025-01-15T13:00:00+00:00,0.0,1.20049930981591,6.125574272588055
1736947800.Wed.Jan.15_13_30_00.GMT.2025.CACO03.c2.timex.jpg,c2,1736947800,2025-01-15T13:30:00+00:00,30.0,1.20049930981591,6.125574272588055
1736949600.Wed.Jan.15_14_00_00.GMT.2025.CACO03.c2.timex.jpg,c2,1736949600,2025-01-15T14:00:00+00:00,0.0,1.222594710197097,6.430868167202571
1736951400.Wed.Jan.15_14_30_00.GMT.2025.CACO03.c2.timex.jpg,c2,1736951400,2025-01-15T14:30:00+00:00,30.0,1.222594710197097,6.430868167202571
1736953200.Wed.Jan.15_15_00_00.GMT.2025.CACO03.c2.timex.jpg,c2,1736953200,2025-01-15T15:00:00+00:00,0.0,1.1721259003638795,5.847953216374269
1736955000.Wed.Jan.15_15_30_00.GMT.2025.CACO03.c2.timex.jpg,c2,1736955000,2025-01-15T15:30:00+00:00,30.0,1.1721259003638795,5.847953216374269
1736956800.Wed.Jan.15_16_00_00.GMT.2025.CACO03.c2.timex.jpg,c2,1736956800,2025-01-15T16:00:00+00:00,0.0,1.2036738559773248,6.125574272588055
1736958600.Wed.Jan.15_16_30_00.GMT.2025.CACO03.c2.timex.jpg,c2,1736958600,2025-01-15T16:30:00+00:00,30.0,1.2036738559773248,6.125574272588055
1736960400.Wed.Jan.15_17_00_00.GMT.2025.CACO03.c2.timex.jpg,c2,1736960400,2025-01-15T17:00:00+00:00,0.0,1.1432329156337662,6.430868167202571
1736962200.Wed.Jan.15_17_30_00.GMT.2025.CACO03.c2.timex.jpg,c2,1736962200,2025-01-15T17:30:00+00:00,30.0,1.1432329156337662,6.430868167202571
1736964000.Wed.Jan.15_18_00_00.GMT.2025.CACO03.c2.timex.jpg,c2,1736964000,2025-01-15T18:00:00+00:00,0.0,1.031626146262783,5.847953216374269
1736965800.Wed.Jan.15_18_30_00.GMT.2025.CACO03.c2.timex.jpg,c2,1736965800,2025-01-15T18:30:00+00:00,30.0,1.031626146262783,5.847953216374269
1736967600.Wed.Jan.15_19_00_00.GMT.2025.CACO03.c2.timex.jpg,c2,1736967600,2025-01-15T19:00:00+00:00,0.0,1.0947393196895745,5.594405594405594
1736969400.Wed.Jan.15_19_30_00.GMT.2025.CACO03.c2.timex.jpg,c2,1736969400,2025-01-15T19:30:00+00:00,30.0,1.0947393196895745,5.594405594405594
1736971200.Wed.Jan.15_20_00_00.GMT.2025.CACO03.c2.timex.jpg,c2,1736971200,2025-01-15T20:00:00+00:00,0.0,1.1096021281093502,6.125574272588055
1736973000.Wed.Jan.15_20_30_00.GMT.2025.CACO03.c2.timex.jpg,c2,1736973000,2025-01-15T20:30:00+00:00,30.0,1.1096021281093502,6.125574272588055
1736974800.Wed.Jan.15_21_00_00.GMT.2025.CACO03.c2.timex.jpg,c2,1736974800,2025-01-15T21:00:00+00:00,0.0,1.1673489476601144,6.125574272588055
1736976600.Wed.Jan.15_21_30_00.GMT.2025.CACO03.c2.timex.jpg,c2,1736976600,2025-01-15T21:30:00+00:00,30.0,1.1673489476601144,6.125574272588055
1736978400.Wed.Jan.15_22_00_00.GMT.2025.CACO03.c2.timex.jpg,c2,1736978400,2025-01-15T22:00:00+00:00,0.0,1.226460446998323,6.125574272588055
1736980200.Wed.Jan.15_22_30_00.GMT.2025.CACO03.c2.timex.jpg,c2,1736980200,2025-01-15T22:30:00+00:00,30.0,1.226460446998323,6.125574272588055
1736982000.Wed.Jan.15_23_00_00.GMT.2025.CACO03.c2.timex.jpg,c2,1736982000,2025-01-15T23:00:00+00:00,0.0,1.0367053740878136,6.430868167202571
1736983800.Wed.Jan.15_23_30_00.GMT.2025.CACO03.c2.timex.jpg,c2,1736983800,2025-01-15T23:30:00+00:00,30.0,1.0367053740878136,6.430868167202571
1736985600.Thu.Jan.16_00_00_00.GMT.2025.CACO03.c2.timex.jpg,c2,1736985600,2025-01-16T00:00:00+00:00,0.0,1.0787249432085075,5.847953216374269
1736987400.Thu.Jan.16_00_30_00.GMT.2025.CACO03.c2.timex.jpg,c2,1736987400,2025-01-16T00:30:00+00:00,30.0,1.0787249432085075,5.847953216374269
1736989200.Thu.Jan.16_01_00_00.GMT.2025.CACO03.c2.timex.jpg,c2,1736989200,2025-01-16T01:00:00+00:00,0.0,1.2769757506049213,6.430868167202571
1736991000.Thu.Jan.16_01_30_00.GMT.2025.CACO03.c2.timex.jpg,c2,1736991000,2025-01-16T01:30:00+00:00,30.0,1.2769757506049213,6.430868167202571
1736992800.Thu.Jan.16_02_00_00.GMT.2025.CACO03.c2.timex.jpg,c2,1736992800,2025-01-16T02:00:00+00:00,0.0,1.1310154130316974,6.125574272588055
1736994600.Thu.Jan.16_02_30_00.GMT.2025.CACO03.c2.timex.jpg,c2,1736994600,2025-01-16T02:30:00+00:00,30.0,1.1310154130316974,6.125574272588055
1736996400.Thu.Jan.16_03_00_00.GMT.2025.CACO03.c2.timex.jpg,c2,1736996400,2025-01-16T03:00:00+00:00,0.0,1.17456786617257,6.430868167202571
1737027000.Thu.Jan.16_11_30_00.GMT.2025.CACO03.c2.timex.jpg,c2,1737027000,2025-01-16T11:30:00+00:00,30.0,0.7544528484598337,5.847953216374269
1737028800.Thu.Jan.16_12_00_00.GMT.2025.CACO03.c2.timex.jpg,c2,1737028800,2025-01-16T12:00:00+00:00,0.0,0.6753482780929155,5.594405594405594
1737030600.Thu.Jan.16_12_30_00.GMT.2025.CACO03.c2.timex.jpg,c2,1737030600,2025-01-16T12:30:00+00:00,30.0,0.6753482780929155,5.594405594405594
1737032400.Thu.Jan.16_13_00_00.GMT.2025.CACO03.c2.timex.jpg,c2,1737032400,2025-01-16T13:00:00+00:00,0.0,0.6362738683974585,5.361930294906166
1737034200.Thu.Jan.16_13_30_00.GMT.2025.CACO03.c2.timex.jpg,c2,1737034200,2025-01-16T13:30:00+00:00,30.0,0.6362738683974585,5.361930294906166
1737036000.Thu.Jan.16_14_00_00.GMT.2025.CACO03.c2.timex.jpg,c2,1737036000,2025-01-16T14:00:00+00:00,0.0,0.5226707725054065,6.125574272588055
1737037800.Thu.Jan.16_14_30_00.GMT.2025.CACO03.c2.timex.jpg,c2,1737037800,2025-01-16T14:30:00+00:00,30.0,0.5226707725054065,6.125574272588055
1737039600.Thu.Jan.16_15_00_00.GMT.2025.CACO03.c2.timex.jpg,c2,1737039600,2025-01-16T15:00:00+00:00,0.0,0.5698515392804339,5.594405594405594
1737041400.Thu.Jan.16_15_30_00.GMT.2025.CACO03.c2.timex.jpg,c2,1737041400,2025-01-16T15:30:00+00:00,30.0,0.5698515392804339,5.594405594405594
1737043200.Thu.Jan.16_16_00_00.GMT.2025.CACO03.c2.timex.jpg,c2,1737043200,2025-01-16T16:00:00+00:00,0.0,0.4927602366181722,5.361930294906166
1737045000.Thu.Jan.16_16_30_00.GMT.2025.CACO03.c2.timex.jpg,c2,1737045000,2025-01-16T16:30:00+00:00,30.0,0.4927602366181722,5.361930294906166
1737046800.Thu.Jan.16_17_00_00.GMT.2025.CACO03.c2.timex.jpg,c2,1737046800,2025-01-16T17:00:00+00:00,0.0,0.422840591440401,5.361930294906166
1737048600.Thu.Jan.16_17_30_00.GMT.2025.CACO03.c2.timex.jpg,c2,1737048600,2025-01-16T17:30:00+00:00,30.0,0.422840591440401,5.361930294906166
1737050400.Thu.Jan.16_18_00_00.GMT.2025.CACO03.c2.timex.jpg,c2,1737050400,2025-01-16T18:00:00+00:00,0.0,0.4431245576660917,5.361930294906166
1737052200.Thu.Jan.16_18_30_00.GMT.2025.CACO03.c2.timex.jpg,c2,1737052200,2025-01-16T18:30:00+00:00,30.0,0.4431245576660917,5.361930294906166
1737054000.Thu.Jan.16_19_00_00.GMT.2025.CACO03.c2.timex.jpg,c2,1737054000,2025-01-16T19:00:00+00:00,0.0,0.4960265182981856,4.153686396677051
1737055800.Thu.Jan.16_19_30_00.GMT.2025.CACO03.c2.timex.jpg,c2,1737055800,2025-01-16T19:30:00+00:00,30.0,0.4960265182981856,4.153686396677051
1737057600.Thu.Jan.16_20_00_00.GMT.2025.CACO03.c2.timex.jpg,c2,1737057600,2025-01-16T20:00:00+00:00,0.0,0.4667344266743484,4.597701149425287
1737059400.Thu.Jan.16_20_30_00.GMT.2025.CACO03.c2.timex.jpg,c2,1737059400,2025-01-16T20:30:00+00:00,30.0,0.4667344266743484,4.597701149425287
1737061200.Thu.Jan.16_21_00_00.GMT.2025.CACO03.c2.timex.jpg,c2,1737061200,2025-01-16T21:00:00+00:00,0.0,0.411800712653002,4.767580452920143
1737063000.Thu.Jan.16_21_30_00.GMT.2025.CACO03.c2.timex.jpg,c2,1737063000,2025-01-16T21:30:00+00:00,30.0,0.411800712653002,4.767580452920143
1737064800.Thu.Jan.16_22_00_00.GMT.2025.CACO03.c2.timex.jpg,c2,1737064800,2025-01-16T22:00:00+00:00,0.0,0.3930358751654823,5.594405594405594
1737066600.Thu.Jan.16_22_30_00.GMT.2025.CACO03.c2.timex.jpg,c2,1737066600,2025-01-16T22:30:00+00:00,30.0,0.3930358751654823,5.594405594405594
1737068400.Thu.Jan.16_23_00_00.GMT.2025.CACO03.c2.timex.jpg,c2,1737068400,2025-01-16T23:00:00+00:00,0.0,0.3756217788931788,4.950495049504951
1737070200.Thu.Jan.16_23_30_00.GMT.2025.CACO03.c2.timex.jpg,c2,1737070200,2025-01-16T23:30:00+00:00,30.0,0.3756217788931788,4.950495049504951
1737072000.Fri.Jan.17_00_00_00.GMT.2025.CACO03.c2.timex.jpg,c2,1737072000,2025-01-17T00:00:00+00:00,0.0,0.3470000787646765,5.361930294906166
1737073800.Fri.Jan.17_00_30_00.GMT.2025.CACO03.c2.timex.jpg,c2,1737073800,2025-01-17T00:30:00+00:00,30.0,0.3470000787646765,5.361930294906166
1737075600.Fri.Jan.17_01_00_00.GMT.2025.CACO03.c2.timex.jpg,c2,1737075600,2025-01-17T01:00:00+00:00,0.0,0.3408129024207271,5.148005148005149
1737077400.Fri.Jan.17_01_30_00.GMT.2025.CACO03.c2.timex.jpg,c2,1737077400,2025-01-17T01:30:00+00:00,30.0,0.3408129024207271,5.148005148005149
1737079200.Fri.Jan.17_02_00_00.GMT.2025.CACO03.c2.timex.jpg,c2,1737079200,2025-01-17T02:00:00+00:00,0.0,0.3328898820568316,10.6951871657754
1737081000.Fri.Jan.17_02_30_00.GMT.2025.CACO03.c2.timex.jpg,c2,1737081000,2025-01-17T02:30:00+00:00,30.0,0.3328898820568316,10.6951871657754
1737082800.Fri.Jan.17_03_00_00.GMT.2025.CACO03.c2.timex.jpg,c2,1737082800,2025-01-17T03:00:00+00:00,0.0,0.3140613724713408,10.6951871657754
1737113400.Fri.Jan.17_11_30_00.GMT.2025.CACO03.c2.timex.jpg,c2,1737113400,2025-01-17T11:30:00+00:00,30.0,0.3174672192251069,10.6951871657754
1737115200.Fri.Jan.17_12_00_00.GMT.2025.CACO03.c2.timex.jpg,c2,1737115200,2025-01-17T12:00:00+00:00,0.0,0.3279878110453532,9.174311926605505
1737117000.Fri.Jan.17_12_30_00.GMT.2025.CACO03.c2.timex.jpg,c2,1737117000,2025-01-17T12:30:00+00:00,30.0,0.3279878110453532,9.174311926605505
1737118800.Fri.Jan.17_13_00_00.GMT.2025.CACO03.c2.timex.jpg,c2,1737118800,2025-01-17T13:00:00+00:00,0.0,0.3930432201326044,10.6951871657754
1737120600.Fri.Jan.17_13_30_00.GMT.2025.CACO03.c2.timex.jpg,c2,1737120600,2025-01-17T13:30:00+00:00,30.0,0.3930432201326044,10.6951871657754
1737122400.Fri.Jan.17_14_00_00.GMT.2025.CACO03.c2.timex.jpg,c2,1737122400,2025-01-17T14:00:00+00:00,0.0,0.3004082395202279,10.6951871657754
1737124200.Fri.Jan.17_14_30_00.GMT.2025.CACO03.c2.timex.jpg,c2,1737124200,2025-01-17T14:30:00+00:00,30.0,0.3004082395202279,10.6951871657754
1737126000.Fri.Jan.17_15_00_00.GMT.2025.CACO03.c2.timex.jpg,c2,1737126000,2025-01-17T15:00:00+00:00,0.0,0.8917067628415076,4.439511653718091
1737127800.Fri.Jan.17_15_30_00.GMT.2025.CACO03.c2.timex.jpg,c2,1737127800,2025-01-17T15:30:00+00:00,30.0,0.8917067628415076,4.439511653718091
1737129600.Fri.Jan.17_16_00_00.GMT.2025.CACO03.c2.timex.jpg,c2,1737129600,2025-01-17T16:00:00+00:00,0.0,1.097765008151692,4.950495049504951
1737131400.Fri.Jan.17_16_30_00.GMT.2025.CACO03.c2.timex.jpg,c2,1737131400,2025-01-17T16:30:00+00:00,30.0,1.097765008151692,4.950495049504951
1737133200.Fri.Jan.17_17_00_00.GMT.2025.CACO03.c2.timex.jpg,c2,1737133200,2025-01-17T17:00:00+00:00,0.0,1.2461487210150357,5.847953216374269
1737135000.Fri.Jan.17_17_30_00.GMT.2025.CACO03.c2.timex.jpg,c2,1737135000,2025-01-17T17:30:00+00:00,30.0,1.2461487210150357,5.847953216374269
1737136800.Fri.Jan.17_18_00_00.GMT.2025.CACO03.c2.timex.jpg,c2,1737136800,2025-01-17T18:00:00+00:00,0.0,1.171548086789521,5.847953216374269
1737138600.Fri.Jan.17_18_30_00.GMT.2025.CACO03.c2.timex.jpg,c2,1737138600,2025-01-17T18:30:00+00:00,30.0,1.171548086789521,5.847953216374269
1737140400.Fri.Jan.17_19_00_00.GMT.2025.CACO03.c2.timex.jpg,c2,1737140400,2025-01-17T19:00:00+00:00,0.0,1.145573975460882,5.594405594405594
1737142200.Fri.Jan.17_19_30_00.GMT.2025.CACO03.c2.timex.jpg,c2,1737142200,2025-01-17T19:30:00+00:00,30.0,1.145573975460882,5.594405594405594
1737144000.Fri.Jan.17_20_00_00.GMT.2025.CACO03.c2.timex.jpg,c2,1737144000,2025-01-17T20:00:00+00:00,0.0,1.313995972967392,5.594405594405594
1737145800.Fri.Jan.17_20_30_00.GMT.2025.CACO03.c2.timex.jpg,c2,1737145800,2025-01-17T20:30:00+00:00,30.0,1.313995972967392,5.594405594405594
1737147600.Fri.Jan.17_21_00_00.GMT.2025.CACO03.c2.timex.jpg,c2,1737147600,2025-01-17T21:00:00+00:00,0.0,1.0256628050240866,5.594405594405594
1737149400.Fri.Jan.17_21_30_00.GMT.2025.CACO03.c2.timex.jpg,c2,1737149400,2025-01-17T21:30:00+00:00,30.0,1.0256628050240866,5.594405594405594
1737151200.Fri.Jan.17_22_00_00.GMT.2025.CACO03.c2.timex.jpg,c2,1737151200,2025-01-17T22:00:00+00:00,0.0,0.8716144342110985,5.361930294906166
1737153000.Fri.Jan.17_22_30_00.GMT.2025.CACO03.c2.timex.jpg,c2,1737153000,2025-01-17T22:30:00+00:00,30.0,0.8716144342110985,5.361930294906166
1737154800.Fri.Jan.17_23_00_00.GMT.2025.CACO03.c2.timex.jpg,c2,1737154800,2025-01-17T23:00:00+00:00,0.0,0.7645541216547379,5.148005148005149
1737156600.Fri.Jan.17_23_30_00.GMT.2025.CACO03.c2.timex.jpg,c2,1737156600,2025-01-17T23:30:00+00:00,30.0,0.7645541216547379,5.148005148005149
1737158400.Sat.Jan.18_00_00_00.GMT.2025.CACO03.c2.timex.jpg,c2,1737158400,2025-01-18T00:00:00+00:00,0.0,0.6409125610712191,5.148005148005149
1737160200.Sat.Jan.18_00_30_00.GMT.2025.CACO03.c2.timex.jpg,c2,1737160200,2025-01-18T00:30:00+00:00,30.0,0.6409125610712191,5.148005148005149
1737162000.Sat.Jan.18_01_00_00.GMT.2025.CACO03.c2.timex.jpg,c2,1737162000,2025-01-18T01:00:00+00:00,0.0,0.4999095757681353,5.148005148005149
1737163800.Sat.Jan.18_01_30_00.GMT.2025.CACO03.c2.timex.jpg,c2,1737163800,2025-01-18T01:30:00+00:00,30.0,0.4999095757681353,5.148005148005149
1737165600.Sat.Jan.18_02_00_00.GMT.2025.CACO03.c2.timex.jpg,c2,1737165600,2025-01-18T02:00:00+00:00,0.0,0.5811165643690136,4.767580452920143
1737167400.Sat.Jan.18_02_30_00.GMT.2025.CACO03.c2.timex.jpg,c2,1737167400,2025-01-18T02:30:00+00:00,30.0,0.5811165643690136,4.767580452920143
1737169200.Sat.Jan.18_03_00_00.GMT.2025.CACO03.c2.timex.jpg,c2,1737169200,2025-01-18T03:00:00+00:00,0.0,0.5244166233244638,4.950495049504951
1737199800.Sat.Jan.18_11_30_00.GMT.2025.CACO03.c2.timex.jpg,c2,1737199800,2025-01-18T11:30:00+00:00,30.0,0.4261457823422487,10.6951871657754
1737201600.Sat.Jan.18_12_00_00.GMT.2025.CACO03.c2.timex.jpg,c2,1737201600,2025-01-18T12:00:00+00:00,0.0,0.4558225239815802,5.361930294906166
1737203400.Sat.Jan.18_12_30_00.GMT.2025.CACO03.c2.timex.jpg,c2,1737203400,2025-01-18T12:30:00+00:00,30.0,0.4558225239815802,5.361930294906166
1737205200.Sat.Jan.18_13_00_00.GMT.2025.CACO03.c2.timex.jpg,c2,1737205200,2025-01-18T13:00:00+00:00,0.0,0.4939626945070781,5.361930294906166
1737207000.Sat.Jan.18_13_30_00.GMT.2025.CACO03.c2.timex.jpg,c2,1737207000,2025-01-18T13:30:00+00:00,30.0,0.4939626945070781,5.361930294906166
1737208800.Sat.Jan.18_14_00_00.GMT.2025.CACO03.c2.timex.jpg,c2,1737208800,2025-01-18T14:00:00+00:00,0.0,0.5381376567006024,5.361930294906166
1737210600.Sat.Jan.18_14_30_00.GMT.2025.CACO03.c2.timex.jpg,c2,1737210600,2025-01-18T14:30:00+00:00,30.0,0.5381376567006024,5.361930294906166
1737212400.Sat.Jan.18_15_00_00.GMT.2025.CACO03.c2.timex.jpg,c2,1737212400,2025-01-18T15:00:00+00:00,0.0,0.8442274883000387,4.597701149425287
1737214200.Sat.Jan.18_15_30_00.GMT.2025.CACO03.c2.timex.jpg,c2,1737214200,2025-01-18T15:30:00+00:00,30.0,0.8442274883000387,4.597701149425287
1737216000.Sat.Jan.18_16_00_00.GMT.2025.CACO03.c2.timex.jpg,c2,1737216000,2025-01-18T16:00:00+00:00,0.0,0.8598448355898078,4.291845493562232
1737217800.Sat.Jan.18_16_30_00.GMT.2025.CACO03.c2.timex.jpg,c2,1737217800,2025-01-18T16:30:00+00:00,30.0,0.8598448355898078,4.291845493562232
1737219600.Sat.Jan.18_17_00_00.GMT.2025.CACO03.c2.timex.jpg,c2,1737219600,2025-01-18T17:00:00+00:00,0.0,0.9980429119274856,4.767580452920143
1737221400.Sat.Jan.18_17_30_00.GMT.2025.CACO03.c2.timex.jpg,c2,1737221400,2025-01-18T17:30:00+00:00,30.0,0.9980429119274856,4.767580452920143
1737223200.Sat.Jan.18_18_00_00.GMT.2025.CACO03.c2.timex.jpg,c2,1737223200,2025-01-18T18:00:00+00:00,0.0,0.9606205140333132,4.950495049504951
1737225000.Sat.Jan.18_18_30_00.GMT.2025.CACO03.c2.timex.jpg,c2,1737225000,2025-01-18T18:30:00+00:00,30.0,0.9606205140333132,4.950495049504951
1737226800.Sat.Jan.18_19_00_00.GMT.2025.CACO03.c2.timex.jpg,c2,1737226800,2025-01-18T19:00:00+00:00,0.0,0.9568165294414858,4.950495049504951
1737228600.Sat.Jan.18_19_30_00.GMT.2025.CACO03.c2.timex.jpg,c2,1737228600,2025-01-18T19:30:00+00:00,30.0,0.9568165294414858,4.950495049504951
1737230400.Sat.Jan.18_20_00_00.GMT.2025.CACO03.c2.timex.jpg,c2,1737230400,2025-01-18T20:00:00+00:00,0.0,0.9688826071888064,5.361930294906166
1737232200.Sat.Jan.18_20_30_00.GMT.2025.CACO03.c2.timex.jpg,c2,1737232200,2025-01-18T20:30:00+00:00,30.0,0.9688826071888064,5.361930294906166
1737234000.Sat.Jan.18_21_00_00.GMT.2025.CACO03.c2.timex.jpg,c2,1737234000,2025-01-18T21:00:00+00:00,0.0,1.0212938046944864,5.594405594405594
1737235800.Sat.Jan.18_21_30_00.GMT.2025.CACO03.c2.timex.jpg,c2,1737235800,2025-01-18T21:30:00+00:00,30.0,1.0212938046944864,5.594405594405594
1737237600.Sat.Jan.18_22_00_00.GMT.2025.CACO03.c2.timex.jpg,c2,1737237600,2025-01-18T22:00:00+00:00,0.0,1.2042641725746237,5.594405594405594
1737239400.Sat.Jan.18_22_30_00.GMT.2025.CACO03.c2.timex.jpg,c2,1737239400,2025-01-18T22:30:00+00:00,30.0,1.2042641725746237,5.594405594405594
1737241200.Sat.Jan.18_23_00_00.GMT.2025.CACO03.c2.timex.jpg,c2,1737241200,2025-01-18T23:00:00+00:00,0.0,1.2257899116359643,5.847953216374269
1737243000.Sat.Jan.18_23_30_00.GMT.2025.CACO03.c2.timex.jpg,c2,1737243000,2025-01-18T23:30:00+00:00,30.0,1.2257899116359643,5.847953216374269
1737244800.Sun.Jan.19_00_00_00.GMT.2025.CACO03.c2.timex.jpg,c2,1737244800,2025-01-19T00:00:00+00:00,0.0,1.5641084022879836,6.125574272588055
1737246600.Sun.Jan.19_00_30_00.GMT.2025.CACO03.c2.timex.jpg,c2,1737246600,2025-01-19T00:30:00+00:00,30.0,1.5641084022879836,6.125574272588055
1737248400.Sun.Jan.19_01_00_00.GMT.2025.CACO03.c2.timex.jpg,c2,1737248400,2025-01-19T01:00:00+00:00,0.0,1.6097469938790523,6.125574272588055
1737250200.Sun.Jan.19_01_30_00.GMT.2025.CACO03.c2.timex.jpg,c2,1737250200,2025-01-19T01:30:00+00:00,30.0,1.6097469938790523,6.125574272588055
1737252000.Sun.Jan.19_02_00_00.GMT.2025.CACO03.c2.timex.jpg,c2,1737252000,2025-01-19T02:00:00+00:00,0.0,1.6698007952739486,6.430868167202571
1737253800.Sun.Jan.19_02_30_00.GMT.2025.CACO03.c2.timex.jpg,c2,1737253800,2025-01-19T02:30:00+00:00,30.0,1.6698007952739486,6.430868167202571
1737255600.Sun.Jan.19_03_00_00.GMT.2025.CACO03.c2.timex.jpg,c2,1737255600,2025-01-19T03:00:00+00:00,0.0,1.5977656134250198,6.768189509306261
1737286200.Sun.Jan.19_11_30_00.GMT.2025.CACO03.c2.timex.jpg,c2,1737286200,2025-01-19T11:30:00+00:00,30.0,0.9789146613140084,7.561436672967865
1737288000.Sun.Jan.19_12_00_00.GMT.2025.CACO03.c2.timex.jpg,c2,1737288000,2025-01-19T12:00:00+00:00,0.0,1.0461036830136925,7.142857142857142
1737289800.Sun.Jan.19_12_30_00.GMT.2025.CACO03.c2.timex.jpg,c2,1737289800,2025-01-19T12:30:00+00:00,30.0,1.0461036830136925,7.142857142857142
1737291600.Sun.Jan.19_13_00_00.GMT.2025.CACO03.c2.timex.jpg,c2,1737291600,2025-01-19T13:00:00+00:00,0.0,1.007772140993945,7.142857142857142
1737293400.Sun.Jan.19_13_30_00.GMT.2025.CACO03.c2.timex.jpg,c2,1737293400,2025-01-19T13:30:00+00:00,30.0,1.007772140993945,7.142857142857142
1737295200.Sun.Jan.19_14_00_00.GMT.2025.CACO03.c2.timex.jpg,c2,1737295200,2025-01-19T14:00:00+00:00,0.0,0.904153012530008,6.768189509306261
1737297000.Sun.Jan.19_14_30_00.GMT.2025.CACO03.c2.timex.jpg,c2,1737297000,2025-01-19T14:30:00+00:00,30.0,0.904153012530008,6.768189509306261
1737298800.Sun.Jan.19_15_00_00.GMT.2025.CACO03.c2.timex.jpg,c2,1737298800,2025-01-19T15:00:00+00:00,0.0,0.9625188721208776,6.430868167202571
1737300600.Sun.Jan.19_15_30_00.GMT.2025.CACO03.c2.timex.jpg,c2,1737300600,2025-01-19T15:30:00+00:00,30.0,0.9625188721208776,6.430868167202571
1737302400.Sun.Jan.19_16_00_00.GMT.2025.CACO03.c2.timex.jpg,c2,1737302400,2025-01-19T16:00:00+00:00,0.0,0.8017773258983356,6.768189509306261
1737304200.Sun.Jan.19_16_30_00.GMT.2025.CACO03.c2.timex.jpg,c2,1737304200,2025-01-19T16:30:00+00:00,30.0,0.8017773258983356,6.768189509306261
1737306000.Sun.Jan.19_17_00_00.GMT.2025.CACO03.c2.timex.jpg,c2,1737306000,2025-01-19T17:00:00+00:00,0.0,0.7584958590477521,6.430868167202571
1737307800.Sun.Jan.19_17_30_00.GMT.2025.CACO03.c2.timex.jpg,c2,1737307800,2025-01-19T17:30:00+00:00,30.0,0.7584958590477521,6.430868167202571
1737309600.Sun.Jan.19_18_00_00.GMT.2025.CACO03.c2.timex.jpg,c2,1737309600,2025-01-19T18:00:00+00:00,0.0,0.8133124799238755,6.768189509306261
1737311400.Sun.Jan.19_18_30_00.GMT.2025.CACO03.c2.timex.jpg,c2,1737311400,2025-01-19T18:30:00+00:00,30.0,0.8133124799238755,6.768189509306261
1737313200.Sun.Jan.19_19_00_00.GMT.2025.CACO03.c2.timex.jpg,c2,1737313200,2025-01-19T19:00:00+00:00,0.0,0.86095254073824,6.430868167202571
1737315000.Sun.Jan.19_19_30_00.GMT.2025.CACO03.c2.timex.jpg,c2,1737315000,2025-01-19T19:30:00+00:00,30.0,0.86095254073824,6.430868167202571
1737316800.Sun.Jan.19_20_00_00.GMT.2025.CACO03.c2.timex.jpg,c2,1737316800,2025-01-19T20:00:00+00:00,0.0,0.7827176707609079,9.876543209876544
1737318600.Sun.Jan.19_20_30_00.GMT.2025.CACO03.c2.timex.jpg,c2,1737318600,2025-01-19T20:30:00+00:00,30.0,0.7827176707609079,9.876543209876544
1737320400.Sun.Jan.19_21_00_00.GMT.2025.CACO03.c2.timex.jpg,c2,1737320400,2025-01-19T21:00:00+00:00,0.0,0.8659370232906303,9.174311926605505
1737322200.Sun.Jan.19_21_30_00.GMT.2025.CACO03.c2.timex.jpg,c2,1737322200,2025-01-19T21:30:00+00:00,30.0,0.8659370232906303,9.174311926605505
1737324000.Sun.Jan.19_22_00_00.GMT.2025.CACO03.c2.timex.jpg,c2,1737324000,2025-01-19T22:00:00+00:00,0.0,1.1003627127439202,9.876543209876544
1737325800.Sun.Jan.19_22_30_00.GMT.2025.CACO03.c2.timex.jpg,c2,1737325800,2025-01-19T22:30:00+00:00,30.0,1.1003627127439202,9.876543209876544
1737327600.Sun.Jan.19_23_00_00.GMT.2025.CACO03.c2.timex.jpg,c2,1737327600,2025-01-19T23:00:00+00:00,0.0,1.0110132169958057,9.876543209876544
1737329400.Sun.Jan.19_23_30_00.GMT.2025.CACO03.c2.timex.jpg,c2,1737329400,2025-01-19T23:30:00+00:00,30.0,1.0110132169958057,9.876543209876544
1737331200.Mon.Jan.20_00_00_00.GMT.2025.CACO03.c2.timex.jpg,c2,1737331200,2025-01-20T00:00:00+00:00,0.0,1.0571383231434968,9.174311926605505
1737333000.Mon.Jan.20_00_30_00.GMT.2025.CACO03.c2.timex.jpg,c2,1737333000,2025-01-20T00:30:00+00:00,30.0,1.0571383231434968,9.174311926605505
1737334800.Mon.Jan.20_01_00_00.GMT.2025.CACO03.c2.timex.jpg,c2,1737334800,2025-01-20T01:00:00+00:00,0.0,1.0722505786589251,9.174311926605505
1737336600.Mon.Jan.20_01_30_00.GMT.2025.CACO03.c2.timex.jpg,c2,1737336600,2025-01-20T01:30:00+00:00,30.0,1.0722505786589251,9.174311926605505
1737338400.Mon.Jan.20_02_00_00.GMT.2025.CACO03.c2.timex.jpg,c2,1737338400,2025-01-20T02:00:00+00:00,0.0,1.239630741829519,9.876543209876544
1737340200.Mon.Jan.20_02_30_00.GMT.2025.CACO03.c2.timex.jpg,c2,1737340200,2025-01-20T02:30:00+00:00,30.0,1.239630741829519,9.876543209876544
1737342000.Mon.Jan.20_03_00_00.GMT.2025.CACO03.c2.timex.jpg,c2,1737342000,2025-01-20T03:00:00+00:00,0.0,1.232597254505661,10.6951871657754
1737372600.Mon.Jan.20_11_30_00.GMT.2025.CACO03.c2.timex.jpg,c2,1737372600,2025-01-20T11:30:00+00:00,30.0,2.142986917005539,8.032128514056225
1737374400.Mon.Jan.20_12_00_00.GMT.2025.CACO03.c2.timex.jpg,c2,1737374400,2025-01-20T12:00:00+00:00,0.0,2.1146215349034363,8.032128514056225
1737376200.Mon.Jan.20_12_30_00.GMT.2025.CACO03.c2.timex.jpg,c2,1737376200,2025-01-20T12:30:00+00:00,30.0,2.1146215349034363,8.032128514056225
1737378000.Mon.Jan.20_13_00_00.GMT.2025.CACO03.c2.timex.jpg,c2,1737378000,2025-01-20T13:00:00+00:00,0.0,2.240538482222157,8.032128514056225
1737379800.Mon.Jan.20_13_30_00.GMT.2025.CACO03.c2.timex.jpg,c2,1737379800,2025-01-20T13:30:00+00:00,30.0,2.240538482222157,8.032128514056225
1737381600.Mon.Jan.20_14_00_00.GMT.2025.CACO03.c2.timex.jpg,c2,1737381600,2025-01-20T14:00:00+00:00,0.0,2.267834281258392,8.032128514056225
1737383400.Mon.Jan.20_14_30_00.GMT.2025.CACO03.c2.timex.jpg,c2,1737383400,2025-01-20T14:30:00+00:00,30.0,2.267834281258392,8.032128514056225
1737385200.Mon.Jan.20_15_00_00.GMT.2025.CACO03.c2.timex.jpg,c2,1737385200,2025-01-20T15:00:00+00:00,0.0,2.156975330162598,7.561436672967865
1737387000.Mon.Jan.20_15_30_00.GMT.2025.CACO03.c2.timex.jpg,c2,1737387000,2025-01-20T15:30:00+00:00,30.0,2.156975330162598,7.561436672967865
1737388800.Mon.Jan.20_16_00_00.GMT.2025.CACO03.c2.timex.jpg,c2,1737388800,2025-01-20T16:00:00+00:00,0.0,1.998673896797185,8.032128514056225
1737390600.Mon.Jan.20_16_30_00.GMT.2025.CACO03.c2.timex.jpg,c2,1737390600,2025-01-20T16:30:00+00:00,30.0,1.998673896797185,8.032128514056225
1737392400.Mon.Jan.20_17_00_00.GMT.2025.CACO03.c2.timex.jpg,c2,1737392400,2025-01-20T17:00:00+00:00,0.0,2.007137074637064,8.032128514056225
1737394200.Mon.Jan.20_17_30_00.GMT.2025.CACO03.c2.timex.jpg,c2,1737394200,2025-01-20T17:30:00+00:00,30.0,2.007137074637064,8.032128514056225
1737396000.Mon.Jan.20_18_00_00.GMT.2025.CACO03.c2.timex.jpg,c2,1737396000,2025-01-20T18:00:00+00:00,0.0,2.067796505459843,8.565310492505352
1737397800.Mon.Jan.20_18_30_00.GMT.2025.CACO03.c2.timex.jpg,c2,1737397800,2025-01-20T18:30:00+00:00,30.0,2.067796505459843,8.565310492505352
1737399600.Mon.Jan.20_19_00_00.GMT.2025.CACO03.c2.timex.jpg,c2,1737399600,2025-01-20T19:00:00+00:00,0.0,2.042223993916602,7.561436672967865
1737401400.Mon.Jan.20_19_30_00.GMT.2025.CACO03.c2.timex.jpg,c2,1737401400,2025-01-20T19:30:00+00:00,30.0,2.042223993916602,7.561436672967865
1737403200.Mon.Jan.20_20_00_00.GMT.2025.CACO03.c2.timex.jpg,c2,1737403200,2025-01-20T20:00:00+00:00,0.0,1.7385874195359905,8.032128514056225
1737405000.Mon.Jan.20_20_30_00.GMT.2025.CACO03.c2.timex.jpg,c2,1737405000,2025-01-20T20:30:00+00:00,30.0,1.7385874195359905,8.032128514056225
1737406800.Mon.Jan.20_21_00_00.GMT.2025.CACO03.c2.timex.jpg,c2,1737406800,2025-01-20T21:00:00+00:00,0.0,1.6106136837458878,7.561436672967865
1737408600.Mon.Jan.20_21_30_00.GMT.2025.CACO03.c2.timex.jpg,c2,1737408600,2025-01-20T21:30:00+00:00,30.0,1.6106136837458878,7.561436672967865
1737410400.Mon.Jan.20_22_00_00.GMT.2025.CACO03.c2.timex.jpg,c2,1737410400,2025-01-20T22:00:00+00:00,0.0,1.4680720709308412,8.032128514056225
1737412200.Mon.Jan.20_22_30_00.GMT.2025.CACO03.c2.timex.jpg,c2,1737412200,2025-01-20T22:30:00+00:00,30.0,1.4680720709308412,8.032128514056225
1737414000.Mon.Jan.20_23_00_00.GMT.2025.CACO03.c2.timex.jpg,c2,1737414000,2025-01-20T23:00:00+00:00,0.0,1.2919104169656923,8.032128514056225
1737415800.Mon.Jan.20_23_30_00.GMT.2025.CACO03.c2.timex.jpg,c2,1737415800,2025-01-20T23:30:00+00:00,30.0,1.2919104169656923,8.032128514056225
1737417600.Tue.Jan.21_00_00_00.GMT.2025.CACO03.c2.timex.jpg,c2,1737417600,2025-01-21T00:00:00+00:00,0.0,1.255332516689184,6.768189509306261
1737419400.Tue.Jan.21_00_30_00.GMT.2025.CACO03.c2.timex.jpg,c2,1737419400,2025-01-21T00:30:00+00:00,30.0,1.255332516689184,6.768189509306261
1737421200.Tue.Jan.21_01_00_00.GMT.2025.CACO03.c2.timex.jpg,c2,1737421200,2025-01-21T01:00:00+00:00,0.0,1.1079475765811673,8.032128514056225
1737423000.Tue.Jan.21_01_30_00.GMT.2025.CACO03.c2.timex.jpg,c2,1737423000,2025-01-21T01:30:00+00:00,30.0,1.1079475765811673,8.032128514056225
1737424800.Tue.Jan.21_02_00_00.GMT.2025.CACO03.c2.timex.jpg,c2,1737424800,2025-01-21T02:00:00+00:00,0.0,1.0512957113489634,10.6951871657754
1737426600.Tue.Jan.21_02_30_00.GMT.2025.CACO03.c2.timex.jpg,c2,1737426600,2025-01-21T02:30:00+00:00,30.0,1.0512957113489634,10.6951871657754
1737428400.Tue.Jan.21_03_00_00.GMT.2025.CACO03.c2.timex.jpg,c2,1737428400,2025-01-21T03:00:00+00:00,0.0,0.9771745066308364,10.6951871657754
1737459000.Tue.Jan.21_11_30_00.GMT.2025.CACO03.c2.timex.jpg,c2,1737459000,2025-01-21T11:30:00+00:00,30.0,0.7062712865755618,9.876543209876544
1737460800.Tue.Jan.21_12_00_00.GMT.2025.CACO03.c2.timex.jpg,c2,1737460800,2025-01-21T12:00:00+00:00,0.0,0.6255521952681962,10.6951871657754
1737462600.Tue.Jan.21_12_30_00.GMT.2025.CACO03.c2.timex.jpg,c2,1737462600,2025-01-21T12:30:00+00:00,30.0,0.6255521952681962,10.6951871657754
1737464400.Tue.Jan.21_13_00_00.GMT.2025.CACO03.c2.timex.jpg,c2,1737464400,2025-01-21T13:00:00+00:00,0.0,0.6702349611927805,10.6951871657754
1737466200.Tue.Jan.21_13_30_00.GMT.2025.CACO03.c2.timex.jpg,c2,1737466200,2025-01-21T13:30:00+00:00,30.0,0.6702349611927805,10.6951871657754
1737468000.Tue.Jan.21_14_00_00.GMT.2025.CACO03.c2.timex.jpg,c2,1737468000,2025-01-21T14:00:00+00:00,0.0,0.5987478808782329,9.876543209876544
1737469800.Tue.Jan.21_14_30_00.GMT.2025.CACO03.c2.timex.jpg,c2,1737469800,2025-01-21T14:30:00+00:00,30.0,0.5987478808782329,9.876543209876544
1737471600.Tue.Jan.21_15_00_00.GMT.2025.CACO03.c2.timex.jpg,c2,1737471600,2025-01-21T15:00:00+00:00,0.0,0.4713163948880713,10.6951871657754
1737473400.Tue.Jan.21_15_30_00.GMT.2025.CACO03.c2.timex.jpg,c2,1737473400,2025-01-21T15:30:00+00:00,30.0,0.4713163948880713,10.6951871657754
1737475200.Tue.Jan.21_16_00_00.GMT.2025.CACO03.c2.timex.jpg,c2,1737475200,2025-01-21T16:00:00+00:00,0.0,0.5264709356315567,9.876543209876544
1737477000.Tue.Jan.21_16_30_00.GMT.2025.CACO03.c2.timex.jpg,c2,1737477000,2025-01-21T16:30:00+00:00,30.0,0.5264709356315567,9.876543209876544
1737478800.Tue.Jan.21_17_00_00.GMT.2025.CACO03.c2.timex.jpg,c2,1737478800,2025-01-21T17:00:00+00:00,0.0,0.3875803991745536,10.6951871657754
1737480600.Tue.Jan.21_17_30_00.GMT.2025.CACO03.c2.timex.jpg,c2,1737480600,2025-01-21T17:30:00+00:00,30.0,0.3875803991745536,10.6951871657754
1737482400.Tue.Jan.21_18_00_00.GMT.2025.CACO03.c2.timex.jpg,c2,1737482400,2025-01-21T18:00:00+00:00,0.0,0.3648786931847373,9.876543209876544
1737484200.Tue.Jan.21_18_30_00.GMT.2025.CACO03.c2.timex.jpg,c2,1737484200,2025-01-21T18:30:00+00:00,30.0,0.3648786931847373,9.876543209876544
1737486000.Tue.Jan.21_19_00_00.GMT.2025.CACO03.c2.timex.jpg,c2,1737486000,2025-01-21T19:00:00+00:00,0.0,0.3949730070350998,10.6951871657754
1737487800.Tue.Jan.21_19_30_00.GMT.2025.CACO03.c2.timex.jpg,c2,1737487800,2025-01-21T19:30:00+00:00,30.0,0.3949730070350998,10.6951871657754
1737489600.Tue.Jan.21_20_00_00.GMT.2025.CACO03.c2.timex.jpg,c2,1737489600,2025-01-21T20:00:00+00:00,0.0,0.405622431739577,9.174311926605505
1737491400.Tue.Jan.21_20_30_00.GMT.2025.CACO03.c2.timex.jpg,c2,1737491400,2025-01-21T20:30:00+00:00,30.0,0.405622431739577,9.174311926605505
1737493200.Tue.Jan.21_21_00_00.GMT.2025.CACO03.c2.timex.jpg,c2,1737493200,2025-01-21T21:00:00+00:00,0.0,0.4299298639610444,9.174311926605505
1737495000.Tue.Jan.21_21_30_00.GMT.2025.CACO03.c2.timex.jpg,c2,1737495000,2025-01-21T21:30:00+00:00,30.0,0.4299298639610444,9.174311926605505
1737496800.Tue.Jan.21_22_00_00.GMT.2025.CACO03.c2.timex.jpg,c2,1737496800,2025-01-21T22:00:00+00:00,0.0,0.4058548541451913,9.876543209876544
1737498600.Tue.Jan.21_22_30_00.GMT.2025.CACO03.c2.timex.jpg,c2,1737498600,2025-01-21T22:30:00+00:00,30.0,0.4058548541451913,9.876543209876544
1737500400.Tue.Jan.21_23_00_00.GMT.2025.CACO03.c2.timex.jpg,c2,1737500400,2025-01-21T23:00:00+00:00,0.0,0.4656243748203001,9.876543209876544
1737502200.Tue.Jan.21_23_30_00.GMT.2025.CACO03.c2.timex.jpg,c2,1737502200,2025-01-21T23:30:00+00:00,30.0,0.4656243748203001,9.876543209876544
1737504000.Wed.Jan.22_00_00_00.GMT.2025.CACO03.c2.timex.jpg,c2,1737504000,2025-01-22T00:00:00+00:00,0.0,0.4434440626769955,9.174311926605505
1737505800.Wed.Jan.22_00_30_00.GMT.2025.CACO03.c2.timex.jpg,c2,1737505800,2025-01-22T00:30:00+00:00,30.0,0.4434440626769955,9.174311926605505
1737507600.Wed.Jan.22_01_00_00.GMT.2025.CACO03.c2.timex.jpg,c2,1737507600,2025-01-22T01:00:00+00:00,0.0,0.4407324153366492,9.174311926605505
1737509400.Wed.Jan.22_01_30_00.GMT.2025.CACO03.c2.timex.jpg,c2,1737509400,2025-01-22T01:30:00+00:00,30.0,0.4407324153366492,9.174311926605505
1737511200.Wed.Jan.22_02_00_00.GMT.2025.CACO03.c2.timex.jpg,c2,1737511200,2025-01-22T02:00:00+00:00,0.0,0.4425136579954866,9.876543209876544
1737513000.Wed.Jan.22_02_30_00.GMT.2025.CACO03.c2.timex.jpg,c2,1737513000,2025-01-22T02:30:00+00:00,30.0,0.4425136579954866,9.876543209876544
1737514800.Wed.Jan.22_03_00_00.GMT.2025.CACO03.c2.timex.jpg,c2,1737514800,2025-01-22T03:00:00+00:00,0.0,0.4090124264266411,9.174311926605505
1737545400.Wed.Jan.22_11_30_00.GMT.2025.CACO03.c2.timex.jpg,c2,1737545400,2025-01-22T11:30:00+00:00,30.0,0.7414952313213254,4.291845493562232
1737547200.Wed.Jan.22_12_00_00.GMT.2025.CACO03.c2.timex.jpg,c2,1737547200,2025-01-22T12:00:00+00:00,0.0,0.7948631980595667,4.439511653718091
1737549000.Wed.Jan.22_12_30_00.GMT.2025.CACO03.c2.timex.jpg,c2,1737549000,2025-01-22T12:30:00+00:00,30.0,0.7948631980595667,4.439511653718091
1737550800.Wed.Jan.22_13_00_00.GMT.2025.CACO03.c2.timex.jpg,c2,1737550800,2025-01-22T13:00:00+00:00,0.0,0.9476606845721716,4.291845493562232
1737552600.Wed.Jan.22_13_30_00.GMT.2025.CACO03.c2.timex.jpg,c2,1737552600,2025-01-22T13:30:00+00:00,30.0,0.9476606845721716,4.291845493562232
1737554400.Wed.Jan.22_14_00_00.GMT.2025.CACO03.c2.timex.jpg,c2,1737554400,2025-01-22T14:00:00+00:00,0.0,0.6802968498335545,5.148005148005149
1737556200.Wed.Jan.22_14_30_00.GMT.2025.CACO03.c2.timex.jpg,c2,1737556200,2025-01-22T14:30:00+00:00,30.0,0.6802968498335545,5.148005148005149
1737558000.Wed.Jan.22_15_00_00.GMT.2025.CACO03.c2.timex.jpg,c2,1737558000,2025-01-22T15:00:00+00:00,0.0,0.7928932546502558,5.361930294906166
1737559800.Wed.Jan.22_15_30_00.GMT.2025.CACO03.c2.timex.jpg,c2,1737559800,2025-01-22T15:30:00+00:00,30.0,0.7928932546502558,5.361930294906166
1737561600.Wed.Jan.22_16_00_00.GMT.2025.CACO03.c2.timex.jpg,c2,1737561600,2025-01-22T16:00:00+00:00,0.0,0.7969265940550841,5.361930294906166
1737563400.Wed.Jan.22_16_30_00.GMT.2025.CACO03.c2.timex.jpg,c2,1737563400,2025-01-22T16:30:00+00:00,30.0,0.7969265940550841,5.361930294906166
1737565200.Wed.Jan.22_17_00_00.GMT.2025.CACO03.c2.timex.jpg,c2,1737565200,2025-01-22T17:00:00+00:00,0.0,0.8550299846377688,5.594405594405594
1737567000.Wed.Jan.22_17_30_00.GMT.2025.CACO03.c2.timex.jpg,c2,1737567000,2025-01-22T17:30:00+00:00,30.0,0.8550299846377688,5.594405594405594
1737568800.Wed.Jan.22_18_00_00.GMT.2025.CACO03.c2.timex.jpg,c2,1737568800,2025-01-22T18:00:00+00:00,0.0,0.9730478919541716,5.361930294906166
1737570600.Wed.Jan.22_18_30_00.GMT.2025.CACO03.c2.timex.jpg,c2,1737570600,2025-01-22T18:30:00+00:00,30.0,0.9730478919541716,5.361930294906166
1737572400.Wed.Jan.22_19_00_00.GMT.2025.CACO03.c2.timex.jpg,c2,1737572400,2025-01-22T19:00:00+00:00,0.0,0.8475147006606539,5.361930294906166
1737574200.Wed.Jan.22_19_30_00.GMT.2025.CACO03.c2.timex.jpg,c2,1737574200,2025-01-22T19:30:00+00:00,30.0,0.8475147006606539,5.361930294906166
1737576000.Wed.Jan.22_20_00_00.GMT.2025.CACO03.c2.timex.jpg,c2,1737576000,2025-01-22T20:00:00+00:00,0.0,0.7027042096188673,5.361930294906166
1737577800.Wed.Jan.22_20_30_00.GMT.2025.CACO03.c2.timex.jpg,c2,1737577800,2025-01-22T20:30:00+00:00,30.0,0.7027042096188673,5.361930294906166
1737579600.Wed.Jan.22_21_00_00.GMT.2025.CACO03.c2.timex.jpg,c2,1737579600,2025-01-22T21:00:00+00:00,0.0,0.6704880627299759,5.361930294906166
1737581400.Wed.Jan.22_21_30_00.GMT.2025.CACO03.c2.timex.jpg,c2,1737581400,2025-01-22T21:30:00+00:00,30.0,0.6704880627299759,5.361930294906166
1737583200.Wed.Jan.22_22_00_00.GMT.2025.CACO03.c2.timex.jpg,c2,1737583200,2025-01-22T22:00:00+00:00,0.0,0.8077052654686279,6.125574272588055
1737585000.Wed.Jan.22_22_30_00.GMT.2025.CACO03.c2.timex.jpg,c2,1737585000,2025-01-22T22:30:00+00:00,30.0,0.8077052654686279,6.125574272588055
1737586800.Wed.Jan.22_23_00_00.GMT.2025.CACO03.c2.timex.jpg,c2,1737586800,2025-01-22T23:00:00+00:00,0.0,0.8690544533903732,5.847953216374269
1737588600.Wed.Jan.22_23_30_00.GMT.2025.CACO03.c2.timex.jpg,c2,1737588600,2025-01-22T23:30:00+00:00,30.0,0.8690544533903732,5.847953216374269
1737590400.Thu.Jan.23_00_00_00.GMT.2025.CACO03.c2.timex.jpg,c2,1737590400,2025-01-23T00:00:00+00:00,0.0,0.9324867859847572,6.125574272588055
1737592200.Thu.Jan.23_00_30_00.GMT.2025.CACO03.c2.timex.jpg,c2,1737592200,2025-01-23T00:30:00+00:00,30.0,0.9324867859847572,6.125574272588055
1737594000.Thu.Jan.23_01_00_00.GMT.2025.CACO03.c2.timex.jpg,c2,1737594000,2025-01-23T01:00:00+00:00,0.0,0.8534596323208236,5.594405594405594
1737595800.Thu.Jan.23_01_30_00.GMT.2025.CACO03.c2.timex.jpg,c2,1737595800,2025-01-23T01:30:00+00:00,30.0,0.8534596323208236,5.594405594405594
1737597600.Thu.Jan.23_02_00_00.GMT.2025.CACO03.c2.timex.jpg,c2,1737597600,2025-01-23T02:00:00+00:00,0.0,0.7824659158833758,5.847953216374269
1737599400.Thu.Jan.23_02_30_00.GMT.2025.CACO03.c2.timex.jpg,c2,1737599400,2025-01-23T02:30:00+00:00,30.0,0.7824659158833758,5.847953216374269
1737601200.Thu.Jan.23_03_00_00.GMT.2025.CACO03.c2.timex.jpg,c2,1737601200,2025-01-23T03:00:00+00:00,0.0,0.7826709378580151,5.361930294906166
1737631800.Thu.Jan.23_11_30_00.GMT.2025.CACO03.c2.timex.jpg,c2,1737631800,2025-01-23T11:30:00+00:00,30.0,0.7392014962656944,7.142857142857142
1737633600.Thu.Jan.23_12_00_00.GMT.2025.CACO03.c2.timex.jpg,c2,1737633600,2025-01-23T12:00:00+00:00,0.0,0.7355717169268117,8.032128514056225
1737635400.Thu.Jan.23_12_30_00.GMT.2025.CACO03.c2.timex.jpg,c2,1737635400,2025-01-23T12:30:00+00:00,30.0,0.7355717169268117,8.032128514056225
1737637200.Thu.Jan.23_13_00_00.GMT.2025.CACO03.c2.timex.jpg,c2,1737637200,2025-01-23T13:00:00+00:00,0.0,0.7422317308299519,7.142857142857142
1737639000.Thu.Jan.23_13_30_00.GMT.2025.CACO03.c2.timex.jpg,c2,1737639000,2025-01-23T13:30:00+00:00,30.0,0.7422317308299519,7.142857142857142
1737640800.Thu.Jan.23_14_00_00.GMT.2025.CACO03.c2.timex.jpg,c2,1737640800,2025-01-23T14:00:00+00:00,0.0,0.7794265981058109,7.561436672967865
1737642600.Thu.Jan.23_14_30_00.GMT.2025.CACO03.c2.timex.jpg,c2,1737642600,2025-01-23T14:30:00+00:00,30.0,0.7794265981058109,7.561436672967865
1737644400.Thu.Jan.23_15_00_00.GMT.2025.CACO03.c2.timex.jpg,c2,1737644400,2025-01-23T15:00:00+00:00,0.0,0.6717975833800719,7.561436672967865
1737646200.Thu.Jan.23_15_30_00.GMT.2025.CACO03.c2.timex.jpg,c2,1737646200,2025-01-23T15:30:00+00:00,30.0,0.6717975833800719,7.561436672967865
1737648000.Thu.Jan.23_16_00_00.GMT.2025.CACO03.c2.timex.jpg,c2,1737648000,2025-01-23T16:00:00+00:00,0.0,0.7054723419718301,7.561436672967865
1737649800.Thu.Jan.23_16_30_00.GMT.2025.CACO03.c2.timex.jpg,c2,1737649800,2025-01-23T16:30:00+00:00,30.0,0.7054723419718301,7.561436672967865
1737739800.Fri.Jan.24_17_30_00.GMT.2025.CACO03.c2.timex.jpg,c2,1737739800,2025-01-24T17:30:00+00:00,30.0,0.5180245797534877,5.148005148005149
1737741600.Fri.Jan.24_18_00_00.GMT.2025.CACO03.c2.timex.jpg,c2,1737741600,2025-01-24T18:00:00+00:00,0.0,0.5257425235006616,11.661807580174926
1737743400.Fri.Jan.24_18_30_00.GMT.2025.CACO03.c2.timex.jpg,c2,1737743400,2025-01-24T18:30:00+00:00,30.0,0.5257425235006616,11.661807580174926
1737745200.Fri.Jan.24_19_00_00.GMT.2025.CACO03.c2.timex.jpg,c2,1737745200,2025-01-24T19:00:00+00:00,0.0,0.4825422833073327,9.876543209876544
1737747000.Fri.Jan.24_19_30_00.GMT.2025.CACO03.c2.timex.jpg,c2,1737747000,2025-01-24T19:30:00+00:00,30.0,0.4825422833073327,9.876543209876544
1737748800.Fri.Jan.24_20_00_00.GMT.2025.CACO03.c2.timex.jpg,c2,1737748800,2025-01-24T20:00:00+00:00,0.0,0.6007328428875519,9.876543209876544
1737750600.Fri.Jan.24_20_30_00.GMT.2025.CACO03.c2.timex.jpg,c2,1737750600,2025-01-24T20:30:00+00:00,30.0,0.6007328428875519,9.876543209876544
1737752400.Fri.Jan.24_21_00_00.GMT.2025.CACO03.c2.timex.jpg,c2,1737752400,2025-01-24T21:00:00+00:00,0.0,0.5683250016306199,9.876543209876544
1737754200.Fri.Jan.24_21_30_00.GMT.2025.CACO03.c2.timex.jpg,c2,1737754200,2025-01-24T21:30:00+00:00,30.0,0.5683250016306199,9.876543209876544
1737756000.Fri.Jan.24_22_00_00.GMT.2025.CACO03.c2.timex.jpg,c2,1737756000,2025-01-24T22:00:00+00:00,0.0,0.588475799811198,9.876543209876544
1737757800.Fri.Jan.24_22_30_00.GMT.2025.CACO03.c2.timex.jpg,c2,1737757800,2025-01-24T22:30:00+00:00,30.0,0.588475799811198,9.876543209876544
1737759600.Fri.Jan.24_23_00_00.GMT.2025.CACO04.c2.timex.jpg,c2,1737759600,2025-01-24T23:00:00+00:00,0.0,0.5524755391264539,9.876543209876544
1737761400.Fri.Jan.24_23_30_00.GMT.2025.CACO04.c2.timex.jpg,c2,1737761400,2025-01-24T23:30:00+00:00,30.0,0.5524755391264539,9.876543209876544
1737763200.Sat.Jan.25_00_00_00.GMT.2025.CACO04.c2.timex.jpg,c2,1737763200,2025-01-25T00:00:00+00:00,0.0,0.5482360363474679,9.174311926605505
1737765000.Sat.Jan.25_00_30_00.GMT.2025.CACO04.c2.timex.jpg,c2,1737765000,2025-01-25T00:30:00+00:00,30.0,0.5482360363474679,9.174311926605505
1737766800.Sat.Jan.25_01_00_00.GMT.2025.CACO04.c2.timex.jpg,c2,1737766800,2025-01-25T01:00:00+00:00,0.0,0.3854492581093551,9.174311926605505
1737768600.Sat.Jan.25_01_30_00.GMT.2025.CACO04.c2.timex.jpg,c2,1737768600,2025-01-25T01:30:00+00:00,30.0,0.3854492581093551,9.174311926605505
1737770400.Sat.Jan.25_02_00_00.GMT.2025.CACO04.c2.timex.jpg,c2,1737770400,2025-01-25T02:00:00+00:00,0.0,0.3923803400283057,9.174311926605505
1737772200.Sat.Jan.25_02_30_00.GMT.2025.CACO04.c2.timex.jpg,c2,1737772200,2025-01-25T02:30:00+00:00,30.0,0.3923803400283057,9.174311926605505
1737774000.Sat.Jan.25_03_00_00.GMT.2025.CACO04.c2.timex.jpg,c2,1737774000,2025-01-25T03:00:00+00:00,0.0,0.4699470617619757,5.361930294906166
1737804600.Sat.Jan.25_11_30_00.GMT.2025.CACO04.c2.timex.jpg,c2,1737804600,2025-01-25T11:30:00+00:00,30.0,0.9107127792684888,5.594405594405594
1737806400.Sat.Jan.25_12_00_00.GMT.2025.CACO04.c2.timex.jpg,c2,1737806400,2025-01-25T12:00:00+00:00,0.0,0.8293814780653926,5.594405594405594
1737808200.Sat.Jan.25_12_30_00.GMT.2025.CACO04.c2.timex.jpg,c2,1737808200,2025-01-25T12:30:00+00:00,30.0,0.8293814780653926,5.594405594405594
1737810000.Sat.Jan.25_13_00_00.GMT.2025.CACO04.c2.timex.jpg,c2,1737810000,2025-01-25T13:00:00+00:00,0.0,0.77008964273146,5.361930294906166
1737811800.Sat.Jan.25_13_30_00.GMT.2025.CACO04.c2.timex.jpg,c2,1737811800,2025-01-25T13:30:00+00:00,30.0,0.77008964273146,5.361930294906166
1737813600.Sat.Jan.25_14_00_00.GMT.2025.CACO04.c2.timex.jpg,c2,1737813600,2025-01-25T14:00:00+00:00,0.0,0.7233841496903874,4.950495049504951
1737815400.Sat.Jan.25_14_30_00.GMT.2025.CACO04.c2.timex.jpg,c2,1737815400,2025-01-25T14:30:00+00:00,30.0,0.7233841496903874,4.950495049504951
1737817200.Sat.Jan.25_15_00_00.GMT.2025.CACO04.c2.timex.jpg,c2,1737817200,2025-01-25T15:00:00+00:00,0.0,0.6931523733219365,5.148005148005149
1737819000.Sat.Jan.25_15_30_00.GMT.2025.CACO04.c2.timex.jpg,c2,1737819000,2025-01-25T15:30:00+00:00,30.0,0.6931523733219365,5.148005148005149
1737820800.Sat.Jan.25_16_00_00.GMT.2025.CACO04.c2.timex.jpg,c2,1737820800,2025-01-25T16:00:00+00:00,0.0,0.5911083863305665,5.148005148005149
1737822600.Sat.Jan.25_16_30_00.GMT.2025.CACO04.c2.timex.jpg,c2,1737822600,2025-01-25T16:30:00+00:00,30.0,0.5911083863305665,5.148005148005149
1737824400.Sat.Jan.25_17_00_00.GMT.2025.CACO04.c2.timex.jpg,c2,1737824400,2025-01-25T17:00:00+00:00,0.0,0.6058497902431943,5.361930294906166
1737826200.Sat.Jan.25_17_30_00.GMT.2025.CACO04.c2.timex.jpg,c2,1737826200,2025-01-25T17:30:00+00:00,30.0,0.6058497902431943,5.361930294906166
1737828000.Sat.Jan.25_18_00_00.GMT.2025.CACO04.c2.timex.jpg,c2,1737828000,2025-01-25T18:00:00+00:00,0.0,0.5108903358938726,5.361930294906166
1737829800.Sat.Jan.25_18_30_00.GMT.2025.CACO04.c2.timex.jpg,c2,1737829800,2025-01-25T18:30:00+00:00,30.0,0.5108903358938726,5.361930294906166
1737831600.Sat.Jan.25_19_00_00.GMT.2025.CACO04.c2.timex.jpg,c2,1737831600,2025-01-25T19:00:00+00:00,0.0,0.4647892654161664,4.597701149425287
1737833400.Sat.Jan.25_19_30_00.GMT.2025.CACO04.c2.timex.jpg,c2,1737833400,2025-01-25T19:30:00+00:00,30.0,0.4647892654161664,4.597701149425287
1737835200.Sat.Jan.25_20_00_00.GMT.2025.CACO04.c2.timex.jpg,c2,1737835200,2025-01-25T20:00:00+00:00,0.0,0.2988223656076558,5.361930294906166
1737837000.Sat.Jan.25_20_30_00.GMT.2025.CACO04.c2.timex.jpg,c2,1737837000,2025-01-25T20:30:00+00:00,30.0,0.2988223656076558,5.361930294906166
1737838800.Sat.Jan.25_21_00_00.GMT.2025.CACO04.c2.timex.jpg,c2,1737838800,2025-01-25T21:00:00+00:00,0.0,0.3976237414102666,4.153686396677051
1737840600.Sat.Jan.25_21_30_00.GMT.2025.CACO04.c2.timex.jpg,c2,1737840600,2025-01-25T21:30:00+00:00,30.0,0.3976237414102666,4.153686396677051
1737842400.Sat.Jan.25_22_00_00.GMT.2025.CACO04.c2.timex.jpg,c2,1737842400,2025-01-25T22:00:00+00:00,0.0,0.4416557324889213,4.153686396677051
1737844200.Sat.Jan.25_22_30_00.GMT.2025.CACO04.c2.timex.jpg,c2,1737844200,2025-01-25T22:30:00+00:00,30.0,0.4416557324889213,4.153686396677051
1737846000.Sat.Jan.25_23_00_00.GMT.2025.CACO04.c2.timex.jpg,c2,1737846000,2025-01-25T23:00:00+00:00,0.0,0.2188432745245146,8.032128514056225
1737847800.Sat.Jan.25_23_30_00.GMT.2025.CACO04.c2.timex.jpg,c2,1737847800,2025-01-25T23:30:00+00:00,30.0,0.2188432745245146,8.032128514056225
1737849600.Sun.Jan.26_00_00_00.GMT.2025.CACO04.c2.timex.jpg,c2,1737849600,2025-01-26T00:00:00+00:00,0.0,0.22496347964149,9.174311926605505
1737851400.Sun.Jan.26_00_30_00.GMT.2025.CACO04.c2.timex.jpg,c2,1737851400,2025-01-26T00:30:00+00:00,30.0,0.22496347964149,9.174311926605505
1737853200.Sun.Jan.26_01_00_00.GMT.2025.CACO04.c2.timex.jpg,c2,1737853200,2025-01-26T01:00:00+00:00,0.0,0.4003748479287873,4.291845493562232
1737855000.Sun.Jan.26_01_30_00.GMT.2025.CACO04.c2.timex.jpg,c2,1737855000,2025-01-26T01:30:00+00:00,30.0,0.4003748479287873,4.291845493562232
1737856800.Sun.Jan.26_02_00_00.GMT.2025.CACO04.c2.timex.jpg,c2,1737856800,2025-01-26T02:00:00+00:00,0.0,0.4162962554605695,8.565310492505352
1737858600.Sun.Jan.26_02_30_00.GMT.2025.CACO04.c2.timex.jpg,c2,1737858600,2025-01-26T02:30:00+00:00,30.0,0.4162962554605695,8.565310492505352
1737860400.Sun.Jan.26_03_00_00.GMT.2025.CACO04.c2.timex.jpg,c2,1737860400,2025-01-26T03:00:00+00:00,0.0,0.3775582557972665,8.032128514056225
1737891000.Sun.Jan.26_11_30_00.GMT.2025.CACO04.c2.timex.jpg,c2,1737891000,2025-01-26T11:30:00+00:00,30.0,0.2359637724947489,6.125574272588055
1737892800.Sun.Jan.26_12_00_00.GMT.2025.CACO04.c2.timex.jpg,c2,1737892800,2025-01-26T12:00:00+00:00,0.0,0.2334481238437426,8.565310492505352
1737894600.Sun.Jan.26_12_30_00.GMT.2025.CACO04.c2.timex.jpg,c2,1737894600,2025-01-26T12:30:00+00:00,30.0,0.2334481238437426,8.565310492505352
1737896400.Sun.Jan.26_13_00_00.GMT.2025.CACO04.c2.timex.jpg,c2,1737896400,2025-01-26T13:00:00+00:00,0.0,0.3953235653113657,9.174311926605505
1737898200.Sun.Jan.26_13_30_00.GMT.2025.CACO04.c2.timex.jpg,c2,1737898200,2025-01-26T13:30:00+00:00,30.0,0.3953235653113657,9.174311926605505
1737900000.Sun.Jan.26_14_00_00.GMT.2025.CACO04.c2.timex.jpg,c2,1737900000,2025-01-26T14:00:00+00:00,0.0,0.42715867921336,4.024144869215292
1737901800.Sun.Jan.26_14_30_00.GMT.2025.CACO04.c2.timex.jpg,c2,1737901800,2025-01-26T14:30:00+00:00,30.0,0.42715867921336,4.024144869215292
1737903600.Sun.Jan.26_15_00_00.GMT.2025.CACO04.c2.timex.jpg,c2,1737903600,2025-01-26T15:00:00+00:00,0.0,0.4754182775496857,4.439511653718091
1737905400.Sun.Jan.26_15_30_00.GMT.2025.CACO04.c2.timex.jpg,c2,1737905400,2025-01-26T15:30:00+00:00,30.0,0.4754182775496857,4.439511653718091
1737907200.Sun.Jan.26_16_00_00.GMT.2025.CACO04.c2.timex.jpg,c2,1737907200,2025-01-26T16:00:00+00:00,0.0,0.4396655798449427,5.148005148005149
1737909000.Sun.Jan.26_16_30_00.GMT.2025.CACO04.c2.timex.jpg,c2,1737909000,2025-01-26T16:30:00+00:00,30.0,0.4396655798449427,5.148005148005149
1737910800.Sun.Jan.26_17_00_00.GMT.2025.CACO04.c2.timex.jpg,c2,1737910800,2025-01-26T17:00:00+00:00,0.0,0.2383173755251994,7.561436672967865
1737912600.Sun.Jan.26_17_30_00.GMT.2025.CACO04.c2.timex.jpg,c2,1737912600,2025-01-26T17:30:00+00:00,30.0,0.2383173755251994,7.561436672967865
1737914400.Sun.Jan.26_18_00_00.GMT.2025.CACO04.c2.timex.jpg,c2,1737914400,2025-01-26T18:00:00+00:00,0.0,0.2350478001200222,5.361930294906166
1737916200.Sun.Jan.26_18_30_00.GMT.2025.CACO04.c2.timex.jpg,c2,1737916200,2025-01-26T18:30:00+00:00,30.0,0.2350478001200222,5.361930294906166
1737918000.Sun.Jan.26_19_00_00.GMT.2025.CACO04.c2.timex.jpg,c2,1737918000,2025-01-26T19:00:00+00:00,0.0,0.2486430076274554,5.361930294906166
1737919800.Sun.Jan.26_19_30_00.GMT.2025.CACO04.c2.timex.jpg,c2,1737919800,2025-01-26T19:30:00+00:00,30.0,0.2486430076274554,5.361930294906166
1737921600.Sun.Jan.26_20_00_00.GMT.2025.CACO04.c2.timex.jpg,c2,1737921600,2025-01-26T20:00:00+00:00,0.0,0.3579823897926609,5.361930294906166
1737923400.Sun.Jan.26_20_30_00.GMT.2025.CACO04.c2.timex.jpg,c2,1737923400,2025-01-26T20:30:00+00:00,30.0,0.3579823897926609,5.361930294906166
1737925200.Sun.Jan.26_21_00_00.GMT.2025.CACO04.c2.timex.jpg,c2,1737925200,2025-01-26T21:00:00+00:00,0.0,0.3433610642297989,5.594405594405594
1737927000.Sun.Jan.26_21_30_00.GMT.2025.CACO04.c2.timex.jpg,c2,1737927000,2025-01-26T21:30:00+00:00,30.0,0.3433610642297989,5.594405594405594
1737928800.Sun.Jan.26_22_00_00.GMT.2025.CACO04.c2.timex.jpg,c2,1737928800,2025-01-26T22:00:00+00:00,0.0,0.395598999837627,5.847953216374269
1737930600.Sun.Jan.26_22_30_00.GMT.2025.CACO04.c2.timex.jpg,c2,1737930600,2025-01-26T22:30:00+00:00,30.0,0.395598999837627,5.847953216374269
1737932400.Sun.Jan.26_23_00_00.GMT.2025.CACO04.c2.timex.jpg,c2,1737932400,2025-01-26T23:00:00+00:00,0.0,0.439463296397684,5.594405594405594
1737934200.Sun.Jan.26_23_30_00.GMT.2025.CACO04.c2.timex.jpg,c2,1737934200,2025-01-26T23:30:00+00:00,30.0,0.439463296397684,5.594405594405594
1737936000.Mon.Jan.27_00_00_00.GMT.2025.CACO04.c2.timex.jpg,c2,1737936000,2025-01-27T00:00:00+00:00,0.0,0.4223770731192772,5.594405594405594
1737937800.Mon.Jan.27_00_30_00.GMT.2025.CACO04.c2.timex.jpg,c2,1737937800,2025-01-27T00:30:00+00:00,30.0,0.4223770731192772,5.594405594405594
1737939600.Mon.Jan.27_01_00_00.GMT.2025.CACO04.c2.timex.jpg,c2,1737939600,2025-01-27T01:00:00+00:00,0.0,0.660449314324906,5.594405594405594
1737941400.Mon.Jan.27_01_30_00.GMT.2025.CACO04.c2.timex.jpg,c2,1737941400,2025-01-27T01:30:00+00:00,30.0,0.660449314324906,5.594405594405594
1737943200.Mon.Jan.27_02_00_00.GMT.2025.CACO04.c2.timex.jpg,c2,1737943200,2025-01-27T02:00:00+00:00,0.0,0.6126879437277697,6.125574272588055
1737945000.Mon.Jan.27_02_30_00.GMT.2025.CACO04.c2.timex.jpg,c2,1737945000,2025-01-27T02:30:00+00:00,30.0,0.6126879437277697,6.125574272588055
1737946800.Mon.Jan.27_03_00_00.GMT.2025.CACO04.c2.timex.jpg,c2,1737946800,2025-01-27T03:00:00+00:00,0.0,0.623114957949587,5.847953216374269
1737977400.Mon.Jan.27_11_30_00.GMT.2025.CACO04.c2.timex.jpg,c2,1737977400,2025-01-27T11:30:00+00:00,30.0,0.4261865871354656,4.767580452920143
1737979200.Mon.Jan.27_12_00_00.GMT.2025.CACO04.c2.timex.jpg,c2,1737979200,2025-01-27T12:00:00+00:00,0.0,0.2385980616819851,7.561436672967865
1737981000.Mon.Jan.27_12_30_00.GMT.2025.CACO04.c2.timex.jpg,c2,1737981000,2025-01-27T12:30:00+00:00,30.0,0.2385980616819851,7.561436672967865
1737982800.Mon.Jan.27_13_00_00.GMT.2025.CACO04.c2.timex.jpg,c2,1737982800,2025-01-27T13:00:00+00:00,0.0,0.2374235662629186,6.768189509306261
1737984600.Mon.Jan.27_13_30_00.GMT.2025.CACO04.c2.timex.jpg,c2,1737984600,2025-01-27T13:30:00+00:00,30.0,0.2374235662629186,6.768189509306261
1737986400.Mon.Jan.27_14_00_00.GMT.2025.CACO04.c2.timex.jpg,c2,1737986400,2025-01-27T14:00:00+00:00,0.0,0.39945583128384,7.142857142857142
1737988200.Mon.Jan.27_14_30_00.GMT.2025.CACO04.c2.timex.jpg,c2,1737988200,2025-01-27T14:30:00+00:00,30.0,0.39945583128384,7.142857142857142
1737990000.Mon.Jan.27_15_00_00.GMT.2025.CACO04.c2.timex.jpg,c2,1737990000,2025-01-27T15:00:00+00:00,0.0,0.4093757751043623,7.561436672967865
1737991800.Mon.Jan.27_15_30_00.GMT.2025.CACO04.c2.timex.jpg,c2,1737991800,2025-01-27T15:30:00+00:00,30.0,0.4093757751043623,7.561436672967865
1737993600.Mon.Jan.27_16_00_00.GMT.2025.CACO04.c2.timex.jpg,c2,1737993600,2025-01-27T16:00:00+00:00,0.0,0.3812137535902265,7.142857142857142
1737997200.Mon.Jan.27_17_00_00.GMT.2025.CACO04.c2.timex.jpg,c2,1737997200,2025-01-27T17:00:00+00:00,0.0,0.3795273817582791,7.561436672967865
1737999000.Mon.Jan.27_17_30_00.GMT.2025.CACO04.c2.timex.jpg,c2,1737999000,2025-01-27T17:30:00+00:00,30.0,0.3795273817582791,7.561436672967865
1738000800.Mon.Jan.27_18_00_00.GMT.2025.CACO04.c2.timex.jpg,c2,1738000800,2025-01-27T18:00:00+00:00,0.0,0.3593269477466132,8.032128514056225
1738002600.Mon.Jan.27_18_30_00.GMT.2025.CACO04.c2.timex.jpg,c2,1738002600,2025-01-27T18:30:00+00:00,30.0,0.3593269477466132,8.032128514056225
1738004400.Mon.Jan.27_19_00_00.GMT.2025.CACO04.c2.timex.jpg,c2,1738004400,2025-01-27T19:00:00+00:00,0.0,0.2110762401451969,8.032128514056225
1738006200.Mon.Jan.27_19_30_00.GMT.2025.CACO04.c2.timex.jpg,c2,1738006200,2025-01-27T19:30:00+00:00,30.0,0.2110762401451969,8.032128514056225
1738008000.Mon.Jan.27_20_00_00.GMT.2025.CACO04.c2.timex.jpg,c2,1738008000,2025-01-27T20:00:00+00:00,0.0,0.2368444745696796,5.148005148005149
1738009800.Mon.Jan.27_20_30_00.GMT.2025.CACO04.c2.timex.jpg,c2,1738009800,2025-01-27T20:30:00+00:00,30.0,0.2368444745696796,5.148005148005149
1738011600.Mon.Jan.27_21_00_00.GMT.2025.CACO04.c2.timex.jpg,c2,1738011600,2025-01-27T21:00:00+00:00,0.0,0.5383842980116769,2.9962546816479403
1738013400.Mon.Jan.27_21_30_00.GMT.2025.CACO04.c2.timex.jpg,c2,1738013400,2025-01-27T21:30:00+00:00,30.0,0.5383842980116769,2.9962546816479403
1738015200.Mon.Jan.27_22_00_00.GMT.2025.CACO04.c2.timex.jpg,c2,1738015200,2025-01-27T22:00:00+00:00,0.0,0.30167287670107,5.361930294906166
1738017000.Mon.Jan.27_22_30_00.GMT.2025.CACO04.c2.timex.jpg,c2,1738017000,2025-01-27T22:30:00+00:00,30.0,0.30167287670107,5.361930294906166
1738018800.Mon.Jan.27_23_00_00.GMT.2025.CACO04.c2.timex.jpg,c2,1738018800,2025-01-27T23:00:00+00:00,0.0,0.518470561070898,3.902439024390244
1738020600.Mon.Jan.27_23_30_00.GMT.2025.CACO04.c2.timex.jpg,c2,1738020600,2025-01-27T23:30:00+00:00,30.0,0.518470561070898,3.902439024390244
1738022400.Tue.Jan.28_00_00_00.GMT.2025.CACO04.c2.timex.jpg,c2,1738022400,2025-01-28T00:00:00+00:00,0.0,0.6194269029635298,4.291845493562232
1738024200.Tue.Jan.28_00_30_00.GMT.2025.CACO04.c2.timex.jpg,c2,1738024200,2025-01-28T00:30:00+00:00,30.0,0.6194269029635298,4.291845493562232
1738026000.Tue.Jan.28_01_00_00.GMT.2025.CACO04.c2.timex.jpg,c2,1738026000,2025-01-28T01:00:00+00:00,0.0,0.644479944207688,4.597701149425287
1738027800.Tue.Jan.28_01_30_00.GMT.2025.CACO04.c2.timex.jpg,c2,1738027800,2025-01-28T01:30:00+00:00,30.0,0.644479944207688,4.597701149425287
1738029600.Tue.Jan.28_02_00_00.GMT.2025.CACO04.c2.timex.jpg,c2,1738029600,2025-01-28T02:00:00+00:00,0.0,0.6877994731784421,4.767580452920143
1738031400.Tue.Jan.28_02_30_00.GMT.2025.CACO04.c2.timex.jpg,c2,1738031400,2025-01-28T02:30:00+00:00,30.0,0.6877994731784421,4.767580452920143
1738033200.Tue.Jan.28_03_00_00.GMT.2025.CACO04.c2.timex.jpg,c2,1738033200,2025-01-28T03:00:00+00:00,0.0,0.6792653349488209,4.767580452920143
1738063800.Tue.Jan.28_11_30_00.GMT.2025.CACO04.c2.timex.jpg,c2,1738063800,2025-01-28T11:30:00+00:00,30.0,0.4755835533393296,5.361930294906166
1738065600.Tue.Jan.28_12_00_00.GMT.2025.CACO04.c2.timex.jpg,c2,1738065600,2025-01-28T12:00:00+00:00,0.0,0.4717324069911534,4.597701149425287
1738067400.Tue.Jan.28_12_30_00.GMT.2025.CACO04.c2.timex.jpg,c2,1738067400,2025-01-28T12:30:00+00:00,30.0,0.4717324069911534,4.597701149425287
1738069200.Tue.Jan.28_13_00_00.GMT.2025.CACO04.c2.timex.jpg,c2,1738069200,2025-01-28T13:00:00+00:00,0.0,0.4596283144459486,5.594405594405594
1738071000.Tue.Jan.28_13_30_00.GMT.2025.CACO04.c2.timex.jpg,c2,1738071000,2025-01-28T13:30:00+00:00,30.0,0.4596283144459486,5.594405594405594
1738072800.Tue.Jan.28_14_00_00.GMT.2025.CACO04.c2.timex.jpg,c2,1738072800,2025-01-28T14:00:00+00:00,0.0,0.4822358314636755,5.148005148005149
1738074600.Tue.Jan.28_14_30_00.GMT.2025.CACO04.c2.timex.jpg,c2,1738074600,2025-01-28T14:30:00+00:00,30.0,0.4822358314636755,5.148005148005149
1738076400.Tue.Jan.28_15_00_00.GMT.2025.CACO04.c2.timex.jpg,c2,1738076400,2025-01-28T15:00:00+00:00,0.0,0.493903578964585,7.561436672967865
1738078200.Tue.Jan.28_15_30_00.GMT.2025.CACO04.c2.timex.jpg,c2,1738078200,2025-01-28T15:30:00+00:00,30.0,0.493903578964585,7.561436672967865
1738080000.Tue.Jan.28_16_00_00.GMT.2025.CACO04.c2.timex.jpg,c2,1738080000,2025-01-28T16:00:00+00:00,0.0,0.5544183082284183,8.565310492505352
1738081800.Tue.Jan.28_16_30_00.GMT.2025.CACO04.c2.timex.jpg,c2,1738081800,2025-01-28T16:30:00+00:00,30.0,0.5544183082284183,8.565310492505352
1738083600.Tue.Jan.28_17_00_00.GMT.2025.CACO04.c2.timex.jpg,c2,1738083600,2025-01-28T17:00:00+00:00,0.0,0.6215923444449204,9.174311926605505
1738085400.Tue.Jan.28_17_30_00.GMT.2025.CACO04.c2.timex.jpg,c2,1738085400,2025-01-28T17:30:00+00:00,30.0,0.6215923444449204,9.174311926605505
1738087200.Tue.Jan.28_18_00_00.GMT.2025.CACO04.c2.timex.jpg,c2,1738087200,2025-01-28T18:00:00+00:00,0.0,0.7024683757004891,2.386634844868735
1738089000.Tue.Jan.28_18_30_00.GMT.2025.CACO04.c2.timex.jpg,c2,1738089000,2025-01-28T18:30:00+00:00,30.0,0.7024683757004891,2.386634844868735
1738090800.Tue.Jan.28_19_00_00.GMT.2025.CACO04.c2.timex.jpg,c2,1738090800,2025-01-28T19:00:00+00:00,0.0,0.7030202902991255,6.430868167202571
1738092600.Tue.Jan.28_19_30_00.GMT.2025.CACO04.c2.timex.jpg,c2,1738092600,2025-01-28T19:30:00+00:00,30.0,0.7030202902991255,6.430868167202571
1738094400.Tue.Jan.28_20_00_00.GMT.2025.CACO04.c2.timex.jpg,c2,1738094400,2025-01-28T20:00:00+00:00,0.0,0.743987541605517,4.439511653718091
1738096200.Tue.Jan.28_20_30_00.GMT.2025.CACO04.c2.timex.jpg,c2,1738096200,2025-01-28T20:30:00+00:00,30.0,0.743987541605517,4.439511653718091
1738098000.Tue.Jan.28_21_00_00.GMT.2025.CACO04.c2.timex.jpg,c2,1738098000,2025-01-28T21:00:00+00:00,0.0,0.7044671986203758,7.142857142857142
1738099800.Tue.Jan.28_21_30_00.GMT.2025.CACO04.c2.timex.jpg,c2,1738099800,2025-01-28T21:30:00+00:00,30.0,0.7044671986203758,7.142857142857142
1738101600.Tue.Jan.28_22_00_00.GMT.2025.CACO04.c2.timex.jpg,c2,1738101600,2025-01-28T22:00:00+00:00,0.0,1.0003102814211302,6.768189509306261
1738103400.Tue.Jan.28_22_30_00.GMT.2025.CACO04.c2.timex.jpg,c2,1738103400,2025-01-28T22:30:00+00:00,30.0,1.0003102814211302,6.768189509306261
1738105200.Tue.Jan.28_23_00_00.GMT.2025.CACO04.c2.timex.jpg,c2,1738105200,2025-01-28T23:00:00+00:00,0.0,0.795054324068852,7.142857142857142
1738107000.Tue.Jan.28_23_30_00.GMT.2025.CACO04.c2.timex.jpg,c2,1738107000,2025-01-28T23:30:00+00:00,30.0,0.795054324068852,7.142857142857142
1738108800.Wed.Jan.29_00_00_00.GMT.2025.CACO04.c2.timex.jpg,c2,1738108800,2025-01-29T00:00:00+00:00,0.0,0.8381976997321287,7.142857142857142
1738110600.Wed.Jan.29_00_30_00.GMT.2025.CACO04.c2.timex.jpg,c2,1738110600,2025-01-29T00:30:00+00:00,30.0,0.8381976997321287,7.142857142857142
1738112400.Wed.Jan.29_01_00_00.GMT.2025.CACO04.c2.timex.jpg,c2,1738112400,2025-01-29T01:00:00+00:00,0.0,0.8655815249583203,7.142857142857142
1738114200.Wed.Jan.29_01_30_00.GMT.2025.CACO04.c2.timex.jpg,c2,1738114200,2025-01-29T01:30:00+00:00,30.0,0.8655815249583203,7.142857142857142
1738116000.Wed.Jan.29_02_00_00.GMT.2025.CACO04.c2.timex.jpg,c2,1738116000,2025-01-29T02:00:00+00:00,0.0,0.7823644122846894,6.768189509306261
1738117800.Wed.Jan.29_02_30_00.GMT.2025.CACO04.c2.timex.jpg,c2,1738117800,2025-01-29T02:30:00+00:00,30.0,0.7823644122846894,6.768189509306261
1738119600.Wed.Jan.29_03_00_00.GMT.2025.CACO04.c2.timex.jpg,c2,1738119600,2025-01-29T03:00:00+00:00,0.0,0.8386813744192303,6.125574272588055
1738150200.Wed.Jan.29_11_30_00.GMT.2025.CACO04.c2.timex.jpg,c2,1738150200,2025-01-29T11:30:00+00:00,30.0,0.5567821260469931,5.361930294906166
1738152000.Wed.Jan.29_12_00_00.GMT.2025.CACO04.c2.timex.jpg,c2,1738152000,2025-01-29T12:00:00+00:00,0.0,0.8639737232246933,4.767580452920143
1738153800.Wed.Jan.29_12_30_00.GMT.2025.CACO04.c2.timex.jpg,c2,1738153800,2025-01-29T12:30:00+00:00,30.0,0.8639737232246933,4.767580452920143
1738155600.Wed.Jan.29_13_00_00.GMT.2025.CACO04.c2.timex.jpg,c2,1738155600,2025-01-29T13:00:00+00:00,0.0,0.7995689850810981,4.767580452920143
1738157400.Wed.Jan.29_13_30_00.GMT.2025.CACO04.c2.timex.jpg,c2,1738157400,2025-01-29T13:30:00+00:00,30.0,0.7995689850810981,4.767580452920143
1738159200.Wed.Jan.29_14_00_00.GMT.2025.CACO04.c2.timex.jpg,c2,1738159200,2025-01-29T14:00:00+00:00,0.0,0.6656685282733689,4.950495049504951
1738161000.Wed.Jan.29_14_30_00.GMT.2025.CACO04.c2.timex.jpg,c2,1738161000,2025-01-29T14:30:00+00:00,30.0,0.6656685282733689,4.950495049504951
1738162800.Wed.Jan.29_15_00_00.GMT.2025.CACO04.c2.timex.jpg,c2,1738162800,2025-01-29T15:00:00+00:00,0.0,0.640297005421054,4.950495049504951
1738164600.Wed.Jan.29_15_30_00.GMT.2025.CACO04.c2.timex.jpg,c2,1738164600,2025-01-29T15:30:00+00:00,30.0,0.640297005421054,4.950495049504951
1738166400.Wed.Jan.29_16_00_00.GMT.2025.CACO04.c2.timex.jpg,c2,1738166400,2025-01-29T16:00:00+00:00,0.0,0.741564565010467,5.594405594405594
1738168200.Wed.Jan.29_16_30_00.GMT.2025.CACO04.c2.timex.jpg,c2,1738168200,2025-01-29T16:30:00+00:00,30.0,0.741564565010467,5.594405594405594
1738170000.Wed.Jan.29_17_00_00.GMT.2025.CACO04.c2.timex.jpg,c2,1738170000,2025-01-29T17:00:00+00:00,0.0,0.6939255730849472,5.594405594405594
1738171800.Wed.Jan.29_17_30_00.GMT.2025.CACO04.c2.timex.jpg,c2,1738171800,2025-01-29T17:30:00+00:00,30.0,0.6939255730849472,5.594405594405594
1738173600.Wed.Jan.29_18_00_00.GMT.2025.CACO04.c2.timex.jpg,c2,1738173600,2025-01-29T18:00:00+00:00,0.0,0.7741824501782117,6.768189509306261
1738175400.Wed.Jan.29_18_30_00.GMT.2025.CACO04.c2.timex.jpg,c2,1738175400,2025-01-29T18:30:00+00:00,30.0,0.7741824501782117,6.768189509306261
1738177200.Wed.Jan.29_19_00_00.GMT.2025.CACO04.c2.timex.jpg,c2,1738177200,2025-01-29T19:00:00+00:00,0.0,0.7219208147846901,8.032128514056225
1738179000.Wed.Jan.29_19_30_00.GMT.2025.CACO04.c2.timex.jpg,c2,1738179000,2025-01-29T19:30:00+00:00,30.0,0.7219208147846901,8.032128514056225
1738180800.Wed.Jan.29_20_00_00.GMT.2025.CACO04.c2.timex.jpg,c2,1738180800,2025-01-29T20:00:00+00:00,0.0,0.6229867212039979,6.768189509306261
1738182600.Wed.Jan.29_20_30_00.GMT.2025.CACO04.c2.timex.jpg,c2,1738182600,2025-01-29T20:30:00+00:00,30.0,0.6229867212039979,6.768189509306261
1738184400.Wed.Jan.29_21_00_00.GMT.2025.CACO04.c2.timex.jpg,c2,1738184400,2025-01-29T21:00:00+00:00,0.0,0.5579780130541263,5.847953216374269
1738186200.Wed.Jan.29_21_30_00.GMT.2025.CACO04.c2.timex.jpg,c2,1738186200,2025-01-29T21:30:00+00:00,30.0,0.5579780130541263,5.847953216374269
1738188000.Wed.Jan.29_22_00_00.GMT.2025.CACO04.c2.timex.jpg,c2,1738188000,2025-01-29T22:00:00+00:00,0.0,0.466317811580265,5.361930294906166
1738189800.Wed.Jan.29_22_30_00.GMT.2025.CACO04.c2.timex.jpg,c2,1738189800,2025-01-29T22:30:00+00:00,30.0,0.466317811580265,5.361930294906166
1738191600.Wed.Jan.29_23_00_00.GMT.2025.CACO04.c2.timex.jpg,c2,1738191600,2025-01-29T23:00:00+00:00,0.0,0.5496724201801655,9.174311926605505
1738193400.Wed.Jan.29_23_30_00.GMT.2025.CACO04.c2.timex.jpg,c2,1738193400,2025-01-29T23:30:00+00:00,30.0,0.5496724201801655,9.174311926605505
1738195200.Thu.Jan.30_00_00_00.GMT.2025.CACO04.c2.timex.jpg,c2,1738195200,2025-01-30T00:00:00+00:00,0.0,0.6117105739164176,9.876543209876544
1738197000.Thu.Jan.30_00_30_00.GMT.2025.CACO04.c2.timex.jpg,c2,1738197000,2025-01-30T00:30:00+00:00,30.0,0.6117105739164176,9.876543209876544
1738198800.Thu.Jan.30_01_00_00.GMT.2025.CACO04.c2.timex.jpg,c2,1738198800,2025-01-30T01:00:00+00:00,0.0,0.9024219285192874,4.153686396677051
1738200600.Thu.Jan.30_01_30_00.GMT.2025.CACO04.c2.timex.jpg,c2,1738200600,2025-01-30T01:30:00+00:00,30.0,0.9024219285192874,4.153686396677051
1738202400.Thu.Jan.30_02_00_00.GMT.2025.CACO04.c2.timex.jpg,c2,1738202400,2025-01-30T02:00:00+00:00,0.0,0.9410496504083884,6.430868167202571
1738204200.Thu.Jan.30_02_30_00.GMT.2025.CACO04.c2.timex.jpg,c2,1738204200,2025-01-30T02:30:00+00:00,30.0,0.9410496504083884,6.430868167202571
1738206000.Thu.Jan.30_03_00_00.GMT.2025.CACO04.c2.timex.jpg,c2,1738206000,2025-01-30T03:00:00+00:00,0.0,0.9302268290090604,7.142857142857142
1738236600.Thu.Jan.30_11_30_00.GMT.2025.CACO04.c2.timex.jpg,c2,1738236600,2025-01-30T11:30:00+00:00,30.0,1.3813869079828622,7.142857142857142
1738238400.Thu.Jan.30_12_00_00.GMT.2025.CACO04.c2.timex.jpg,c2,1738238400,2025-01-30T12:00:00+00:00,0.0,1.3674711237597426,6.768189509306261
1738240200.Thu.Jan.30_12_30_00.GMT.2025.CACO04.c2.timex.jpg,c2,1738240200,2025-01-30T12:30:00+00:00,30.0,1.3674711237597426,6.768189509306261
1738242000.Thu.Jan.30_13_00_00.GMT.2025.CACO04.c2.timex.jpg,c2,1738242000,2025-01-30T13:00:00+00:00,0.0,1.3725703051750835,6.430868167202571
1738243800.Thu.Jan.30_13_30_00.GMT.2025.CACO04.c2.timex.jpg,c2,1738243800,2025-01-30T13:30:00+00:00,30.0,1.3725703051750835,6.430868167202571
1738245600.Thu.Jan.30_14_00_00.GMT.2025.CACO04.c2.timex.jpg,c2,1738245600,2025-01-30T14:00:00+00:00,0.0,1.325624716578805,6.768189509306261
1738247400.Thu.Jan.30_14_30_00.GMT.2025.CACO04.c2.timex.jpg,c2,1738247400,2025-01-30T14:30:00+00:00,30.0,1.325624716578805,6.768189509306261
1738249200.Thu.Jan.30_15_00_00.GMT.2025.CACO04.c2.timex.jpg,c2,1738249200,2025-01-30T15:00:00+00:00,0.0,1.1975332214208665,6.768189509306261
1738251000.Thu.Jan.30_15_30_00.GMT.2025.CACO04.c2.timex.jpg,c2,1738251000,2025-01-30T15:30:00+00:00,30.0,1.1975332214208665,6.768189509306261
1738252800.Thu.Jan.30_16_00_00.GMT.2025.CACO04.c2.timex.jpg,c2,1738252800,2025-01-30T16:00:00+00:00,0.0,1.0983809875737147,6.430868167202571
1738254600.Thu.Jan.30_16_30_00.GMT.2025.CACO04.c2.timex.jpg,c2,1738254600,2025-01-30T16:30:00+00:00,30.0,1.0983809875737147,6.430868167202571
1738256400.Thu.Jan.30_17_00_00.GMT.2025.CACO04.c2.timex.jpg,c2,1738256400,2025-01-30T17:00:00+00:00,0.0,0.9417767045222069,6.768189509306261
1738258200.Thu.Jan.30_17_30_00.GMT.2025.CACO04.c2.timex.jpg,c2,1738258200,2025-01-30T17:30:00+00:00,30.0,0.9417767045222069,6.768189509306261
1738260000.Thu.Jan.30_18_00_00.GMT.2025.CACO04.c2.timex.jpg,c2,1738260000,2025-01-30T18:00:00+00:00,0.0,0.8571970035193827,6.768189509306261
1738261800.Thu.Jan.30_18_30_00.GMT.2025.CACO04.c2.timex.jpg,c2,1738261800,2025-01-30T18:30:00+00:00,30.0,0.8571970035193827,6.768189509306261
1738263600.Thu.Jan.30_19_00_00.GMT.2025.CACO04.c2.timex.jpg,c2,1738263600,2025-01-30T19:00:00+00:00,0.0,0.8601912980801637,6.430868167202571
1738265400.Thu.Jan.30_19_30_00.GMT.2025.CACO04.c2.timex.jpg,c2,1738265400,2025-01-30T19:30:00+00:00,30.0,0.8601912980801637,6.430868167202571
1738267200.Thu.Jan.30_20_00_00.GMT.2025.CACO04.c2.timex.jpg,c2,1738267200,2025-01-30T20:00:00+00:00,0.0,0.7917685573017794,6.125574272588055
1738269000.Thu.Jan.30_20_30_00.GMT.2025.CACO04.c2.timex.jpg,c2,1738269000,2025-01-30T20:30:00+00:00,30.0,0.7917685573017794,6.125574272588055
1738270800.Thu.Jan.30_21_00_00.GMT.2025.CACO04.c2.timex.jpg,c2,1738270800,2025-01-30T21:00:00+00:00,0.0,0.7090281311536171,6.125574272588055
1738272600.Thu.Jan.30_21_30_00.GMT.2025.CACO04.c2.timex.jpg,c2,1738272600,2025-01-30T21:30:00+00:00,30.0,0.7090281311536171,6.125574272588055
1738274400.Thu.Jan.30_22_00_00.GMT.2025.CACO04.c2.timex.jpg,c2,1738274400,2025-01-30T22:00:00+00:00,0.0,0.6497218715715927,6.125574272588055
1738276200.Thu.Jan.30_22_30_00.GMT.2025.CACO04.c2.timex.jpg,c2,1738276200,2025-01-30T22:30:00+00:00,30.0,0.6497218715715927,6.125574272588055
1738278000.Thu.Jan.30_23_00_00.GMT.2025.CACO04.c2.timex.jpg,c2,1738278000,2025-01-30T23:00:00+00:00,0.0,0.6318543436242527,5.847953216374269
1738279800.Thu.Jan.30_23_30_00.GMT.2025.CACO04.c2.timex.jpg,c2,1738279800,2025-01-30T23:30:00+00:00,30.0,0.6318543436242527,5.847953216374269
1738281600.Fri.Jan.31_00_00_00.GMT.2025.CACO04.c2.timex.jpg,c2,1738281600,2025-01-31T00:00:00+00:00,0.0,0.5364276953930438,5.361930294906166
1738283400.Fri.Jan.31_00_30_00.GMT.2025.CACO04.c2.timex.jpg,c2,1738283400,2025-01-31T00:30:00+00:00,30.0,0.5364276953930438,5.361930294906166
1738285200.Fri.Jan.31_01_00_00.GMT.2025.CACO04.c2.timex.jpg,c2,1738285200,2025-01-31T01:00:00+00:00,0.0,0.5707456152609378,5.148005148005149
1738287000.Fri.Jan.31_01_30_00.GMT.2025.CACO04.c2.timex.jpg,c2,1738287000,2025-01-31T01:30:00+00:00,30.0,0.5707456152609378,5.148005148005149
1738288800.Fri.Jan.31_02_00_00.GMT.2025.CACO04.c2.timex.jpg,c2,1738288800,2025-01-31T02:00:00+00:00,0.0,0.6014753207694896,6.125574272588055
1738290600.Fri.Jan.31_02_30_00.GMT.2025.CACO04.c2.timex.jpg,c2,1738290600,2025-01-31T02:30:00+00:00,30.0,0.6014753207694896,6.125574272588055
1738292400.Fri.Jan.31_03_00_00.GMT.2025.CACO04.c2.timex.jpg,c2,1738292400,2025-01-31T03:00:00+00:00,0.0,0.6465969943433413,5.361930294906166
1738323000.Fri.Jan.31_11_30_00.GMT.2025.CACO04.c2.timex.jpg,c2,1738323000,2025-01-31T11:30:00+00:00,30.0,0.5826264373629662,5.361930294906166
1738324800.Fri.Jan.31_12_00_00.GMT.2025.CACO04.c2.timex.jpg,c2,1738324800,2025-01-31T12:00:00+00:00,0.0,0.5529377139161678,5.594405594405594
1738326600.Fri.Jan.31_12_30_00.GMT.2025.CACO04.c2.timex.jpg,c2,1738326600,2025-01-31T12:30:00+00:00,30.0,0.5529377139161678,5.594405594405594
1738328400.Fri.Jan.31_13_00_00.GMT.2025.CACO04.c2.timex.jpg,c2,1738328400,2025-01-31T13:00:00+00:00,0.0,0.744557856717571,4.767580452920143
1738330200.Fri.Jan.31_13_30_00.GMT.2025.CACO04.c2.timex.jpg,c2,1738330200,2025-01-31T13:30:00+00:00,30.0,0.744557856717571,4.767580452920143
1738332000.Fri.Jan.31_14_00_00.GMT.2025.CACO04.c2.timex.jpg,c2,1738332000,2025-01-31T14:00:00+00:00,0.0,0.7962393340482787,5.594405594405594
1738333800.Fri.Jan.31_14_30_00.GMT.2025.CACO04.c2.timex.jpg,c2,1738333800,2025-01-31T14:30:00+00:00,30.0,0.7962393340482787,5.594405594405594
1738335600.Fri.Jan.31_15_00_00.GMT.2025.CACO04.c2.timex.jpg,c2,1738335600,2025-01-31T15:00:00+00:00,0.0,0.8661375472501425,6.125574272588055
1738337400.Fri.Jan.31_15_30_00.GMT.2025.CACO04.c2.timex.jpg,c2,1738337400,2025-01-31T15:30:00+00:00,30.0,0.8661375472501425,6.125574272588055
1738339200.Fri.Jan.31_16_00_00.GMT.2025.CACO04.c2.timex.jpg,c2,1738339200,2025-01-31T16:00:00+00:00,0.0,0.8821294549385755,5.847953216374269
1738341000.Fri.Jan.31_16_30_00.GMT.2025.CACO04.c2.timex.jpg,c2,1738341000,2025-01-31T16:30:00+00:00,30.0,0.8821294549385755,5.847953216374269
1738342800.Fri.Jan.31_17_00_00.GMT.2025.CACO04.c2.timex.jpg,c2,1738342800,2025-01-31T17:00:00+00:00,0.0,0.9346475119349232,6.430868167202571
1738344600.Fri.Jan.31_17_30_00.GMT.2025.CACO04.c2.timex.jpg,c2,1738344600,2025-01-31T17:30:00+00:00,30.0,0.9346475119349232,6.430868167202571
1738346400.Fri.Jan.31_18_00_00.GMT.2025.CACO04.c2.timex.jpg,c2,1738346400,2025-01-31T18:00:00+00:00,0.0,0.9711176229370826,6.125574272588055
1738348200.Fri.Jan.31_18_30_00.GMT.2025.CACO04.c2.timex.jpg,c2,1738348200,2025-01-31T18:30:00+00:00,30.0,0.9711176229370826,6.125574272588055
1738350000.Fri.Jan.31_19_00_00.GMT.2025.CACO04.c2.timex.jpg,c2,1738350000,2025-01-31T19:00:00+00:00,0.0,0.800411369319273,6.125574272588055
1738351800.Fri.Jan.31_19_30_00.GMT.2025.CACO04.c2.timex.jpg,c2,1738351800,2025-01-31T19:30:00+00:00,30.0,0.800411369319273,6.125574272588055
1738353600.Fri.Jan.31_20_00_00.GMT.2025.CACO04.c2.timex.jpg,c2,1738353600,2025-01-31T20:00:00+00:00,0.0,0.8488932652502313,6.430868167202571
1738355400.Fri.Jan.31_20_30_00.GMT.2025.CACO04.c2.timex.jpg,c2,1738355400,2025-01-31T20:30:00+00:00,30.0,0.8488932652502313,6.430868167202571
1738357200.Fri.Jan.31_21_00_00.GMT.2025.CACO04.c2.timex.jpg,c2,1738357200,2025-01-31T21:00:00+00:00,0.0,0.6730729261546236,6.430868167202571
1738359000.Fri.Jan.31_21_30_00.GMT.2025.CACO04.c2.timex.jpg,c2,1738359000,2025-01-31T21:30:00+00:00,30.0,0.6730729261546236,6.430868167202571
1738360800.Fri.Jan.31_22_00_00.GMT.2025.CACO04.c2.timex.jpg,c2,1738360800,2025-01-31T22:00:00+00:00,0.0,0.7400001304510928,6.430868167202571
1738362600.Fri.Jan.31_22_30_00.GMT.2025.CACO04.c2.timex.jpg,c2,1738362600,2025-01-31T22:30:00+00:00,30.0,0.7400001304510928,6.430868167202571
1738364400.Fri.Jan.31_23_00_00.GMT.2025.CACO04.c2.timex.jpg,c2,1738364400,2025-01-31T23:00:00+00:00,0.0,0.6644526401816714,5.594405594405594
1738366200.Fri.Jan.31_23_30_00.GMT.2025.CACO04.c2.timex.jpg,c2,1738366200,2025-01-31T23:30:00+00:00,30.0,0.6644526401816714,5.594405594405594
1738368000.Sat.Feb.01_00_00_00.GMT.2025.CACO04.c2.timex.jpg,c2,1738368000,2025-02-01T00:00:00+00:00,0.0,0.70161765005629,6.125574272588055
1738369800.Sat.Feb.01_00_30_00.GMT.2025.CACO04.c2.timex.jpg,c2,1738369800,2025-02-01T00:30:00+00:00,30.0,0.70161765005629,6.125574272588055
1738371600.Sat.Feb.01_01_00_00.GMT.2025.CACO04.c2.timex.jpg,c2,1738371600,2025-02-01T01:00:00+00:00,0.0,0.5571901076484393,5.847953216374269
1738373400.Sat.Feb.01_01_30_00.GMT.2025.CACO04.c2.timex.jpg,c2,1738373400,2025-02-01T01:30:00+00:00,30.0,0.5571901076484393,5.847953216374269
1738375200.Sat.Feb.01_02_00_00.GMT.2025.CACO04.c2.timex.jpg,c2,1738375200,2025-02-01T02:00:00+00:00,0.0,0.4977250164353194,6.125574272588055
1738377000.Sat.Feb.01_02_30_00.GMT.2025.CACO04.c2.timex.jpg,c2,1738377000,2025-02-01T02:30:00+00:00,30.0,0.4977250164353194,6.125574272588055
1738378800.Sat.Feb.01_03_00_00.GMT.2025.CACO04.c2.timex.jpg,c2,1738378800,2025-02-01T03:00:00+00:00,0.0,0.4779748556556272,7.142857142857142
1738409400.Sat.Feb.01_11_30_00.GMT.2025.CACO04.c2.timex.jpg,c2,1738409400,2025-02-01T11:30:00+00:00,30.0,1.5143449742143091,4.597701149425287
1738411200.Sat.Feb.01_12_00_00.GMT.2025.CACO04.c2.timex.jpg,c2,1738411200,2025-02-01T12:00:00+00:00,0.0,1.8950994086425996,5.847953216374269
1738413000.Sat.Feb.01_12_30_00.GMT.2025.CACO04.c2.timex.jpg,c2,1738413000,2025-02-01T12:30:00+00:00,30.0,1.8950994086425996,5.847953216374269
1738414800.Sat.Feb.01_13_00_00.GMT.2025.CACO04.c2.timex.jpg,c2,1738414800,2025-02-01T13:00:00+00:00,0.0,2.3702000549270466,6.430868167202571
1738416600.Sat.Feb.01_13_30_00.GMT.2025.CACO04.c2.timex.jpg,c2,1738416600,2025-02-01T13:30:00+00:00,30.0,2.3702000549270466,6.430868167202571
1738418400.Sat.Feb.01_14_00_00.GMT.2025.CACO04.c2.timex.jpg,c2,1738418400,2025-02-01T14:00:00+00:00,0.0,2.8255904042415287,7.142857142857142
1738420200.Sat.Feb.01_14_30_00.GMT.2025.CACO04.c2.timex.jpg,c2,1738420200,2025-02-01T14:30:00+00:00,30.0,2.8255904042415287,7.142857142857142
1738422000.Sat.Feb.01_15_00_00.GMT.2025.CACO04.c2.timex.jpg,c2,1738422000,2025-02-01T15:00:00+00:00,0.0,2.993801435051884,7.561436672967865
1738423800.Sat.Feb.01_15_30_00.GMT.2025.CACO04.c2.timex.jpg,c2,1738423800,2025-02-01T15:30:00+00:00,30.0,2.993801435051884,7.561436672967865
1738425600.Sat.Feb.01_16_00_00.GMT.2025.CACO04.c2.timex.jpg,c2,1738425600,2025-02-01T16:00:00+00:00,0.0,3.169719120877045,8.032128514056225
1738427400.Sat.Feb.01_16_30_00.GMT.2025.CACO04.c2.timex.jpg,c2,1738427400,2025-02-01T16:30:00+00:00,30.0,3.169719120877045,8.032128514056225
1738429200.Sat.Feb.01_17_00_00.GMT.2025.CACO04.c2.timex.jpg,c2,1738429200,2025-02-01T17:00:00+00:00,0.0,3.0835161935742046,8.565310492505352
1738431000.Sat.Feb.01_17_30_00.GMT.2025.CACO04.c2.timex.jpg,c2,1738431000,2025-02-01T17:30:00+00:00,30.0,3.0835161935742046,8.565310492505352
1738432800.Sat.Feb.01_18_00_00.GMT.2025.CACO04.c2.timex.jpg,c2,1738432800,2025-02-01T18:00:00+00:00,0.0,3.2739856734357597,8.565310492505352
1738434600.Sat.Feb.01_18_30_00.GMT.2025.CACO04.c2.timex.jpg,c2,1738434600,2025-02-01T18:30:00+00:00,30.0,3.2739856734357597,8.565310492505352
1738436400.Sat.Feb.01_19_00_00.GMT.2025.CACO04.c2.timex.jpg,c2,1738436400,2025-02-01T19:00:00+00:00,0.0,3.001242876471027,8.032128514056225
1738438200.Sat.Feb.01_19_30_00.GMT.2025.CACO04.c2.timex.jpg,c2,1738438200,2025-02-01T19:30:00+00:00,30.0,3.001242876471027,8.032128514056225
1738440000.Sat.Feb.01_20_00_00.GMT.2025.CACO04.c2.timex.jpg,c2,1738440000,2025-02-01T20:00:00+00:00,0.0,2.5369464519746865,8.565310492505352
1738441800.Sat.Feb.01_20_30_00.GMT.2025.CACO04.c2.timex.jpg,c2,1738441800,2025-02-01T20:30:00+00:00,30.0,2.5369464519746865,8.565310492505352
1738443600.Sat.Feb.01_21_00_00.GMT.2025.CACO04.c2.timex.jpg,c2,1738443600,2025-02-01T21:00:00+00:00,0.0,2.505958894131347,8.032128514056225
1738445400.Sat.Feb.01_21_30_00.GMT.2025.CACO04.c2.timex.jpg,c2,1738445400,2025-02-01T21:30:00+00:00,30.0,2.505958894131347,8.032128514056225
1738447200.Sat.Feb.01_22_00_00.GMT.2025.CACO04.c2.timex.jpg,c2,1738447200,2025-02-01T22:00:00+00:00,0.0,2.212720482892207,8.565310492505352
1738449000.Sat.Feb.01_22_30_00.GMT.2025.CACO04.c2.timex.jpg,c2,1738449000,2025-02-01T22:30:00+00:00,30.0,2.212720482892207,8.565310492505352
1738450800.Sat.Feb.01_23_00_00.GMT.2025.CACO04.c2.timex.jpg,c2,1738450800,2025-02-01T23:00:00+00:00,0.0,2.390053325777262,8.032128514056225
1738452600.Sat.Feb.01_23_30_00.GMT.2025.CACO04.c2.timex.jpg,c2,1738452600,2025-02-01T23:30:00+00:00,30.0,2.390053325777262,8.032128514056225
1738454400.Sun.Feb.02_00_00_00.GMT.2025.CACO04.c2.timex.jpg,c2,1738454400,2025-02-02T00:00:00+00:00,0.0,1.954536755528309,8.032128514056225
1738456200.Sun.Feb.02_00_30_00.GMT.2025.CACO04.c2.timex.jpg,c2,1738456200,2025-02-02T00:30:00+00:00,30.0,1.954536755528309,8.032128514056225
1738458000.Sun.Feb.02_01_00_00.GMT.2025.CACO04.c2.timex.jpg,c2,1738458000,2025-02-02T01:00:00+00:00,0.0,2.205058224670944,8.565310492505352
1738459800.Sun.Feb.02_01_30_00.GMT.2025.CACO04.c2.timex.jpg,c2,1738459800,2025-02-02T01:30:00+00:00,30.0,2.205058224670944,8.565310492505352
1738461600.Sun.Feb.02_02_00_00.GMT.2025.CACO04.c2.timex.jpg,c2,1738461600,2025-02-02T02:00:00+00:00,0.0,2.3925621496431693,8.565310492505352
1738463400.Sun.Feb.02_02_30_00.GMT.2025.CACO04.c2.timex.jpg,c2,1738463400,2025-02-02T02:30:00+00:00,30.0,2.3925621496431693,8.565310492505352
1738465200.Sun.Feb.02_03_00_00.GMT.2025.CACO04.c2.timex.jpg,c2,1738465200,2025-02-02T03:00:00+00:00,0.0,2.283802230472109,8.032128514056225
1738495800.Sun.Feb.02_11_30_00.GMT.2025.CACO04.c2.timex.jpg,c2,1738495800,2025-02-02T11:30:00+00:00,30.0,1.8084116261641303,7.561436672967865
1738497600.Sun.Feb.02_12_00_00.GMT.2025.CACO04.c2.timex.jpg,c2,1738497600,2025-02-02T12:00:00+00:00,0.0,1.5504259041631527,6.768189509306261
1738499400.Sun.Feb.02_12_30_00.GMT.2025.CACO04.c2.timex.jpg,c2,1738499400,2025-02-02T12:30:00+00:00,30.0,1.5504259041631527,6.768189509306261
1738501200.Sun.Feb.02_13_00_00.GMT.2025.CACO04.c2.timex.jpg,c2,1738501200,2025-02-02T13:00:00+00:00,0.0,1.3351541699046905,7.142857142857142
1738503000.Sun.Feb.02_13_30_00.GMT.2025.CACO04.c2.timex.jpg,c2,1738503000,2025-02-02T13:30:00+00:00,30.0,1.3351541699046905,7.142857142857142
1738504800.Sun.Feb.02_14_00_00.GMT.2025.CACO04.c2.timex.jpg,c2,1738504800,2025-02-02T14:00:00+00:00,0.0,1.2247951472012828,6.768189509306261
1738506600.Sun.Feb.02_14_30_00.GMT.2025.CACO04.c2.timex.jpg,c2,1738506600,2025-02-02T14:30:00+00:00,30.0,1.2247951472012828,6.768189509306261
1738508400.Sun.Feb.02_15_00_00.GMT.2025.CACO04.c2.timex.jpg,c2,1738508400,2025-02-02T15:00:00+00:00,0.0,1.205142812283807,6.768189509306261
1738510200.Sun.Feb.02_15_30_00.GMT.2025.CACO04.c2.timex.jpg,c2,1738510200,2025-02-02T15:30:00+00:00,30.0,1.205142812283807,6.768189509306261
1738512000.Sun.Feb.02_16_00_00.GMT.2025.CACO04.c2.timex.jpg,c2,1738512000,2025-02-02T16:00:00+00:00,0.0,1.260994036774152,7.561436672967865
1738513800.Sun.Feb.02_16_30_00.GMT.2025.CACO04.c2.timex.jpg,c2,1738513800,2025-02-02T16:30:00+00:00,30.0,1.260994036774152,7.561436672967865
1738515600.Sun.Feb.02_17_00_00.GMT.2025.CACO04.c2.timex.jpg,c2,1738515600,2025-02-02T17:00:00+00:00,0.0,1.3199877231936712,7.561436672967865
1738517400.Sun.Feb.02_17_30_00.GMT.2025.CACO04.c2.timex.jpg,c2,1738517400,2025-02-02T17:30:00+00:00,30.0,1.3199877231936712,7.561436672967865
1738519200.Sun.Feb.02_18_00_00.GMT.2025.CACO04.c2.timex.jpg,c2,1738519200,2025-02-02T18:00:00+00:00,0.0,1.3024105030588564,6.125574272588055
1738521000.Sun.Feb.02_18_30_00.GMT.2025.CACO04.c2.timex.jpg,c2,1738521000,2025-02-02T18:30:00+00:00,30.0,1.3024105030588564,6.125574272588055
1738522800.Sun.Feb.02_19_00_00.GMT.2025.CACO04.c2.timex.jpg,c2,1738522800,2025-02-02T19:00:00+00:00,0.0,1.2386520551874307,8.032128514056225
1738524600.Sun.Feb.02_19_30_00.GMT.2025.CACO04.c2.timex.jpg,c2,1738524600,2025-02-02T19:30:00+00:00,30.0,1.2386520551874307,8.032128514056225
1738526400.Sun.Feb.02_20_00_00.GMT.2025.CACO04.c2.timex.jpg,c2,1738526400,2025-02-02T20:00:00+00:00,0.0,1.145375845690004,8.032128514056225
1738528200.Sun.Feb.02_20_30_00.GMT.2025.CACO04.c2.timex.jpg,c2,1738528200,2025-02-02T20:30:00+00:00,30.0,1.145375845690004,8.032128514056225
1738530000.Sun.Feb.02_21_00_00.GMT.2025.CACO04.c2.timex.jpg,c2,1738530000,2025-02-02T21:00:00+00:00,0.0,1.0930382012800155,7.561436672967865
1738531800.Sun.Feb.02_21_30_00.GMT.2025.CACO04.c2.timex.jpg,c2,1738531800,2025-02-02T21:30:00+00:00,30.0,1.0930382012800155,7.561436672967865
1738533600.Sun.Feb.02_22_00_00.GMT.2025.CACO04.c2.timex.jpg,c2,1738533600,2025-02-02T22:00:00+00:00,0.0,1.0021405910410393,7.561436672967865
1738535400.Sun.Feb.02_22_30_00.GMT.2025.CACO04.c2.timex.jpg,c2,1738535400,2025-02-02T22:30:00+00:00,30.0,1.0021405910410393,7.561436672967865
1738537200.Sun.Feb.02_23_00_00.GMT.2025.CACO04.c2.timex.jpg,c2,1738537200,2025-02-02T23:00:00+00:00,0.0,0.9244530367666848,7.142857142857142
1738539000.Sun.Feb.02_23_30_00.GMT.2025.CACO04.c2.timex.jpg,c2,1738539000,2025-02-02T23:30:00+00:00,30.0,0.9244530367666848,7.142857142857142
1738540800.Mon.Feb.03_00_00_00.GMT.2025.CACO04.c2.timex.jpg,c2,1738540800,2025-02-03T00:00:00+00:00,0.0,0.8780178750590597,6.768189509306261
1738542600.Mon.Feb.03_00_30_00.GMT.2025.CACO04.c2.timex.jpg,c2,1738542600,2025-02-03T00:30:00+00:00,30.0,0.8780178750590597,6.768189509306261
1738544400.Mon.Feb.03_01_00_00.GMT.2025.CACO04.c2.timex.jpg,c2,1738544400,2025-02-03T01:00:00+00:00,0.0,0.8685076018795831,6.768189509306261
1738546200.Mon.Feb.03_01_30_00.GMT.2025.CACO04.c2.timex.jpg,c2,1738546200,2025-02-03T01:30:00+00:00,30.0,0.8685076018795831,6.768189509306261
1738548000.Mon.Feb.03_02_00_00.GMT.2025.CACO04.c2.timex.jpg,c2,1738548000,2025-02-03T02:00:00+00:00,0.0,0.8768011963048329,7.561436672967865
1738549800.Mon.Feb.03_02_30_00.GMT.2025.CACO04.c2.timex.jpg,c2,1738549800,2025-02-03T02:30:00+00:00,30.0,0.8768011963048329,7.561436672967865
1738551600.Mon.Feb.03_03_00_00.GMT.2025.CACO04.c2.timex.jpg,c2,1738551600,2025-02-03T03:00:00+00:00,0.0,1.1992725278544951,7.142857142857142
1738582200.Mon.Feb.03_11_30_00.GMT.2025.CACO04.c2.timex.jpg,c2,1738582200,2025-02-03T11:30:00+00:00,30.0,1.064723666792343,6.430868167202571
1738584000.Mon.Feb.03_12_00_00.GMT.2025.CACO04.c2.timex.jpg,c2,1738584000,2025-02-03T12:00:00+00:00,0.0,1.0031575790186191,6.125574272588055
1738585800.Mon.Feb.03_12_30_00.GMT.2025.CACO04.c2.timex.jpg,c2,1738585800,2025-02-03T12:30:00+00:00,30.0,1.0031575790186191,6.125574272588055
1738587600.Mon.Feb.03_13_00_00.GMT.2025.CACO04.c2.timex.jpg,c2,1738587600,2025-02-03T13:00:00+00:00,0.0,0.9293515054004076,6.125574272588055
1738589400.Mon.Feb.03_13_30_00.GMT.2025.CACO04.c2.timex.jpg,c2,1738589400,2025-02-03T13:30:00+00:00,30.0,0.9293515054004076,6.125574272588055
1738591200.Mon.Feb.03_14_00_00.GMT.2025.CACO04.c2.timex.jpg,c2,1738591200,2025-02-03T14:00:00+00:00,0.0,0.8302108338177644,5.847953216374269
1738593000.Mon.Feb.03_14_30_00.GMT.2025.CACO04.c2.timex.jpg,c2,1738593000,2025-02-03T14:30:00+00:00,30.0,0.8302108338177644,5.847953216374269
1738594800.Mon.Feb.03_15_00_00.GMT.2025.CACO04.c2.timex.jpg,c2,1738594800,2025-02-03T15:00:00+00:00,0.0,0.8641647827238643,5.594405594405594
1738596600.Mon.Feb.03_15_30_00.GMT.2025.CACO04.c2.timex.jpg,c2,1738596600,2025-02-03T15:30:00+00:00,30.0,0.8641647827238643,5.594405594405594
1738598400.Mon.Feb.03_16_00_00.GMT.2025.CACO04.c2.timex.jpg,c2,1738598400,2025-02-03T16:00:00+00:00,0.0,0.8600453811624734,5.847953216374269
1738600200.Mon.Feb.03_16_30_00.GMT.2025.CACO04.c2.timex.jpg,c2,1738600200,2025-02-03T16:30:00+00:00,30.0,0.8600453811624734,5.847953216374269
1738602000.Mon.Feb.03_17_00_00.GMT.2025.CACO04.c2.timex.jpg,c2,1738602000,2025-02-03T17:00:00+00:00,0.0,0.6914264621058764,5.594405594405594
1738603800.Mon.Feb.03_17_30_00.GMT.2025.CACO04.c2.timex.jpg,c2,1738603800,2025-02-03T17:30:00+00:00,30.0,0.6914264621058764,5.594405594405594
1738605600.Mon.Feb.03_18_00_00.GMT.2025.CACO04.c2.timex.jpg,c2,1738605600,2025-02-03T18:00:00+00:00,0.0,0.6573546424264993,5.847953216374269
1738607400.Mon.Feb.03_18_30_00.GMT.2025.CACO04.c2.timex.jpg,c2,1738607400,2025-02-03T18:30:00+00:00,30.0,0.6573546424264993,5.847953216374269
1738609200.Mon.Feb.03_19_00_00.GMT.2025.CACO04.c2.timex.jpg,c2,1738609200,2025-02-03T19:00:00+00:00,0.0,0.6508793558717529,5.847953216374269
1738611000.Mon.Feb.03_19_30_00.GMT.2025.CACO04.c2.timex.jpg,c2,1738611000,2025-02-03T19:30:00+00:00,30.0,0.6508793558717529,5.847953216374269
1738612800.Mon.Feb.03_20_00_00.GMT.2025.CACO04.c2.timex.jpg,c2,1738612800,2025-02-03T20:00:00+00:00,0.0,0.6750779713440689,5.847953216374269
1738614600.Mon.Feb.03_20_30_00.GMT.2025.CACO04.c2.timex.jpg,c2,1738614600,2025-02-03T20:30:00+00:00,30.0,0.6750779713440689,5.847953216374269
1738616400.Mon.Feb.03_21_00_00.GMT.2025.CACO04.c2.timex.jpg,c2,1738616400,2025-02-03T21:00:00+00:00,0.0,0.7732029403606241,5.847953216374269
1738618200.Mon.Feb.03_21_30_00.GMT.2025.CACO04.c2.timex.jpg,c2,1738618200,2025-02-03T21:30:00+00:00,30.0,0.7732029403606241,5.847953216374269
1738620000.Mon.Feb.03_22_00_00.GMT.2025.CACO04.c2.timex.jpg,c2,1738620000,2025-02-03T22:00:00+00:00,0.0,0.6666212464921909,5.847953216374269
1738621800.Mon.Feb.03_22_30_00.GMT.2025.CACO04.c2.timex.jpg,c2,1738621800,2025-02-03T22:30:00+00:00,30.0,0.6666212464921909,5.847953216374269
1738623600.Mon.Feb.03_23_00_00.GMT.2025.CACO04.c2.timex.jpg,c2,1738623600,2025-02-03T23:00:00+00:00,0.0,0.5845282237374357,5.847953216374269
1738625400.Mon.Feb.03_23_30_00.GMT.2025.CACO04.c2.timex.jpg,c2,1738625400,2025-02-03T23:30:00+00:00,30.0,0.5845282237374357,5.847953216374269
1738627200.Tue.Feb.04_00_00_00.GMT.2025.CACO04.c2.timex.jpg,c2,1738627200,2025-02-04T00:00:00+00:00,0.0,0.755240211668919,6.768189509306261
1738629000.Tue.Feb.04_00_30_00.GMT.2025.CACO04.c2.timex.jpg,c2,1738629000,2025-02-04T00:30:00+00:00,30.0,0.755240211668919,6.768189509306261
1738630800.Tue.Feb.04_01_00_00.GMT.2025.CACO04.c2.timex.jpg,c2,1738630800,2025-02-04T01:00:00+00:00,0.0,0.7767818530461884,6.768189509306261
1738632600.Tue.Feb.04_01_30_00.GMT.2025.CACO04.c2.timex.jpg,c2,1738632600,2025-02-04T01:30:00+00:00,30.0,0.7767818530461884,6.768189509306261
1738634400.Tue.Feb.04_02_00_00.GMT.2025.CACO04.c2.timex.jpg,c2,1738634400,2025-02-04T02:00:00+00:00,0.0,0.8595004687383212,6.430868167202571
1738636200.Tue.Feb.04_02_30_00.GMT.2025.CACO04.c2.timex.jpg,c2,1738636200,2025-02-04T02:30:00+00:00,30.0,0.8595004687383212,6.430868167202571
1738638000.Tue.Feb.04_03_00_00.GMT.2025.CACO04.c2.timex.jpg,c2,1738638000,2025-02-04T03:00:00+00:00,0.0,0.8624224165092526,7.142857142857142
1738668600.Tue.Feb.04_11_30_00.GMT.2025.CACO04.c2.timex.jpg,c2,1738668600,2025-02-04T11:30:00+00:00,30.0,0.6167706296076886,6.125574272588055
1738670400.Tue.Feb.04_12_00_00.GMT.2025.CACO04.c2.timex.jpg,c2,1738670400,2025-02-04T12:00:00+00:00,0.0,0.5000787870057161,6.430868167202571
1738672200.Tue.Feb.04_12_30_00.GMT.2025.CACO04.c2.timex.jpg,c2,1738672200,2025-02-04T12:30:00+00:00,30.0,0.5000787870057161,6.430868167202571
1738674000.Tue.Feb.04_13_00_00.GMT.2025.CACO04.c2.timex.jpg,c2,1738674000,2025-02-04T13:00:00+00:00,0.0,0.5029449617658333,10.6951871657754
1738675800.Tue.Feb.04_13_30_00.GMT.2025.CACO04.c2.timex.jpg,c2,1738675800,2025-02-04T13:30:00+00:00,30.0,0.5029449617658333,10.6951871657754
1738677600.Tue.Feb.04_14_00_00.GMT.2025.CACO04.c2.timex.jpg,c2,1738677600,2025-02-04T14:00:00+00:00,0.0,1.0448924259801888,4.767580452920143
1738679400.Tue.Feb.04_14_30_00.GMT.2025.CACO04.c2.timex.jpg,c2,1738679400,2025-02-04T14:30:00+00:00,30.0,1.0448924259801888,4.767580452920143
1738681200.Tue.Feb.04_15_00_00.GMT.2025.CACO04.c2.timex.jpg,c2,1738681200,2025-02-04T15:00:00+00:00,0.0,1.3110808240690777,5.594405594405594
1738683000.Tue.Feb.04_15_30_00.GMT.2025.CACO04.c2.timex.jpg,c2,1738683000,2025-02-04T15:30:00+00:00,30.0,1.3110808240690777,5.594405594405594
1738684800.Tue.Feb.04_16_00_00.GMT.2025.CACO04.c2.timex.jpg,c2,1738684800,2025-02-04T16:00:00+00:00,0.0,1.1924240676607465,5.847953216374269
1738686600.Tue.Feb.04_16_30_00.GMT.2025.CACO04.c2.timex.jpg,c2,1738686600,2025-02-04T16:30:00+00:00,30.0,1.1924240676607465,5.847953216374269
1738688400.Tue.Feb.04_17_00_00.GMT.2025.CACO04.c2.timex.jpg,c2,1738688400,2025-02-04T17:00:00+00:00,0.0,1.2587797097997728,6.125574272588055
1738690200.Tue.Feb.04_17_30_00.GMT.2025.CACO04.c2.timex.jpg,c2,1738690200,2025-02-04T17:30:00+00:00,30.0,1.2587797097997728,6.125574272588055
1738692000.Tue.Feb.04_18_00_00.GMT.2025.CACO04.c2.timex.jpg,c2,1738692000,2025-02-04T18:00:00+00:00,0.0,1.2009629269925983,5.847953216374269
1738693800.Tue.Feb.04_18_30_00.GMT.2025.CACO04.c2.timex.jpg,c2,1738693800,2025-02-04T18:30:00+00:00,30.0,1.2009629269925983,5.847953216374269
1738695600.Tue.Feb.04_19_00_00.GMT.2025.CACO04.c2.timex.jpg,c2,1738695600,2025-02-04T19:00:00+00:00,0.0,1.1276587502090996,5.361930294906166
1738697400.Tue.Feb.04_19_30_00.GMT.2025.CACO04.c2.timex.jpg,c2,1738697400,2025-02-04T19:30:00+00:00,30.0,1.1276587502090996,5.361930294906166
1738699200.Tue.Feb.04_20_00_00.GMT.2025.CACO04.c2.timex.jpg,c2,1738699200,2025-02-04T20:00:00+00:00,0.0,1.3184408916409809,5.847953216374269
1738701000.Tue.Feb.04_20_30_00.GMT.2025.CACO04.c2.timex.jpg,c2,1738701000,2025-02-04T20:30:00+00:00,30.0,1.3184408916409809,5.847953216374269
1738702800.Tue.Feb.04_21_00_00.GMT.2025.CACO04.c2.timex.jpg,c2,1738702800,2025-02-04T21:00:00+00:00,0.0,1.6090208406729765,6.125574272588055
1738704600.Tue.Feb.04_21_30_00.GMT.2025.CACO04.c2.timex.jpg,c2,1738704600,2025-02-04T21:30:00+00:00,30.0,1.6090208406729765,6.125574272588055
1738706400.Tue.Feb.04_22_00_00.GMT.2025.CACO04.c2.timex.jpg,c2,1738706400,2025-02-04T22:00:00+00:00,0.0,1.5375484235285966,7.142857142857142
1738708200.Tue.Feb.04_22_30_00.GMT.2025.CACO04.c2.timex.jpg,c2,1738708200,2025-02-04T22:30:00+00:00,30.0,1.5375484235285966,7.142857142857142
1738710000.Tue.Feb.04_23_00_00.GMT.2025.CACO04.c2.timex.jpg,c2,1738710000,2025-02-04T23:00:00+00:00,0.0,1.4500943959572328,6.768189509306261
1738711800.Tue.Feb.04_23_30_00.GMT.2025.CACO04.c2.timex.jpg,c2,1738711800,2025-02-04T23:30:00+00:00,30.0,1.4500943959572328,6.768189509306261
1738713600.Wed.Feb.05_00_00_00.GMT.2025.CACO04.c2.timex.jpg,c2,1738713600,2025-02-05T00:00:00+00:00,0.0,1.32524913498146,6.768189509306261
1738715400.Wed.Feb.05_00_30_00.GMT.2025.CACO04.c2.timex.jpg,c2,1738715400,2025-02-05T00:30:00+00:00,30.0,1.32524913498146,6.768189509306261
1738717200.Wed.Feb.05_01_00_00.GMT.2025.CACO04.c2.timex.jpg,c2,1738717200,2025-02-05T01:00:00+00:00,0.0,1.4172526410738069,6.768189509306261
1738719000.Wed.Feb.05_01_30_00.GMT.2025.CACO04.c2.timex.jpg,c2,1738719000,2025-02-05T01:30:00+00:00,30.0,1.4172526410738069,6.768189509306261
1738720800.Wed.Feb.05_02_00_00.GMT.2025.CACO04.c2.timex.jpg,c2,1738720800,2025-02-05T02:00:00+00:00,0.0,1.7712981387949152,8.032128514056225
1738722600.Wed.Feb.05_02_30_00.GMT.2025.CACO04.c2.timex.jpg,c2,1738722600,2025-02-05T02:30:00+00:00,30.0,1.7712981387949152,8.032128514056225
1738724400.Wed.Feb.05_03_00_00.GMT.2025.CACO04.c2.timex.jpg,c2,1738724400,2025-02-05T03:00:00+00:00,0.0,1.9484147255290136,8.032128514056225
1738755000.Wed.Feb.05_11_30_00.GMT.2025.CACO04.c2.timex.jpg,c2,1738755000,2025-02-05T11:30:00+00:00,30.0,1.0509784382742409,6.430868167202571
1738756800.Wed.Feb.05_12_00_00.GMT.2025.CACO04.c2.timex.jpg,c2,1738756800,2025-02-05T12:00:00+00:00,0.0,1.0372964619393086,6.125574272588055
1738758600.Wed.Feb.05_12_30_00.GMT.2025.CACO04.c2.timex.jpg,c2,1738758600,2025-02-05T12:30:00+00:00,30.0,1.0372964619393086,6.125574272588055
1738760400.Wed.Feb.05_13_00_00.GMT.2025.CACO04.c2.timex.jpg,c2,1738760400,2025-02-05T13:00:00+00:00,0.0,0.9591970240726552,6.125574272588055
1738762200.Wed.Feb.05_13_30_00.GMT.2025.CACO04.c2.timex.jpg,c2,1738762200,2025-02-05T13:30:00+00:00,30.0,0.9591970240726552,6.125574272588055
1738764000.Wed.Feb.05_14_00_00.GMT.2025.CACO04.c2.timex.jpg,c2,1738764000,2025-02-05T14:00:00+00:00,0.0,1.0937249395477278,5.594405594405594
1738765800.Wed.Feb.05_14_30_00.GMT.2025.CACO04.c2.timex.jpg,c2,1738765800,2025-02-05T14:30:00+00:00,30.0,1.0937249395477278,5.594405594405594
1738767600.Wed.Feb.05_15_00_00.GMT.2025.CACO04.c2.timex.jpg,c2,1738767600,2025-02-05T15:00:00+00:00,0.0,1.0922779447623443,5.594405594405594
1738769400.Wed.Feb.05_15_30_00.GMT.2025.CACO04.c2.timex.jpg,c2,1738769400,2025-02-05T15:30:00+00:00,30.0,1.0922779447623443,5.594405594405594
1738771200.Wed.Feb.05_16_00_00.GMT.2025.CACO04.c2.timex.jpg,c2,1738771200,2025-02-05T16:00:00+00:00,0.0,1.2086747212360562,5.847953216374269
1738773000.Wed.Feb.05_16_30_00.GMT.2025.CACO04.c2.timex.jpg,c2,1738773000,2025-02-05T16:30:00+00:00,30.0,1.2086747212360562,5.847953216374269
1738774800.Wed.Feb.05_17_00_00.GMT.2025.CACO04.c2.timex.jpg,c2,1738774800,2025-02-05T17:00:00+00:00,0.0,1.142223361242105,5.594405594405594
1738776600.Wed.Feb.05_17_30_00.GMT.2025.CACO04.c2.timex.jpg,c2,1738776600,2025-02-05T17:30:00+00:00,30.0,1.142223361242105,5.594405594405594
1738778400.Wed.Feb.05_18_00_00.GMT.2025.CACO04.c2.timex.jpg,c2,1738778400,2025-02-05T18:00:00+00:00,0.0,1.2629236858057455,5.148005148005149
1738780200.Wed.Feb.05_18_30_00.GMT.2025.CACO04.c2.timex.jpg,c2,1738780200,2025-02-05T18:30:00+00:00,30.0,1.2629236858057455,5.148005148005149
1738782000.Wed.Feb.05_19_00_00.GMT.2025.CACO04.c2.timex.jpg,c2,1738782000,2025-02-05T19:00:00+00:00,0.0,1.1785093213196356,5.594405594405594
1738783800.Wed.Feb.05_19_30_00.GMT.2025.CACO04.c2.timex.jpg,c2,1738783800,2025-02-05T19:30:00+00:00,30.0,1.1785093213196356,5.594405594405594
1738785600.Wed.Feb.05_20_00_00.GMT.2025.CACO04.c2.timex.jpg,c2,1738785600,2025-02-05T20:00:00+00:00,0.0,1.002860084864702,4.950495049504951
1738787400.Wed.Feb.05_20_30_00.GMT.2025.CACO04.c2.timex.jpg,c2,1738787400,2025-02-05T20:30:00+00:00,30.0,1.002860084864702,4.950495049504951
1738789200.Wed.Feb.05_21_00_00.GMT.2025.CACO04.c2.timex.jpg,c2,1738789200,2025-02-05T21:00:00+00:00,0.0,0.9233341971546912,5.847953216374269
1738791000.Wed.Feb.05_21_30_00.GMT.2025.CACO04.c2.timex.jpg,c2,1738791000,2025-02-05T21:30:00+00:00,30.0,0.9233341971546912,5.847953216374269
1738792800.Wed.Feb.05_22_00_00.GMT.2025.CACO04.c2.timex.jpg,c2,1738792800,2025-02-05T22:00:00+00:00,0.0,0.9420461174872636,5.594405594405594
1738794600.Wed.Feb.05_22_30_00.GMT.2025.CACO04.c2.timex.jpg,c2,1738794600,2025-02-05T22:30:00+00:00,30.0,0.9420461174872636,5.594405594405594
1738796400.Wed.Feb.05_23_00_00.GMT.2025.CACO04.c2.timex.jpg,c2,1738796400,2025-02-05T23:00:00+00:00,0.0,0.8747892233154622,5.594405594405594
1738798200.Wed.Feb.05_23_30_00.GMT.2025.CACO04.c2.timex.jpg,c2,1738798200,2025-02-05T23:30:00+00:00,30.0,0.8747892233154622,5.594405594405594
1738800000.Thu.Feb.06_00_00_00.GMT.2025.CACO04.c2.timex.jpg,c2,1738800000,2025-02-06T00:00:00+00:00,0.0,0.8140778576150779,5.361930294906166
1738801800.Thu.Feb.06_00_30_00.GMT.2025.CACO04.c2.timex.jpg,c2,1738801800,2025-02-06T00:30:00+00:00,30.0,0.8140778576150779,5.361930294906166
1738803600.Thu.Feb.06_01_00_00.GMT.2025.CACO04.c2.timex.jpg,c2,1738803600,2025-02-06T01:00:00+00:00,0.0,0.811298886690811,5.361930294906166
1738805400.Thu.Feb.06_01_30_00.GMT.2025.CACO04.c2.timex.jpg,c2,1738805400,2025-02-06T01:30:00+00:00,30.0,0.811298886690811,5.361930294906166
1738807200.Thu.Feb.06_02_00_00.GMT.2025.CACO04.c2.timex.jpg,c2,1738807200,2025-02-06T02:00:00+00:00,0.0,0.8816168670849858,5.594405594405594
1738809000.Thu.Feb.06_02_30_00.GMT.2025.CACO04.c2.timex.jpg,c2,1738809000,2025-02-06T02:30:00+00:00,30.0,0.8816168670849858,5.594405594405594
1738810800.Thu.Feb.06_03_00_00.GMT.2025.CACO04.c2.timex.jpg,c2,1738810800,2025-02-06T03:00:00+00:00,0.0,0.6301332920258365,5.361930294906166
1738841400.Thu.Feb.06_11_30_00.GMT.2025.CACO04.c2.timex.jpg,c2,1738841400,2025-02-06T11:30:00+00:00,30.0,0.414628027260997,4.024144869215292
1738843200.Thu.Feb.06_12_00_00.GMT.2025.CACO04.c2.timex.jpg,c2,1738843200,2025-02-06T12:00:00+00:00,0.0,0.611083967155047,3.389830508474576
1738845000.Thu.Feb.06_12_30_00.GMT.2025.CACO04.c2.timex.jpg,c2,1738845000,2025-02-06T12:30:00+00:00,30.0,0.611083967155047,3.389830508474576
1738846800.Thu.Feb.06_13_00_00.GMT.2025.CACO04.c2.timex.jpg,c2,1738846800,2025-02-06T13:00:00+00:00,0.0,0.7917060074265005,3.787878787878788
1738848600.Thu.Feb.06_13_30_00.GMT.2025.CACO04.c2.timex.jpg,c2,1738848600,2025-02-06T13:30:00+00:00,30.0,0.7917060074265005,3.787878787878788
1738850400.Thu.Feb.06_14_00_00.GMT.2025.CACO04.c2.timex.jpg,c2,1738850400,2025-02-06T14:00:00+00:00,0.0,0.944335279099012,4.024144869215292
1738852200.Thu.Feb.06_14_30_00.GMT.2025.CACO04.c2.timex.jpg,c2,1738852200,2025-02-06T14:30:00+00:00,30.0,0.944335279099012,4.024144869215292
1738854000.Thu.Feb.06_15_00_00.GMT.2025.CACO04.c2.timex.jpg,c2,1738854000,2025-02-06T15:00:00+00:00,0.0,1.13740240240102,4.597701149425287
1738855800.Thu.Feb.06_15_30_00.GMT.2025.CACO04.c2.timex.jpg,c2,1738855800,2025-02-06T15:30:00+00:00,30.0,1.13740240240102,4.597701149425287
1738857600.Thu.Feb.06_16_00_00.GMT.2025.CACO04.c2.timex.jpg,c2,1738857600,2025-02-06T16:00:00+00:00,0.0,1.2580758756213437,4.950495049504951
1738859400.Thu.Feb.06_16_30_00.GMT.2025.CACO04.c2.timex.jpg,c2,1738859400,2025-02-06T16:30:00+00:00,30.0,1.2580758756213437,4.950495049504951
1738861200.Thu.Feb.06_17_00_00.GMT.2025.CACO04.c2.timex.jpg,c2,1738861200,2025-02-06T17:00:00+00:00,0.0,1.3588418387086534,4.950495049504951
1738863000.Thu.Feb.06_17_30_00.GMT.2025.CACO04.c2.timex.jpg,c2,1738863000,2025-02-06T17:30:00+00:00,30.0,1.3588418387086534,4.950495049504951
1738864800.Thu.Feb.06_18_00_00.GMT.2025.CACO04.c2.timex.jpg,c2,1738864800,2025-02-06T18:00:00+00:00,0.0,1.793657008613961,6.125574272588055
1738866600.Thu.Feb.06_18_30_00.GMT.2025.CACO04.c2.timex.jpg,c2,1738866600,2025-02-06T18:30:00+00:00,30.0,1.793657008613961,6.125574272588055
1738868400.Thu.Feb.06_19_00_00.GMT.2025.CACO04.c2.timex.jpg,c2,1738868400,2025-02-06T19:00:00+00:00,0.0,1.8003204336276142,6.125574272588055
1738870200.Thu.Feb.06_19_30_00.GMT.2025.CACO04.c2.timex.jpg,c2,1738870200,2025-02-06T19:30:00+00:00,30.0,1.8003204336276142,6.125574272588055
1738872000.Thu.Feb.06_20_00_00.GMT.2025.CACO04.c2.timex.jpg,c2,1738872000,2025-02-06T20:00:00+00:00,0.0,1.9145179175144225,6.768189509306261
1738873800.Thu.Feb.06_20_30_00.GMT.2025.CACO04.c2.timex.jpg,c2,1738873800,2025-02-06T20:30:00+00:00,30.0,1.9145179175144225,6.768189509306261
1738875600.Thu.Feb.06_21_00_00.GMT.2025.CACO04.c2.timex.jpg,c2,1738875600,2025-02-06T21:00:00+00:00,0.0,1.836332576468419,6.768189509306261
1738877400.Thu.Feb.06_21_30_00.GMT.2025.CACO04.c2.timex.jpg,c2,1738877400,2025-02-06T21:30:00+00:00,30.0,1.836332576468419,6.768189509306261
1738879200.Thu.Feb.06_22_00_00.GMT.2025.CACO04.c2.timex.jpg,c2,1738879200,2025-02-06T22:00:00+00:00,0.0,1.8164202615798837,7.561436672967865
1738881000.Thu.Feb.06_22_30_00.GMT.2025.CACO04.c2.timex.jpg,c2,1738881000,2025-02-06T22:30:00+00:00,30.0,1.8164202615798837,7.561436672967865
1738882800.Thu.Feb.06_23_00_00.GMT.2025.CACO04.c2.timex.jpg,c2,1738882800,2025-02-06T23:00:00+00:00,0.0,1.7408340189318312,8.032128514056225
1738884600.Thu.Feb.06_23_30_00.GMT.2025.CACO04.c2.timex.jpg,c2,1738884600,2025-02-06T23:30:00+00:00,30.0,1.7408340189318312,8.032128514056225
1738886400.Fri.Feb.07_00_00_00.GMT.2025.CACO04.c2.timex.jpg,c2,1738886400,2025-02-07T00:00:00+00:00,0.0,1.4502628449929054,7.561436672967865
1738888200.Fri.Feb.07_00_30_00.GMT.2025.CACO04.c2.timex.jpg,c2,1738888200,2025-02-07T00:30:00+00:00,30.0,1.4502628449929054,7.561436672967865
1738890000.Fri.Feb.07_01_00_00.GMT.2025.CACO04.c2.timex.jpg,c2,1738890000,2025-02-07T01:00:00+00:00,0.0,1.4266583868305778,8.032128514056225
1738891800.Fri.Feb.07_01_30_00.GMT.2025.CACO04.c2.timex.jpg,c2,1738891800,2025-02-07T01:30:00+00:00,30.0,1.4266583868305778,8.032128514056225
1738893600.Fri.Feb.07_02_00_00.GMT.2025.CACO04.c2.timex.jpg,c2,1738893600,2025-02-07T02:00:00+00:00,0.0,1.27290704364071,7.561436672967865
1738895400.Fri.Feb.07_02_30_00.GMT.2025.CACO04.c2.timex.jpg,c2,1738895400,2025-02-07T02:30:00+00:00,30.0,1.27290704364071,7.561436672967865
1738897200.Fri.Feb.07_03_00_00.GMT.2025.CACO04.c2.timex.jpg,c2,1738897200,2025-02-07T03:00:00+00:00,0.0,1.3160471740113358,8.032128514056225
1738927800.Fri.Feb.07_11_30_00.GMT.2025.CACO04.c2.timex.jpg,c2,1738927800,2025-02-07T11:30:00+00:00,30.0,0.9056545464478944,8.032128514056225
1738929600.Fri.Feb.07_12_00_00.GMT.2025.CACO04.c2.timex.jpg,c2,1738929600,2025-02-07T12:00:00+00:00,0.0,1.102478765479045,8.032128514056225
1738931400.Fri.Feb.07_12_30_00.GMT.2025.CACO04.c2.timex.jpg,c2,1738931400,2025-02-07T12:30:00+00:00,30.0,1.102478765479045,8.032128514056225
1738933200.Fri.Feb.07_13_00_00.GMT.2025.CACO04.c2.timex.jpg,c2,1738933200,2025-02-07T13:00:00+00:00,0.0,1.1719821991947397,8.565310492505352
1738935000.Fri.Feb.07_13_30_00.GMT.2025.CACO04.c2.timex.jpg,c2,1738935000,2025-02-07T13:30:00+00:00,30.0,1.1719821991947397,8.565310492505352
1738936800.Fri.Feb.07_14_00_00.GMT.2025.CACO04.c2.timex.jpg,c2,1738936800,2025-02-07T14:00:00+00:00,0.0,1.1843464750728043,9.876543209876544
1738938600.Fri.Feb.07_14_30_00.GMT.2025.CACO04.c2.timex.jpg,c2,1738938600,2025-02-07T14:30:00+00:00,30.0,1.1843464750728043,9.876543209876544
1738940400.Fri.Feb.07_15_00_00.GMT.2025.CACO04.c2.timex.jpg,c2,1738940400,2025-02-07T15:00:00+00:00,0.0,1.1659414444081606,8.565310492505352
1738942200.Fri.Feb.07_15_30_00.GMT.2025.CACO04.c2.timex.jpg,c2,1738942200,2025-02-07T15:30:00+00:00,30.0,1.1659414444081606,8.565310492505352
1738944000.Fri.Feb.07_16_00_00.GMT.2025.CACO04.c2.timex.jpg,c2,1738944000,2025-02-07T16:00:00+00:00,0.0,1.1268626402832982,9.876543209876544
1738945800.Fri.Feb.07_16_30_00.GMT.2025.CACO04.c2.timex.jpg,c2,1738945800,2025-02-07T16:30:00+00:00,30.0,1.1268626402832982,9.876543209876544
1738947600.Fri.Feb.07_17_00_00.GMT.2025.CACO04.c2.timex.jpg,c2,1738947600,2025-02-07T17:00:00+00:00,0.0,0.9709680271704784,10.6951871657754
1738949400.Fri.Feb.07_17_30_00.GMT.2025.CACO04.c2.timex.jpg,c2,1738949400,2025-02-07T17:30:00+00:00,30.0,0.9709680271704784,10.6951871657754
1738951200.Fri.Feb.07_18_00_00.GMT.2025.CACO04.c2.timex.jpg,c2,1738951200,2025-02-07T18:00:00+00:00,0.0,1.0655346257143403,10.6951871657754
1738953000.Fri.Feb.07_18_30_00.GMT.2025.CACO04.c2.timex.jpg,c2,1738953000,2025-02-07T18:30:00+00:00,30.0,1.0655346257143403,10.6951871657754
1738954800.Fri.Feb.07_19_00_00.GMT.2025.CACO04.c2.timex.jpg,c2,1738954800,2025-02-07T19:00:00+00:00,0.0,0.9730781270828076,10.6951871657754
1738956600.Fri.Feb.07_19_30_00.GMT.2025.CACO04.c2.timex.jpg,c2,1738956600,2025-02-07T19:30:00+00:00,30.0,0.9730781270828076,10.6951871657754
1738958400.Fri.Feb.07_20_00_00.GMT.2025.CACO04.c2.timex.jpg,c2,1738958400,2025-02-07T20:00:00+00:00,0.0,0.9285258761832782,9.876543209876544
1738960200.Fri.Feb.07_20_30_00.GMT.2025.CACO04.c2.timex.jpg,c2,1738960200,2025-02-07T20:30:00+00:00,30.0,0.9285258761832782,9.876543209876544
1738962000.Fri.Feb.07_21_00_00.GMT.2025.CACO04.c2.timex.jpg,c2,1738962000,2025-02-07T21:00:00+00:00,0.0,0.8431075067327937,10.6951871657754
1738963800.Fri.Feb.07_21_30_00.GMT.2025.CACO04.c2.timex.jpg,c2,1738963800,2025-02-07T21:30:00+00:00,30.0,0.8431075067327937,10.6951871657754
1738965600.Fri.Feb.07_22_00_00.GMT.2025.CACO04.c2.timex.jpg,c2,1738965600,2025-02-07T22:00:00+00:00,0.0,0.8777869068938599,9.876543209876544
1738967400.Fri.Feb.07_22_30_00.GMT.2025.CACO04.c2.timex.jpg,c2,1738967400,2025-02-07T22:30:00+00:00,30.0,0.8777869068938599,9.876543209876544
1738969200.Fri.Feb.07_23_00_00.GMT.2025.CACO04.c2.timex.jpg,c2,1738969200,2025-02-07T23:00:00+00:00,0.0,0.9081672629353124,9.876543209876544
1738971000.Fri.Feb.07_23_30_00.GMT.2025.CACO04.c2.timex.jpg,c2,1738971000,2025-02-07T23:30:00+00:00,30.0,0.9081672629353124,9.876543209876544
1738972800.Sat.Feb.08_00_00_00.GMT.2025.CACO04.c2.timex.jpg,c2,1738972800,2025-02-08T00:00:00+00:00,0.0,0.841048836975862,9.876543209876544
1738974600.Sat.Feb.08_00_30_00.GMT.2025.CACO04.c2.timex.jpg,c2,1738974600,2025-02-08T00:30:00+00:00,30.0,0.841048836975862,9.876543209876544
1738976400.Sat.Feb.08_01_00_00.GMT.2025.CACO04.c2.timex.jpg,c2,1738976400,2025-02-08T01:00:00+00:00,0.0,0.99731505625047,9.876543209876544
1738978200.Sat.Feb.08_01_30_00.GMT.2025.CACO04.c2.timex.jpg,c2,1738978200,2025-02-08T01:30:00+00:00,30.0,0.99731505625047,9.876543209876544
1738980000.Sat.Feb.08_02_00_00.GMT.2025.CACO04.c2.timex.jpg,c2,1738980000,2025-02-08T02:00:00+00:00,0.0,0.8692643939816748,9.876543209876544
1738981800.Sat.Feb.08_02_30_00.GMT.2025.CACO04.c2.timex.jpg,c2,1738981800,2025-02-08T02:30:00+00:00,30.0,0.8692643939816748,9.876543209876544
1738983600.Sat.Feb.08_03_00_00.GMT.2025.CACO04.c2.timex.jpg,c2,1738983600,2025-02-08T03:00:00+00:00,0.0,0.7839412823943187,10.6951871657754
1739014200.Sat.Feb.08_11_30_00.GMT.2025.CACO04.c2.timex.jpg,c2,1739014200,2025-02-08T11:30:00+00:00,30.0,0.818554360703644,5.847953216374269
1739016000.Sat.Feb.08_12_00_00.GMT.2025.CACO04.c2.timex.jpg,c2,1739016000,2025-02-08T12:00:00+00:00,0.0,0.8626180219642556,5.148005148005149
1739017800.Sat.Feb.08_12_30_00.GMT.2025.CACO04.c2.timex.jpg,c2,1739017800,2025-02-08T12:30:00+00:00,30.0,0.8626180219642556,5.148005148005149
1739019600.Sat.Feb.08_13_00_00.GMT.2025.CACO04.c2.timex.jpg,c2,1739019600,2025-02-08T13:00:00+00:00,0.0,0.7230457364453439,9.876543209876544
1739021400.Sat.Feb.08_13_30_00.GMT.2025.CACO04.c2.timex.jpg,c2,1739021400,2025-02-08T13:30:00+00:00,30.0,0.7230457364453439,9.876543209876544
1739023200.Sat.Feb.08_14_00_00.GMT.2025.CACO04.c2.timex.jpg,c2,1739023200,2025-02-08T14:00:00+00:00,0.0,0.6486359641936034,9.876543209876544
1739025000.Sat.Feb.08_14_30_00.GMT.2025.CACO04.c2.timex.jpg,c2,1739025000,2025-02-08T14:30:00+00:00,30.0,0.6486359641936034,9.876543209876544
1739026800.Sat.Feb.08_15_00_00.GMT.2025.CACO04.c2.timex.jpg,c2,1739026800,2025-02-08T15:00:00+00:00,0.0,0.491498274760519,8.565310492505352
1739028600.Sat.Feb.08_15_30_00.GMT.2025.CACO04.c2.timex.jpg,c2,1739028600,2025-02-08T15:30:00+00:00,30.0,0.491498274760519,8.565310492505352
1739030400.Sat.Feb.08_16_00_00.GMT.2025.CACO04.c2.timex.jpg,c2,1739030400,2025-02-08T16:00:00+00:00,0.0,0.5102483870352538,9.876543209876544
1739032200.Sat.Feb.08_16_30_00.GMT.2025.CACO04.c2.timex.jpg,c2,1739032200,2025-02-08T16:30:00+00:00,30.0,0.5102483870352538,9.876543209876544
1739034000.Sat.Feb.08_17_00_00.GMT.2025.CACO04.c2.timex.jpg,c2,1739034000,2025-02-08T17:00:00+00:00,0.0,0.4559996050667524,9.174311926605505
1739035800.Sat.Feb.08_17_30_00.GMT.2025.CACO04.c2.timex.jpg,c2,1739035800,2025-02-08T17:30:00+00:00,30.0,0.4559996050667524,9.174311926605505
1739037600.Sat.Feb.08_18_00_00.GMT.2025.CACO04.c2.timex.jpg,c2,1739037600,2025-02-08T18:00:00+00:00,0.0,0.5178746787808614,9.876543209876544
1739039400.Sat.Feb.08_18_30_00.GMT.2025.CACO04.c2.timex.jpg,c2,1739039400,2025-02-08T18:30:00+00:00,30.0,0.5178746787808614,9.876543209876544
1739041200.Sat.Feb.08_19_00_00.GMT.2025.CACO04.c2.timex.jpg,c2,1739041200,2025-02-08T19:00:00+00:00,0.0,0.4139678301204091,9.876543209876544
1739043000.Sat.Feb.08_19_30_00.GMT.2025.CACO04.c2.timex.jpg,c2,1739043000,2025-02-08T19:30:00+00:00,30.0,0.4139678301204091,9.876543209876544
1739044800.Sat.Feb.08_20_00_00.GMT.2025.CACO04.c2.timex.jpg,c2,1739044800,2025-02-08T20:00:00+00:00,0.0,0.3967241817326802,9.174311926605505
1739046600.Sat.Feb.08_20_30_00.GMT.2025.CACO04.c2.timex.jpg,c2,1739046600,2025-02-08T20:30:00+00:00,30.0,0.3967241817326802,9.174311926605505
1739048400.Sat.Feb.08_21_00_00.GMT.2025.CACO04.c2.timex.jpg,c2,1739048400,2025-02-08T21:00:00+00:00,0.0,0.3984330491056811,9.174311926605505
1739050200.Sat.Feb.08_21_30_00.GMT.2025.CACO04.c2.timex.jpg,c2,1739050200,2025-02-08T21:30:00+00:00,30.0,0.3984330491056811,9.174311926605505
1739052000.Sat.Feb.08_22_00_00.GMT.2025.CACO04.c2.timex.jpg,c2,1739052000,2025-02-08T22:00:00+00:00,0.0,0.3853556949310252,8.565310492505352
1739053800.Sat.Feb.08_22_30_00.GMT.2025.CACO04.c2.timex.jpg,c2,1739053800,2025-02-08T22:30:00+00:00,30.0,0.3853556949310252,8.565310492505352
1739055600.Sat.Feb.08_23_00_00.GMT.2025.CACO04.c2.timex.jpg,c2,1739055600,2025-02-08T23:00:00+00:00,0.0,0.5195637595144738,8.565310492505352
1739057400.Sat.Feb.08_23_30_00.GMT.2025.CACO04.c2.timex.jpg,c2,1739057400,2025-02-08T23:30:00+00:00,30.0,0.5195637595144738,8.565310492505352
1739059200.Sun.Feb.09_00_00_00.GMT.2025.CACO04.c2.timex.jpg,c2,1739059200,2025-02-09T00:00:00+00:00,0.0,0.4034552260451868,9.876543209876544
1739061000.Sun.Feb.09_00_30_00.GMT.2025.CACO04.c2.timex.jpg,c2,1739061000,2025-02-09T00:30:00+00:00,30.0,0.4034552260451868,9.876543209876544
1739062800.Sun.Feb.09_01_00_00.GMT.2025.CACO04.c2.timex.jpg,c2,1739062800,2025-02-09T01:00:00+00:00,0.0,0.4044515496941446,9.174311926605505
1739064600.Sun.Feb.09_01_30_00.GMT.2025.CACO04.c2.timex.jpg,c2,1739064600,2025-02-09T01:30:00+00:00,30.0,0.4044515496941446,9.174311926605505
1739066400.Sun.Feb.09_02_00_00.GMT.2025.CACO04.c2.timex.jpg,c2,1739066400,2025-02-09T02:00:00+00:00,0.0,0.4360340677153876,9.174311926605505
1739068200.Sun.Feb.09_02_30_00.GMT.2025.CACO04.c2.timex.jpg,c2,1739068200,2025-02-09T02:30:00+00:00,30.0,0.4360340677153876,9.174311926605505
1739070000.Sun.Feb.09_03_00_00.GMT.2025.CACO04.c2.timex.jpg,c2,1739070000,2025-02-09T03:00:00+00:00,0.0,0.3929828129018584,8.565310492505352
1739100600.Sun.Feb.09_11_30_00.GMT.2025.CACO04.c2.timex.jpg,c2,1739100600,2025-02-09T11:30:00+00:00,30.0,0.4221891353965435,5.361930294906166
1739102400.Sun.Feb.09_12_00_00.GMT.2025.CACO04.c2.timex.jpg,c2,1739102400,2025-02-09T12:00:00+00:00,0.0,0.9879570560237536,4.597701149425287
1739104200.Sun.Feb.09_12_30_00.GMT.2025.CACO04.c2.timex.jpg,c2,1739104200,2025-02-09T12:30:00+00:00,30.0,0.9879570560237536,4.597701149425287
1739106000.Sun.Feb.09_13_00_00.GMT.2025.CACO04.c2.timex.jpg,c2,1739106000,2025-02-09T13:00:00+00:00,0.0,1.049189957742457,4.950495049504951
1739107800.Sun.Feb.09_13_30_00.GMT.2025.CACO04.c2.timex.jpg,c2,1739107800,2025-02-09T13:30:00+00:00,30.0,1.049189957742457,4.950495049504951
1739109600.Sun.Feb.09_14_00_00.GMT.2025.CACO04.c2.timex.jpg,c2,1739109600,2025-02-09T14:00:00+00:00,0.0,1.1283512254242345,5.594405594405594
1739111400.Sun.Feb.09_14_30_00.GMT.2025.CACO04.c2.timex.jpg,c2,1739111400,2025-02-09T14:30:00+00:00,30.0,1.1283512254242345,5.594405594405594
1739113200.Sun.Feb.09_15_00_00.GMT.2025.CACO04.c2.timex.jpg,c2,1739113200,2025-02-09T15:00:00+00:00,0.0,1.0933426329716684,5.594405594405594
1739115000.Sun.Feb.09_15_30_00.GMT.2025.CACO04.c2.timex.jpg,c2,1739115000,2025-02-09T15:30:00+00:00,30.0,1.0933426329716684,5.594405594405594
1739116800.Sun.Feb.09_16_00_00.GMT.2025.CACO04.c2.timex.jpg,c2,1739116800,2025-02-09T16:00:00+00:00,0.0,1.135374130649807,6.125574272588055
1739118600.Sun.Feb.09_16_30_00.GMT.2025.CACO04.c2.timex.jpg,c2,1739118600,2025-02-09T16:30:00+00:00,30.0,1.135374130649807,6.125574272588055
1739120400.Sun.Feb.09_17_00_00.GMT.2025.CACO04.c2.timex.jpg,c2,1739120400,2025-02-09T17:00:00+00:00,0.0,1.3906780099115563,6.430868167202571
1739122200.Sun.Feb.09_17_30_00.GMT.2025.CACO04.c2.timex.jpg,c2,1739122200,2025-02-09T17:30:00+00:00,30.0,1.3906780099115563,6.430868167202571
1739124000.Sun.Feb.09_18_00_00.GMT.2025.CACO04.c2.timex.jpg,c2,1739124000,2025-02-09T18:00:00+00:00,0.0,1.8169147253704652,6.430868167202571
1739125800.Sun.Feb.09_18_30_00.GMT.2025.CACO04.c2.timex.jpg,c2,1739125800,2025-02-09T18:30:00+00:00,30.0,1.8169147253704652,6.430868167202571
1739127600.Sun.Feb.09_19_00_00.GMT.2025.CACO04.c2.timex.jpg,c2,1739127600,2025-02-09T19:00:00+00:00,0.0,1.93339584993242,5.847953216374269
1739129400.Sun.Feb.09_19_30_00.GMT.2025.CACO04.c2.timex.jpg,c2,1739129400,2025-02-09T19:30:00+00:00,30.0,1.93339584993242,5.847953216374269
1739131200.Sun.Feb.09_20_00_00.GMT.2025.CACO04.c2.timex.jpg,c2,1739131200,2025-02-09T20:00:00+00:00,0.0,1.827637030636162,7.142857142857142
1739133000.Sun.Feb.09_20_30_00.GMT.2025.CACO04.c2.timex.jpg,c2,1739133000,2025-02-09T20:30:00+00:00,30.0,1.827637030636162,7.142857142857142
1739134800.Sun.Feb.09_21_00_00.GMT.2025.CACO04.c2.timex.jpg,c2,1739134800,2025-02-09T21:00:00+00:00,0.0,1.9454472499796205,7.142857142857142
1739136600.Sun.Feb.09_21_30_00.GMT.2025.CACO04.c2.timex.jpg,c2,1739136600,2025-02-09T21:30:00+00:00,30.0,1.9454472499796205,7.142857142857142
1739138400.Sun.Feb.09_22_00_00.GMT.2025.CACO04.c2.timex.jpg,c2,1739138400,2025-02-09T22:00:00+00:00,0.0,2.047860854176504,7.142857142857142
1739140200.Sun.Feb.09_22_30_00.GMT.2025.CACO04.c2.timex.jpg,c2,1739140200,2025-02-09T22:30:00+00:00,30.0,2.047860854176504,7.142857142857142
1739142000.Sun.Feb.09_23_00_00.GMT.2025.CACO04.c2.timex.jpg,c2,1739142000,2025-02-09T23:00:00+00:00,0.0,1.8224171417187165,7.142857142857142
1739143800.Sun.Feb.09_23_30_00.GMT.2025.CACO04.c2.timex.jpg,c2,1739143800,2025-02-09T23:30:00+00:00,30.0,1.8224171417187165,7.142857142857142
1739145600.Mon.Feb.10_00_00_00.GMT.2025.CACO04.c2.timex.jpg,c2,1739145600,2025-02-10T00:00:00+00:00,0.0,1.8351845459476983,6.768189509306261
1739147400.Mon.Feb.10_00_30_00.GMT.2025.CACO04.c2.timex.jpg,c2,1739147400,2025-02-10T00:30:00+00:00,30.0,1.8351845459476983,6.768189509306261
1739149200.Mon.Feb.10_01_00_00.GMT.2025.CACO04.c2.timex.jpg,c2,1739149200,2025-02-10T01:00:00+00:00,0.0,1.979979486426199,6.768189509306261
1739151000.Mon.Feb.10_01_30_00.GMT.2025.CACO04.c2.timex.jpg,c2,1739151000,2025-02-10T01:30:00+00:00,30.0,1.979979486426199,6.768189509306261
1739152800.Mon.Feb.10_02_00_00.GMT.2025.CACO04.c2.timex.jpg,c2,1739152800,2025-02-10T02:00:00+00:00,0.0,1.8242574914813017,6.768189509306261
1739154600.Mon.Feb.10_02_30_00.GMT.2025.CACO04.c2.timex.jpg,c2,1739154600,2025-02-10T02:30:00+00:00,30.0,1.8242574914813017,6.768189509306261
1739156400.Mon.Feb.10_03_00_00.GMT.2025.CACO04.c2.timex.jpg,c2,1739156400,2025-02-10T03:00:00+00:00,0.0,1.6157905719264027,7.142857142857142
1739187000.Mon.Feb.10_11_30_00.GMT.2025.CACO04.c2.timex.jpg,c2,1739187000,2025-02-10T11:30:00+00:00,30.0,1.1838438133643705,7.561436672967865
1739188800.Mon.Feb.10_12_00_00.GMT.2025.CACO04.c2.timex.jpg,c2,1739188800,2025-02-10T12:00:00+00:00,0.0,1.2411859722839202,7.142857142857142
1739190600.Mon.Feb.10_12_30_00.GMT.2025.CACO04.c2.timex.jpg,c2,1739190600,2025-02-10T12:30:00+00:00,30.0,1.2411859722839202,7.142857142857142
1739192400.Mon.Feb.10_13_00_00.GMT.2025.CACO04.c2.timex.jpg,c2,1739192400,2025-02-10T13:00:00+00:00,0.0,1.0899435264729016,8.032128514056225
1739194200.Mon.Feb.10_13_30_00.GMT.2025.CACO04.c2.timex.jpg,c2,1739194200,2025-02-10T13:30:00+00:00,30.0,1.0899435264729016,8.032128514056225
1739196000.Mon.Feb.10_14_00_00.GMT.2025.CACO04.c2.timex.jpg,c2,1739196000,2025-02-10T14:00:00+00:00,0.0,1.2157213187709106,7.561436672967865
1739197800.Mon.Feb.10_14_30_00.GMT.2025.CACO04.c2.timex.jpg,c2,1739197800,2025-02-10T14:30:00+00:00,30.0,1.2157213187709106,7.561436672967865
1739199600.Mon.Feb.10_15_00_00.GMT.2025.CACO04.c2.timex.jpg,c2,1739199600,2025-02-10T15:00:00+00:00,0.0,1.194765403197075,7.561436672967865
1739201400.Mon.Feb.10_15_30_00.GMT.2025.CACO04.c2.timex.jpg,c2,1739201400,2025-02-10T15:30:00+00:00,30.0,1.194765403197075,7.561436672967865
1739203200.Mon.Feb.10_16_00_00.GMT.2025.CACO04.c2.timex.jpg,c2,1739203200,2025-02-10T16:00:00+00:00,0.0,1.209189021397619,8.032128514056225
1739205000.Mon.Feb.10_16_30_00.GMT.2025.CACO04.c2.timex.jpg,c2,1739205000,2025-02-10T16:30:00+00:00,30.0,1.209189021397619,8.032128514056225
1739206800.Mon.Feb.10_17_00_00.GMT.2025.CACO04.c2.timex.jpg,c2,1739206800,2025-02-10T17:00:00+00:00,0.0,1.1879944969156278,8.032128514056225
1739208600.Mon.Feb.10_17_30_00.GMT.2025.CACO04.c2.timex.jpg,c2,1739208600,2025-02-10T17:30:00+00:00,30.0,1.1879944969156278,8.032128514056225
1739210400.Mon.Feb.10_18_00_00.GMT.2025.CACO04.c2.timex.jpg,c2,1739210400,2025-02-10T18:00:00+00:00,0.0,1.116800118942615,8.565310492505352
1739212200.Mon.Feb.10_18_30_00.GMT.2025.CACO04.c2.timex.jpg,c2,1739212200,2025-02-10T18:30:00+00:00,30.0,1.116800118942615,8.565310492505352
1739214000.Mon.Feb.10_19_00_00.GMT.2025.CACO04.c2.timex.jpg,c2,1739214000,2025-02-10T19:00:00+00:00,0.0,1.13109868596327,8.565310492505352
1739215800.Mon.Feb.10_19_30_00.GMT.2025.CACO04.c2.timex.jpg,c2,1739215800,2025-02-10T19:30:00+00:00,30.0,1.13109868596327,8.565310492505352
1739217600.Mon.Feb.10_20_00_00.GMT.2025.CACO04.c2.timex.jpg,c2,1739217600,2025-02-10T20:00:00+00:00,0.0,1.106392176763524,9.174311926605505
1739219400.Mon.Feb.10_20_30_00.GMT.2025.CACO04.c2.timex.jpg,c2,1739219400,2025-02-10T20:30:00+00:00,30.0,1.106392176763524,9.174311926605505
1739221200.Mon.Feb.10_21_00_00.GMT.2025.CACO04.c2.timex.jpg,c2,1739221200,2025-02-10T21:00:00+00:00,0.0,0.8769389836049519,8.565310492505352
1739223000.Mon.Feb.10_21_30_00.GMT.2025.CACO04.c2.timex.jpg,c2,1739223000,2025-02-10T21:30:00+00:00,30.0,0.8769389836049519,8.565310492505352
1739224800.Mon.Feb.10_22_00_00.GMT.2025.CACO04.c2.timex.jpg,c2,1739224800,2025-02-10T22:00:00+00:00,0.0,0.9653776379097398,8.565310492505352
1739226600.Mon.Feb.10_22_30_00.GMT.2025.CACO04.c2.timex.jpg,c2,1739226600,2025-02-10T22:30:00+00:00,30.0,0.9653776379097398,8.565310492505352
1739228400.Mon.Feb.10_23_00_00.GMT.2025.CACO04.c2.timex.jpg,c2,1739228400,2025-02-10T23:00:00+00:00,0.0,0.9540789840364252,9.174311926605505
1739230200.Mon.Feb.10_23_30_00.GMT.2025.CACO04.c2.timex.jpg,c2,1739230200,2025-02-10T23:30:00+00:00,30.0,0.9540789840364252,9.174311926605505
1739232000.Tue.Feb.11_00_00_00.GMT.2025.CACO04.c2.timex.jpg,c2,1739232000,2025-02-11T00:00:00+00:00,0.0,0.928954107714215,9.174311926605505
1739233800.Tue.Feb.11_00_30_00.GMT.2025.CACO04.c2.timex.jpg,c2,1739233800,2025-02-11T00:30:00+00:00,30.0,0.928954107714215,9.174311926605505
1739235600.Tue.Feb.11_01_00_00.GMT.2025.CACO04.c2.timex.jpg,c2,1739235600,2025-02-11T01:00:00+00:00,0.0,1.126382757670522,9.174311926605505
1739237400.Tue.Feb.11_01_30_00.GMT.2025.CACO04.c2.timex.jpg,c2,1739237400,2025-02-11T01:30:00+00:00,30.0,1.126382757670522,9.174311926605505
1739239200.Tue.Feb.11_02_00_00.GMT.2025.CACO04.c2.timex.jpg,c2,1739239200,2025-02-11T02:00:00+00:00,0.0,1.1163859555150724,8.032128514056225
1739241000.Tue.Feb.11_02_30_00.GMT.2025.CACO04.c2.timex.jpg,c2,1739241000,2025-02-11T02:30:00+00:00,30.0,1.1163859555150724,8.032128514056225
1739242800.Tue.Feb.11_03_00_00.GMT.2025.CACO04.c2.timex.jpg,c2,1739242800,2025-02-11T03:00:00+00:00,0.0,1.2501243222066905,5.847953216374269
1739273400.Tue.Feb.11_11_30_00.GMT.2025.CACO04.c2.timex.jpg,c2,1739273400,2025-02-11T11:30:00+00:00,30.0,0.7746463253274272,6.125574272588055
1739275200.Tue.Feb.11_12_00_00.GMT.2025.CACO04.c2.timex.jpg,c2,1739275200,2025-02-11T12:00:00+00:00,0.0,0.7058874344271976,5.847953216374269
1739277000.Tue.Feb.11_12_30_00.GMT.2025.CACO04.c2.timex.jpg,c2,1739277000,2025-02-11T12:30:00+00:00,30.0,0.7058874344271976,5.847953216374269
1739278800.Tue.Feb.11_13_00_00.GMT.2025.CACO04.c2.timex.jpg,c2,1739278800,2025-02-11T13:00:00+00:00,0.0,0.7169958349224048,5.594405594405594
1739280600.Tue.Feb.11_13_30_00.GMT.2025.CACO04.c2.timex.jpg,c2,1739280600,2025-02-11T13:30:00+00:00,30.0,0.7169958349224048,5.594405594405594
1739282400.Tue.Feb.11_14_00_00.GMT.2025.CACO04.c2.timex.jpg,c2,1739282400,2025-02-11T14:00:00+00:00,0.0,0.6866317780108286,5.148005148005149
1739284200.Tue.Feb.11_14_30_00.GMT.2025.CACO04.c2.timex.jpg,c2,1739284200,2025-02-11T14:30:00+00:00,30.0,0.6866317780108286,5.148005148005149
1739286000.Tue.Feb.11_15_00_00.GMT.2025.CACO04.c2.timex.jpg,c2,1739286000,2025-02-11T15:00:00+00:00,0.0,0.629300849208469,5.148005148005149
1739287800.Tue.Feb.11_15_30_00.GMT.2025.CACO04.c2.timex.jpg,c2,1739287800,2025-02-11T15:30:00+00:00,30.0,0.629300849208469,5.148005148005149
1739289600.Tue.Feb.11_16_00_00.GMT.2025.CACO04.c2.timex.jpg,c2,1739289600,2025-02-11T16:00:00+00:00,0.0,0.5997809207563981,4.597701149425287
1739291400.Tue.Feb.11_16_30_00.GMT.2025.CACO04.c2.timex.jpg,c2,1739291400,2025-02-11T16:30:00+00:00,30.0,0.5997809207563981,4.597701149425287
1739293200.Tue.Feb.11_17_00_00.GMT.2025.CACO04.c2.timex.jpg,c2,1739293200,2025-02-11T17:00:00+00:00,0.0,0.5629272739232984,5.847953216374269
1739295000.Tue.Feb.11_17_30_00.GMT.2025.CACO04.c2.timex.jpg,c2,1739295000,2025-02-11T17:30:00+00:00,30.0,0.5629272739232984,5.847953216374269
1739296800.Tue.Feb.11_18_00_00.GMT.2025.CACO04.c2.timex.jpg,c2,1739296800,2025-02-11T18:00:00+00:00,0.0,0.4627002370721193,5.594405594405594
1739298600.Tue.Feb.11_18_30_00.GMT.2025.CACO04.c2.timex.jpg,c2,1739298600,2025-02-11T18:30:00+00:00,30.0,0.4627002370721193,5.594405594405594
1739300400.Tue.Feb.11_19_00_00.GMT.2025.CACO04.c2.timex.jpg,c2,1739300400,2025-02-11T19:00:00+00:00,0.0,0.4433031516008369,9.876543209876544
1739302200.Tue.Feb.11_19_30_00.GMT.2025.CACO04.c2.timex.jpg,c2,1739302200,2025-02-11T19:30:00+00:00,30.0,0.4433031516008369,9.876543209876544
1739304000.Tue.Feb.11_20_00_00.GMT.2025.CACO04.c2.timex.jpg,c2,1739304000,2025-02-11T20:00:00+00:00,0.0,0.355958645785989,9.876543209876544
1739305800.Tue.Feb.11_20_30_00.GMT.2025.CACO04.c2.timex.jpg,c2,1739305800,2025-02-11T20:30:00+00:00,30.0,0.355958645785989,9.876543209876544
1739307600.Tue.Feb.11_21_00_00.GMT.2025.CACO04.c2.timex.jpg,c2,1739307600,2025-02-11T21:00:00+00:00,0.0,0.3829766287068924,9.174311926605505
1739309400.Tue.Feb.11_21_30_00.GMT.2025.CACO04.c2.timex.jpg,c2,1739309400,2025-02-11T21:30:00+00:00,30.0,0.3829766287068924,9.174311926605505
1739311200.Tue.Feb.11_22_00_00.GMT.2025.CACO04.c2.timex.jpg,c2,1739311200,2025-02-11T22:00:00+00:00,0.0,0.2967038217687717,9.174311926605505
1739313000.Tue.Feb.11_22_30_00.GMT.2025.CACO04.c2.timex.jpg,c2,1739313000,2025-02-11T22:30:00+00:00,30.0,0.2967038217687717,9.174311926605505
1739314800.Tue.Feb.11_23_00_00.GMT.2025.CACO04.c2.timex.jpg,c2,1739314800,2025-02-11T23:00:00+00:00,0.0,0.2784441734590389,9.174311926605505
1739316600.Tue.Feb.11_23_30_00.GMT.2025.CACO04.c2.timex.jpg,c2,1739316600,2025-02-11T23:30:00+00:00,30.0,0.2784441734590389,9.174311926605505
1739318400.Wed.Feb.12_00_00_00.GMT.2025.CACO04.c2.timex.jpg,c2,1739318400,2025-02-12T00:00:00+00:00,0.0,0.2883010792338238,9.876543209876544
1739320200.Wed.Feb.12_00_30_00.GMT.2025.CACO04.c2.timex.jpg,c2,1739320200,2025-02-12T00:30:00+00:00,30.0,0.2883010792338238,9.876543209876544
1739322000.Wed.Feb.12_01_00_00.GMT.2025.CACO04.c2.timex.jpg,c2,1739322000,2025-02-12T01:00:00+00:00,0.0,0.2951011965803433,9.174311926605505
1739323800.Wed.Feb.12_01_30_00.GMT.2025.CACO04.c2.timex.jpg,c2,1739323800,2025-02-12T01:30:00+00:00,30.0,0.2951011965803433,9.174311926605505
1739325600.Wed.Feb.12_02_00_00.GMT.2025.CACO04.c2.timex.jpg,c2,1739325600,2025-02-12T02:00:00+00:00,0.0,0.4034478269572177,9.174311926605505
1739327400.Wed.Feb.12_02_30_00.GMT.2025.CACO04.c2.timex.jpg,c2,1739327400,2025-02-12T02:30:00+00:00,30.0,0.4034478269572177,9.174311926605505
1739329200.Wed.Feb.12_03_00_00.GMT.2025.CACO04.c2.timex.jpg,c2,1739329200,2025-02-12T03:00:00+00:00,0.0,0.3991413174920953,9.174311926605505
1739359800.Wed.Feb.12_11_30_00.GMT.2025.CACO04.c2.timex.jpg,c2,1739359800,2025-02-12T11:30:00+00:00,30.0,0.240050546240098,10.6951871657754
1739361600.Wed.Feb.12_12_00_00.GMT.2025.CACO04.c2.timex.jpg,c2,1739361600,2025-02-12T12:00:00+00:00,0.0,0.2722987883443197,9.876543209876544
1739363400.Wed.Feb.12_12_30_00.GMT.2025.CACO04.c2.timex.jpg,c2,1739363400,2025-02-12T12:30:00+00:00,30.0,0.2722987883443197,9.876543209876544
1739365200.Wed.Feb.12_13_00_00.GMT.2025.CACO04.c2.timex.jpg,c2,1739365200,2025-02-12T13:00:00+00:00,0.0,0.2919298311206633,9.174311926605505
1739367000.Wed.Feb.12_13_30_00.GMT.2025.CACO04.c2.timex.jpg,c2,1739367000,2025-02-12T13:30:00+00:00,30.0,0.2919298311206633,9.174311926605505
1739368800.Wed.Feb.12_14_00_00.GMT.2025.CACO04.c2.timex.jpg,c2,1739368800,2025-02-12T14:00:00+00:00,0.0,0.4759203361582468,10.6951871657754
1739370600.Wed.Feb.12_14_30_00.GMT.2025.CACO04.c2.timex.jpg,c2,1739370600,2025-02-12T14:30:00+00:00,30.0,0.4759203361582468,10.6951871657754
1739372400.Wed.Feb.12_15_00_00.GMT.2025.CACO04.c2.timex.jpg,c2,1739372400,2025-02-12T15:00:00+00:00,0.0,0.9910341070131262,3.902439024390244
1739374200.Wed.Feb.12_15_30_00.GMT.2025.CACO04.c2.timex.jpg,c2,1739374200,2025-02-12T15:30:00+00:00,30.0,0.9910341070131262,3.902439024390244
1739376000.Wed.Feb.12_16_00_00.GMT.2025.CACO04.c2.timex.jpg,c2,1739376000,2025-02-12T16:00:00+00:00,0.0,1.628526539648243,5.361930294906166
1739377800.Wed.Feb.12_16_30_00.GMT.2025.CACO04.c2.timex.jpg,c2,1739377800,2025-02-12T16:30:00+00:00,30.0,1.628526539648243,5.361930294906166
1739379600.Wed.Feb.12_17_00_00.GMT.2025.CACO04.c2.timex.jpg,c2,1739379600,2025-02-12T17:00:00+00:00,0.0,1.7965392473496424,5.361930294906166
1739381400.Wed.Feb.12_17_30_00.GMT.2025.CACO04.c2.timex.jpg,c2,1739381400,2025-02-12T17:30:00+00:00,30.0,1.7965392473496424,5.361930294906166
1739383200.Wed.Feb.12_18_00_00.GMT.2025.CACO04.c2.timex.jpg,c2,1739383200,2025-02-12T18:00:00+00:00,0.0,1.8690547300523497,6.430868167202571
1739385000.Wed.Feb.12_18_30_00.GMT.2025.CACO04.c2.timex.jpg,c2,1739385000,2025-02-12T18:30:00+00:00,30.0,1.8690547300523497,6.430868167202571
1739386800.Wed.Feb.12_19_00_00.GMT.2025.CACO04.c2.timex.jpg,c2,1739386800,2025-02-12T19:00:00+00:00,0.0,1.838602533091758,6.125574272588055
1739388600.Wed.Feb.12_19_30_00.GMT.2025.CACO04.c2.timex.jpg,c2,1739388600,2025-02-12T19:30:00+00:00,30.0,1.838602533091758,6.125574272588055
1739390400.Wed.Feb.12_20_00_00.GMT.2025.CACO04.c2.timex.jpg,c2,1739390400,2025-02-12T20:00:00+00:00,0.0,1.8035760568817616,6.430868167202571
1739392200.Wed.Feb.12_20_30_00.GMT.2025.CACO04.c2.timex.jpg,c2,1739392200,2025-02-12T20:30:00+00:00,30.0,1.8035760568817616,6.430868167202571
1739394000.Wed.Feb.12_21_00_00.GMT.2025.CACO04.c2.timex.jpg,c2,1739394000,2025-02-12T21:00:00+00:00,0.0,1.5994710905397556,6.768189509306261
1739395800.Wed.Feb.12_21_30_00.GMT.2025.CACO04.c2.timex.jpg,c2,1739395800,2025-02-12T21:30:00+00:00,30.0,1.5994710905397556,6.768189509306261
1739397600.Wed.Feb.12_22_00_00.GMT.2025.CACO04.c2.timex.jpg,c2,1739397600,2025-02-12T22:00:00+00:00,0.0,1.628468450215248,6.430868167202571
1739399400.Wed.Feb.12_22_30_00.GMT.2025.CACO04.c2.timex.jpg,c2,1739399400,2025-02-12T22:30:00+00:00,30.0,1.628468450215248,6.430868167202571
1739401200.Wed.Feb.12_23_00_00.GMT.2025.CACO04.c2.timex.jpg,c2,1739401200,2025-02-12T23:00:00+00:00,0.0,1.363098157110365,6.430868167202571
1739403000.Wed.Feb.12_23_30_00.GMT.2025.CACO04.c2.timex.jpg,c2,1739403000,2025-02-12T23:30:00+00:00,30.0,1.363098157110365,6.430868167202571
1739404800.Thu.Feb.13_00_00_00.GMT.2025.CACO04.c2.timex.jpg,c2,1739404800,2025-02-13T00:00:00+00:00,0.0,1.6173298486957262,6.430868167202571
1739406600.Thu.Feb.13_00_30_00.GMT.2025.CACO04.c2.timex.jpg,c2,1739406600,2025-02-13T00:30:00+00:00,30.0,1.6173298486957262,6.430868167202571
1739408400.Thu.Feb.13_01_00_00.GMT.2025.CACO04.c2.timex.jpg,c2,1739408400,2025-02-13T01:00:00+00:00,0.0,1.6341997215826982,5.847953216374269
1739410200.Thu.Feb.13_01_30_00.GMT.2025.CACO04.c2.timex.jpg,c2,1739410200,2025-02-13T01:30:00+00:00,30.0,1.6341997215826982,5.847953216374269
1739412000.Thu.Feb.13_02_00_00.GMT.2025.CACO04.c2.timex.jpg,c2,1739412000,2025-02-13T02:00:00+00:00,0.0,1.5646537406614642,5.361930294906166
1739413800.Thu.Feb.13_02_30_00.GMT.2025.CACO04.c2.timex.jpg,c2,1739413800,2025-02-13T02:30:00+00:00,30.0,1.5646537406614642,5.361930294906166
1739415600.Thu.Feb.13_03_00_00.GMT.2025.CACO04.c2.timex.jpg,c2,1739415600,2025-02-13T03:00:00+00:00,0.0,1.750697676306029,5.847953216374269
1739446200.Thu.Feb.13_11_30_00.GMT.2025.CACO04.c2.timex.jpg,c2,1739446200,2025-02-13T11:30:00+00:00,30.0,2.6512662279757917,7.561436672967865
1739448000.Thu.Feb.13_12_00_00.GMT.2025.CACO04.c2.timex.jpg,c2,1739448000,2025-02-13T12:00:00+00:00,0.0,2.810192770959013,7.561436672967865
1739449800.Thu.Feb.13_12_30_00.GMT.2025.CACO04.c2.timex.jpg,c2,1739449800,2025-02-13T12:30:00+00:00,30.0,2.810192770959013,7.561436672967865
1739451600.Thu.Feb.13_13_00_00.GMT.2025.CACO04.c2.timex.jpg,c2,1739451600,2025-02-13T13:00:00+00:00,0.0,3.055633982918514,7.561436672967865
1739453400.Thu.Feb.13_13_30_00.GMT.2025.CACO04.c2.timex.jpg,c2,1739453400,2025-02-13T13:30:00+00:00,30.0,3.055633982918514,7.561436672967865
1739455200.Thu.Feb.13_14_00_00.GMT.2025.CACO04.c2.timex.jpg,c2,1739455200,2025-02-13T14:00:00+00:00,0.0,2.9705226081856457,8.032128514056225
1739457000.Thu.Feb.13_14_30_00.GMT.2025.CACO04.c2.timex.jpg,c2,1739457000,2025-02-13T14:30:00+00:00,30.0,2.9705226081856457,8.032128514056225
1739458800.Thu.Feb.13_15_00_00.GMT.2025.CACO04.c2.timex.jpg,c2,1739458800,2025-02-13T15:00:00+00:00,0.0,2.961958513144666,8.032128514056225
1739460600.Thu.Feb.13_15_30_00.GMT.2025.CACO04.c2.timex.jpg,c2,1739460600,2025-02-13T15:30:00+00:00,30.0,2.961958513144666,8.032128514056225
1739462400.Thu.Feb.13_16_00_00.GMT.2025.CACO04.c2.timex.jpg,c2,1739462400,2025-02-13T16:00:00+00:00,0.0,2.846326426433626,8.565310492505352
1739464200.Thu.Feb.13_16_30_00.GMT.2025.CACO04.c2.timex.jpg,c2,1739464200,2025-02-13T16:30:00+00:00,30.0,2.846326426433626,8.565310492505352
1739466000.Thu.Feb.13_17_00_00.GMT.2025.CACO04.c2.timex.jpg,c2,1739466000,2025-02-13T17:00:00+00:00,0.0,2.66823840474921,9.174311926605505
1739467800.Thu.Feb.13_17_30_00.GMT.2025.CACO04.c2.timex.jpg,c2,1739467800,2025-02-13T17:30:00+00:00,30.0,2.66823840474921,9.174311926605505
1739469600.Thu.Feb.13_18_00_00.GMT.2025.CACO04.c2.timex.jpg,c2,1739469600,2025-02-13T18:00:00+00:00,0.0,2.71316785909004,8.565310492505352
1739471400.Thu.Feb.13_18_30_00.GMT.2025.CACO04.c2.timex.jpg,c2,1739471400,2025-02-13T18:30:00+00:00,30.0,2.71316785909004,8.565310492505352
1739473200.Thu.Feb.13_19_00_00.GMT.2025.CACO04.c2.timex.jpg,c2,1739473200,2025-02-13T19:00:00+00:00,0.0,2.4377942464535947,8.565310492505352
1739475000.Thu.Feb.13_19_30_00.GMT.2025.CACO04.c2.timex.jpg,c2,1739475000,2025-02-13T19:30:00+00:00,30.0,2.4377942464535947,8.565310492505352
1739476800.Thu.Feb.13_20_00_00.GMT.2025.CACO04.c2.timex.jpg,c2,1739476800,2025-02-13T20:00:00+00:00,0.0,2.1289112670045083,8.565310492505352
1739478600.Thu.Feb.13_20_30_00.GMT.2025.CACO04.c2.timex.jpg,c2,1739478600,2025-02-13T20:30:00+00:00,30.0,2.1289112670045083,8.565310492505352
1739480400.Thu.Feb.13_21_00_00.GMT.2025.CACO04.c2.timex.jpg,c2,1739480400,2025-02-13T21:00:00+00:00,0.0,1.8806185867816971,8.565310492505352
1739482200.Thu.Feb.13_21_30_00.GMT.2025.CACO04.c2.timex.jpg,c2,1739482200,2025-02-13T21:30:00+00:00,30.0,1.8806185867816971,8.565310492505352
1739484000.Thu.Feb.13_22_00_00.GMT.2025.CACO04.c2.timex.jpg,c2,1739484000,2025-02-13T22:00:00+00:00,0.0,1.8073262439559303,8.032128514056225
1739485800.Thu.Feb.13_22_30_00.GMT.2025.CACO04.c2.timex.jpg,c2,1739485800,2025-02-13T22:30:00+00:00,30.0,1.8073262439559303,8.032128514056225
1739487600.Thu.Feb.13_23_00_00.GMT.2025.CACO04.c2.timex.jpg,c2,1739487600,2025-02-13T23:00:00+00:00,0.0,1.5895232905416508,9.174311926605505
1739489400.Thu.Feb.13_23_30_00.GMT.2025.CACO04.c2.timex.jpg,c2,1739489400,2025-02-13T23:30:00+00:00,30.0,1.5895232905416508,9.174311926605505
1739491200.Fri.Feb.14_00_00_00.GMT.2025.CACO04.c2.timex.jpg,c2,1739491200,2025-02-14T00:00:00+00:00,0.0,1.575615504857257,8.565310492505352
1739493000.Fri.Feb.14_00_30_00.GMT.2025.CACO04.c2.timex.jpg,c2,1739493000,2025-02-14T00:30:00+00:00,30.0,1.575615504857257,8.565310492505352
1739494800.Fri.Feb.14_01_00_00.GMT.2025.CACO04.c2.timex.jpg,c2,1739494800,2025-02-14T01:00:00+00:00,0.0,1.3679775994545351,8.565310492505352
1739496600.Fri.Feb.14_01_30_00.GMT.2025.CACO04.c2.timex.jpg,c2,1739496600,2025-02-14T01:30:00+00:00,30.0,1.3679775994545351,8.565310492505352
1739498400.Fri.Feb.14_02_00_00.GMT.2025.CACO04.c2.timex.jpg,c2,1739498400,2025-02-14T02:00:00+00:00,0.0,1.5195682015005036,8.565310492505352
1739500200.Fri.Feb.14_02_30_00.GMT.2025.CACO04.c2.timex.jpg,c2,1739500200,2025-02-14T02:30:00+00:00,30.0,1.5195682015005036,8.565310492505352
1739502000.Fri.Feb.14_03_00_00.GMT.2025.CACO04.c2.timex.jpg,c2,1739502000,2025-02-14T03:00:00+00:00,0.0,1.2290977428028895,8.565310492505352
1739532600.Fri.Feb.14_11_30_00.GMT.2025.CACO04.c2.timex.jpg,c2,1739532600,2025-02-14T11:30:00+00:00,30.0,1.0916615681853843,5.847953216374269
1739534400.Fri.Feb.14_12_00_00.GMT.2025.CACO04.c2.timex.jpg,c2,1739534400,2025-02-14T12:00:00+00:00,0.0,1.235635870425347,6.768189509306261
1739536200.Fri.Feb.14_12_30_00.GMT.2025.CACO04.c2.timex.jpg,c2,1739536200,2025-02-14T12:30:00+00:00,30.0,1.235635870425347,6.768189509306261
1739538000.Fri.Feb.14_13_00_00.GMT.2025.CACO04.c2.timex.jpg,c2,1739538000,2025-02-14T13:00:00+00:00,0.0,1.2978732395850996,7.142857142857142
1739539800.Fri.Feb.14_13_30_00.GMT.2025.CACO04.c2.timex.jpg,c2,1739539800,2025-02-14T13:30:00+00:00,30.0,1.2978732395850996,7.142857142857142
1739541600.Fri.Feb.14_14_00_00.GMT.2025.CACO04.c2.timex.jpg,c2,1739541600,2025-02-14T14:00:00+00:00,0.0,1.3803664839090897,6.768189509306261
1739543400.Fri.Feb.14_14_30_00.GMT.2025.CACO04.c2.timex.jpg,c2,1739543400,2025-02-14T14:30:00+00:00,30.0,1.3803664839090897,6.768189509306261
1739545200.Fri.Feb.14_15_00_00.GMT.2025.CACO04.c2.timex.jpg,c2,1739545200,2025-02-14T15:00:00+00:00,0.0,1.4611662390746551,6.768189509306261
1739547000.Fri.Feb.14_15_30_00.GMT.2025.CACO04.c2.timex.jpg,c2,1739547000,2025-02-14T15:30:00+00:00,30.0,1.4611662390746551,6.768189509306261
1739548800.Fri.Feb.14_16_00_00.GMT.2025.CACO04.c2.timex.jpg,c2,1739548800,2025-02-14T16:00:00+00:00,0.0,1.309482978399603,6.768189509306261
1739550600.Fri.Feb.14_16_30_00.GMT.2025.CACO04.c2.timex.jpg,c2,1739550600,2025-02-14T16:30:00+00:00,30.0,1.309482978399603,6.768189509306261
1739552400.Fri.Feb.14_17_00_00.GMT.2025.CACO04.c2.timex.jpg,c2,1739552400,2025-02-14T17:00:00+00:00,0.0,1.2786406228594431,6.768189509306261
1739554200.Fri.Feb.14_17_30_00.GMT.2025.CACO04.c2.timex.jpg,c2,1739554200,2025-02-14T17:30:00+00:00,30.0,1.2786406228594431,6.768189509306261
1739556000.Fri.Feb.14_18_00_00.GMT.2025.CACO04.c2.timex.jpg,c2,1739556000,2025-02-14T18:00:00+00:00,0.0,1.1329586710393993,6.430868167202571
1739557800.Fri.Feb.14_18_30_00.GMT.2025.CACO04.c2.timex.jpg,c2,1739557800,2025-02-14T18:30:00+00:00,30.0,1.1329586710393993,6.430868167202571
1739559600.Fri.Feb.14_19_00_00.GMT.2025.CACO04.c2.timex.jpg,c2,1739559600,2025-02-14T19:00:00+00:00,0.0,1.0577170921405668,6.430868167202571
1739561400.Fri.Feb.14_19_30_00.GMT.2025.CACO04.c2.timex.jpg,c2,1739561400,2025-02-14T19:30:00+00:00,30.0,1.0577170921405668,6.430868167202571
1739563200.Fri.Feb.14_20_00_00.GMT.2025.CACO04.c2.timex.jpg,c2,1739563200,2025-02-14T20:00:00+00:00,0.0,1.0823233782895434,7.561436672967865
1739565000.Fri.Feb.14_20_30_00.GMT.2025.CACO04.c2.timex.jpg,c2,1739565000,2025-02-14T20:30:00+00:00,30.0,1.0823233782895434,7.561436672967865
1739566800.Fri.Feb.14_21_00_00.GMT.2025.CACO04.c2.timex.jpg,c2,1739566800,2025-02-14T21:00:00+00:00,0.0,0.9533124124469786,7.142857142857142
1739568600.Fri.Feb.14_21_30_00.GMT.2025.CACO04.c2.timex.jpg,c2,1739568600,2025-02-14T21:30:00+00:00,30.0,0.9533124124469786,7.142857142857142
1739570400.Fri.Feb.14_22_00_00.GMT.2025.CACO04.c2.timex.jpg,c2,1739570400,2025-02-14T22:00:00+00:00,0.0,0.9141223897285912,7.561436672967865
1739572200.Fri.Feb.14_22_30_00.GMT.2025.CACO04.c2.timex.jpg,c2,1739572200,2025-02-14T22:30:00+00:00,30.0,0.9141223897285912,7.561436672967865
1739574000.Fri.Feb.14_23_00_00.GMT.2025.CACO04.c2.timex.jpg,c2,1739574000,2025-02-14T23:00:00+00:00,0.0,0.8826080600795442,7.142857142857142
1739575800.Fri.Feb.14_23_30_00.GMT.2025.CACO04.c2.timex.jpg,c2,1739575800,2025-02-14T23:30:00+00:00,30.0,0.8826080600795442,7.142857142857142
1739577600.Sat.Feb.15_00_00_00.GMT.2025.CACO04.c2.timex.jpg,c2,1739577600,2025-02-15T00:00:00+00:00,0.0,0.7988363488229294,6.768189509306261
1739579400.Sat.Feb.15_00_30_00.GMT.2025.CACO04.c2.timex.jpg,c2,1739579400,2025-02-15T00:30:00+00:00,30.0,0.7988363488229294,6.768189509306261
1739581200.Sat.Feb.15_01_00_00.GMT.2025.CACO04.c2.timex.jpg,c2,1739581200,2025-02-15T01:00:00+00:00,0.0,0.8671399550530093,7.142857142857142
1739583000.Sat.Feb.15_01_30_00.GMT.2025.CACO04.c2.timex.jpg,c2,1739583000,2025-02-15T01:30:00+00:00,30.0,0.8671399550530093,7.142857142857142
1739584800.Sat.Feb.15_02_00_00.GMT.2025.CACO04.c2.timex.jpg,c2,1739584800,2025-02-15T02:00:00+00:00,0.0,0.8990406859323904,6.125574272588055
1739586600.Sat.Feb.15_02_30_00.GMT.2025.CACO04.c2.timex.jpg,c2,1739586600,2025-02-15T02:30:00+00:00,30.0,0.8990406859323904,6.125574272588055
1739588400.Sat.Feb.15_03_00_00.GMT.2025.CACO04.c2.timex.jpg,c2,1739588400,2025-02-15T03:00:00+00:00,0.0,1.202811281166193,7.142857142857142
1739619000.Sat.Feb.15_11_30_00.GMT.2025.CACO04.c2.timex.jpg,c2,1739619000,2025-02-15T11:30:00+00:00,30.0,0.7265176559269181,5.847953216374269
1739620800.Sat.Feb.15_12_00_00.GMT.2025.CACO04.c2.timex.jpg,c2,1739620800,2025-02-15T12:00:00+00:00,0.0,0.7233187475842178,6.125574272588055
1739622600.Sat.Feb.15_12_30_00.GMT.2025.CACO04.c2.timex.jpg,c2,1739622600,2025-02-15T12:30:00+00:00,30.0,0.7233187475842178,6.125574272588055
1739624400.Sat.Feb.15_13_00_00.GMT.2025.CACO04.c2.timex.jpg,c2,1739624400,2025-02-15T13:00:00+00:00,0.0,0.7367796598418006,5.594405594405594
1739626200.Sat.Feb.15_13_30_00.GMT.2025.CACO04.c2.timex.jpg,c2,1739626200,2025-02-15T13:30:00+00:00,30.0,0.7367796598418006,5.594405594405594
1739628000.Sat.Feb.15_14_00_00.GMT.2025.CACO04.c2.timex.jpg,c2,1739628000,2025-02-15T14:00:00+00:00,0.0,0.6197853652322802,5.361930294906166
1739629800.Sat.Feb.15_14_30_00.GMT.2025.CACO04.c2.timex.jpg,c2,1739629800,2025-02-15T14:30:00+00:00,30.0,0.6197853652322802,5.361930294906166
1739631600.Sat.Feb.15_15_00_00.GMT.2025.CACO04.c2.timex.jpg,c2,1739631600,2025-02-15T15:00:00+00:00,0.0,0.6869494602385339,5.847953216374269
1739633400.Sat.Feb.15_15_30_00.GMT.2025.CACO04.c2.timex.jpg,c2,1739633400,2025-02-15T15:30:00+00:00,30.0,0.6869494602385339,5.847953216374269
1739635200.Sat.Feb.15_16_00_00.GMT.2025.CACO04.c2.timex.jpg,c2,1739635200,2025-02-15T16:00:00+00:00,0.0,0.6576514296929912,5.594405594405594
1739637000.Sat.Feb.15_16_30_00.GMT.2025.CACO04.c2.timex.jpg,c2,1739637000,2025-02-15T16:30:00+00:00,30.0,0.6576514296929912,5.594405594405594
1739638800.Sat.Feb.15_17_00_00.GMT.2025.CACO04.c2.timex.jpg,c2,1739638800,2025-02-15T17:00:00+00:00,0.0,0.529687470101674,5.594405594405594
1739640600.Sat.Feb.15_17_30_00.GMT.2025.CACO04.c2.timex.jpg,c2,1739640600,2025-02-15T17:30:00+00:00,30.0,0.529687470101674,5.594405594405594
1739642400.Sat.Feb.15_18_00_00.GMT.2025.CACO04.c2.timex.jpg,c2,1739642400,2025-02-15T18:00:00+00:00,0.0,0.6319910743122358,4.767580452920143
1739644200.Sat.Feb.15_18_30_00.GMT.2025.CACO04.c2.timex.jpg,c2,1739644200,2025-02-15T18:30:00+00:00,30.0,0.6319910743122358,4.767580452920143
1739646000.Sat.Feb.15_19_00_00.GMT.2025.CACO04.c2.timex.jpg,c2,1739646000,2025-02-15T19:00:00+00:00,0.0,0.3835184625784991,5.361930294906166
1739647800.Sat.Feb.15_19_30_00.GMT.2025.CACO04.c2.timex.jpg,c2,1739647800,2025-02-15T19:30:00+00:00,30.0,0.3835184625784991,5.361930294906166
1739649600.Sat.Feb.15_20_00_00.GMT.2025.CACO04.c2.timex.jpg,c2,1739649600,2025-02-15T20:00:00+00:00,0.0,0.3601343927963538,5.361930294906166
1739651400.Sat.Feb.15_20_30_00.GMT.2025.CACO04.c2.timex.jpg,c2,1739651400,2025-02-15T20:30:00+00:00,30.0,0.3601343927963538,5.361930294906166
1739653200.Sat.Feb.15_21_00_00.GMT.2025.CACO04.c2.timex.jpg,c2,1739653200,2025-02-15T21:00:00+00:00,0.0,0.3540530863626733,5.594405594405594
1739655000.Sat.Feb.15_21_30_00.GMT.2025.CACO04.c2.timex.jpg,c2,1739655000,2025-02-15T21:30:00+00:00,30.0,0.3540530863626733,5.594405594405594
1739656800.Sat.Feb.15_22_00_00.GMT.2025.CACO04.c2.timex.jpg,c2,1739656800,2025-02-15T22:00:00+00:00,0.0,0.407992474139812,4.439511653718091
1739658600.Sat.Feb.15_22_30_00.GMT.2025.CACO04.c2.timex.jpg,c2,1739658600,2025-02-15T22:30:00+00:00,30.0,0.407992474139812,4.439511653718091
1739660400.Sat.Feb.15_23_00_00.GMT.2025.CACO04.c2.timex.jpg,c2,1739660400,2025-02-15T23:00:00+00:00,0.0,0.3866047442789875,4.153686396677051
1739662200.Sat.Feb.15_23_30_00.GMT.2025.CACO04.c2.timex.jpg,c2,1739662200,2025-02-15T23:30:00+00:00,30.0,0.3866047442789875,4.153686396677051
1739664000.Sun.Feb.16_00_00_00.GMT.2025.CACO04.c2.timex.jpg,c2,1739664000,2025-02-16T00:00:00+00:00,0.0,0.3072052801000074,5.594405594405594
1739665800.Sun.Feb.16_00_30_00.GMT.2025.CACO04.c2.timex.jpg,c2,1739665800,2025-02-16T00:30:00+00:00,30.0,0.3072052801000074,5.594405594405594
1739667600.Sun.Feb.16_01_00_00.GMT.2025.CACO04.c2.timex.jpg,c2,1739667600,2025-02-16T01:00:00+00:00,0.0,0.3033170554187243,5.361930294906166
1739669400.Sun.Feb.16_01_30_00.GMT.2025.CACO04.c2.timex.jpg,c2,1739669400,2025-02-16T01:30:00+00:00,30.0,0.3033170554187243,5.361930294906166
1739671200.Sun.Feb.16_02_00_00.GMT.2025.CACO04.c2.timex.jpg,c2,1739671200,2025-02-16T02:00:00+00:00,0.0,0.2927390132326567,7.142857142857142
1739673000.Sun.Feb.16_02_30_00.GMT.2025.CACO04.c2.timex.jpg,c2,1739673000,2025-02-16T02:30:00+00:00,30.0,0.2927390132326567,7.142857142857142
1739674800.Sun.Feb.16_03_00_00.GMT.2025.CACO04.c2.timex.jpg,c2,1739674800,2025-02-16T03:00:00+00:00,0.0,0.2755908443229293,6.768189509306261
1739705400.Sun.Feb.16_11_30_00.GMT.2025.CACO04.c2.timex.jpg,c2,1739705400,2025-02-16T11:30:00+00:00,30.0,1.7963913209984024,5.594405594405594
1739707200.Sun.Feb.16_12_00_00.GMT.2025.CACO04.c2.timex.jpg,c2,1739707200,2025-02-16T12:00:00+00:00,0.0,1.7793121337695257,6.125574272588055
1739709000.Sun.Feb.16_12_30_00.GMT.2025.CACO04.c2.timex.jpg,c2,1739709000,2025-02-16T12:30:00+00:00,30.0,1.7793121337695257,6.125574272588055
1739710800.Sun.Feb.16_13_00_00.GMT.2025.CACO04.c2.timex.jpg,c2,1739710800,2025-02-16T13:00:00+00:00,0.0,2.5624827660962315,5.847953216374269
1739712600.Sun.Feb.16_13_30_00.GMT.2025.CACO04.c2.timex.jpg,c2,1739712600,2025-02-16T13:30:00+00:00,30.0,2.5624827660962315,5.847953216374269
1739714400.Sun.Feb.16_14_00_00.GMT.2025.CACO04.c2.timex.jpg,c2,1739714400,2025-02-16T14:00:00+00:00,0.0,2.779774377064812,6.430868167202571
1739716200.Sun.Feb.16_14_30_00.GMT.2025.CACO04.c2.timex.jpg,c2,1739716200,2025-02-16T14:30:00+00:00,30.0,2.779774377064812,6.430868167202571
1739718000.Sun.Feb.16_15_00_00.GMT.2025.CACO04.c2.timex.jpg,c2,1739718000,2025-02-16T15:00:00+00:00,0.0,2.8433536818987024,6.768189509306261
1739719800.Sun.Feb.16_15_30_00.GMT.2025.CACO04.c2.timex.jpg,c2,1739719800,2025-02-16T15:30:00+00:00,30.0,2.8433536818987024,6.768189509306261
1739721600.Sun.Feb.16_16_00_00.GMT.2025.CACO04.c2.timex.jpg,c2,1739721600,2025-02-16T16:00:00+00:00,0.0,3.157764726886121,7.142857142857142
1739723400.Sun.Feb.16_16_30_00.GMT.2025.CACO04.c2.timex.jpg,c2,1739723400,2025-02-16T16:30:00+00:00,30.0,3.157764726886121,7.142857142857142
1739725200.Sun.Feb.16_17_00_00.GMT.2025.CACO04.c2.timex.jpg,c2,1739725200,2025-02-16T17:00:00+00:00,0.0,2.590183158299491,7.142857142857142
1739727000.Sun.Feb.16_17_30_00.GMT.2025.CACO04.c2.timex.jpg,c2,1739727000,2025-02-16T17:30:00+00:00,30.0,2.590183158299491,7.142857142857142
1739728800.Sun.Feb.16_18_00_00.GMT.2025.CACO04.c2.timex.jpg,c2,1739728800,2025-02-16T18:00:00+00:00,0.0,2.429645639617119,7.561436672967865
1739730600.Sun.Feb.16_18_30_00.GMT.2025.CACO04.c2.timex.jpg,c2,1739730600,2025-02-16T18:30:00+00:00,30.0,2.429645639617119,7.561436672967865
1739732400.Sun.Feb.16_19_00_00.GMT.2025.CACO04.c2.timex.jpg,c2,1739732400,2025-02-16T19:00:00+00:00,0.0,2.5052633011561225,8.032128514056225
1739734200.Sun.Feb.16_19_30_00.GMT.2025.CACO04.c2.timex.jpg,c2,1739734200,2025-02-16T19:30:00+00:00,30.0,2.5052633011561225,8.032128514056225
1739736000.Sun.Feb.16_20_00_00.GMT.2025.CACO04.c2.timex.jpg,c2,1739736000,2025-02-16T20:00:00+00:00,0.0,2.2769537457365643,7.561436672967865
1739737800.Sun.Feb.16_20_30_00.GMT.2025.CACO04.c2.timex.jpg,c2,1739737800,2025-02-16T20:30:00+00:00,30.0,2.2769537457365643,7.561436672967865
1739739600.Sun.Feb.16_21_00_00.GMT.2025.CACO04.c2.timex.jpg,c2,1739739600,2025-02-16T21:00:00+00:00,0.0,1.9406619689014928,7.561436672967865
1739741400.Sun.Feb.16_21_30_00.GMT.2025.CACO04.c2.timex.jpg,c2,1739741400,2025-02-16T21:30:00+00:00,30.0,1.9406619689014928,7.561436672967865
1739743200.Sun.Feb.16_22_00_00.GMT.2025.CACO04.c2.timex.jpg,c2,1739743200,2025-02-16T22:00:00+00:00,0.0,2.17995294996561,8.032128514056225
1739745000.Sun.Feb.16_22_30_00.GMT.2025.CACO04.c2.timex.jpg,c2,1739745000,2025-02-16T22:30:00+00:00,30.0,2.17995294996561,8.032128514056225
1739746800.Sun.Feb.16_23_00_00.GMT.2025.CACO04.c2.timex.jpg,c2,1739746800,2025-02-16T23:00:00+00:00,0.0,1.977969825300609,8.032128514056225
1739748600.Sun.Feb.16_23_30_00.GMT.2025.CACO04.c2.timex.jpg,c2,1739748600,2025-02-16T23:30:00+00:00,30.0,1.977969825300609,8.032128514056225
1739750400.Mon.Feb.17_00_00_00.GMT.2025.CACO04.c2.timex.jpg,c2,1739750400,2025-02-17T00:00:00+00:00,0.0,1.63185547623694,7.142857142857142
1739752200.Mon.Feb.17_00_30_00.GMT.2025.CACO04.c2.timex.jpg,c2,1739752200,2025-02-17T00:30:00+00:00,30.0,1.63185547623694,7.142857142857142
1739754000.Mon.Feb.17_01_00_00.GMT.2025.CACO04.c2.timex.jpg,c2,1739754000,2025-02-17T01:00:00+00:00,0.0,1.5513292762526878,7.561436672967865
1739755800.Mon.Feb.17_01_30_00.GMT.2025.CACO04.c2.timex.jpg,c2,1739755800,2025-02-17T01:30:00+00:00,30.0,1.5513292762526878,7.561436672967865
1739757600.Mon.Feb.17_02_00_00.GMT.2025.CACO04.c2.timex.jpg,c2,1739757600,2025-02-17T02:00:00+00:00,0.0,1.4854940009549618,8.032128514056225
1739759400.Mon.Feb.17_02_30_00.GMT.2025.CACO04.c2.timex.jpg,c2,1739759400,2025-02-17T02:30:00+00:00,30.0,1.4854940009549618,8.032128514056225
1739761200.Mon.Feb.17_03_00_00.GMT.2025.CACO04.c2.timex.jpg,c2,1739761200,2025-02-17T03:00:00+00:00,0.0,1.2534214383028166,8.032128514056225
1739791800.Mon.Feb.17_11_30_00.GMT.2025.CACO04.c2.timex.jpg,c2,1739791800,2025-02-17T11:30:00+00:00,30.0,1.0393474094959727,12.82051282051282
1739793600.Mon.Feb.17_12_00_00.GMT.2025.CACO04.c2.timex.jpg,c2,1739793600,2025-02-17T12:00:00+00:00,0.0,1.0831052361600395,12.82051282051282
1739795400.Mon.Feb.17_12_30_00.GMT.2025.CACO04.c2.timex.jpg,c2,1739795400,2025-02-17T12:30:00+00:00,30.0,1.0831052361600395,12.82051282051282
1739797200.Mon.Feb.17_13_00_00.GMT.2025.CACO04.c2.timex.jpg,c2,1739797200,2025-02-17T13:00:00+00:00,0.0,1.1912359632651868,12.82051282051282
1739799000.Mon.Feb.17_13_30_00.GMT.2025.CACO04.c2.timex.jpg,c2,1739799000,2025-02-17T13:30:00+00:00,30.0,1.1912359632651868,12.82051282051282
1739800800.Mon.Feb.17_14_00_00.GMT.2025.CACO04.c2.timex.jpg,c2,1739800800,2025-02-17T14:00:00+00:00,0.0,1.107305164826815,12.82051282051282
1739802600.Mon.Feb.17_14_30_00.GMT.2025.CACO04.c2.timex.jpg,c2,1739802600,2025-02-17T14:30:00+00:00,30.0,1.107305164826815,12.82051282051282
1739804400.Mon.Feb.17_15_00_00.GMT.2025.CACO04.c2.timex.jpg,c2,1739804400,2025-02-17T15:00:00+00:00,0.0,0.897148342313627,11.661807580174926
1739806200.Mon.Feb.17_15_30_00.GMT.2025.CACO04.c2.timex.jpg,c2,1739806200,2025-02-17T15:30:00+00:00,30.0,0.897148342313627,11.661807580174926
1739808000.Mon.Feb.17_16_00_00.GMT.2025.CACO04.c2.timex.jpg,c2,1739808000,2025-02-17T16:00:00+00:00,0.0,1.0007607596516952,11.661807580174926
1739809800.Mon.Feb.17_16_30_00.GMT.2025.CACO04.c2.timex.jpg,c2,1739809800,2025-02-17T16:30:00+00:00,30.0,1.0007607596516952,11.661807580174926
1739811600.Mon.Feb.17_17_00_00.GMT.2025.CACO04.c2.timex.jpg,c2,1739811600,2025-02-17T17:00:00+00:00,0.0,1.123762687569933,11.661807580174926
1739813400.Mon.Feb.17_17_30_00.GMT.2025.CACO04.c2.timex.jpg,c2,1739813400,2025-02-17T17:30:00+00:00,30.0,1.123762687569933,11.661807580174926
1739815200.Mon.Feb.17_18_00_00.GMT.2025.CACO04.c2.timex.jpg,c2,1739815200,2025-02-17T18:00:00+00:00,0.0,1.0752676640597203,11.661807580174926
1739817000.Mon.Feb.17_18_30_00.GMT.2025.CACO04.c2.timex.jpg,c2,1739817000,2025-02-17T18:30:00+00:00,30.0,1.0752676640597203,11.661807580174926
1739818800.Mon.Feb.17_19_00_00.GMT.2025.CACO04.c2.timex.jpg,c2,1739818800,2025-02-17T19:00:00+00:00,0.0,0.9767605360538684,12.82051282051282
1739820600.Mon.Feb.17_19_30_00.GMT.2025.CACO04.c2.timex.jpg,c2,1739820600,2025-02-17T19:30:00+00:00,30.0,0.9767605360538684,12.82051282051282
1739822400.Mon.Feb.17_20_00_00.GMT.2025.CACO04.c2.timex.jpg,c2,1739822400,2025-02-17T20:00:00+00:00,0.0,1.032940203237909,11.661807580174926
1739824200.Mon.Feb.17_20_30_00.GMT.2025.CACO04.c2.timex.jpg,c2,1739824200,2025-02-17T20:30:00+00:00,30.0,1.032940203237909,11.661807580174926
1739826000.Mon.Feb.17_21_00_00.GMT.2025.CACO04.c2.timex.jpg,c2,1739826000,2025-02-17T21:00:00+00:00,0.0,1.1606923452711193,12.82051282051282
1739827800.Mon.Feb.17_21_30_00.GMT.2025.CACO04.c2.timex.jpg,c2,1739827800,2025-02-17T21:30:00+00:00,30.0,1.1606923452711193,12.82051282051282
1739829600.Mon.Feb.17_22_00_00.GMT.2025.CACO04.c2.timex.jpg,c2,1739829600,2025-02-17T22:00:00+00:00,0.0,1.0541593993371894,11.661807580174926
1739831400.Mon.Feb.17_22_30_00.GMT.2025.CACO04.c2.timex.jpg,c2,1739831400,2025-02-17T22:30:00+00:00,30.0,1.0541593993371894,11.661807580174926
1739833200.Mon.Feb.17_23_00_00.GMT.2025.CACO04.c2.timex.jpg,c2,1739833200,2025-02-17T23:00:00+00:00,0.0,1.0708504853021226,11.661807580174926
1739835000.Mon.Feb.17_23_30_00.GMT.2025.CACO04.c2.timex.jpg,c2,1739835000,2025-02-17T23:30:00+00:00,30.0,1.0708504853021226,11.661807580174926
1739836800.Tue.Feb.18_00_00_00.GMT.2025.CACO04.c2.timex.jpg,c2,1739836800,2025-02-18T00:00:00+00:00,0.0,1.062124129941275,12.82051282051282
1739838600.Tue.Feb.18_00_30_00.GMT.2025.CACO04.c2.timex.jpg,c2,1739838600,2025-02-18T00:30:00+00:00,30.0,1.062124129941275,12.82051282051282
1739840400.Tue.Feb.18_01_00_00.GMT.2025.CACO04.c2.timex.jpg,c2,1739840400,2025-02-18T01:00:00+00:00,0.0,1.0527277448879462,12.82051282051282
1739842200.Tue.Feb.18_01_30_00.GMT.2025.CACO04.c2.timex.jpg,c2,1739842200,2025-02-18T01:30:00+00:00,30.0,1.0527277448879462,12.82051282051282
1739844000.Tue.Feb.18_02_00_00.GMT.2025.CACO04.c2.timex.jpg,c2,1739844000,2025-02-18T02:00:00+00:00,0.0,0.994857068197603,11.661807580174926
1739845800.Tue.Feb.18_02_30_00.GMT.2025.CACO04.c2.timex.jpg,c2,1739845800,2025-02-18T02:30:00+00:00,30.0,0.994857068197603,11.661807580174926
1739847600.Tue.Feb.18_03_00_00.GMT.2025.CACO04.c2.timex.jpg,c2,1739847600,2025-02-18T03:00:00+00:00,0.0,1.144623690076732,5.148005148005149
1739878200.Tue.Feb.18_11_30_00.GMT.2025.CACO04.c2.timex.jpg,c2,1739878200,2025-02-18T11:30:00+00:00,30.0,0.989099251366696,6.430868167202571
1739880000.Tue.Feb.18_12_00_00.GMT.2025.CACO04.c2.timex.jpg,c2,1739880000,2025-02-18T12:00:00+00:00,0.0,0.9468084388331844,6.430868167202571
1739881800.Tue.Feb.18_12_30_00.GMT.2025.CACO04.c2.timex.jpg,c2,1739881800,2025-02-18T12:30:00+00:00,30.0,0.9468084388331844,6.430868167202571
1739883600.Tue.Feb.18_13_00_00.GMT.2025.CACO04.c2.timex.jpg,c2,1739883600,2025-02-18T13:00:00+00:00,0.0,0.9861201222442948,6.768189509306261
1739885400.Tue.Feb.18_13_30_00.GMT.2025.CACO04.c2.timex.jpg,c2,1739885400,2025-02-18T13:30:00+00:00,30.0,0.9861201222442948,6.768189509306261
1739887200.Tue.Feb.18_14_00_00.GMT.2025.CACO04.c2.timex.jpg,c2,1739887200,2025-02-18T14:00:00+00:00,0.0,1.0699530883097814,4.950495049504951
1739889000.Tue.Feb.18_14_30_00.GMT.2025.CACO04.c2.timex.jpg,c2,1739889000,2025-02-18T14:30:00+00:00,30.0,1.0699530883097814,4.950495049504951
1739890800.Tue.Feb.18_15_00_00.GMT.2025.CACO04.c2.timex.jpg,c2,1739890800,2025-02-18T15:00:00+00:00,0.0,1.02434536127022,4.291845493562232
1739892600.Tue.Feb.18_15_30_00.GMT.2025.CACO04.c2.timex.jpg,c2,1739892600,2025-02-18T15:30:00+00:00,30.0,1.02434536127022,4.291845493562232
1739894400.Tue.Feb.18_16_00_00.GMT.2025.CACO04.c2.timex.jpg,c2,1739894400,2025-02-18T16:00:00+00:00,0.0,1.0323982928160278,5.361930294906166
1739896200.Tue.Feb.18_16_30_00.GMT.2025.CACO04.c2.timex.jpg,c2,1739896200,2025-02-18T16:30:00+00:00,30.0,1.0323982928160278,5.361930294906166
1739898000.Tue.Feb.18_17_00_00.GMT.2025.CACO04.c2.timex.jpg,c2,1739898000,2025-02-18T17:00:00+00:00,0.0,0.99926965769583,6.768189509306261
1739899800.Tue.Feb.18_17_30_00.GMT.2025.CACO04.c2.timex.jpg,c2,1739899800,2025-02-18T17:30:00+00:00,30.0,0.99926965769583,6.768189509306261
1739901600.Tue.Feb.18_18_00_00.GMT.2025.CACO04.c2.timex.jpg,c2,1739901600,2025-02-18T18:00:00+00:00,0.0,0.982701022246382,6.125574272588055
1739903400.Tue.Feb.18_18_30_00.GMT.2025.CACO04.c2.timex.jpg,c2,1739903400,2025-02-18T18:30:00+00:00,30.0,0.982701022246382,6.125574272588055
1739905200.Tue.Feb.18_19_00_00.GMT.2025.CACO04.c2.timex.jpg,c2,1739905200,2025-02-18T19:00:00+00:00,0.0,0.94119222930173,6.430868167202571
1739907000.Tue.Feb.18_19_30_00.GMT.2025.CACO04.c2.timex.jpg,c2,1739907000,2025-02-18T19:30:00+00:00,30.0,0.94119222930173,6.430868167202571
1739908800.Tue.Feb.18_20_00_00.GMT.2025.CACO04.c2.timex.jpg,c2,1739908800,2025-02-18T20:00:00+00:00,0.0,0.8880328075860594,6.430868167202571
1739910600.Tue.Feb.18_20_30_00.GMT.2025.CACO04.c2.timex.jpg,c2,1739910600,2025-02-18T20:30:00+00:00,30.0,0.8880328075860594,6.430868167202571
1739912400.Tue.Feb.18_21_00_00.GMT.2025.CACO04.c2.timex.jpg,c2,1739912400,2025-02-18T21:00:00+00:00,0.0,0.8564201447712175,6.430868167202571
1739914200.Tue.Feb.18_21_30_00.GMT.2025.CACO04.c2.timex.jpg,c2,1739914200,2025-02-18T21:30:00+00:00,30.0,0.8564201447712175,6.430868167202571
1739916000.Tue.Feb.18_22_00_00.GMT.2025.CACO04.c2.timex.jpg,c2,1739916000,2025-02-18T22:00:00+00:00,0.0,0.8006009896992969,6.430868167202571
1739917800.Tue.Feb.18_22_30_00.GMT.2025.CACO04.c2.timex.jpg,c2,1739917800,2025-02-18T22:30:00+00:00,30.0,0.8006009896992969,6.430868167202571
1739919600.Tue.Feb.18_23_00_00.GMT.2025.CACO04.c2.timex.jpg,c2,1739919600,2025-02-18T23:00:00+00:00,0.0,0.8205558542362527,6.430868167202571
1739921400.Tue.Feb.18_23_30_00.GMT.2025.CACO04.c2.timex.jpg,c2,1739921400,2025-02-18T23:30:00+00:00,30.0,0.8205558542362527,6.430868167202571
1739923200.Wed.Feb.19_00_00_00.GMT.2025.CACO04.c2.timex.jpg,c2,1739923200,2025-02-19T00:00:00+00:00,0.0,0.930922539630738,6.125574272588055
1739925000.Wed.Feb.19_00_30_00.GMT.2025.CACO04.c2.timex.jpg,c2,1739925000,2025-02-19T00:30:00+00:00,30.0,0.930922539630738,6.125574272588055
1739926800.Wed.Feb.19_01_00_00.GMT.2025.CACO04.c2.timex.jpg,c2,1739926800,2025-02-19T01:00:00+00:00,0.0,0.9491215334809624,6.430868167202571
1739928600.Wed.Feb.19_01_30_00.GMT.2025.CACO04.c2.timex.jpg,c2,1739928600,2025-02-19T01:30:00+00:00,30.0,0.9491215334809624,6.430868167202571
1739930400.Wed.Feb.19_02_00_00.GMT.2025.CACO04.c2.timex.jpg,c2,1739930400,2025-02-19T02:00:00+00:00,0.0,0.9875903686893328,5.594405594405594
1739932200.Wed.Feb.19_02_30_00.GMT.2025.CACO04.c2.timex.jpg,c2,1739932200,2025-02-19T02:30:00+00:00,30.0,0.9875903686893328,5.594405594405594
1739934000.Wed.Feb.19_03_00_00.GMT.2025.CACO04.c2.timex.jpg,c2,1739934000,2025-02-19T03:00:00+00:00,0.0,0.9453089258114904,6.125574272588055
1739964600.Wed.Feb.19_11_30_00.GMT.2025.CACO04.c2.timex.jpg,c2,1739964600,2025-02-19T11:30:00+00:00,30.0,0.93361550848874,6.430868167202571
1739966400.Wed.Feb.19_12_00_00.GMT.2025.CACO04.c2.timex.jpg,c2,1739966400,2025-02-19T12:00:00+00:00,0.0,0.9356778318739178,7.561436672967865
1739968200.Wed.Feb.19_12_30_00.GMT.2025.CACO04.c2.timex.jpg,c2,1739968200,2025-02-19T12:30:00+00:00,30.0,0.9356778318739178,7.561436672967865
1739970000.Wed.Feb.19_13_00_00.GMT.2025.CACO04.c2.timex.jpg,c2,1739970000,2025-02-19T13:00:00+00:00,0.0,0.9943495812491716,7.142857142857142
1739971800.Wed.Feb.19_13_30_00.GMT.2025.CACO04.c2.timex.jpg,c2,1739971800,2025-02-19T13:30:00+00:00,30.0,0.9943495812491716,7.142857142857142
1739973600.Wed.Feb.19_14_00_00.GMT.2025.CACO04.c2.timex.jpg,c2,1739973600,2025-02-19T14:00:00+00:00,0.0,0.9691417775278304,6.125574272588055
1739975400.Wed.Feb.19_14_30_00.GMT.2025.CACO04.c2.timex.jpg,c2,1739975400,2025-02-19T14:30:00+00:00,30.0,0.9691417775278304,6.125574272588055
1739977200.Wed.Feb.19_15_00_00.GMT.2025.CACO04.c2.timex.jpg,c2,1739977200,2025-02-19T15:00:00+00:00,0.0,0.8519317400423473,5.847953216374269
1739979000.Wed.Feb.19_15_30_00.GMT.2025.CACO04.c2.timex.jpg,c2,1739979000,2025-02-19T15:30:00+00:00,30.0,0.8519317400423473,5.847953216374269
1739980800.Wed.Feb.19_16_00_00.GMT.2025.CACO04.c2.timex.jpg,c2,1739980800,2025-02-19T16:00:00+00:00,0.0,0.7961081786109344,5.847953216374269
1739982600.Wed.Feb.19_16_30_00.GMT.2025.CACO04.c2.timex.jpg,c2,1739982600,2025-02-19T16:30:00+00:00,30.0,0.7961081786109344,5.847953216374269
1739984400.Wed.Feb.19_17_00_00.GMT.2025.CACO04.c2.timex.jpg,c2,1739984400,2025-02-19T17:00:00+00:00,0.0,0.7519375793653871,5.361930294906166
1739986200.Wed.Feb.19_17_30_00.GMT.2025.CACO04.c2.timex.jpg,c2,1739986200,2025-02-19T17:30:00+00:00,30.0,0.7519375793653871,5.361930294906166
1739988000.Wed.Feb.19_18_00_00.GMT.2025.CACO04.c2.timex.jpg,c2,1739988000,2025-02-19T18:00:00+00:00,0.0,0.7318038856296939,5.361930294906166
1739989800.Wed.Feb.19_18_30_00.GMT.2025.CACO04.c2.timex.jpg,c2,1739989800,2025-02-19T18:30:00+00:00,30.0,0.7318038856296939,5.361930294906166
1739991600.Wed.Feb.19_19_00_00.GMT.2025.CACO04.c2.timex.jpg,c2,1739991600,2025-02-19T19:00:00+00:00,0.0,0.7353401887893556,4.767580452920143
1739993400.Wed.Feb.19_19_30_00.GMT.2025.CACO04.c2.timex.jpg,c2,1739993400,2025-02-19T19:30:00+00:00,30.0,0.7353401887893556,4.767580452920143
1739995200.Wed.Feb.19_20_00_00.GMT.2025.CACO04.c2.timex.jpg,c2,1739995200,2025-02-19T20:00:00+00:00,0.0,0.5687070115577035,5.361930294906166
1739997000.Wed.Feb.19_20_30_00.GMT.2025.CACO04.c2.timex.jpg,c2,1739997000,2025-02-19T20:30:00+00:00,30.0,0.5687070115577035,5.361930294906166
1739998800.Wed.Feb.19_21_00_00.GMT.2025.CACO04.c2.timex.jpg,c2,1739998800,2025-02-19T21:00:00+00:00,0.0,0.4315656412611939,5.361930294906166
1740000600.Wed.Feb.19_21_30_00.GMT.2025.CACO04.c2.timex.jpg,c2,1740000600,2025-02-19T21:30:00+00:00,30.0,0.4315656412611939,5.361930294906166
1740002400.Wed.Feb.19_22_00_00.GMT.2025.CACO04.c2.timex.jpg,c2,1740002400,2025-02-19T22:00:00+00:00,0.0,0.3189553256343904,5.361930294906166
1740004200.Wed.Feb.19_22_30_00.GMT.2025.CACO04.c2.timex.jpg,c2,1740004200,2025-02-19T22:30:00+00:00,30.0,0.3189553256343904,5.361930294906166
1740006000.Wed.Feb.19_23_00_00.GMT.2025.CACO04.c2.timex.jpg,c2,1740006000,2025-02-19T23:00:00+00:00,0.0,0.3065398941187631,8.032128514056225
1740007800.Wed.Feb.19_23_30_00.GMT.2025.CACO04.c2.timex.jpg,c2,1740007800,2025-02-19T23:30:00+00:00,30.0,0.3065398941187631,8.032128514056225
1740009600.Thu.Feb.20_00_00_00.GMT.2025.CACO04.c2.timex.jpg,c2,1740009600,2025-02-20T00:00:00+00:00,0.0,0.401544501522014,4.291845493562232
1740011400.Thu.Feb.20_00_30_00.GMT.2025.CACO04.c2.timex.jpg,c2,1740011400,2025-02-20T00:30:00+00:00,30.0,0.401544501522014,4.291845493562232
1740013200.Thu.Feb.20_01_00_00.GMT.2025.CACO04.c2.timex.jpg,c2,1740013200,2025-02-20T01:00:00+00:00,0.0,0.375837218159847,4.291845493562232
1740015000.Thu.Feb.20_01_30_00.GMT.2025.CACO04.c2.timex.jpg,c2,1740015000,2025-02-20T01:30:00+00:00,30.0,0.375837218159847,4.291845493562232
1740016800.Thu.Feb.20_02_00_00.GMT.2025.CACO04.c2.timex.jpg,c2,1740016800,2025-02-20T02:00:00+00:00,0.0,0.3266959641492445,4.291845493562232
1740018600.Thu.Feb.20_02_30_00.GMT.2025.CACO04.c2.timex.jpg,c2,1740018600,2025-02-20T02:30:00+00:00,30.0,0.3266959641492445,4.291845493562232
1740020400.Thu.Feb.20_03_00_00.GMT.2025.CACO04.c2.timex.jpg,c2,1740020400,2025-02-20T03:00:00+00:00,0.0,0.3311842437971115,4.153686396677051
1740051000.Thu.Feb.20_11_30_00.GMT.2025.CACO04.c2.timex.jpg,c2,1740051000,2025-02-20T11:30:00+00:00,30.0,0.2192630035014006,16.0
1740052800.Thu.Feb.20_12_00_00.GMT.2025.CACO04.c2.timex.jpg,c2,1740052800,2025-02-20T12:00:00+00:00,0.0,0.2239513538961532,16.0
1740054600.Thu.Feb.20_12_30_00.GMT.2025.CACO04.c2.timex.jpg,c2,1740054600,2025-02-20T12:30:00+00:00,30.0,0.2239513538961532,16.0
1740056400.Thu.Feb.20_13_00_00.GMT.2025.CACO04.c2.timex.jpg,c2,1740056400,2025-02-20T13:00:00+00:00,0.0,0.2379401849038809,16.0
1740058200.Thu.Feb.20_13_30_00.GMT.2025.CACO04.c2.timex.jpg,c2,1740058200,2025-02-20T13:30:00+00:00,30.0,0.2379401849038809,16.0
1740060000.Thu.Feb.20_14_00_00.GMT.2025.CACO04.c2.timex.jpg,c2,1740060000,2025-02-20T14:00:00+00:00,0.0,0.3449382263440071,3.902439024390244
1740061800.Thu.Feb.20_14_30_00.GMT.2025.CACO04.c2.timex.jpg,c2,1740061800,2025-02-20T14:30:00+00:00,30.0,0.3449382263440071,3.902439024390244
1740063600.Thu.Feb.20_15_00_00.GMT.2025.CACO04.c2.timex.jpg,c2,1740063600,2025-02-20T15:00:00+00:00,0.0,0.245920556596879,16.0
1740065400.Thu.Feb.20_15_30_00.GMT.2025.CACO04.c2.timex.jpg,c2,1740065400,2025-02-20T15:30:00+00:00,30.0,0.245920556596879,16.0
1740067200.Thu.Feb.20_16_00_00.GMT.2025.CACO04.c2.timex.jpg,c2,1740067200,2025-02-20T16:00:00+00:00,0.0,0.2505639185189426,16.0
1740069000.Thu.Feb.20_16_30_00.GMT.2025.CACO04.c2.timex.jpg,c2,1740069000,2025-02-20T16:30:00+00:00,30.0,0.2505639185189426,16.0
1740070800.Thu.Feb.20_17_00_00.GMT.2025.CACO04.c2.timex.jpg,c2,1740070800,2025-02-20T17:00:00+00:00,0.0,0.3060937981053288,5.148005148005149
1740072600.Thu.Feb.20_17_30_00.GMT.2025.CACO04.c2.timex.jpg,c2,1740072600,2025-02-20T17:30:00+00:00,30.0,0.3060937981053288,5.148005148005149
1740074400.Thu.Feb.20_18_00_00.GMT.2025.CACO04.c2.timex.jpg,c2,1740074400,2025-02-20T18:00:00+00:00,0.0,0.4238789207788124,4.597701149425287
1740076200.Thu.Feb.20_18_30_00.GMT.2025.CACO04.c2.timex.jpg,c2,1740076200,2025-02-20T18:30:00+00:00,30.0,0.4238789207788124,4.597701149425287
1740078000.Thu.Feb.20_19_00_00.GMT.2025.CACO04.c2.timex.jpg,c2,1740078000,2025-02-20T19:00:00+00:00,0.0,0.2332585894824297,16.0
1740079800.Thu.Feb.20_19_30_00.GMT.2025.CACO04.c2.timex.jpg,c2,1740079800,2025-02-20T19:30:00+00:00,30.0,0.2332585894824297,16.0
1740081600.Thu.Feb.20_20_00_00.GMT.2025.CACO04.c2.timex.jpg,c2,1740081600,2025-02-20T20:00:00+00:00,0.0,0.6572111894936243,2.9962546816479403
1740083400.Thu.Feb.20_20_30_00.GMT.2025.CACO04.c2.timex.jpg,c2,1740083400,2025-02-20T20:30:00+00:00,30.0,0.6572111894936243,2.9962546816479403
1740085200.Thu.Feb.20_21_00_00.GMT.2025.CACO04.c2.timex.jpg,c2,1740085200,2025-02-20T21:00:00+00:00,0.0,0.8154736813063254,3.577817531305903
1740087000.Thu.Feb.20_21_30_00.GMT.2025.CACO04.c2.timex.jpg,c2,1740087000,2025-02-20T21:30:00+00:00,30.0,0.8154736813063254,3.577817531305903
1740088800.Thu.Feb.20_22_00_00.GMT.2025.CACO04.c2.timex.jpg,c2,1740088800,2025-02-20T22:00:00+00:00,0.0,0.9459579831410674,4.291845493562232
1740090600.Thu.Feb.20_22_30_00.GMT.2025.CACO04.c2.timex.jpg,c2,1740090600,2025-02-20T22:30:00+00:00,30.0,0.9459579831410674,4.291845493562232
1740092400.Thu.Feb.20_23_00_00.GMT.2025.CACO04.c2.timex.jpg,c2,1740092400,2025-02-20T23:00:00+00:00,0.0,0.9518811344420176,4.597701149425287
1740094200.Thu.Feb.20_23_30_00.GMT.2025.CACO04.c2.timex.jpg,c2,1740094200,2025-02-20T23:30:00+00:00,30.0,0.9518811344420176,4.597701149425287
1740096000.Fri.Feb.21_00_00_00.GMT.2025.CACO04.c2.timex.jpg,c2,1740096000,2025-02-21T00:00:00+00:00,0.0,0.9153128199843978,4.597701149425287
1740097800.Fri.Feb.21_00_30_00.GMT.2025.CACO04.c2.timex.jpg,c2,1740097800,2025-02-21T00:30:00+00:00,30.0,0.9153128199843978,4.597701149425287
1740099600.Fri.Feb.21_01_00_00.GMT.2025.CACO04.c2.timex.jpg,c2,1740099600,2025-02-21T01:00:00+00:00,0.0,0.8727364417019545,4.597701149425287
1740101400.Fri.Feb.21_01_30_00.GMT.2025.CACO04.c2.timex.jpg,c2,1740101400,2025-02-21T01:30:00+00:00,30.0,0.8727364417019545,4.597701149425287
1740103200.Fri.Feb.21_02_00_00.GMT.2025.CACO04.c2.timex.jpg,c2,1740103200,2025-02-21T02:00:00+00:00,0.0,0.2642606809993786,16.0
1740105000.Fri.Feb.21_02_30_00.GMT.2025.CACO04.c2.timex.jpg,c2,1740105000,2025-02-21T02:30:00+00:00,30.0,0.2642606809993786,16.0
1740106800.Fri.Feb.21_03_00_00.GMT.2025.CACO04.c2.timex.jpg,c2,1740106800,2025-02-21T03:00:00+00:00,0.0,0.2705172628446113,16.0
1740137400.Fri.Feb.21_11_30_00.GMT.2025.CACO04.c2.timex.jpg,c2,1740137400,2025-02-21T11:30:00+00:00,30.0,1.049218723167121,5.594405594405594
1740139200.Fri.Feb.21_12_00_00.GMT.2025.CACO04.c2.timex.jpg,c2,1740139200,2025-02-21T12:00:00+00:00,0.0,1.1970784540781605,5.847953216374269
1740141000.Fri.Feb.21_12_30_00.GMT.2025.CACO04.c2.timex.jpg,c2,1740141000,2025-02-21T12:30:00+00:00,30.0,1.1970784540781605,5.847953216374269
1740142800.Fri.Feb.21_13_00_00.GMT.2025.CACO04.c2.timex.jpg,c2,1740142800,2025-02-21T13:00:00+00:00,0.0,1.3811002059695452,6.768189509306261
1740144600.Fri.Feb.21_13_30_00.GMT.2025.CACO04.c2.timex.jpg,c2,1740144600,2025-02-21T13:30:00+00:00,30.0,1.3811002059695452,6.768189509306261
1740146400.Fri.Feb.21_14_00_00.GMT.2025.CACO04.c2.timex.jpg,c2,1740146400,2025-02-21T14:00:00+00:00,0.0,1.4756411878789155,7.142857142857142
1740148200.Fri.Feb.21_14_30_00.GMT.2025.CACO04.c2.timex.jpg,c2,1740148200,2025-02-21T14:30:00+00:00,30.0,1.4756411878789155,7.142857142857142
1740150000.Fri.Feb.21_15_00_00.GMT.2025.CACO04.c2.timex.jpg,c2,1740150000,2025-02-21T15:00:00+00:00,0.0,1.5475753503691188,7.142857142857142
1740151800.Fri.Feb.21_15_30_00.GMT.2025.CACO04.c2.timex.jpg,c2,1740151800,2025-02-21T15:30:00+00:00,30.0,1.5475753503691188,7.142857142857142
1740153600.Fri.Feb.21_16_00_00.GMT.2025.CACO04.c2.timex.jpg,c2,1740153600,2025-02-21T16:00:00+00:00,0.0,1.5703301792113236,7.142857142857142
1740155400.Fri.Feb.21_16_30_00.GMT.2025.CACO04.c2.timex.jpg,c2,1740155400,2025-02-21T16:30:00+00:00,30.0,1.5703301792113236,7.142857142857142
1740157200.Fri.Feb.21_17_00_00.GMT.2025.CACO04.c2.timex.jpg,c2,1740157200,2025-02-21T17:00:00+00:00,0.0,1.3684274580308629,7.142857142857142
1740159000.Fri.Feb.21_17_30_00.GMT.2025.CACO04.c2.timex.jpg,c2,1740159000,2025-02-21T17:30:00+00:00,30.0,1.3684274580308629,7.142857142857142
1740160800.Fri.Feb.21_18_00_00.GMT.2025.CACO04.c2.timex.jpg,c2,1740160800,2025-02-21T18:00:00+00:00,0.0,1.423459502631479,6.430868167202571
1740162600.Fri.Feb.21_18_30_00.GMT.2025.CACO04.c2.timex.jpg,c2,1740162600,2025-02-21T18:30:00+00:00,30.0,1.423459502631479,6.430868167202571
1740164400.Fri.Feb.21_19_00_00.GMT.2025.CACO04.c2.timex.jpg,c2,1740164400,2025-02-21T19:00:00+00:00,0.0,1.435919459337415,6.768189509306261
1740166200.Fri.Feb.21_19_30_00.GMT.2025.CACO04.c2.timex.jpg,c2,1740166200,2025-02-21T19:30:00+00:00,30.0,1.435919459337415,6.768189509306261
1740168000.Fri.Feb.21_20_00_00.GMT.2025.CACO04.c2.timex.jpg,c2,1740168000,2025-02-21T20:00:00+00:00,0.0,1.3403114366338853,6.430868167202571
1740169800.Fri.Feb.21_20_30_00.GMT.2025.CACO04.c2.timex.jpg,c2,1740169800,2025-02-21T20:30:00+00:00,30.0,1.3403114366338853,6.430868167202571
1740171600.Fri.Feb.21_21_00_00.GMT.2025.CACO04.c2.timex.jpg,c2,1740171600,2025-02-21T21:00:00+00:00,0.0,1.3346855512462388,5.594405594405594
1740173400.Fri.Feb.21_21_30_00.GMT.2025.CACO04.c2.timex.jpg,c2,1740173400,2025-02-21T21:30:00+00:00,30.0,1.3346855512462388,5.594405594405594
1740175200.Fri.Feb.21_22_00_00.GMT.2025.CACO04.c2.timex.jpg,c2,1740175200,2025-02-21T22:00:00+00:00,0.0,1.3158858630316772,6.125574272588055
1740177000.Fri.Feb.21_22_30_00.GMT.2025.CACO04.c2.timex.jpg,c2,1740177000,2025-02-21T22:30:00+00:00,30.0,1.3158858630316772,6.125574272588055
1740178800.Fri.Feb.21_23_00_00.GMT.2025.CACO04.c2.timex.jpg,c2,1740178800,2025-02-21T23:00:00+00:00,0.0,1.2194651226449251,6.430868167202571
1740180600.Fri.Feb.21_23_30_00.GMT.2025.CACO04.c2.timex.jpg,c2,1740180600,2025-02-21T23:30:00+00:00,30.0,1.2194651226449251,6.430868167202571
1740182400.Sat.Feb.22_00_00_00.GMT.2025.CACO04.c2.timex.jpg,c2,1740182400,2025-02-22T00:00:00+00:00,0.0,1.216668781769353,6.125574272588055
1740184200.Sat.Feb.22_00_30_00.GMT.2025.CACO04.c2.timex.jpg,c2,1740184200,2025-02-22T00:30:00+00:00,30.0,1.216668781769353,6.125574272588055
1740186000.Sat.Feb.22_01_00_00.GMT.2025.CACO04.c2.timex.jpg,c2,1740186000,2025-02-22T01:00:00+00:00,0.0,1.1638457242587288,6.125574272588055
1740187800.Sat.Feb.22_01_30_00.GMT.2025.CACO04.c2.timex.jpg,c2,1740187800,2025-02-22T01:30:00+00:00,30.0,1.1638457242587288,6.125574272588055
1740189600.Sat.Feb.22_02_00_00.GMT.2025.CACO04.c2.timex.jpg,c2,1740189600,2025-02-22T02:00:00+00:00,0.0,1.2191709263223522,6.125574272588055
1740191400.Sat.Feb.22_02_30_00.GMT.2025.CACO04.c2.timex.jpg,c2,1740191400,2025-02-22T02:30:00+00:00,30.0,1.2191709263223522,6.125574272588055
1740193200.Sat.Feb.22_03_00_00.GMT.2025.CACO04.c2.timex.jpg,c2,1740193200,2025-02-22T03:00:00+00:00,0.0,1.2642070968106591,6.125574272588055
1740223800.Sat.Feb.22_11_30_00.GMT.2025.CACO04.c2.timex.jpg,c2,1740223800,2025-02-22T11:30:00+00:00,30.0,1.1808444582204594,6.430868167202571
1740225600.Sat.Feb.22_12_00_00.GMT.2025.CACO04.c2.timex.jpg,c2,1740225600,2025-02-22T12:00:00+00:00,0.0,1.066274997788735,6.430868167202571
1740227400.Sat.Feb.22_12_30_00.GMT.2025.CACO04.c2.timex.jpg,c2,1740227400,2025-02-22T12:30:00+00:00,30.0,1.066274997788735,6.430868167202571
1740229200.Sat.Feb.22_13_00_00.GMT.2025.CACO04.c2.timex.jpg,c2,1740229200,2025-02-22T13:00:00+00:00,0.0,1.045003710698882,6.125574272588055
1740231000.Sat.Feb.22_13_30_00.GMT.2025.CACO04.c2.timex.jpg,c2,1740231000,2025-02-22T13:30:00+00:00,30.0,1.045003710698882,6.125574272588055
1740232800.Sat.Feb.22_14_00_00.GMT.2025.CACO04.c2.timex.jpg,c2,1740232800,2025-02-22T14:00:00+00:00,0.0,0.8770922692796376,6.125574272588055
1740234600.Sat.Feb.22_14_30_00.GMT.2025.CACO04.c2.timex.jpg,c2,1740234600,2025-02-22T14:30:00+00:00,30.0,0.8770922692796376,6.125574272588055
1740236400.Sat.Feb.22_15_00_00.GMT.2025.CACO04.c2.timex.jpg,c2,1740236400,2025-02-22T15:00:00+00:00,0.0,0.8000773449458778,6.125574272588055
1740238200.Sat.Feb.22_15_30_00.GMT.2025.CACO04.c2.timex.jpg,c2,1740238200,2025-02-22T15:30:00+00:00,30.0,0.8000773449458778,6.125574272588055
1740240000.Sat.Feb.22_16_00_00.GMT.2025.CACO04.c2.timex.jpg,c2,1740240000,2025-02-22T16:00:00+00:00,0.0,0.8003631187488947,5.361930294906166
1740241800.Sat.Feb.22_16_30_00.GMT.2025.CACO04.c2.timex.jpg,c2,1740241800,2025-02-22T16:30:00+00:00,30.0,0.8003631187488947,5.361930294906166
1740243600.Sat.Feb.22_17_00_00.GMT.2025.CACO04.c2.timex.jpg,c2,1740243600,2025-02-22T17:00:00+00:00,0.0,0.6956396341756549,5.594405594405594
1740245400.Sat.Feb.22_17_30_00.GMT.2025.CACO04.c2.timex.jpg,c2,1740245400,2025-02-22T17:30:00+00:00,30.0,0.6956396341756549,5.594405594405594
1740247200.Sat.Feb.22_18_00_00.GMT.2025.CACO04.c2.timex.jpg,c2,1740247200,2025-02-22T18:00:00+00:00,0.0,0.6290425461133297,9.876543209876544
1740249000.Sat.Feb.22_18_30_00.GMT.2025.CACO04.c2.timex.jpg,c2,1740249000,2025-02-22T18:30:00+00:00,30.0,0.6290425461133297,9.876543209876544
1740250800.Sat.Feb.22_19_00_00.GMT.2025.CACO04.c2.timex.jpg,c2,1740250800,2025-02-22T19:00:00+00:00,0.0,0.5795884736602661,9.876543209876544
1740252600.Sat.Feb.22_19_30_00.GMT.2025.CACO04.c2.timex.jpg,c2,1740252600,2025-02-22T19:30:00+00:00,30.0,0.5795884736602661,9.876543209876544
1740254400.Sat.Feb.22_20_00_00.GMT.2025.CACO04.c2.timex.jpg,c2,1740254400,2025-02-22T20:00:00+00:00,0.0,0.6191921371832632,9.876543209876544
1740256200.Sat.Feb.22_20_30_00.GMT.2025.CACO04.c2.timex.jpg,c2,1740256200,2025-02-22T20:30:00+00:00,30.0,0.6191921371832632,9.876543209876544
1740258000.Sat.Feb.22_21_00_00.GMT.2025.CACO04.c2.timex.jpg,c2,1740258000,2025-02-22T21:00:00+00:00,0.0,0.6843014641596676,5.594405594405594
1740259800.Sat.Feb.22_21_30_00.GMT.2025.CACO04.c2.timex.jpg,c2,1740259800,2025-02-22T21:30:00+00:00,30.0,0.6843014641596676,5.594405594405594
1740261600.Sat.Feb.22_22_00_00.GMT.2025.CACO04.c2.timex.jpg,c2,1740261600,2025-02-22T22:00:00+00:00,0.0,0.6559460125702313,9.174311926605505
1740263400.Sat.Feb.22_22_30_00.GMT.2025.CACO04.c2.timex.jpg,c2,1740263400,2025-02-22T22:30:00+00:00,30.0,0.6559460125702313,9.174311926605505
1740265200.Sat.Feb.22_23_00_00.GMT.2025.CACO04.c2.timex.jpg,c2,1740265200,2025-02-22T23:00:00+00:00,0.0,0.6432421607358513,9.876543209876544
1740267000.Sat.Feb.22_23_30_00.GMT.2025.CACO04.c2.timex.jpg,c2,1740267000,2025-02-22T23:30:00+00:00,30.0,0.6432421607358513,9.876543209876544
1740268800.Sun.Feb.23_00_00_00.GMT.2025.CACO04.c2.timex.jpg,c2,1740268800,2025-02-23T00:00:00+00:00,0.0,0.5846119547233222,9.174311926605505
1740270600.Sun.Feb.23_00_30_00.GMT.2025.CACO04.c2.timex.jpg,c2,1740270600,2025-02-23T00:30:00+00:00,30.0,0.5846119547233222,9.174311926605505
1740272400.Sun.Feb.23_01_00_00.GMT.2025.CACO04.c2.timex.jpg,c2,1740272400,2025-02-23T01:00:00+00:00,0.0,0.5354204188859178,9.876543209876544
1740274200.Sun.Feb.23_01_30_00.GMT.2025.CACO04.c2.timex.jpg,c2,1740274200,2025-02-23T01:30:00+00:00,30.0,0.5354204188859178,9.876543209876544
1740276000.Sun.Feb.23_02_00_00.GMT.2025.CACO04.c2.timex.jpg,c2,1740276000,2025-02-23T02:00:00+00:00,0.0,0.5201726269169661,9.174311926605505
1740277800.Sun.Feb.23_02_30_00.GMT.2025.CACO04.c2.timex.jpg,c2,1740277800,2025-02-23T02:30:00+00:00,30.0,0.5201726269169661,9.174311926605505
1740279600.Sun.Feb.23_03_00_00.GMT.2025.CACO04.c2.timex.jpg,c2,1740279600,2025-02-23T03:00:00+00:00,0.0,0.4012100288616717,8.565310492505352
1740310200.Sun.Feb.23_11_30_00.GMT.2025.CACO04.c2.timex.jpg,c2,1740310200,2025-02-23T11:30:00+00:00,30.0,0.3788296605742755,9.876543209876544
1740312000.Sun.Feb.23_12_00_00.GMT.2025.CACO04.c2.timex.jpg,c2,1740312000,2025-02-23T12:00:00+00:00,0.0,0.3794766359026283,10.6951871657754
1740313800.Sun.Feb.23_12_30_00.GMT.2025.CACO04.c2.timex.jpg,c2,1740313800,2025-02-23T12:30:00+00:00,30.0,0.3794766359026283,10.6951871657754
1740315600.Sun.Feb.23_13_00_00.GMT.2025.CACO04.c2.timex.jpg,c2,1740315600,2025-02-23T13:00:00+00:00,0.0,0.412868023363561,9.876543209876544
1740317400.Sun.Feb.23_13_30_00.GMT.2025.CACO04.c2.timex.jpg,c2,1740317400,2025-02-23T13:30:00+00:00,30.0,0.412868023363561,9.876543209876544
1740319200.Sun.Feb.23_14_00_00.GMT.2025.CACO04.c2.timex.jpg,c2,1740319200,2025-02-23T14:00:00+00:00,0.0,0.3164812971888739,9.174311926605505
1740321000.Sun.Feb.23_14_30_00.GMT.2025.CACO04.c2.timex.jpg,c2,1740321000,2025-02-23T14:30:00+00:00,30.0,0.3164812971888739,9.174311926605505
1740322800.Sun.Feb.23_15_00_00.GMT.2025.CACO04.c2.timex.jpg,c2,1740322800,2025-02-23T15:00:00+00:00,0.0,0.4622774472568371,9.876543209876544
1740324600.Sun.Feb.23_15_30_00.GMT.2025.CACO04.c2.timex.jpg,c2,1740324600,2025-02-23T15:30:00+00:00,30.0,0.4622774472568371,9.876543209876544
1740326400.Sun.Feb.23_16_00_00.GMT.2025.CACO04.c2.timex.jpg,c2,1740326400,2025-02-23T16:00:00+00:00,0.0,0.4370154344883482,9.876543209876544
1740328200.Sun.Feb.23_16_30_00.GMT.2025.CACO04.c2.timex.jpg,c2,1740328200,2025-02-23T16:30:00+00:00,30.0,0.4370154344883482,9.876543209876544
1740330000.Sun.Feb.23_17_00_00.GMT.2025.CACO04.c2.timex.jpg,c2,1740330000,2025-02-23T17:00:00+00:00,0.0,0.2858288334833713,9.876543209876544
1740331800.Sun.Feb.23_17_30_00.GMT.2025.CACO04.c2.timex.jpg,c2,1740331800,2025-02-23T17:30:00+00:00,30.0,0.2858288334833713,9.876543209876544
1740333600.Sun.Feb.23_18_00_00.GMT.2025.CACO04.c2.timex.jpg,c2,1740333600,2025-02-23T18:00:00+00:00,0.0,0.3150505701238126,9.174311926605505
1740335400.Sun.Feb.23_18_30_00.GMT.2025.CACO04.c2.timex.jpg,c2,1740335400,2025-02-23T18:30:00+00:00,30.0,0.3150505701238126,9.174311926605505
1740337200.Sun.Feb.23_19_00_00.GMT.2025.CACO04.c2.timex.jpg,c2,1740337200,2025-02-23T19:00:00+00:00,0.0,0.33164504580278,9.174311926605505
1740339000.Sun.Feb.23_19_30_00.GMT.2025.CACO04.c2.timex.jpg,c2,1740339000,2025-02-23T19:30:00+00:00,30.0,0.33164504580278,9.174311926605505
1740340800.Sun.Feb.23_20_00_00.GMT.2025.CACO04.c2.timex.jpg,c2,1740340800,2025-02-23T20:00:00+00:00,0.0,0.3342246711476657,9.174311926605505
1740342600.Sun.Feb.23_20_30_00.GMT.2025.CACO04.c2.timex.jpg,c2,1740342600,2025-02-23T20:30:00+00:00,30.0,0.3342246711476657,9.174311926605505
1740344400.Sun.Feb.23_21_00_00.GMT.2025.CACO04.c2.timex.jpg,c2,1740344400,2025-02-23T21:00:00+00:00,0.0,0.3546347395907269,9.174311926605505
1740346200.Sun.Feb.23_21_30_00.GMT.2025.CACO04.c2.timex.jpg,c2,1740346200,2025-02-23T21:30:00+00:00,30.0,0.3546347395907269,9.174311926605505
1740348000.Sun.Feb.23_22_00_00.GMT.2025.CACO04.c2.timex.jpg,c2,1740348000,2025-02-23T22:00:00+00:00,0.0,0.329993267472126,9.876543209876544
1740349800.Sun.Feb.23_22_30_00.GMT.2025.CACO04.c2.timex.jpg,c2,1740349800,2025-02-23T22:30:00+00:00,30.0,0.329993267472126,9.876543209876544
1740351600.Sun.Feb.23_23_00_00.GMT.2025.CACO04.c2.timex.jpg,c2,1740351600,2025-02-23T23:00:00+00:00,0.0,0.3385402204206167,9.876543209876544
1740353400.Sun.Feb.23_23_30_00.GMT.2025.CACO04.c2.timex.jpg,c2,1740353400,2025-02-23T23:30:00+00:00,30.0,0.3385402204206167,9.876543209876544
1740355200.Mon.Feb.24_00_00_00.GMT.2025.CACO04.c2.timex.jpg,c2,1740355200,2025-02-24T00:00:00+00:00,0.0,0.3649470897216758,9.876543209876544
1740357000.Mon.Feb.24_00_30_00.GMT.2025.CACO04.c2.timex.jpg,c2,1740357000,2025-02-24T00:30:00+00:00,30.0,0.3649470897216758,9.876543209876544
1740358800.Mon.Feb.24_01_00_00.GMT.2025.CACO04.c2.timex.jpg,c2,1740358800,2025-02-24T01:00:00+00:00,0.0,0.3406463564874274,9.876543209876544
1740360600.Mon.Feb.24_01_30_00.GMT.2025.CACO04.c2.timex.jpg,c2,1740360600,2025-02-24T01:30:00+00:00,30.0,0.3406463564874274,9.876543209876544
1740362400.Mon.Feb.24_02_00_00.GMT.2025.CACO04.c2.timex.jpg,c2,1740362400,2025-02-24T02:00:00+00:00,0.0,0.3225755933155179,9.174311926605505
1740364200.Mon.Feb.24_02_30_00.GMT.2025.CACO04.c2.timex.jpg,c2,1740364200,2025-02-24T02:30:00+00:00,30.0,0.3225755933155179,9.174311926605505
1740366000.Mon.Feb.24_03_00_00.GMT.2025.CACO04.c2.timex.jpg,c2,1740366000,2025-02-24T03:00:00+00:00,0.0,0.4184829166542821,9.876543209876544
1740396600.Mon.Feb.24_11_30_00.GMT.2025.CACO04.c2.timex.jpg,c2,1740396600,2025-02-24T11:30:00+00:00,30.0,0.349821018321699,11.661807580174926
1740398400.Mon.Feb.24_12_00_00.GMT.2025.CACO04.c2.timex.jpg,c2,1740398400,2025-02-24T12:00:00+00:00,0.0,0.3282540830464291,9.876543209876544
1740400200.Mon.Feb.24_12_30_00.GMT.2025.CACO04.c2.timex.jpg,c2,1740400200,2025-02-24T12:30:00+00:00,30.0,0.3282540830464291,9.876543209876544
1740402000.Mon.Feb.24_13_00_00.GMT.2025.CACO04.c2.timex.jpg,c2,1740402000,2025-02-24T13:00:00+00:00,0.0,0.3267837388767167,9.876543209876544
1740403800.Mon.Feb.24_13_30_00.GMT.2025.CACO04.c2.timex.jpg,c2,1740403800,2025-02-24T13:30:00+00:00,30.0,0.3267837388767167,9.876543209876544
1740405600.Mon.Feb.24_14_00_00.GMT.2025.CACO04.c2.timex.jpg,c2,1740405600,2025-02-24T14:00:00+00:00,0.0,0.3242637741460953,10.6951871657754
1740407400.Mon.Feb.24_14_30_00.GMT.2025.CACO04.c2.timex.jpg,c2,1740407400,2025-02-24T14:30:00+00:00,30.0,0.3242637741460953,10.6951871657754
1740409200.Mon.Feb.24_15_00_00.GMT.2025.CACO04.c2.timex.jpg,c2,1740409200,2025-02-24T15:00:00+00:00,0.0,0.3053335732464167,10.6951871657754
1740411000.Mon.Feb.24_15_30_00.GMT.2025.CACO04.c2.timex.jpg,c2,1740411000,2025-02-24T15:30:00+00:00,30.0,0.3053335732464167,10.6951871657754
1740412800.Mon.Feb.24_16_00_00.GMT.2025.CACO04.c2.timex.jpg,c2,1740412800,2025-02-24T16:00:00+00:00,0.0,0.3148809854283489,10.6951871657754
1740414600.Mon.Feb.24_16_30_00.GMT.2025.CACO04.c2.timex.jpg,c2,1740414600,2025-02-24T16:30:00+00:00,30.0,0.3148809854283489,10.6951871657754
1740416400.Mon.Feb.24_17_00_00.GMT.2025.CACO04.c2.timex.jpg,c2,1740416400,2025-02-24T17:00:00+00:00,0.0,0.4091025416892827,11.661807580174926
1740418200.Mon.Feb.24_17_30_00.GMT.2025.CACO04.c2.timex.jpg,c2,1740418200,2025-02-24T17:30:00+00:00,30.0,0.4091025416892827,11.661807580174926
1740420000.Mon.Feb.24_18_00_00.GMT.2025.CACO04.c2.timex.jpg,c2,1740420000,2025-02-24T18:00:00+00:00,0.0,0.3000719131872619,10.6951871657754
1740421800.Mon.Feb.24_18_30_00.GMT.2025.CACO04.c2.timex.jpg,c2,1740421800,2025-02-24T18:30:00+00:00,30.0,0.3000719131872619,10.6951871657754
1740423600.Mon.Feb.24_19_00_00.GMT.2025.CACO04.c2.timex.jpg,c2,1740423600,2025-02-24T19:00:00+00:00,0.0,0.2883065308233486,9.876543209876544
1740425400.Mon.Feb.24_19_30_00.GMT.2025.CACO04.c2.timex.jpg,c2,1740425400,2025-02-24T19:30:00+00:00,30.0,0.2883065308233486,9.876543209876544
1740427200.Mon.Feb.24_20_00_00.GMT.2025.CACO04.c2.timex.jpg,c2,1740427200,2025-02-24T20:00:00+00:00,0.0,0.2886701489320051,11.661807580174926
1740429000.Mon.Feb.24_20_30_00.GMT.2025.CACO04.c2.timex.jpg,c2,1740429000,2025-02-24T20:30:00+00:00,30.0,0.2886701489320051,11.661807580174926
1740430800.Mon.Feb.24_21_00_00.GMT.2025.CACO04.c2.timex.jpg,c2,1740430800,2025-02-24T21:00:00+00:00,0.0,0.3079896290205661,10.6951871657754
1740432600.Mon.Feb.24_21_30_00.GMT.2025.CACO04.c2.timex.jpg,c2,1740432600,2025-02-24T21:30:00+00:00,30.0,0.3079896290205661,10.6951871657754
1740434400.Mon.Feb.24_22_00_00.GMT.2025.CACO04.c2.timex.jpg,c2,1740434400,2025-02-24T22:00:00+00:00,0.0,0.3193253539728637,11.661807580174926
1740436200.Mon.Feb.24_22_30_00.GMT.2025.CACO04.c2.timex.jpg,c2,1740436200,2025-02-24T22:30:00+00:00,30.0,0.3193253539728637,11.661807580174926
1740438000.Mon.Feb.24_23_00_00.GMT.2025.CACO04.c2.timex.jpg,c2,1740438000,2025-02-24T23:00:00+00:00,0.0,0.2906874824434635,11.661807580174926
1740439800.Mon.Feb.24_23_30_00.GMT.2025.CACO04.c2.timex.jpg,c2,1740439800,2025-02-24T23:30:00+00:00,30.0,0.2906874824434635,11.661807580174926
1740441600.Tue.Feb.25_00_00_00.GMT.2025.CACO04.c2.timex.jpg,c2,1740441600,2025-02-25T00:00:00+00:00,0.0,0.5880931092790062,3.679852805887765
1740443400.Tue.Feb.25_00_30_00.GMT.2025.CACO04.c2.timex.jpg,c2,1740443400,2025-02-25T00:30:00+00:00,30.0,0.5880931092790062,3.679852805887765
1740445200.Tue.Feb.25_01_00_00.GMT.2025.CACO04.c2.timex.jpg,c2,1740445200,2025-02-25T01:00:00+00:00,0.0,0.6360592014473128,3.4812880765883376
1740447000.Tue.Feb.25_01_30_00.GMT.2025.CACO04.c2.timex.jpg,c2,1740447000,2025-02-25T01:30:00+00:00,30.0,0.6360592014473128,3.4812880765883376
1740448800.Tue.Feb.25_02_00_00.GMT.2025.CACO04.c2.timex.jpg,c2,1740448800,2025-02-25T02:00:00+00:00,0.0,0.6453914460179486,3.902439024390244
1740450600.Tue.Feb.25_02_30_00.GMT.2025.CACO04.c2.timex.jpg,c2,1740450600,2025-02-25T02:30:00+00:00,30.0,0.6453914460179486,3.902439024390244
1740452400.Tue.Feb.25_03_00_00.GMT.2025.CACO04.c2.timex.jpg,c2,1740452400,2025-02-25T03:00:00+00:00,0.0,0.7112825036797704,3.902439024390244
1740483000.Tue.Feb.25_11_30_00.GMT.2025.CACO04.c2.timex.jpg,c2,1740483000,2025-02-25T11:30:00+00:00,30.0,0.6980248692838348,4.767580452920143
1740484800.Tue.Feb.25_12_00_00.GMT.2025.CACO04.c2.timex.jpg,c2,1740484800,2025-02-25T12:00:00+00:00,0.0,0.6612480724810679,4.767580452920143
1740486600.Tue.Feb.25_12_30_00.GMT.2025.CACO04.c2.timex.jpg,c2,1740486600,2025-02-25T12:30:00+00:00,30.0,0.6612480724810679,4.767580452920143
1740488400.Tue.Feb.25_13_00_00.GMT.2025.CACO04.c2.timex.jpg,c2,1740488400,2025-02-25T13:00:00+00:00,0.0,0.6754749253080743,4.950495049504951
1740490200.Tue.Feb.25_13_30_00.GMT.2025.CACO04.c2.timex.jpg,c2,1740490200,2025-02-25T13:30:00+00:00,30.0,0.6754749253080743,4.950495049504951
1740492000.Tue.Feb.25_14_00_00.GMT.2025.CACO04.c2.timex.jpg,c2,1740492000,2025-02-25T14:00:00+00:00,0.0,0.7170744059958561,4.950495049504951
1740493800.Tue.Feb.25_14_30_00.GMT.2025.CACO04.c2.timex.jpg,c2,1740493800,2025-02-25T14:30:00+00:00,30.0,0.7170744059958561,4.950495049504951
1740495600.Tue.Feb.25_15_00_00.GMT.2025.CACO04.c2.timex.jpg,c2,1740495600,2025-02-25T15:00:00+00:00,0.0,0.6235098860603367,5.148005148005149
1740497400.Tue.Feb.25_15_30_00.GMT.2025.CACO04.c2.timex.jpg,c2,1740497400,2025-02-25T15:30:00+00:00,30.0,0.6235098860603367,5.148005148005149
1740499200.Tue.Feb.25_16_00_00.GMT.2025.CACO04.c2.timex.jpg,c2,1740499200,2025-02-25T16:00:00+00:00,0.0,0.6378175940896705,4.950495049504951
1740501000.Tue.Feb.25_16_30_00.GMT.2025.CACO04.c2.timex.jpg,c2,1740501000,2025-02-25T16:30:00+00:00,30.0,0.6378175940896705,4.950495049504951
1740502800.Tue.Feb.25_17_00_00.GMT.2025.CACO04.c2.timex.jpg,c2,1740502800,2025-02-25T17:00:00+00:00,0.0,0.5378428770190732,5.361930294906166
1740504600.Tue.Feb.25_17_30_00.GMT.2025.CACO04.c2.timex.jpg,c2,1740504600,2025-02-25T17:30:00+00:00,30.0,0.5378428770190732,5.361930294906166
1740506400.Tue.Feb.25_18_00_00.GMT.2025.CACO04.c2.timex.jpg,c2,1740506400,2025-02-25T18:00:00+00:00,0.0,0.5259695331536712,5.148005148005149
1740508200.Tue.Feb.25_18_30_00.GMT.2025.CACO04.c2.timex.jpg,c2,1740508200,2025-02-25T18:30:00+00:00,30.0,0.5259695331536712,5.148005148005149
1740510000.Tue.Feb.25_19_00_00.GMT.2025.CACO04.c2.timex.jpg,c2,1740510000,2025-02-25T19:00:00+00:00,0.0,0.4562019843350139,11.661807580174926
1740511800.Tue.Feb.25_19_30_00.GMT.2025.CACO04.c2.timex.jpg,c2,1740511800,2025-02-25T19:30:00+00:00,30.0,0.4562019843350139,11.661807580174926
1740513600.Tue.Feb.25_20_00_00.GMT.2025.CACO04.c2.timex.jpg,c2,1740513600,2025-02-25T20:00:00+00:00,0.0,0.4157778278489387,9.876543209876544
1740515400.Tue.Feb.25_20_30_00.GMT.2025.CACO04.c2.timex.jpg,c2,1740515400,2025-02-25T20:30:00+00:00,30.0,0.4157778278489387,9.876543209876544
1740517200.Tue.Feb.25_21_00_00.GMT.2025.CACO04.c2.timex.jpg,c2,1740517200,2025-02-25T21:00:00+00:00,0.0,0.3799111154250194,11.661807580174926
1740519000.Tue.Feb.25_21_30_00.GMT.2025.CACO04.c2.timex.jpg,c2,1740519000,2025-02-25T21:30:00+00:00,30.0,0.3799111154250194,11.661807580174926
1740520800.Tue.Feb.25_22_00_00.GMT.2025.CACO04.c2.timex.jpg,c2,1740520800,2025-02-25T22:00:00+00:00,0.0,0.3563851638103506,11.661807580174926
1740522600.Tue.Feb.25_22_30_00.GMT.2025.CACO04.c2.timex.jpg,c2,1740522600,2025-02-25T22:30:00+00:00,30.0,0.3563851638103506,11.661807580174926
1740524400.Tue.Feb.25_23_00_00.GMT.2025.CACO04.c2.timex.jpg,c2,1740524400,2025-02-25T23:00:00+00:00,0.0,0.3426978256375153,11.661807580174926
1740526200.Tue.Feb.25_23_30_00.GMT.2025.CACO04.c2.timex.jpg,c2,1740526200,2025-02-25T23:30:00+00:00,30.0,0.3426978256375153,11.661807580174926
1740528000.Wed.Feb.26_00_00_00.GMT.2025.CACO04.c2.timex.jpg,c2,1740528000,2025-02-26T00:00:00+00:00,0.0,0.3598737632354887,10.6951871657754
1740529800.Wed.Feb.26_00_30_00.GMT.2025.CACO04.c2.timex.jpg,c2,1740529800,2025-02-26T00:30:00+00:00,30.0,0.3598737632354887,10.6951871657754
1740531600.Wed.Feb.26_01_00_00.GMT.2025.CACO04.c2.timex.jpg,c2,1740531600,2025-02-26T01:00:00+00:00,0.0,0.3426664528431128,10.6951871657754
1740533400.Wed.Feb.26_01_30_00.GMT.2025.CACO04.c2.timex.jpg,c2,1740533400,2025-02-26T01:30:00+00:00,30.0,0.3426664528431128,10.6951871657754
1740535200.Wed.Feb.26_02_00_00.GMT.2025.CACO04.c2.timex.jpg,c2,1740535200,2025-02-26T02:00:00+00:00,0.0,0.3523335926011774,12.82051282051282
1740537000.Wed.Feb.26_02_30_00.GMT.2025.CACO04.c2.timex.jpg,c2,1740537000,2025-02-26T02:30:00+00:00,30.0,0.3523335926011774,12.82051282051282
1740538800.Wed.Feb.26_03_00_00.GMT.2025.CACO04.c2.timex.jpg,c2,1740538800,2025-02-26T03:00:00+00:00,0.0,0.5241914351103593,11.661807580174926
1740569400.Wed.Feb.26_11_30_00.GMT.2025.CACO04.c2.timex.jpg,c2,1740569400,2025-02-26T11:30:00+00:00,30.0,0.3760788530567874,11.661807580174926
1740571200.Wed.Feb.26_12_00_00.GMT.2025.CACO04.c2.timex.jpg,c2,1740571200,2025-02-26T12:00:00+00:00,0.0,0.5436228018067558,11.661807580174926
1740573000.Wed.Feb.26_12_30_00.GMT.2025.CACO04.c2.timex.jpg,c2,1740573000,2025-02-26T12:30:00+00:00,30.0,0.5436228018067558,11.661807580174926
1740574800.Wed.Feb.26_13_00_00.GMT.2025.CACO04.c2.timex.jpg,c2,1740574800,2025-02-26T13:00:00+00:00,0.0,0.7068884109409116,3.389830508474576
1740576600.Wed.Feb.26_13_30_00.GMT.2025.CACO04.c2.timex.jpg,c2,1740576600,2025-02-26T13:30:00+00:00,30.0,0.7068884109409116,3.389830508474576
1740578400.Wed.Feb.26_14_00_00.GMT.2025.CACO04.c2.timex.jpg,c2,1740578400,2025-02-26T14:00:00+00:00,0.0,0.7174571741023634,3.902439024390244
1740580200.Wed.Feb.26_14_30_00.GMT.2025.CACO04.c2.timex.jpg,c2,1740580200,2025-02-26T14:30:00+00:00,30.0,0.7174571741023634,3.902439024390244
1740582000.Wed.Feb.26_15_00_00.GMT.2025.CACO04.c2.timex.jpg,c2,1740582000,2025-02-26T15:00:00+00:00,0.0,0.7135921398730535,11.661807580174926
1740583800.Wed.Feb.26_15_30_00.GMT.2025.CACO04.c2.timex.jpg,c2,1740583800,2025-02-26T15:30:00+00:00,30.0,0.7135921398730535,11.661807580174926
1740585600.Wed.Feb.26_16_00_00.GMT.2025.CACO04.c2.timex.jpg,c2,1740585600,2025-02-26T16:00:00+00:00,0.0,0.7291957848354096,4.950495049504951
1740587400.Wed.Feb.26_16_30_00.GMT.2025.CACO04.c2.timex.jpg,c2,1740587400,2025-02-26T16:30:00+00:00,30.0,0.7291957848354096,4.950495049504951
1740589200.Wed.Feb.26_17_00_00.GMT.2025.CACO04.c2.timex.jpg,c2,1740589200,2025-02-26T17:00:00+00:00,0.0,0.6618267639419907,4.950495049504951
1740591000.Wed.Feb.26_17_30_00.GMT.2025.CACO04.c2.timex.jpg,c2,1740591000,2025-02-26T17:30:00+00:00,30.0,0.6618267639419907,4.950495049504951
1740592800.Wed.Feb.26_18_00_00.GMT.2025.CACO04.c2.timex.jpg,c2,1740592800,2025-02-26T18:00:00+00:00,0.0,0.5002808681145084,5.148005148005149
1740594600.Wed.Feb.26_18_30_00.GMT.2025.CACO04.c2.timex.jpg,c2,1740594600,2025-02-26T18:30:00+00:00,30.0,0.5002808681145084,5.148005148005149
1740596400.Wed.Feb.26_19_00_00.GMT.2025.CACO04.c2.timex.jpg,c2,1740596400,2025-02-26T19:00:00+00:00,0.0,0.3808214739784815,11.661807580174926
1740598200.Wed.Feb.26_19_30_00.GMT.2025.CACO04.c2.timex.jpg,c2,1740598200,2025-02-26T19:30:00+00:00,30.0,0.3808214739784815,11.661807580174926
1740600000.Wed.Feb.26_20_00_00.GMT.2025.CACO04.c2.timex.jpg,c2,1740600000,2025-02-26T20:00:00+00:00,0.0,0.3236730438046939,10.6951871657754
1740601800.Wed.Feb.26_20_30_00.GMT.2025.CACO04.c2.timex.jpg,c2,1740601800,2025-02-26T20:30:00+00:00,30.0,0.3236730438046939,10.6951871657754
1740603600.Wed.Feb.26_21_00_00.GMT.2025.CACO04.c2.timex.jpg,c2,1740603600,2025-02-26T21:00:00+00:00,0.0,0.2985990723260169,11.661807580174926
1740605400.Wed.Feb.26_21_30_00.GMT.2025.CACO04.c2.timex.jpg,c2,1740605400,2025-02-26T21:30:00+00:00,30.0,0.2985990723260169,11.661807580174926
1740607200.Wed.Feb.26_22_00_00.GMT.2025.CACO04.c2.timex.jpg,c2,1740607200,2025-02-26T22:00:00+00:00,0.0,0.2903750711675632,11.661807580174926
1740609000.Wed.Feb.26_22_30_00.GMT.2025.CACO04.c2.timex.jpg,c2,1740609000,2025-02-26T22:30:00+00:00,30.0,0.2903750711675632,11.661807580174926
1740610800.Wed.Feb.26_23_00_00.GMT.2025.CACO04.c2.timex.jpg,c2,1740610800,2025-02-26T23:00:00+00:00,0.0,0.3048499832767384,11.661807580174926
1740612600.Wed.Feb.26_23_30_00.GMT.2025.CACO04.c2.timex.jpg,c2,1740612600,2025-02-26T23:30:00+00:00,30.0,0.3048499832767384,11.661807580174926
1740614400.Thu.Feb.27_00_00_00.GMT.2025.CACO04.c2.timex.jpg,c2,1740614400,2025-02-27T00:00:00+00:00,0.0,0.4530140660398443,9.876543209876544
1740616200.Thu.Feb.27_00_30_00.GMT.2025.CACO04.c2.timex.jpg,c2,1740616200,2025-02-27T00:30:00+00:00,30.0,0.4530140660398443,9.876543209876544
1740618000.Thu.Feb.27_01_00_00.GMT.2025.CACO04.c2.timex.jpg,c2,1740618000,2025-02-27T01:00:00+00:00,0.0,0.3792370943863224,9.876543209876544
1740619800.Thu.Feb.27_01_30_00.GMT.2025.CACO04.c2.timex.jpg,c2,1740619800,2025-02-27T01:30:00+00:00,30.0,0.3792370943863224,9.876543209876544
1740621600.Thu.Feb.27_02_00_00.GMT.2025.CACO04.c2.timex.jpg,c2,1740621600,2025-02-27T02:00:00+00:00,0.0,0.479810325652981,8.032128514056225
1740623400.Thu.Feb.27_02_30_00.GMT.2025.CACO04.c2.timex.jpg,c2,1740623400,2025-02-27T02:30:00+00:00,30.0,0.479810325652981,8.032128514056225
1740625200.Thu.Feb.27_03_00_00.GMT.2025.CACO04.c2.timex.jpg,c2,1740625200,2025-02-27T03:00:00+00:00,0.0,0.5069356634528515,8.032128514056225
1740655800.Thu.Feb.27_11_30_00.GMT.2025.CACO04.c2.timex.jpg,c2,1740655800,2025-02-27T11:30:00+00:00,30.0,0.8532807593712188,10.6951871657754
1740657600.Thu.Feb.27_12_00_00.GMT.2025.CACO04.c2.timex.jpg,c2,1740657600,2025-02-27T12:00:00+00:00,0.0,0.9513963444451864,10.6951871657754
1740659400.Thu.Feb.27_12_30_00.GMT.2025.CACO04.c2.timex.jpg,c2,1740659400,2025-02-27T12:30:00+00:00,30.0,0.9513963444451864,10.6951871657754
1740661200.Thu.Feb.27_13_00_00.GMT.2025.CACO04.c2.timex.jpg,c2,1740661200,2025-02-27T13:00:00+00:00,0.0,1.001765715635742,10.6951871657754
1740663000.Thu.Feb.27_13_30_00.GMT.2025.CACO04.c2.timex.jpg,c2,1740663000,2025-02-27T13:30:00+00:00,30.0,1.001765715635742,10.6951871657754
1740664800.Thu.Feb.27_14_00_00.GMT.2025.CACO04.c2.timex.jpg,c2,1740664800,2025-02-27T14:00:00+00:00,0.0,1.2006488926710543,10.6951871657754
1740666600.Thu.Feb.27_14_30_00.GMT.2025.CACO04.c2.timex.jpg,c2,1740666600,2025-02-27T14:30:00+00:00,30.0,1.2006488926710543,10.6951871657754
1740668400.Thu.Feb.27_15_00_00.GMT.2025.CACO04.c2.timex.jpg,c2,1740668400,2025-02-27T15:00:00+00:00,0.0,1.1276328993138025,10.6951871657754
1740670200.Thu.Feb.27_15_30_00.GMT.2025.CACO04.c2.timex.jpg,c2,1740670200,2025-02-27T15:30:00+00:00,30.0,1.1276328993138025,10.6951871657754
1740672000.Thu.Feb.27_16_00_00.GMT.2025.CACO04.c2.timex.jpg,c2,1740672000,2025-02-27T16:00:00+00:00,0.0,1.248893951461306,10.6951871657754
1740673800.Thu.Feb.27_16_30_00.GMT.2025.CACO04.c2.timex.jpg,c2,1740673800,2025-02-27T16:30:00+00:00,30.0,1.248893951461306,10.6951871657754
1740675600.Thu.Feb.27_17_00_00.GMT.2025.CACO04.c2.timex.jpg,c2,1740675600,2025-02-27T17:00:00+00:00,0.0,1.5068527359196893,11.661807580174926
1740677400.Thu.Feb.27_17_30_00.GMT.2025.CACO04.c2.timex.jpg,c2,1740677400,2025-02-27T17:30:00+00:00,30.0,1.5068527359196893,11.661807580174926
1740679200.Thu.Feb.27_18_00_00.GMT.2025.CACO04.c2.timex.jpg,c2,1740679200,2025-02-27T18:00:00+00:00,0.0,1.5731493648318366,5.847953216374269
1740681000.Thu.Feb.27_18_30_00.GMT.2025.CACO04.c2.timex.jpg,c2,1740681000,2025-02-27T18:30:00+00:00,30.0,1.5731493648318366,5.847953216374269
1740682800.Thu.Feb.27_19_00_00.GMT.2025.CACO04.c2.timex.jpg,c2,1740682800,2025-02-27T19:00:00+00:00,0.0,1.6468897720234978,5.847953216374269
1740684600.Thu.Feb.27_19_30_00.GMT.2025.CACO04.c2.timex.jpg,c2,1740684600,2025-02-27T19:30:00+00:00,30.0,1.6468897720234978,5.847953216374269
1740686400.Thu.Feb.27_20_00_00.GMT.2025.CACO04.c2.timex.jpg,c2,1740686400,2025-02-27T20:00:00+00:00,0.0,1.5689277880942532,6.125574272588055
1740688200.Thu.Feb.27_20_30_00.GMT.2025.CACO04.c2.timex.jpg,c2,1740688200,2025-02-27T20:30:00+00:00,30.0,1.5689277880942532,6.125574272588055
1740690000.Thu.Feb.27_21_00_00.GMT.2025.CACO04.c2.timex.jpg,c2,1740690000,2025-02-27T21:00:00+00:00,0.0,1.6512984321717594,6.430868167202571
1740691800.Thu.Feb.27_21_30_00.GMT.2025.CACO04.c2.timex.jpg,c2,1740691800,2025-02-27T21:30:00+00:00,30.0,1.6512984321717594,6.430868167202571
1740693600.Thu.Feb.27_22_00_00.GMT.2025.CACO04.c2.timex.jpg,c2,1740693600,2025-02-27T22:00:00+00:00,0.0,1.3858851882822534,6.768189509306261
1740695400.Thu.Feb.27_22_30_00.GMT.2025.CACO04.c2.timex.jpg,c2,1740695400,2025-02-27T22:30:00+00:00,30.0,1.3858851882822534,6.768189509306261
1740697200.Thu.Feb.27_23_00_00.GMT.2025.CACO04.c2.timex.jpg,c2,1740697200,2025-02-27T23:00:00+00:00,0.0,1.316116892126121,9.876543209876544
1740699000.Thu.Feb.27_23_30_00.GMT.2025.CACO04.c2.timex.jpg,c2,1740699000,2025-02-27T23:30:00+00:00,30.0,1.316116892126121,9.876543209876544
1740700800.Fri.Feb.28_00_00_00.GMT.2025.CACO04.c2.timex.jpg,c2,1740700800,2025-02-28T00:00:00+00:00,0.0,1.178855925158497,8.032128514056225
1740702600.Fri.Feb.28_00_30_00.GMT.2025.CACO04.c2.timex.jpg,c2,1740702600,2025-02-28T00:30:00+00:00,30.0,1.178855925158497,8.032128514056225
1740704400.Fri.Feb.28_01_00_00.GMT.2025.CACO04.c2.timex.jpg,c2,1740704400,2025-02-28T01:00:00+00:00,0.0,1.1668285298054055,9.174311926605505
1740706200.Fri.Feb.28_01_30_00.GMT.2025.CACO04.c2.timex.jpg,c2,1740706200,2025-02-28T01:30:00+00:00,30.0,1.1668285298054055,9.174311926605505
1740708000.Fri.Feb.28_02_00_00.GMT.2025.CACO04.c2.timex.jpg,c2,1740708000,2025-02-28T02:00:00+00:00,0.0,1.1583950591651524,9.174311926605505
1740709800.Fri.Feb.28_02_30_00.GMT.2025.CACO04.c2.timex.jpg,c2,1740709800,2025-02-28T02:30:00+00:00,30.0,1.1583950591651524,9.174311926605505
1740711600.Fri.Feb.28_03_00_00.GMT.2025.CACO04.c2.timex.jpg,c2,1740711600,2025-02-28T03:00:00+00:00,0.0,1.2324051410553416,8.032128514056225
1740742200.Fri.Feb.28_11_30_00.GMT.2025.CACO04.c2.timex.jpg,c2,1740742200,2025-02-28T11:30:00+00:00,30.0,0.9455004467457142,6.768189509306261
1740744000.Fri.Feb.28_12_00_00.GMT.2025.CACO04.c2.timex.jpg,c2,1740744000,2025-02-28T12:00:00+00:00,0.0,0.8297888347897484,9.876543209876544
1740745800.Fri.Feb.28_12_30_00.GMT.2025.CACO04.c2.timex.jpg,c2,1740745800,2025-02-28T12:30:00+00:00,30.0,0.8297888347897484,9.876543209876544
1740747600.Fri.Feb.28_13_00_00.GMT.2025.CACO04.c2.timex.jpg,c2,1740747600,2025-02-28T13:00:00+00:00,0.0,0.8174471638474728,9.876543209876544
1740749400.Fri.Feb.28_13_30_00.GMT.2025.CACO04.c2.timex.jpg,c2,1740749400,2025-02-28T13:30:00+00:00,30.0,0.8174471638474728,9.876543209876544
1740751200.Fri.Feb.28_14_00_00.GMT.2025.CACO04.c2.timex.jpg,c2,1740751200,2025-02-28T14:00:00+00:00,0.0,0.8626596825009503,9.876543209876544
1740753000.Fri.Feb.28_14_30_00.GMT.2025.CACO04.c2.timex.jpg,c2,1740753000,2025-02-28T14:30:00+00:00,30.0,0.8626596825009503,9.876543209876544
1740754800.Fri.Feb.28_15_00_00.GMT.2025.CACO04.c2.timex.jpg,c2,1740754800,2025-02-28T15:00:00+00:00,0.0,0.7979189197449609,8.565310492505352
1740756600.Fri.Feb.28_15_30_00.GMT.2025.CACO04.c2.timex.jpg,c2,1740756600,2025-02-28T15:30:00+00:00,30.0,0.7979189197449609,8.565310492505352
1740758400.Fri.Feb.28_16_00_00.GMT.2025.CACO04.c2.timex.jpg,c2,1740758400,2025-02-28T16:00:00+00:00,0.0,0.8648571400332565,9.876543209876544
1740760200.Fri.Feb.28_16_30_00.GMT.2025.CACO04.c2.timex.jpg,c2,1740760200,2025-02-28T16:30:00+00:00,30.0,0.8648571400332565,9.876543209876544
1740762000.Fri.Feb.28_17_00_00.GMT.2025.CACO04.c2.timex.jpg,c2,1740762000,2025-02-28T17:00:00+00:00,0.0,0.8925025363798299,9.174311926605505
1740763800.Fri.Feb.28_17_30_00.GMT.2025.CACO04.c2.timex.jpg,c2,1740763800,2025-02-28T17:30:00+00:00,30.0,0.8925025363798299,9.174311926605505
1740765600.Fri.Feb.28_18_00_00.GMT.2025.CACO04.c2.timex.jpg,c2,1740765600,2025-02-28T18:00:00+00:00,0.0,0.900818538119144,9.174311926605505
1740767400.Fri.Feb.28_18_30_00.GMT.2025.CACO04.c2.timex.jpg,c2,1740767400,2025-02-28T18:30:00+00:00,30.0,0.900818538119144,9.174311926605505
1740769200.Fri.Feb.28_19_00_00.GMT.2025.CACO04.c2.timex.jpg,c2,1740769200,2025-02-28T19:00:00+00:00,0.0,0.9606685725066784,10.6951871657754
1740771000.Fri.Feb.28_19_30_00.GMT.2025.CACO04.c2.timex.jpg,c2,1740771000,2025-02-28T19:30:00+00:00,30.0,0.9606685725066784,10.6951871657754
1740772800.Fri.Feb.28_20_00_00.GMT.2025.CACO04.c2.timex.jpg,c2,1740772800,2025-02-28T20:00:00+00:00,0.0,0.8467839887406876,9.174311926605505
1740774600.Fri.Feb.28_20_30_00.GMT.2025.CACO04.c2.timex.jpg,c2,1740774600,2025-02-28T20:30:00+00:00,30.0,0.8467839887406876,9.174311926605505
1740776400.Fri.Feb.28_21_00_00.GMT.2025.CACO04.c2.timex.jpg,c2,1740776400,2025-02-28T21:00:00+00:00,0.0,0.647643746563963,9.876543209876544
1740778200.Fri.Feb.28_21_30_00.GMT.2025.CACO04.c2.timex.jpg,c2,1740778200,2025-02-28T21:30:00+00:00,30.0,0.647643746563963,9.876543209876544
1740780000.Fri.Feb.28_22_00_00.GMT.2025.CACO04.c2.timex.jpg,c2,1740780000,2025-02-28T22:00:00+00:00,0.0,0.7242951665586778,9.174311926605505
1740781800.Fri.Feb.28_22_30_00.GMT.2025.CACO04.c2.timex.jpg,c2,1740781800,2025-02-28T22:30:00+00:00,30.0,0.7242951665586778,9.174311926605505
1740783600.Fri.Feb.28_23_00_00.GMT.2025.CACO04.c2.timex.jpg,c2,1740783600,2025-02-28T23:00:00+00:00,0.0,0.7815164104037136,9.876543209876544
1740785400.Fri.Feb.28_23_30_00.GMT.2025.CACO04.c2.timex.jpg,c2,1740785400,2025-02-28T23:30:00+00:00,30.0,0.7815164104037136,9.876543209876544
1740787200.Sat.Mar.01_00_00_00.GMT.2025.CACO04.c2.timex.jpg,c2,1740787200,2025-03-01T00:00:00+00:00,0.0,0.925023965995214,9.174311926605505
1740789000.Sat.Mar.01_00_30_00.GMT.2025.CACO04.c2.timex.jpg,c2,1740789000,2025-03-01T00:30:00+00:00,30.0,0.925023965995214,9.174311926605505
1740790800.Sat.Mar.01_01_00_00.GMT.2025.CACO04.c2.timex.jpg,c2,1740790800,2025-03-01T01:00:00+00:00,0.0,0.8880757446121673,6.125574272588055
1740792600.Sat.Mar.01_01_30_00.GMT.2025.CACO04.c2.timex.jpg,c2,1740792600,2025-03-01T01:30:00+00:00,30.0,0.8880757446121673,6.125574272588055
1740794400.Sat.Mar.01_02_00_00.GMT.2025.CACO04.c2.timex.jpg,c2,1740794400,2025-03-01T02:00:00+00:00,0.0,0.9453330487346836,8.032128514056225
1740796200.Sat.Mar.01_02_30_00.GMT.2025.CACO04.c2.timex.jpg,c2,1740796200,2025-03-01T02:30:00+00:00,30.0,0.9453330487346836,8.032128514056225
1740798000.Sat.Mar.01_03_00_00.GMT.2025.CACO04.c2.timex.jpg,c2,1740798000,2025-03-01T03:00:00+00:00,0.0,0.946719085513953,8.565310492505352
1740828600.Sat.Mar.01_11_30_00.GMT.2025.CACO04.c2.timex.jpg,c2,1740828600,2025-03-01T11:30:00+00:00,30.0,0.8452132334081044,5.361930294906166
1740830400.Sat.Mar.01_12_00_00.GMT.2025.CACO04.c2.timex.jpg,c2,1740830400,2025-03-01T12:00:00+00:00,0.0,1.097830259528028,4.439511653718091
1740832200.Sat.Mar.01_12_30_00.GMT.2025.CACO04.c2.timex.jpg,c2,1740832200,2025-03-01T12:30:00+00:00,30.0,1.097830259528028,4.439511653718091
1740834000.Sat.Mar.01_13_00_00.GMT.2025.CACO04.c2.timex.jpg,c2,1740834000,2025-03-01T13:00:00+00:00,0.0,1.0182213667042568,4.950495049504951
1740835800.Sat.Mar.01_13_30_00.GMT.2025.CACO04.c2.timex.jpg,c2,1740835800,2025-03-01T13:30:00+00:00,30.0,1.0182213667042568,4.950495049504951
1740837600.Sat.Mar.01_14_00_00.GMT.2025.CACO04.c2.timex.jpg,c2,1740837600,2025-03-01T14:00:00+00:00,0.0,1.127842161088277,4.767580452920143
1740839400.Sat.Mar.01_14_30_00.GMT.2025.CACO04.c2.timex.jpg,c2,1740839400,2025-03-01T14:30:00+00:00,30.0,1.127842161088277,4.767580452920143
1740841200.Sat.Mar.01_15_00_00.GMT.2025.CACO04.c2.timex.jpg,c2,1740841200,2025-03-01T15:00:00+00:00,0.0,1.351662497579267,5.361930294906166
1740843000.Sat.Mar.01_15_30_00.GMT.2025.CACO04.c2.timex.jpg,c2,1740843000,2025-03-01T15:30:00+00:00,30.0,1.351662497579267,5.361930294906166
1740844800.Sat.Mar.01_16_00_00.GMT.2025.CACO04.c2.timex.jpg,c2,1740844800,2025-03-01T16:00:00+00:00,0.0,1.4637861748379777,5.594405594405594
1740846600.Sat.Mar.01_16_30_00.GMT.2025.CACO04.c2.timex.jpg,c2,1740846600,2025-03-01T16:30:00+00:00,30.0,1.4637861748379777,5.594405594405594
1740848400.Sat.Mar.01_17_00_00.GMT.2025.CACO04.c2.timex.jpg,c2,1740848400,2025-03-01T17:00:00+00:00,0.0,1.4504475112326156,6.125574272588055
1740850200.Sat.Mar.01_17_30_00.GMT.2025.CACO04.c2.timex.jpg,c2,1740850200,2025-03-01T17:30:00+00:00,30.0,1.4504475112326156,6.125574272588055
1740852000.Sat.Mar.01_18_00_00.GMT.2025.CACO04.c2.timex.jpg,c2,1740852000,2025-03-01T18:00:00+00:00,0.0,1.4843612228224838,6.768189509306261
1740853800.Sat.Mar.01_18_30_00.GMT.2025.CACO04.c2.timex.jpg,c2,1740853800,2025-03-01T18:30:00+00:00,30.0,1.4843612228224838,6.768189509306261
1740855600.Sat.Mar.01_19_00_00.GMT.2025.CACO04.c2.timex.jpg,c2,1740855600,2025-03-01T19:00:00+00:00,0.0,1.5026938142764277,6.768189509306261
1740857400.Sat.Mar.01_19_30_00.GMT.2025.CACO04.c2.timex.jpg,c2,1740857400,2025-03-01T19:30:00+00:00,30.0,1.5026938142764277,6.768189509306261
1740859200.Sat.Mar.01_20_00_00.GMT.2025.CACO04.c2.timex.jpg,c2,1740859200,2025-03-01T20:00:00+00:00,0.0,1.4111858110966238,7.142857142857142
1740861000.Sat.Mar.01_20_30_00.GMT.2025.CACO04.c2.timex.jpg,c2,1740861000,2025-03-01T20:30:00+00:00,30.0,1.4111858110966238,7.142857142857142
1740862800.Sat.Mar.01_21_00_00.GMT.2025.CACO04.c2.timex.jpg,c2,1740862800,2025-03-01T21:00:00+00:00,0.0,1.20075765488882,7.142857142857142
1740864600.Sat.Mar.01_21_30_00.GMT.2025.CACO04.c2.timex.jpg,c2,1740864600,2025-03-01T21:30:00+00:00,30.0,1.20075765488882,7.142857142857142
1740866400.Sat.Mar.01_22_00_00.GMT.2025.CACO04.c2.timex.jpg,c2,1740866400,2025-03-01T22:00:00+00:00,0.0,1.2691441504373164,6.768189509306261
1740868200.Sat.Mar.01_22_30_00.GMT.2025.CACO04.c2.timex.jpg,c2,1740868200,2025-03-01T22:30:00+00:00,30.0,1.2691441504373164,6.768189509306261
1740870000.Sat.Mar.01_23_00_00.GMT.2025.CACO04.c2.timex.jpg,c2,1740870000,2025-03-01T23:00:00+00:00,0.0,1.1162713349804283,7.142857142857142
1740871800.Sat.Mar.01_23_30_00.GMT.2025.CACO04.c2.timex.jpg,c2,1740871800,2025-03-01T23:30:00+00:00,30.0,1.1162713349804283,7.142857142857142
1740873600.Sun.Mar.02_00_00_00.GMT.2025.CACO04.c2.timex.jpg,c2,1740873600,2025-03-02T00:00:00+00:00,0.0,0.9033662892255344,7.561436672967865
1740875400.Sun.Mar.02_00_30_00.GMT.2025.CACO04.c2.timex.jpg,c2,1740875400,2025-03-02T00:30:00+00:00,30.0,0.9033662892255344,7.561436672967865
1740877200.Sun.Mar.02_01_00_00.GMT.2025.CACO04.c2.timex.jpg,c2,1740877200,2025-03-02T01:00:00+00:00,0.0,1.0262412675750865,4.291845493562232
1740879000.Sun.Mar.02_01_30_00.GMT.2025.CACO04.c2.timex.jpg,c2,1740879000,2025-03-02T01:30:00+00:00,30.0,1.0262412675750865,4.291845493562232
1740880800.Sun.Mar.02_02_00_00.GMT.2025.CACO04.c2.timex.jpg,c2,1740880800,2025-03-02T02:00:00+00:00,0.0,0.9726771235342848,6.430868167202571
1740882600.Sun.Mar.02_02_30_00.GMT.2025.CACO04.c2.timex.jpg,c2,1740882600,2025-03-02T02:30:00+00:00,30.0,0.9726771235342848,6.430868167202571
1740884400.Sun.Mar.02_03_00_00.GMT.2025.CACO04.c2.timex.jpg,c2,1740884400,2025-03-02T03:00:00+00:00,0.0,1.0964706933319184,4.439511653718091
1740915000.Sun.Mar.02_11_30_00.GMT.2025.CACO04.c2.timex.jpg,c2,1740915000,2025-03-02T11:30:00+00:00,30.0,0.900420550891579,6.768189509306261
1740916800.Sun.Mar.02_12_00_00.GMT.2025.CACO04.c2.timex.jpg,c2,1740916800,2025-03-02T12:00:00+00:00,0.0,1.0961875556585892,7.142857142857142
1740918600.Sun.Mar.02_12_30_00.GMT.2025.CACO04.c2.timex.jpg,c2,1740918600,2025-03-02T12:30:00+00:00,30.0,1.0961875556585892,7.142857142857142
1740920400.Sun.Mar.02_13_00_00.GMT.2025.CACO04.c2.timex.jpg,c2,1740920400,2025-03-02T13:00:00+00:00,0.0,1.1969570539453822,6.430868167202571
1740922200.Sun.Mar.02_13_30_00.GMT.2025.CACO04.c2.timex.jpg,c2,1740922200,2025-03-02T13:30:00+00:00,30.0,1.1969570539453822,6.430868167202571
1740924000.Sun.Mar.02_14_00_00.GMT.2025.CACO04.c2.timex.jpg,c2,1740924000,2025-03-02T14:00:00+00:00,0.0,1.2878018585735065,7.142857142857142
1740925800.Sun.Mar.02_14_30_00.GMT.2025.CACO04.c2.timex.jpg,c2,1740925800,2025-03-02T14:30:00+00:00,30.0,1.2878018585735065,7.142857142857142
1740927600.Sun.Mar.02_15_00_00.GMT.2025.CACO04.c2.timex.jpg,c2,1740927600,2025-03-02T15:00:00+00:00,0.0,1.2460209763748131,7.142857142857142
1740929400.Sun.Mar.02_15_30_00.GMT.2025.CACO04.c2.timex.jpg,c2,1740929400,2025-03-02T15:30:00+00:00,30.0,1.2460209763748131,7.142857142857142
1740931200.Sun.Mar.02_16_00_00.GMT.2025.CACO04.c2.timex.jpg,c2,1740931200,2025-03-02T16:00:00+00:00,0.0,1.2363959007096808,6.768189509306261
1740933000.Sun.Mar.02_16_30_00.GMT.2025.CACO04.c2.timex.jpg,c2,1740933000,2025-03-02T16:30:00+00:00,30.0,1.2363959007096808,6.768189509306261
1740934800.Sun.Mar.02_17_00_00.GMT.2025.CACO04.c2.timex.jpg,c2,1740934800,2025-03-02T17:00:00+00:00,0.0,1.1072716022916211,6.430868167202571
1740936600.Sun.Mar.02_17_30_00.GMT.2025.CACO04.c2.timex.jpg,c2,1740936600,2025-03-02T17:30:00+00:00,30.0,1.1072716022916211,6.430868167202571
1740938400.Sun.Mar.02_18_00_00.GMT.2025.CACO04.c2.timex.jpg,c2,1740938400,2025-03-02T18:00:00+00:00,0.0,1.0824738190961782,9.876543209876544
1740940200.Sun.Mar.02_18_30_00.GMT.2025.CACO04.c2.timex.jpg,c2,1740940200,2025-03-02T18:30:00+00:00,30.0,1.0824738190961782,9.876543209876544
1740942000.Sun.Mar.02_19_00_00.GMT.2025.CACO04.c2.timex.jpg,c2,1740942000,2025-03-02T19:00:00+00:00,0.0,0.9688170571012704,5.594405594405594
1740943800.Sun.Mar.02_19_30_00.GMT.2025.CACO04.c2.timex.jpg,c2,1740943800,2025-03-02T19:30:00+00:00,30.0,0.9688170571012704,5.594405594405594
1740945600.Sun.Mar.02_20_00_00.GMT.2025.CACO04.c2.timex.jpg,c2,1740945600,2025-03-02T20:00:00+00:00,0.0,0.908169601403818,9.876543209876544
1740947400.Sun.Mar.02_20_30_00.GMT.2025.CACO04.c2.timex.jpg,c2,1740947400,2025-03-02T20:30:00+00:00,30.0,0.908169601403818,9.876543209876544
1740949200.Sun.Mar.02_21_00_00.GMT.2025.CACO04.c2.timex.jpg,c2,1740949200,2025-03-02T21:00:00+00:00,0.0,0.8350838846666285,5.361930294906166
1740951000.Sun.Mar.02_21_30_00.GMT.2025.CACO04.c2.timex.jpg,c2,1740951000,2025-03-02T21:30:00+00:00,30.0,0.8350838846666285,5.361930294906166
1740952800.Sun.Mar.02_22_00_00.GMT.2025.CACO04.c2.timex.jpg,c2,1740952800,2025-03-02T22:00:00+00:00,0.0,0.7503972422027698,5.361930294906166
1740954600.Sun.Mar.02_22_30_00.GMT.2025.CACO04.c2.timex.jpg,c2,1740954600,2025-03-02T22:30:00+00:00,30.0,0.7503972422027698,5.361930294906166
1740956400.Sun.Mar.02_23_00_00.GMT.2025.CACO04.c2.timex.jpg,c2,1740956400,2025-03-02T23:00:00+00:00,0.0,0.629478255902496,9.876543209876544
1740958200.Sun.Mar.02_23_30_00.GMT.2025.CACO04.c2.timex.jpg,c2,1740958200,2025-03-02T23:30:00+00:00,30.0,0.629478255902496,9.876543209876544
1740960000.Mon.Mar.03_00_00_00.GMT.2025.CACO04.c2.timex.jpg,c2,1740960000,2025-03-03T00:00:00+00:00,0.0,0.5933389156469916,5.594405594405594
1740961800.Mon.Mar.03_00_30_00.GMT.2025.CACO04.c2.timex.jpg,c2,1740961800,2025-03-03T00:30:00+00:00,30.0,0.5933389156469916,5.594405594405594
1740963600.Mon.Mar.03_01_00_00.GMT.2025.CACO04.c2.timex.jpg,c2,1740963600,2025-03-03T01:00:00+00:00,0.0,0.6802769152473085,5.361930294906166
1740965400.Mon.Mar.03_01_30_00.GMT.2025.CACO04.c2.timex.jpg,c2,1740965400,2025-03-03T01:30:00+00:00,30.0,0.6802769152473085,5.361930294906166
1740967200.Mon.Mar.03_02_00_00.GMT.2025.CACO04.c2.timex.jpg,c2,1740967200,2025-03-03T02:00:00+00:00,0.0,0.7567727486279445,5.594405594405594
1740969000.Mon.Mar.03_02_30_00.GMT.2025.CACO04.c2.timex.jpg,c2,1740969000,2025-03-03T02:30:00+00:00,30.0,0.7567727486279445,5.594405594405594
1740970800.Mon.Mar.03_03_00_00.GMT.2025.CACO04.c2.timex.jpg,c2,1740970800,2025-03-03T03:00:00+00:00,0.0,0.9023094881925068,5.847953216374269
1741001400.Mon.Mar.03_11_30_00.GMT.2025.CACO04.c2.timex.jpg,c2,1741001400,2025-03-03T11:30:00+00:00,30.0,0.8070911123436167,5.847953216374269
1741003200.Mon.Mar.03_12_00_00.GMT.2025.CACO04.c2.timex.jpg,c2,1741003200,2025-03-03T12:00:00+00:00,0.0,0.6267901403458527,5.847953216374269
1741005000.Mon.Mar.03_12_30_00.GMT.2025.CACO04.c2.timex.jpg,c2,1741005000,2025-03-03T12:30:00+00:00,30.0,0.6267901403458527,5.847953216374269
1741006800.Mon.Mar.03_13_00_00.GMT.2025.CACO04.c2.timex.jpg,c2,1741006800,2025-03-03T13:00:00+00:00,0.0,0.5197610022989447,5.361930294906166
1741008600.Mon.Mar.03_13_30_00.GMT.2025.CACO04.c2.timex.jpg,c2,1741008600,2025-03-03T13:30:00+00:00,30.0,0.5197610022989447,5.361930294906166
1741010400.Mon.Mar.03_14_00_00.GMT.2025.CACO04.c2.timex.jpg,c2,1741010400,2025-03-03T14:00:00+00:00,0.0,0.5136010643393462,5.148005148005149
1741012200.Mon.Mar.03_14_30_00.GMT.2025.CACO04.c2.timex.jpg,c2,1741012200,2025-03-03T14:30:00+00:00,30.0,0.5136010643393462,5.148005148005149
1741014000.Mon.Mar.03_15_00_00.GMT.2025.CACO04.c2.timex.jpg,c2,1741014000,2025-03-03T15:00:00+00:00,0.0,0.592538669301105,5.847953216374269
1741015800.Mon.Mar.03_15_30_00.GMT.2025.CACO04.c2.timex.jpg,c2,1741015800,2025-03-03T15:30:00+00:00,30.0,0.592538669301105,5.847953216374269
1741017600.Mon.Mar.03_16_00_00.GMT.2025.CACO04.c2.timex.jpg,c2,1741017600,2025-03-03T16:00:00+00:00,0.0,0.9826497921662888,4.950495049504951
1741019400.Mon.Mar.03_16_30_00.GMT.2025.CACO04.c2.timex.jpg,c2,1741019400,2025-03-03T16:30:00+00:00,30.0,0.9826497921662888,4.950495049504951
1741021200.Mon.Mar.03_17_00_00.GMT.2025.CACO04.c2.timex.jpg,c2,1741021200,2025-03-03T17:00:00+00:00,0.0,1.0746551506814062,4.767580452920143
1741023000.Mon.Mar.03_17_30_00.GMT.2025.CACO04.c2.timex.jpg,c2,1741023000,2025-03-03T17:30:00+00:00,30.0,1.0746551506814062,4.767580452920143
1741024800.Mon.Mar.03_18_00_00.GMT.2025.CACO04.c2.timex.jpg,c2,1741024800,2025-03-03T18:00:00+00:00,0.0,1.0038288532028112,5.594405594405594
1741026600.Mon.Mar.03_18_30_00.GMT.2025.CACO04.c2.timex.jpg,c2,1741026600,2025-03-03T18:30:00+00:00,30.0,1.0038288532028112,5.594405594405594
1741028400.Mon.Mar.03_19_00_00.GMT.2025.CACO04.c2.timex.jpg,c2,1741028400,2025-03-03T19:00:00+00:00,0.0,0.8815683205266432,5.148005148005149
1741030200.Mon.Mar.03_19_30_00.GMT.2025.CACO04.c2.timex.jpg,c2,1741030200,2025-03-03T19:30:00+00:00,30.0,0.8815683205266432,5.148005148005149
1741032000.Mon.Mar.03_20_00_00.GMT.2025.CACO04.c2.timex.jpg,c2,1741032000,2025-03-03T20:00:00+00:00,0.0,0.9829172090922044,5.361930294906166
1741033800.Mon.Mar.03_20_30_00.GMT.2025.CACO04.c2.timex.jpg,c2,1741033800,2025-03-03T20:30:00+00:00,30.0,0.9829172090922044,5.361930294906166
1741035600.Mon.Mar.03_21_00_00.GMT.2025.CACO04.c2.timex.jpg,c2,1741035600,2025-03-03T21:00:00+00:00,0.0,0.7752078552027164,5.594405594405594
1741037400.Mon.Mar.03_21_30_00.GMT.2025.CACO04.c2.timex.jpg,c2,1741037400,2025-03-03T21:30:00+00:00,30.0,0.7752078552027164,5.594405594405594
1741039200.Mon.Mar.03_22_00_00.GMT.2025.CACO04.c2.timex.jpg,c2,1741039200,2025-03-03T22:00:00+00:00,0.0,0.6209886605553053,5.361930294906166
1741041000.Mon.Mar.03_22_30_00.GMT.2025.CACO04.c2.timex.jpg,c2,1741041000,2025-03-03T22:30:00+00:00,30.0,0.6209886605553053,5.361930294906166
1741042800.Mon.Mar.03_23_00_00.GMT.2025.CACO04.c2.timex.jpg,c2,1741042800,2025-03-03T23:00:00+00:00,0.0,0.5925771057188576,5.148005148005149
1741044600.Mon.Mar.03_23_30_00.GMT.2025.CACO04.c2.timex.jpg,c2,1741044600,2025-03-03T23:30:00+00:00,30.0,0.5925771057188576,5.148005148005149
1741046400.Tue.Mar.04_00_00_00.GMT.2025.CACO04.c2.timex.jpg,c2,1741046400,2025-03-04T00:00:00+00:00,0.0,0.5007452455248546,4.950495049504951
1741048200.Tue.Mar.04_00_30_00.GMT.2025.CACO04.c2.timex.jpg,c2,1741048200,2025-03-04T00:30:00+00:00,30.0,0.5007452455248546,4.950495049504951
1741050000.Tue.Mar.04_01_00_00.GMT.2025.CACO04.c2.timex.jpg,c2,1741050000,2025-03-04T01:00:00+00:00,0.0,0.4319363123637799,5.148005148005149
1741051800.Tue.Mar.04_01_30_00.GMT.2025.CACO04.c2.timex.jpg,c2,1741051800,2025-03-04T01:30:00+00:00,30.0,0.4319363123637799,5.148005148005149
1741053600.Tue.Mar.04_02_00_00.GMT.2025.CACO04.c2.timex.jpg,c2,1741053600,2025-03-04T02:00:00+00:00,0.0,0.4062554495512299,4.950495049504951
1741055400.Tue.Mar.04_02_30_00.GMT.2025.CACO04.c2.timex.jpg,c2,1741055400,2025-03-04T02:30:00+00:00,30.0,0.4062554495512299,4.950495049504951
1741057200.Tue.Mar.04_03_00_00.GMT.2025.CACO04.c2.timex.jpg,c2,1741057200,2025-03-04T03:00:00+00:00,0.0,0.3579334420812095,4.597701149425287
1741087800.Tue.Mar.04_11_30_00.GMT.2025.CACO04.c2.timex.jpg,c2,1741087800,2025-03-04T11:30:00+00:00,30.0,0.2253079998936898,9.876543209876544
1741089600.Tue.Mar.04_12_00_00.GMT.2025.CACO04.c2.timex.jpg,c2,1741089600,2025-03-04T12:00:00+00:00,0.0,0.2878705465734481,9.174311926605505
1741091400.Tue.Mar.04_12_30_00.GMT.2025.CACO04.c2.timex.jpg,c2,1741091400,2025-03-04T12:30:00+00:00,30.0,0.2878705465734481,9.174311926605505
1741093200.Tue.Mar.04_13_00_00.GMT.2025.CACO04.c2.timex.jpg,c2,1741093200,2025-03-04T13:00:00+00:00,0.0,0.1961978015939648,9.876543209876544
1741095000.Tue.Mar.04_13_30_00.GMT.2025.CACO04.c2.timex.jpg,c2,1741095000,2025-03-04T13:30:00+00:00,30.0,0.1961978015939648,9.876543209876544
1741096800.Tue.Mar.04_14_00_00.GMT.2025.CACO04.c2.timex.jpg,c2,1741096800,2025-03-04T14:00:00+00:00,0.0,0.1796421816601463,9.174311926605505
1741098600.Tue.Mar.04_14_30_00.GMT.2025.CACO04.c2.timex.jpg,c2,1741098600,2025-03-04T14:30:00+00:00,30.0,0.1796421816601463,9.174311926605505
1741100400.Tue.Mar.04_15_00_00.GMT.2025.CACO04.c2.timex.jpg,c2,1741100400,2025-03-04T15:00:00+00:00,0.0,0.1733393026917865,9.174311926605505
1741102200.Tue.Mar.04_15_30_00.GMT.2025.CACO04.c2.timex.jpg,c2,1741102200,2025-03-04T15:30:00+00:00,30.0,0.1733393026917865,9.174311926605505
1741104000.Tue.Mar.04_16_00_00.GMT.2025.CACO04.c2.timex.jpg,c2,1741104000,2025-03-04T16:00:00+00:00,0.0,0.3972330819871359,9.174311926605505
1741105800.Tue.Mar.04_16_30_00.GMT.2025.CACO04.c2.timex.jpg,c2,1741105800,2025-03-04T16:30:00+00:00,30.0,0.3972330819871359,9.174311926605505
1741107600.Tue.Mar.04_17_00_00.GMT.2025.CACO04.c2.timex.jpg,c2,1741107600,2025-03-04T17:00:00+00:00,0.0,0.4902778279817942,3.2206119162640903
1741109400.Tue.Mar.04_17_30_00.GMT.2025.CACO04.c2.timex.jpg,c2,1741109400,2025-03-04T17:30:00+00:00,30.0,0.4902778279817942,3.2206119162640903
1741111200.Tue.Mar.04_18_00_00.GMT.2025.CACO04.c2.timex.jpg,c2,1741111200,2025-03-04T18:00:00+00:00,0.0,0.5606321755596056,3.4812880765883376
1741113000.Tue.Mar.04_18_30_00.GMT.2025.CACO04.c2.timex.jpg,c2,1741113000,2025-03-04T18:30:00+00:00,30.0,0.5606321755596056,3.4812880765883376
1741114800.Tue.Mar.04_19_00_00.GMT.2025.CACO04.c2.timex.jpg,c2,1741114800,2025-03-04T19:00:00+00:00,0.0,0.6457364356344201,4.291845493562232
1741116600.Tue.Mar.04_19_30_00.GMT.2025.CACO04.c2.timex.jpg,c2,1741116600,2025-03-04T19:30:00+00:00,30.0,0.6457364356344201,4.291845493562232
1741118400.Tue.Mar.04_20_00_00.GMT.2025.CACO04.c2.timex.jpg,c2,1741118400,2025-03-04T20:00:00+00:00,0.0,0.7352786790130079,4.950495049504951
1741120200.Tue.Mar.04_20_30_00.GMT.2025.CACO04.c2.timex.jpg,c2,1741120200,2025-03-04T20:30:00+00:00,30.0,0.7352786790130079,4.950495049504951
1741122000.Tue.Mar.04_21_00_00.GMT.2025.CACO04.c2.timex.jpg,c2,1741122000,2025-03-04T21:00:00+00:00,0.0,0.7834691330456636,4.950495049504951
1741123800.Tue.Mar.04_21_30_00.GMT.2025.CACO04.c2.timex.jpg,c2,1741123800,2025-03-04T21:30:00+00:00,30.0,0.7834691330456636,4.950495049504951
1741125600.Tue.Mar.04_22_00_00.GMT.2025.CACO04.c2.timex.jpg,c2,1741125600,2025-03-04T22:00:00+00:00,0.0,0.797810822238234,4.024144869215292
1741127400.Tue.Mar.04_22_30_00.GMT.2025.CACO04.c2.timex.jpg,c2,1741127400,2025-03-04T22:30:00+00:00,30.0,0.797810822238234,4.024144869215292
1741129200.Tue.Mar.04_23_00_00.GMT.2025.CACO04.c2.timex.jpg,c2,1741129200,2025-03-04T23:00:00+00:00,0.0,0.7143764078558822,4.950495049504951
1741131000.Tue.Mar.04_23_30_00.GMT.2025.CACO04.c2.timex.jpg,c2,1741131000,2025-03-04T23:30:00+00:00,30.0,0.7143764078558822,4.950495049504951
1741132800.Wed.Mar.05_00_00_00.GMT.2025.CACO04.c2.timex.jpg,c2,1741132800,2025-03-05T00:00:00+00:00,0.0,0.7502167743207179,5.361930294906166
1741134600.Wed.Mar.05_00_30_00.GMT.2025.CACO04.c2.timex.jpg,c2,1741134600,2025-03-05T00:30:00+00:00,30.0,0.7502167743207179,5.361930294906166
1741136400.Wed.Mar.05_01_00_00.GMT.2025.CACO04.c2.timex.jpg,c2,1741136400,2025-03-05T01:00:00+00:00,0.0,0.6716022401108627,5.847953216374269
1741138200.Wed.Mar.05_01_30_00.GMT.2025.CACO04.c2.timex.jpg,c2,1741138200,2025-03-05T01:30:00+00:00,30.0,0.6716022401108627,5.847953216374269
1741140000.Wed.Mar.05_02_00_00.GMT.2025.CACO04.c2.timex.jpg,c2,1741140000,2025-03-05T02:00:00+00:00,0.0,0.6397802471484592,5.361930294906166
1741141800.Wed.Mar.05_02_30_00.GMT.2025.CACO04.c2.timex.jpg,c2,1741141800,2025-03-05T02:30:00+00:00,30.0,0.6397802471484592,5.361930294906166
1741143600.Wed.Mar.05_03_00_00.GMT.2025.CACO04.c2.timex.jpg,c2,1741143600,2025-03-05T03:00:00+00:00,0.0,0.5712088288682814,5.594405594405594
1741174200.Wed.Mar.05_11_30_00.GMT.2025.CACO04.c2.timex.jpg,c2,1741174200,2025-03-05T11:30:00+00:00,30.0,0.7839914337440073,6.125574272588055
1741176000.Wed.Mar.05_12_00_00.GMT.2025.CACO04.c2.timex.jpg,c2,1741176000,2025-03-05T12:00:00+00:00,0.0,0.7441185760455789,5.594405594405594
1741177800.Wed.Mar.05_12_30_00.GMT.2025.CACO04.c2.timex.jpg,c2,1741177800,2025-03-05T12:30:00+00:00,30.0,0.7441185760455789,5.594405594405594
1741179600.Wed.Mar.05_13_00_00.GMT.2025.CACO04.c2.timex.jpg,c2,1741179600,2025-03-05T13:00:00+00:00,0.0,0.7428987599814196,5.594405594405594
1741181400.Wed.Mar.05_13_30_00.GMT.2025.CACO04.c2.timex.jpg,c2,1741181400,2025-03-05T13:30:00+00:00,30.0,0.7428987599814196,5.594405594405594
1741183200.Wed.Mar.05_14_00_00.GMT.2025.CACO04.c2.timex.jpg,c2,1741183200,2025-03-05T14:00:00+00:00,0.0,0.7314956737985671,5.148005148005149
1741185000.Wed.Mar.05_14_30_00.GMT.2025.CACO04.c2.timex.jpg,c2,1741185000,2025-03-05T14:30:00+00:00,30.0,0.7314956737985671,5.148005148005149
1741186800.Wed.Mar.05_15_00_00.GMT.2025.CACO04.c2.timex.jpg,c2,1741186800,2025-03-05T15:00:00+00:00,0.0,0.7211945632424547,5.148005148005149
1741188600.Wed.Mar.05_15_30_00.GMT.2025.CACO04.c2.timex.jpg,c2,1741188600,2025-03-05T15:30:00+00:00,30.0,0.7211945632424547,5.148005148005149
1741190400.Wed.Mar.05_16_00_00.GMT.2025.CACO04.c2.timex.jpg,c2,1741190400,2025-03-05T16:00:00+00:00,0.0,0.7093120416382184,5.361930294906166
1741192200.Wed.Mar.05_16_30_00.GMT.2025.CACO04.c2.timex.jpg,c2,1741192200,2025-03-05T16:30:00+00:00,30.0,0.7093120416382184,5.361930294906166
1741194000.Wed.Mar.05_17_00_00.GMT.2025.CACO04.c2.timex.jpg,c2,1741194000,2025-03-05T17:00:00+00:00,0.0,0.7094471473658294,5.148005148005149
1741195800.Wed.Mar.05_17_30_00.GMT.2025.CACO04.c2.timex.jpg,c2,1741195800,2025-03-05T17:30:00+00:00,30.0,0.7094471473658294,5.148005148005149
1741197600.Wed.Mar.05_18_00_00.GMT.2025.CACO04.c2.timex.jpg,c2,1741197600,2025-03-05T18:00:00+00:00,0.0,0.7531640924097363,4.439511653718091
1741199400.Wed.Mar.05_18_30_00.GMT.2025.CACO04.c2.timex.jpg,c2,1741199400,2025-03-05T18:30:00+00:00,30.0,0.7531640924097363,4.439511653718091
1741201200.Wed.Mar.05_19_00_00.GMT.2025.CACO04.c2.timex.jpg,c2,1741201200,2025-03-05T19:00:00+00:00,0.0,0.8056686363900378,4.767580452920143
1741203000.Wed.Mar.05_19_30_00.GMT.2025.CACO04.c2.timex.jpg,c2,1741203000,2025-03-05T19:30:00+00:00,30.0,0.8056686363900378,4.767580452920143
1741204800.Wed.Mar.05_20_00_00.GMT.2025.CACO04.c2.timex.jpg,c2,1741204800,2025-03-05T20:00:00+00:00,0.0,0.9474503069573252,4.950495049504951
1741206600.Wed.Mar.05_20_30_00.GMT.2025.CACO04.c2.timex.jpg,c2,1741206600,2025-03-05T20:30:00+00:00,30.0,0.9474503069573252,4.950495049504951
1741208400.Wed.Mar.05_21_00_00.GMT.2025.CACO04.c2.timex.jpg,c2,1741208400,2025-03-05T21:00:00+00:00,0.0,0.9782890576391906,5.361930294906166
1741210200.Wed.Mar.05_21_30_00.GMT.2025.CACO04.c2.timex.jpg,c2,1741210200,2025-03-05T21:30:00+00:00,30.0,0.9782890576391906,5.361930294906166
1741212000.Wed.Mar.05_22_00_00.GMT.2025.CACO04.c2.timex.jpg,c2,1741212000,2025-03-05T22:00:00+00:00,0.0,1.0799762750985982,5.847953216374269
1741213800.Wed.Mar.05_22_30_00.GMT.2025.CACO04.c2.timex.jpg,c2,1741213800,2025-03-05T22:30:00+00:00,30.0,1.0799762750985982,5.847953216374269
1741215600.Wed.Mar.05_23_00_00.GMT.2025.CACO04.c2.timex.jpg,c2,1741215600,2025-03-05T23:00:00+00:00,0.0,1.2390080404551238,5.594405594405594
1741217400.Wed.Mar.05_23_30_00.GMT.2025.CACO04.c2.timex.jpg,c2,1741217400,2025-03-05T23:30:00+00:00,30.0,1.2390080404551238,5.594405594405594
1741219200.Thu.Mar.06_00_00_00.GMT.2025.CACO04.c2.timex.jpg,c2,1741219200,2025-03-06T00:00:00+00:00,0.0,1.128222914560554,5.361930294906166
1741221000.Thu.Mar.06_00_30_00.GMT.2025.CACO04.c2.timex.jpg,c2,1741221000,2025-03-06T00:30:00+00:00,30.0,1.128222914560554,5.361930294906166
1741222800.Thu.Mar.06_01_00_00.GMT.2025.CACO04.c2.timex.jpg,c2,1741222800,2025-03-06T01:00:00+00:00,0.0,0.9930402773272868,5.594405594405594
1741224600.Thu.Mar.06_01_30_00.GMT.2025.CACO04.c2.timex.jpg,c2,1741224600,2025-03-06T01:30:00+00:00,30.0,0.9930402773272868,5.594405594405594
1741226400.Thu.Mar.06_02_00_00.GMT.2025.CACO04.c2.timex.jpg,c2,1741226400,2025-03-06T02:00:00+00:00,0.0,0.9170143824373116,5.847953216374269
1741228200.Thu.Mar.06_02_30_00.GMT.2025.CACO04.c2.timex.jpg,c2,1741228200,2025-03-06T02:30:00+00:00,30.0,0.9170143824373116,5.847953216374269
1741230000.Thu.Mar.06_03_00_00.GMT.2025.CACO04.c2.timex.jpg,c2,1741230000,2025-03-06T03:00:00+00:00,0.0,1.0789632555081234,5.361930294906166
1741260600.Thu.Mar.06_11_30_00.GMT.2025.CACO04.c2.timex.jpg,c2,1741260600,2025-03-06T11:30:00+00:00,30.0,1.9827870697422505,7.561436672967865
1741262400.Thu.Mar.06_12_00_00.GMT.2025.CACO04.c2.timex.jpg,c2,1741262400,2025-03-06T12:00:00+00:00,0.0,2.0003364302397277,7.561436672967865
1741264200.Thu.Mar.06_12_30_00.GMT.2025.CACO04.c2.timex.jpg,c2,1741264200,2025-03-06T12:30:00+00:00,30.0,2.0003364302397277,7.561436672967865
1741266000.Thu.Mar.06_13_00_00.GMT.2025.CACO04.c2.timex.jpg,c2,1741266000,2025-03-06T13:00:00+00:00,0.0,1.847836563761548,7.561436672967865
1741267800.Thu.Mar.06_13_30_00.GMT.2025.CACO04.c2.timex.jpg,c2,1741267800,2025-03-06T13:30:00+00:00,30.0,1.847836563761548,7.561436672967865
1741269600.Thu.Mar.06_14_00_00.GMT.2025.CACO04.c2.timex.jpg,c2,1741269600,2025-03-06T14:00:00+00:00,0.0,1.7059051186096112,6.768189509306261
1741271400.Thu.Mar.06_14_30_00.GMT.2025.CACO04.c2.timex.jpg,c2,1741271400,2025-03-06T14:30:00+00:00,30.0,1.7059051186096112,6.768189509306261
1741273200.Thu.Mar.06_15_00_00.GMT.2025.CACO04.c2.timex.jpg,c2,1741273200,2025-03-06T15:00:00+00:00,0.0,1.4923593195764244,7.142857142857142
1741275000.Thu.Mar.06_15_30_00.GMT.2025.CACO04.c2.timex.jpg,c2,1741275000,2025-03-06T15:30:00+00:00,30.0,1.4923593195764244,7.142857142857142
1741276800.Thu.Mar.06_16_00_00.GMT.2025.CACO04.c2.timex.jpg,c2,1741276800,2025-03-06T16:00:00+00:00,0.0,1.4947091233541177,7.561436672967865
1741278600.Thu.Mar.06_16_30_00.GMT.2025.CACO04.c2.timex.jpg,c2,1741278600,2025-03-06T16:30:00+00:00,30.0,1.4947091233541177,7.561436672967865
1741280400.Thu.Mar.06_17_00_00.GMT.2025.CACO04.c2.timex.jpg,c2,1741280400,2025-03-06T17:00:00+00:00,0.0,1.5003531276705102,6.768189509306261
1741282200.Thu.Mar.06_17_30_00.GMT.2025.CACO04.c2.timex.jpg,c2,1741282200,2025-03-06T17:30:00+00:00,30.0,1.5003531276705102,6.768189509306261
1741284000.Thu.Mar.06_18_00_00.GMT.2025.CACO04.c2.timex.jpg,c2,1741284000,2025-03-06T18:00:00+00:00,0.0,1.5561443960034136,11.661807580174926
1741285800.Thu.Mar.06_18_30_00.GMT.2025.CACO04.c2.timex.jpg,c2,1741285800,2025-03-06T18:30:00+00:00,30.0,1.5561443960034136,11.661807580174926
1741287600.Thu.Mar.06_19_00_00.GMT.2025.CACO04.c2.timex.jpg,c2,1741287600,2025-03-06T19:00:00+00:00,0.0,1.5400517674249683,11.661807580174926
1741289400.Thu.Mar.06_19_30_00.GMT.2025.CACO04.c2.timex.jpg,c2,1741289400,2025-03-06T19:30:00+00:00,30.0,1.5400517674249683,11.661807580174926
1741291200.Thu.Mar.06_20_00_00.GMT.2025.CACO04.c2.timex.jpg,c2,1741291200,2025-03-06T20:00:00+00:00,0.0,1.4723186829952442,11.661807580174926
1741293000.Thu.Mar.06_20_30_00.GMT.2025.CACO04.c2.timex.jpg,c2,1741293000,2025-03-06T20:30:00+00:00,30.0,1.4723186829952442,11.661807580174926
1741294800.Thu.Mar.06_21_00_00.GMT.2025.CACO04.c2.timex.jpg,c2,1741294800,2025-03-06T21:00:00+00:00,0.0,1.443038973792561,11.661807580174926
1741296600.Thu.Mar.06_21_30_00.GMT.2025.CACO04.c2.timex.jpg,c2,1741296600,2025-03-06T21:30:00+00:00,30.0,1.443038973792561,11.661807580174926
1741298400.Thu.Mar.06_22_00_00.GMT.2025.CACO04.c2.timex.jpg,c2,1741298400,2025-03-06T22:00:00+00:00,0.0,1.456643551912191,7.142857142857142
1741300200.Thu.Mar.06_22_30_00.GMT.2025.CACO04.c2.timex.jpg,c2,1741300200,2025-03-06T22:30:00+00:00,30.0,1.456643551912191,7.142857142857142
1741302000.Thu.Mar.06_23_00_00.GMT.2025.CACO04.c2.timex.jpg,c2,1741302000,2025-03-06T23:00:00+00:00,0.0,1.4033152544932006,8.032128514056225
1741303800.Thu.Mar.06_23_30_00.GMT.2025.CACO04.c2.timex.jpg,c2,1741303800,2025-03-06T23:30:00+00:00,30.0,1.4033152544932006,8.032128514056225
1741305600.Fri.Mar.07_00_00_00.GMT.2025.CACO04.c2.timex.jpg,c2,1741305600,2025-03-07T00:00:00+00:00,0.0,1.5396271643345876,11.661807580174926
1741307400.Fri.Mar.07_00_30_00.GMT.2025.CACO04.c2.timex.jpg,c2,1741307400,2025-03-07T00:30:00+00:00,30.0,1.5396271643345876,11.661807580174926
1741309200.Fri.Mar.07_01_00_00.GMT.2025.CACO04.c2.timex.jpg,c2,1741309200,2025-03-07T01:00:00+00:00,0.0,1.5430892966026657,11.661807580174926
1741311000.Fri.Mar.07_01_30_00.GMT.2025.CACO04.c2.timex.jpg,c2,1741311000,2025-03-07T01:30:00+00:00,30.0,1.5430892966026657,11.661807580174926
1741312800.Fri.Mar.07_02_00_00.GMT.2025.CACO04.c2.timex.jpg,c2,1741312800,2025-03-07T02:00:00+00:00,0.0,1.5433675242682283,12.82051282051282
1741314600.Fri.Mar.07_02_30_00.GMT.2025.CACO04.c2.timex.jpg,c2,1741314600,2025-03-07T02:30:00+00:00,30.0,1.5433675242682283,12.82051282051282
1741316400.Fri.Mar.07_03_00_00.GMT.2025.CACO04.c2.timex.jpg,c2,1741316400,2025-03-07T03:00:00+00:00,0.0,1.4748006584139066,11.661807580174926
1741347000.Fri.Mar.07_11_30_00.GMT.2025.CACO04.c2.timex.jpg,c2,1741347000,2025-03-07T11:30:00+00:00,30.0,1.4916821713325203,11.661807580174926
1741348800.Fri.Mar.07_12_00_00.GMT.2025.CACO04.c2.timex.jpg,c2,1741348800,2025-03-07T12:00:00+00:00,0.0,1.3932613100527085,12.82051282051282
1741350600.Fri.Mar.07_12_30_00.GMT.2025.CACO04.c2.timex.jpg,c2,1741350600,2025-03-07T12:30:00+00:00,30.0,1.3932613100527085,12.82051282051282
1741352400.Fri.Mar.07_13_00_00.GMT.2025.CACO04.c2.timex.jpg,c2,1741352400,2025-03-07T13:00:00+00:00,0.0,1.4751035956095018,11.661807580174926
1741354200.Fri.Mar.07_13_30_00.GMT.2025.CACO04.c2.timex.jpg,c2,1741354200,2025-03-07T13:30:00+00:00,30.0,1.4751035956095018,11.661807580174926
1741356000.Fri.Mar.07_14_00_00.GMT.2025.CACO04.c2.timex.jpg,c2,1741356000,2025-03-07T14:00:00+00:00,0.0,1.3961694518225125,11.661807580174926
1741357800.Fri.Mar.07_14_30_00.GMT.2025.CACO04.c2.timex.jpg,c2,1741357800,2025-03-07T14:30:00+00:00,30.0,1.3961694518225125,11.661807580174926
1741359600.Fri.Mar.07_15_00_00.GMT.2025.CACO04.c2.timex.jpg,c2,1741359600,2025-03-07T15:00:00+00:00,0.0,1.432945988529106,11.661807580174926
1741361400.Fri.Mar.07_15_30_00.GMT.2025.CACO04.c2.timex.jpg,c2,1741361400,2025-03-07T15:30:00+00:00,30.0,1.432945988529106,11.661807580174926
1741363200.Fri.Mar.07_16_00_00.GMT.2025.CACO04.c2.timex.jpg,c2,1741363200,2025-03-07T16:00:00+00:00,0.0,1.3532082517205517,11.661807580174926
1741365000.Fri.Mar.07_16_30_00.GMT.2025.CACO04.c2.timex.jpg,c2,1741365000,2025-03-07T16:30:00+00:00,30.0,1.3532082517205517,11.661807580174926
1741366800.Fri.Mar.07_17_00_00.GMT.2025.CACO04.c2.timex.jpg,c2,1741366800,2025-03-07T17:00:00+00:00,0.0,1.4569988446443185,7.561436672967865
1741368600.Fri.Mar.07_17_30_00.GMT.2025.CACO04.c2.timex.jpg,c2,1741368600,2025-03-07T17:30:00+00:00,30.0,1.4569988446443185,7.561436672967865
1741370400.Fri.Mar.07_18_00_00.GMT.2025.CACO04.c2.timex.jpg,c2,1741370400,2025-03-07T18:00:00+00:00,0.0,1.386037733446811,11.661807580174926
1741372200.Fri.Mar.07_18_30_00.GMT.2025.CACO04.c2.timex.jpg,c2,1741372200,2025-03-07T18:30:00+00:00,30.0,1.386037733446811,11.661807580174926
1741374000.Fri.Mar.07_19_00_00.GMT.2025.CACO04.c2.timex.jpg,c2,1741374000,2025-03-07T19:00:00+00:00,0.0,1.3305831827381358,10.6951871657754
1741375800.Fri.Mar.07_19_30_00.GMT.2025.CACO04.c2.timex.jpg,c2,1741375800,2025-03-07T19:30:00+00:00,30.0,1.3305831827381358,10.6951871657754
1741377600.Fri.Mar.07_20_00_00.GMT.2025.CACO04.c2.timex.jpg,c2,1741377600,2025-03-07T20:00:00+00:00,0.0,1.2831150056852112,9.174311926605505
1741379400.Fri.Mar.07_20_30_00.GMT.2025.CACO04.c2.timex.jpg,c2,1741379400,2025-03-07T20:30:00+00:00,30.0,1.2831150056852112,9.174311926605505
1741381200.Fri.Mar.07_21_00_00.GMT.2025.CACO04.c2.timex.jpg,c2,1741381200,2025-03-07T21:00:00+00:00,0.0,1.20729502107674,10.6951871657754
1741383000.Fri.Mar.07_21_30_00.GMT.2025.CACO04.c2.timex.jpg,c2,1741383000,2025-03-07T21:30:00+00:00,30.0,1.20729502107674,10.6951871657754
1741384800.Fri.Mar.07_22_00_00.GMT.2025.CACO04.c2.timex.jpg,c2,1741384800,2025-03-07T22:00:00+00:00,0.0,1.1105153602612938,10.6951871657754
1741386600.Fri.Mar.07_22_30_00.GMT.2025.CACO04.c2.timex.jpg,c2,1741386600,2025-03-07T22:30:00+00:00,30.0,1.1105153602612938,10.6951871657754
1741388400.Fri.Mar.07_23_00_00.GMT.2025.CACO04.c2.timex.jpg,c2,1741388400,2025-03-07T23:00:00+00:00,0.0,1.0471564143648953,11.661807580174926
1741390200.Fri.Mar.07_23_30_00.GMT.2025.CACO04.c2.timex.jpg,c2,1741390200,2025-03-07T23:30:00+00:00,30.0,1.0471564143648953,11.661807580174926
1741392000.Sat.Mar.08_00_00_00.GMT.2025.CACO04.c2.timex.jpg,c2,1741392000,2025-03-08T00:00:00+00:00,0.0,0.9896887945791508,11.661807580174926
1741393800.Sat.Mar.08_00_30_00.GMT.2025.CACO04.c2.timex.jpg,c2,1741393800,2025-03-08T00:30:00+00:00,30.0,0.9896887945791508,11.661807580174926
1741395600.Sat.Mar.08_01_00_00.GMT.2025.CACO04.c2.timex.jpg,c2,1741395600,2025-03-08T01:00:00+00:00,0.0,0.8754624385174695,11.661807580174926
1741397400.Sat.Mar.08_01_30_00.GMT.2025.CACO04.c2.timex.jpg,c2,1741397400,2025-03-08T01:30:00+00:00,30.0,0.8754624385174695,11.661807580174926
1741399200.Sat.Mar.08_02_00_00.GMT.2025.CACO04.c2.timex.jpg,c2,1741399200,2025-03-08T02:00:00+00:00,0.0,0.8316369348525445,11.661807580174926
1741401000.Sat.Mar.08_02_30_00.GMT.2025.CACO04.c2.timex.jpg,c2,1741401000,2025-03-08T02:30:00+00:00,30.0,0.8316369348525445,11.661807580174926
1741402800.Sat.Mar.08_03_00_00.GMT.2025.CACO04.c2.timex.jpg,c2,1741402800,2025-03-08T03:00:00+00:00,0.0,0.8385856071842909,11.661807580174926
1741433400.Sat.Mar.08_11_30_00.GMT.2025.CACO04.c2.timex.jpg,c2,1741433400,2025-03-08T11:30:00+00:00,30.0,0.6553218892360482,9.876543209876544
1741435200.Sat.Mar.08_12_00_00.GMT.2025.CACO04.c2.timex.jpg,c2,1741435200,2025-03-08T12:00:00+00:00,0.0,0.6059224064897564,9.876543209876544
1741437000.Sat.Mar.08_12_30_00.GMT.2025.CACO04.c2.timex.jpg,c2,1741437000,2025-03-08T12:30:00+00:00,30.0,0.6059224064897564,9.876543209876544
1741438800.Sat.Mar.08_13_00_00.GMT.2025.CACO04.c2.timex.jpg,c2,1741438800,2025-03-08T13:00:00+00:00,0.0,0.5548200735521267,10.6951871657754
1741440600.Sat.Mar.08_13_30_00.GMT.2025.CACO04.c2.timex.jpg,c2,1741440600,2025-03-08T13:30:00+00:00,30.0,0.5548200735521267,10.6951871657754
1741442400.Sat.Mar.08_14_00_00.GMT.2025.CACO04.c2.timex.jpg,c2,1741442400,2025-03-08T14:00:00+00:00,0.0,0.5656080098838518,11.661807580174926
1741444200.Sat.Mar.08_14_30_00.GMT.2025.CACO04.c2.timex.jpg,c2,1741444200,2025-03-08T14:30:00+00:00,30.0,0.5656080098838518,11.661807580174926
1741446000.Sat.Mar.08_15_00_00.GMT.2025.CACO04.c2.timex.jpg,c2,1741446000,2025-03-08T15:00:00+00:00,0.0,0.5354515124723801,10.6951871657754
1741447800.Sat.Mar.08_15_30_00.GMT.2025.CACO04.c2.timex.jpg,c2,1741447800,2025-03-08T15:30:00+00:00,30.0,0.5354515124723801,10.6951871657754
1741449600.Sat.Mar.08_16_00_00.GMT.2025.CACO04.c2.timex.jpg,c2,1741449600,2025-03-08T16:00:00+00:00,0.0,0.5103941554136424,9.876543209876544
1741451400.Sat.Mar.08_16_30_00.GMT.2025.CACO04.c2.timex.jpg,c2,1741451400,2025-03-08T16:30:00+00:00,30.0,0.5103941554136424,9.876543209876544
1741453200.Sat.Mar.08_17_00_00.GMT.2025.CACO04.c2.timex.jpg,c2,1741453200,2025-03-08T17:00:00+00:00,0.0,0.5498375650153104,12.82051282051282
1741455000.Sat.Mar.08_17_30_00.GMT.2025.CACO04.c2.timex.jpg,c2,1741455000,2025-03-08T17:30:00+00:00,30.0,0.5498375650153104,12.82051282051282
1741456800.Sat.Mar.08_18_00_00.GMT.2025.CACO04.c2.timex.jpg,c2,1741456800,2025-03-08T18:00:00+00:00,0.0,0.6749977034944128,11.661807580174926
1741458600.Sat.Mar.08_18_30_00.GMT.2025.CACO04.c2.timex.jpg,c2,1741458600,2025-03-08T18:30:00+00:00,30.0,0.6749977034944128,11.661807580174926
1741460400.Sat.Mar.08_19_00_00.GMT.2025.CACO04.c2.timex.jpg,c2,1741460400,2025-03-08T19:00:00+00:00,0.0,0.9172437478687268,4.439511653718091
1741462200.Sat.Mar.08_19_30_00.GMT.2025.CACO04.c2.timex.jpg,c2,1741462200,2025-03-08T19:30:00+00:00,30.0,0.9172437478687268,4.439511653718091
1741464000.Sat.Mar.08_20_00_00.GMT.2025.CACO04.c2.timex.jpg,c2,1741464000,2025-03-08T20:00:00+00:00,0.0,0.9339327687066088,5.148005148005149
1741465800.Sat.Mar.08_20_30_00.GMT.2025.CACO04.c2.timex.jpg,c2,1741465800,2025-03-08T20:30:00+00:00,30.0,0.9339327687066088,5.148005148005149
1741467600.Sat.Mar.08_21_00_00.GMT.2025.CACO04.c2.timex.jpg,c2,1741467600,2025-03-08T21:00:00+00:00,0.0,0.9964557579420116,4.950495049504951
1741469400.Sat.Mar.08_21_30_00.GMT.2025.CACO04.c2.timex.jpg,c2,1741469400,2025-03-08T21:30:00+00:00,30.0,0.9964557579420116,4.950495049504951
1741471200.Sat.Mar.08_22_00_00.GMT.2025.CACO04.c2.timex.jpg,c2,1741471200,2025-03-08T22:00:00+00:00,0.0,0.8906360075069942,6.768189509306261
1741473000.Sat.Mar.08_22_30_00.GMT.2025.CACO04.c2.timex.jpg,c2,1741473000,2025-03-08T22:30:00+00:00,30.0,0.8906360075069942,6.768189509306261
1741474800.Sat.Mar.08_23_00_00.GMT.2025.CACO04.c2.timex.jpg,c2,1741474800,2025-03-08T23:00:00+00:00,0.0,0.8087772667858575,4.439511653718091
1741476600.Sat.Mar.08_23_30_00.GMT.2025.CACO04.c2.timex.jpg,c2,1741476600,2025-03-08T23:30:00+00:00,30.0,0.8087772667858575,4.439511653718091
1741478400.Sun.Mar.09_00_00_00.GMT.2025.CACO04.c2.timex.jpg,c2,1741478400,2025-03-09T00:00:00+00:00,0.0,1.1562295353909997,6.768189509306261
1741480200.Sun.Mar.09_00_30_00.GMT.2025.CACO04.c2.timex.jpg,c2,1741480200,2025-03-09T00:30:00+00:00,30.0,1.1562295353909997,6.768189509306261
1741482000.Sun.Mar.09_01_00_00.GMT.2025.CACO04.c2.timex.jpg,c2,1741482000,2025-03-09T01:00:00+00:00,0.0,1.4738597416393169,7.142857142857142
1741483800.Sun.Mar.09_01_30_00.GMT.2025.CACO04.c2.timex.jpg,c2,1741483800,2025-03-09T01:30:00+00:00,30.0,1.4738597416393169,7.142857142857142
1741485600.Sun.Mar.09_02_00_00.GMT.2025.CACO04.c2.timex.jpg,c2,1741485600,2025-03-09T02:00:00+00:00,0.0,1.351565961742877,7.142857142857142
1741487400.Sun.Mar.09_02_30_00.GMT.2025.CACO04.c2.timex.jpg,c2,1741487400,2025-03-09T02:30:00+00:00,30.0,1.351565961742877,7.142857142857142
1741489200.Sun.Mar.09_03_00_00.GMT.2025.CACO04.c2.timex.jpg,c2,1741489200,2025-03-09T03:00:00+00:00,0.0,1.2645922016347682,6.768189509306261
1741516200.Sun.Mar.09_10_30_00.GMT.2025.CACO04.c2.timex.jpg,c2,1741516200,2025-03-09T10:30:00+00:00,30.0,0.9871411480876958,6.430868167202571
1741518000.Sun.Mar.09_11_00_00.GMT.2025.CACO04.c2.timex.jpg,c2,1741518000,2025-03-09T11:00:00+00:00,0.0,0.947245308614564,5.847953216374269
1741519800.Sun.Mar.09_11_30_00.GMT.2025.CACO04.c2.timex.jpg,c2,1741519800,2025-03-09T11:30:00+00:00,30.0,0.947245308614564,5.847953216374269
1741521600.Sun.Mar.09_12_00_00.GMT.2025.CACO04.c2.timex.jpg,c2,1741521600,2025-03-09T12:00:00+00:00,0.0,0.8246796993635644,5.594405594405594
1741523400.Sun.Mar.09_12_30_00.GMT.2025.CACO04.c2.timex.jpg,c2,1741523400,2025-03-09T12:30:00+00:00,30.0,0.8246796993635644,5.594405594405594
1741525200.Sun.Mar.09_13_00_00.GMT.2025.CACO04.c2.timex.jpg,c2,1741525200,2025-03-09T13:00:00+00:00,0.0,0.7082721750389818,5.594405594405594
1741527000.Sun.Mar.09_13_30_00.GMT.2025.CACO04.c2.timex.jpg,c2,1741527000,2025-03-09T13:30:00+00:00,30.0,0.7082721750389818,5.594405594405594
1741528800.Sun.Mar.09_14_00_00.GMT.2025.CACO04.c2.timex.jpg,c2,1741528800,2025-03-09T14:00:00+00:00,0.0,0.610326636487454,5.361930294906166
1741530600.Sun.Mar.09_14_30_00.GMT.2025.CACO04.c2.timex.jpg,c2,1741530600,2025-03-09T14:30:00+00:00,30.0,0.610326636487454,5.361930294906166
1741532400.Sun.Mar.09_15_00_00.GMT.2025.CACO04.c2.timex.jpg,c2,1741532400,2025-03-09T15:00:00+00:00,0.0,0.5845960161666517,4.950495049504951
1741534200.Sun.Mar.09_15_30_00.GMT.2025.CACO04.c2.timex.jpg,c2,1741534200,2025-03-09T15:30:00+00:00,30.0,0.5845960161666517,4.950495049504951
1741536000.Sun.Mar.09_16_00_00.GMT.2025.CACO04.c2.timex.jpg,c2,1741536000,2025-03-09T16:00:00+00:00,0.0,0.4896959307033178,4.767580452920143
1741537800.Sun.Mar.09_16_30_00.GMT.2025.CACO04.c2.timex.jpg,c2,1741537800,2025-03-09T16:30:00+00:00,30.0,0.4896959307033178,4.767580452920143
1741539600.Sun.Mar.09_17_00_00.GMT.2025.CACO04.c2.timex.jpg,c2,1741539600,2025-03-09T17:00:00+00:00,0.0,0.4692491402448616,5.148005148005149
1741541400.Sun.Mar.09_17_30_00.GMT.2025.CACO04.c2.timex.jpg,c2,1741541400,2025-03-09T17:30:00+00:00,30.0,0.4692491402448616,5.148005148005149
1741543200.Sun.Mar.09_18_00_00.GMT.2025.CACO04.c2.timex.jpg,c2,1741543200,2025-03-09T18:00:00+00:00,0.0,0.4377720246612206,4.767580452920143
1741545000.Sun.Mar.09_18_30_00.GMT.2025.CACO04.c2.timex.jpg,c2,1741545000,2025-03-09T18:30:00+00:00,30.0,0.4377720246612206,4.767580452920143
1741546800.Sun.Mar.09_19_00_00.GMT.2025.CACO04.c2.timex.jpg,c2,1741546800,2025-03-09T19:00:00+00:00,0.0,0.4206612467514196,11.661807580174926
1741548600.Sun.Mar.09_19_30_00.GMT.2025.CACO04.c2.timex.jpg,c2,1741548600,2025-03-09T19:30:00+00:00,30.0,0.4206612467514196,11.661807580174926
1741550400.Sun.Mar.09_20_00_00.GMT.2025.CACO04.c2.timex.jpg,c2,1741550400,2025-03-09T20:00:00+00:00,0.0,0.4373136778794017,9.876543209876544
1741552200.Sun.Mar.09_20_30_00.GMT.2025.CACO04.c2.timex.jpg,c2,1741552200,2025-03-09T20:30:00+00:00,30.0,0.4373136778794017,9.876543209876544
1741554000.Sun.Mar.09_21_00_00.GMT.2025.CACO04.c2.timex.jpg,c2,1741554000,2025-03-09T21:00:00+00:00,0.0,0.4433565578833269,4.291845493562232
1741555800.Sun.Mar.09_21_30_00.GMT.2025.CACO04.c2.timex.jpg,c2,1741555800,2025-03-09T21:30:00+00:00,30.0,0.4433565578833269,4.291845493562232
1741557600.Sun.Mar.09_22_00_00.GMT.2025.CACO04.c2.timex.jpg,c2,1741557600,2025-03-09T22:00:00+00:00,0.0,0.4456878769442021,4.024144869215292
1741559400.Sun.Mar.09_22_30_00.GMT.2025.CACO04.c2.timex.jpg,c2,1741559400,2025-03-09T22:30:00+00:00,30.0,0.4456878769442021,4.024144869215292
1741561200.Sun.Mar.09_23_00_00.GMT.2025.CACO04.c2.timex.jpg,c2,1741561200,2025-03-09T23:00:00+00:00,0.0,0.4803188893195246,11.661807580174926
1741563000.Sun.Mar.09_23_30_00.GMT.2025.CACO04.c2.timex.jpg,c2,1741563000,2025-03-09T23:30:00+00:00,30.0,0.4803188893195246,11.661807580174926
1741564800.Mon.Mar.10_00_00_00.GMT.2025.CACO04.c2.timex.jpg,c2,1741564800,2025-03-10T00:00:00+00:00,0.0,0.3439804272040848,10.6951871657754
1741566600.Mon.Mar.10_00_30_00.GMT.2025.CACO04.c2.timex.jpg,c2,1741566600,2025-03-10T00:30:00+00:00,30.0,0.3439804272040848,10.6951871657754
1741568400.Mon.Mar.10_01_00_00.GMT.2025.CACO04.c2.timex.jpg,c2,1741568400,2025-03-10T01:00:00+00:00,0.0,0.3863393030243234,5.594405594405594
1741570200.Mon.Mar.10_01_30_00.GMT.2025.CACO04.c2.timex.jpg,c2,1741570200,2025-03-10T01:30:00+00:00,30.0,0.3863393030243234,5.594405594405594
1741572000.Mon.Mar.10_02_00_00.GMT.2025.CACO04.c2.timex.jpg,c2,1741572000,2025-03-10T02:00:00+00:00,0.0,0.3543378549806657,9.174311926605505
1741602600.Mon.Mar.10_10_30_00.GMT.2025.CACO04.c2.timex.jpg,c2,1741602600,2025-03-10T10:30:00+00:00,30.0,0.4622844737621041,10.6951871657754
1741604400.Mon.Mar.10_11_00_00.GMT.2025.CACO04.c2.timex.jpg,c2,1741604400,2025-03-10T11:00:00+00:00,0.0,0.487296749085456,10.6951871657754
1741606200.Mon.Mar.10_11_30_00.GMT.2025.CACO04.c2.timex.jpg,c2,1741606200,2025-03-10T11:30:00+00:00,30.0,0.487296749085456,10.6951871657754
1741608000.Mon.Mar.10_12_00_00.GMT.2025.CACO04.c2.timex.jpg,c2,1741608000,2025-03-10T12:00:00+00:00,0.0,0.4620333533361208,9.876543209876544
1741609800.Mon.Mar.10_12_30_00.GMT.2025.CACO04.c2.timex.jpg,c2,1741609800,2025-03-10T12:30:00+00:00,30.0,0.4620333533361208,9.876543209876544
1741611600.Mon.Mar.10_13_00_00.GMT.2025.CACO04.c2.timex.jpg,c2,1741611600,2025-03-10T13:00:00+00:00,0.0,0.4636882534125244,9.174311926605505
1741613400.Mon.Mar.10_13_30_00.GMT.2025.CACO04.c2.timex.jpg,c2,1741613400,2025-03-10T13:30:00+00:00,30.0,0.4636882534125244,9.174311926605505
1741615200.Mon.Mar.10_14_00_00.GMT.2025.CACO04.c2.timex.jpg,c2,1741615200,2025-03-10T14:00:00+00:00,0.0,0.4251860261039993,7.561436672967865
1741617000.Mon.Mar.10_14_30_00.GMT.2025.CACO04.c2.timex.jpg,c2,1741617000,2025-03-10T14:30:00+00:00,30.0,0.4251860261039993,7.561436672967865
1741618800.Mon.Mar.10_15_00_00.GMT.2025.CACO04.c2.timex.jpg,c2,1741618800,2025-03-10T15:00:00+00:00,0.0,0.4385093873829966,11.661807580174926
