filename,camera,epoch,time_utc,gap_minutes,wave_height_m,wave_period_s,brightness,sharpness,saturation,label_method
1734714000.Fri.Dec.20_17_00_00.GMT.2024.CACO03.c2.bright.jpg,c2,1734714000,2024-12-20T17:00:00+00:00,0.0,1.7191925941366626,5.361930294906166,151.87380961499184,26.399750702933872,0.0215906587354042,adcp linear at epoch+300s
1734715800.Fri.Dec.20_17_30_00.GMT.2024.CACO03.c2.bright.jpg,c2,1734715800,2024-12-20T17:30:00+00:00,30.0,1.8001719014555881,5.594405594405594,144.79436976613562,22.232606591762387,0.0,adcp linear at epoch+300s
1734717600.Fri.Dec.20_18_00_00.GMT.2024.CACO03.c2.bright.jpg,c2,1734717600,2024-12-20T18:00:00+00:00,0.0,1.862394450214741,5.594405594405594,157.7010186887255,11.079451338046788,0.0047550855548211,adcp linear at epoch+300s
1734719400.Fri.Dec.20_18_30_00.GMT.2024.CACO03.c2.bright.jpg,c2,1734719400,2024-12-20T18:30:00+00:00,30.0,1.8308332061750288,5.847953216374269,180.28496476715685,5.450651584112984,0.3447957210349808,adcp linear at epoch+300s
1734721200.Fri.Dec.20_19_00_00.GMT.2024.CACO03.c2.bright.jpg,c2,1734721200,2024-12-20T19:00:00+00:00,0.0,1.8213020414597414,5.847953216374269,162.17378663705065,22.976489097418483,0.0608553034197449,adcp linear at epoch+300s
1734723000.Fri.Dec.20_19_30_00.GMT.2024.CACO03.c2.bright.jpg,c2,1734723000,2024-12-20T19:30:00+00:00,30.0,1.9219212733665787,5.847953216374269,155.49278428819446,10.784182871455918,0.0116949401483439,adcp linear at epoch+300s
1734724800.Fri.Dec.20_20_00_00.GMT.2024.CACO03.c2.bright.jpg,c2,1734724800,2024-12-20T20:00:00+00:00,0.0,1.987704729502831,5.847953216374269,151.93927440767973,6.056793752446466,0.0,adcp linear at epoch+300s
1734726600.Fri.Dec.20_20_30_00.GMT.2024.CACO03.c2.bright.jpg,c2,1734726600,2024-12-20T20:30:00+00:00,30.0,1.8793093067861573,6.125574272588055,79.15162888071896,6.8746902612870056,0.0,adcp linear at epoch+300s
1734728400.Fri.Dec.20_21_00_00.GMT.2024.CACO03.c2.bright.jpg,c2,1734728400,2024-12-20T21:00:00+00:00,0.0,1.8283341178987034,6.125574272588055,16.105242161968953,1.5957860994320658,0.0,adcp linear at epoch+300s
1734730200.Fri.Dec.20_21_30_00.GMT.2024.CACO03.c2.bright.jpg,c2,1734730200,2024-12-20T21:30:00+00:00,30.0,2.064460098157348,6.430868167202571,1.5110134548611112,0.2885135824756001,0.0,adcp linear at epoch+300s
1734732000.Fri.Dec.20_22_00_00.GMT.2024.CACO03.c2.bright.jpg,c2,1734732000,2024-12-20T22:00:00+00:00,0.0,2.268748209013279,6.430868167202571,1.000003191380719,6.382761437908497e-05,0.0,adcp linear at epoch+300s
1734733800.Fri.Dec.20_22_30_00.GMT.2024.CACO03.c2.bright.jpg,c2,1734733800,2024-12-20T22:30:00+00:00,30.0,2.3138469728556434,6.430868167202571,1.0000063827614378,0.0001276552287581,0.0,adcp linear at epoch+300s
1734735600.Fri.Dec.20_23_00_00.GMT.2024.CACO03.c2.bright.jpg,c2,1734735600,2024-12-20T23:00:00+00:00,0.0,2.34346188417813,6.430868167202571,1.000003191380719,6.382761437908497e-05,0.0,adcp linear at epoch+300s
1734737400.Fri.Dec.20_23_30_00.GMT.2024.CACO03.c2.bright.jpg,c2,1734737400,2024-12-20T23:30:00+00:00,30.0,2.295657532901228,6.768189509306261,1.0000319138071896,0.0006638071895424,0.0,adcp linear at epoch+300s
1734739200.Sat.Dec.21_00_00_00.GMT.2024.CACO03.c2.bright.jpg,c2,1734739200,2024-12-21T00:00:00+00:00,0.0,2.2625204338081413,6.768189509306261,1.0000095741421569,0.0001404207516339,0.0,adcp linear at epoch+300s
1734741000.Sat.Dec.21_00_30_00.GMT.2024.CACO03.c2.bright.jpg,c2,1734741000,2024-12-21T00:30:00+00:00,30.0,2.3027195956341315,6.430868167202571,1.0000351051879084,0.000970179738562,0.0,adcp linear at epoch+300s
1734742800.Sat.Dec.21_01_00_00.GMT.2024.CACO03.c2.bright.jpg,c2,1734742800,2024-12-21T01:00:00+00:00,0.0,2.40559959043235,6.430868167202571,1.000003191380719,6.382761437908497e-05,0.0,adcp linear at epoch+300s
1734744600.Sat.Dec.21_01_30_00.GMT.2024.CACO03.c2.bright.jpg,c2,1734744600,2024-12-21T01:30:00+00:00,30.0,2.821883750091712,7.561436672967865,1.000003191380719,6.382761437908497e-05,0.0,adcp linear at epoch+300s
1734746400.Sat.Dec.21_02_00_00.GMT.2024.CACO03.c2.bright.jpg,c2,1734746400,2024-12-21T02:00:00+00:00,0.0,3.2012587341903544,7.561436672967865,1.000003191380719,6.382761437908497e-05,0.0,adcp linear at epoch+300s
1734748200.Sat.Dec.21_02_30_00.GMT.2024.CACO03.c2.bright.jpg,c2,1734748200,2024-12-21T02:30:00+00:00,30.0,3.3960878404853982,8.032128514056225,1.0000925500408495,0.0061785130718954,0.0,adcp linear at epoch+300s
1734750000.Sat.Dec.21_03_00_00.GMT.2024.CACO03.c2.bright.jpg,c2,1734750000,2024-12-21T03:00:00+00:00,0.0,3.5228995963848377,8.032128514056225,1.0000319138071896,0.0026169321895424,0.0,adcp linear at epoch+300s
1734780600.Sat.Dec.21_11_30_00.GMT.2024.CACO03.c2.bright.jpg,c2,1734780600,2024-12-21T11:30:00+00:00,30.0,2.570145926446144,8.032128514056225,2.249789368872549,0.4327161149144699,0.0,adcp linear at epoch+300s
1734782400.Sat.Dec.21_12_00_00.GMT.2024.CACO03.c2.bright.jpg,c2,1734782400,2024-12-21T12:00:00+00:00,0.0,2.526045305894321,8.032128514056225,56.942934921364376,2.4448529371025063,0.0,adcp linear at epoch+300s
1734784200.Sat.Dec.21_12_30_00.GMT.2024.CACO03.c2.bright.jpg,c2,1734784200,2024-12-21T12:30:00+00:00,30.0,2.5714640183752246,8.565310492505352,181.6084941789216,3.32851410058772,0.422180607573866,adcp linear at epoch+300s
1734786000.Sat.Dec.21_13_00_00.GMT.2024.CACO03.c2.bright.jpg,c2,1734786000,2024-12-21T13:00:00+00:00,0.0,2.594884897774468,8.565310492505352,181.38883463541663,3.648651163368936,0.3524087537636777,adcp linear at epoch+300s
1734787800.Sat.Dec.21_13_30_00.GMT.2024.CACO03.c2.bright.jpg,c2,1734787800,2024-12-21T13:30:00+00:00,30.0,2.508316611765408,9.174311926605505,200.4380361519608,3.6989085133670816,0.4574490220557636,adcp linear at epoch+300s
1734789600.Sat.Dec.21_14_00_00.GMT.2024.CACO03.c2.bright.jpg,c2,1734789600,2024-12-21T14:00:00+00:00,0.0,2.4206599813889054,9.174311926605505,175.71749578737746,4.035561485187454,0.2277973611417101,adcp linear at epoch+300s
1734791400.Sat.Dec.21_14_30_00.GMT.2024.CACO03.c2.bright.jpg,c2,1734791400,2024-12-21T14:30:00+00:00,30.0,2.327561629175193,9.174311926605505,178.8765956903595,3.854609637111941,0.2520011750018359,adcp linear at epoch+300s
1734793200.Sat.Dec.21_15_00_00.GMT.2024.CACO03.c2.bright.jpg,c2,1734793200,2024-12-21T15:00:00+00:00,0.0,2.279489038364239,9.174311926605505,158.85338796977123,4.178518877742769,0.0457822329930723,adcp linear at epoch+300s
1734795000.Sat.Dec.21_15_30_00.GMT.2024.CACO03.c2.bright.jpg,c2,1734795000,2024-12-21T15:30:00+00:00,30.0,2.4565452545670796,9.876543209876544,193.68624897875816,81.46567239398362,0.5456965557758684,adcp linear at epoch+300s
1734796800.Sat.Dec.21_16_00_00.GMT.2024.CACO03.c2.bright.jpg,c2,1734796800,2024-12-21T16:00:00+00:00,0.0,2.5984761320732703,9.876543209876544,145.99007799734477,71.10126889232204,0.0008812513769552,adcp linear at epoch+300s
1734798600.Sat.Dec.21_16_30_00.GMT.2024.CACO03.c2.bright.jpg,c2,1734798600,2024-12-21T16:30:00+00:00,30.0,2.5647803160962117,9.876543209876544,181.60087635314545,85.67585142843595,0.5099018383882892,adcp linear at epoch+300s
1734800400.Sat.Dec.21_17_00_00.GMT.2024.CACO03.c2.bright.jpg,c2,1734800400,2024-12-21T17:00:00+00:00,0.0,2.5213934967374,9.876543209876544,180.85051253574343,74.50806129533298,0.4533120364250569,adcp linear at epoch+300s
1734802200.Sat.Dec.21_17_30_00.GMT.2024.CACO03.c2.bright.jpg,c2,1734802200,2024-12-21T17:30:00+00:00,30.0,2.429551660469823,9.174311926605505,175.31216809640523,70.08767141834053,0.3437553548260753,adcp linear at epoch+300s
1734804000.Sat.Dec.21_18_00_00.GMT.2024.CACO03.c2.bright.jpg,c2,1734804000,2024-12-21T18:00:00+00:00,0.0,2.3648193072899044,9.174311926605505,175.1317689185049,72.0865064397861,0.2497980465594477,adcp linear at epoch+300s
1734805800.Sat.Dec.21_18_30_00.GMT.2024.CACO03.c2.bright.jpg,c2,1734805800,2024-12-21T18:30:00+00:00,30.0,2.4356343695482825,9.876543209876544,159.78733915441177,62.66528796049688,6.119801228856087e-06,adcp linear at epoch+300s
1734807600.Sat.Dec.21_19_00_00.GMT.2024.CACO03.c2.bright.jpg,c2,1734807600,2024-12-21T19:00:00+00:00,0.0,2.493131940421598,9.876543209876544,176.44208920547385,72.73434577108812,0.1964639788499669,adcp linear at epoch+300s
1734809400.Sat.Dec.21_19_30_00.GMT.2024.CACO03.c2.bright.jpg,c2,1734809400,2024-12-21T19:30:00+00:00,30.0,2.484042054369601,9.876543209876544,178.08775020424838,77.68820207621819,0.0002570316516119,adcp linear at epoch+300s
1734811200.Sat.Dec.21_20_00_00.GMT.2024.CACO03.c2.bright.jpg,c2,1734811200,2024-12-21T20:00:00+00:00,0.0,2.45977705870183,9.876543209876544,173.01757174223857,93.3253751620157,0.1837347922939463,adcp linear at epoch+300s
1734813000.Sat.Dec.21_20_30_00.GMT.2024.CACO03.c2.bright.jpg,c2,1734813000,2024-12-21T20:30:00+00:00,30.0,2.3596365149551883,9.876543209876544,144.0051700367647,51.8108529600901,0.0,adcp linear at epoch+300s
1734814800.Sat.Dec.21_21_00_00.GMT.2024.CACO03.c2.bright.jpg,c2,1734814800,2024-12-21T21:00:00+00:00,0.0,2.2914657850230853,9.876543209876544,148.02923943014707,54.71355102072309,0.0,adcp linear at epoch+300s
1734816600.Sat.Dec.21_21_30_00.GMT.2024.CACO03.c2.bright.jpg,c2,1734816600,2024-12-21T21:30:00+00:00,30.0,2.3831441241636737,9.876543209876544,5.869612949346405,1.1117078990509328,0.0,adcp linear at epoch+300s
1734818400.Sat.Dec.21_22_00_00.GMT.2024.CACO03.c2.bright.jpg,c2,1734818400,2024-12-21T22:00:00+00:00,0.0,2.424870980045662,9.876543209876544,1.0000765931372548,0.0023424734477124,0.0,adcp linear at epoch+300s
1734820200.Sat.Dec.21_22_30_00.GMT.2024.CACO03.c2.bright.jpg,c2,1734820200,2024-12-21T22:30:00+00:00,30.0,2.2168404196346483,9.876543209876544,1.0000446793300657,0.0022084354575163,0.0,adcp linear at epoch+300s
1734822000.Sat.Dec.21_23_00_00.GMT.2024.CACO03.c2.bright.jpg,c2,1734822000,2024-12-21T23:00:00+00:00,0.0,2.0401286646886914,9.876543209876544,1.000012765522876,0.0003319035947712,0.0,adcp linear at epoch+300s
1734823800.Sat.Dec.21_23_30_00.GMT.2024.CACO03.c2.bright.jpg,c2,1734823800,2024-12-21T23:30:00+00:00,30.0,2.0200109370680166,9.876543209876544,1.0,0.0,0.0,adcp linear at epoch+300s
1734825600.Sun.Dec.22_00_00_00.GMT.2024.CACO03.c2.bright.jpg,c2,1734825600,2024-12-22T00:00:00+00:00,0.0,1.989583603971686,9.876543209876544,1.0000063827614378,0.0002553104575163,0.0,adcp linear at epoch+300s
1734827400.Sun.Dec.22_00_30_00.GMT.2024.CACO03.c2.bright.jpg,c2,1734827400,2024-12-22T00:30:00+00:00,30.0,1.9076082434970785,9.876543209876544,1.0000510620915033,0.0015956903594771,0.0,adcp linear at epoch+300s
1734829200.Sun.Dec.22_01_00_00.GMT.2024.CACO03.c2.bright.jpg,c2,1734829200,2024-12-22T01:00:00+00:00,0.0,1.8420504534619422,9.876543209876544,1.0000255310457515,0.0011999591503267,0.0,adcp linear at epoch+300s
1734831000.Sun.Dec.22_01_30_00.GMT.2024.CACO03.c2.bright.jpg,c2,1734831000,2024-12-22T01:30:00+00:00,30.0,1.8585805156241628,9.174311926605505,1.000070210375817,0.0032424428104575,0.0,adcp linear at epoch+300s
1734832800.Sun.Dec.22_02_00_00.GMT.2024.CACO03.c2.bright.jpg,c2,1734832800,2024-12-22T02:00:00+00:00,0.0,1.8616194123292316,9.174311926605505,1.0000255310457515,0.0004340277777777,0.0,adcp linear at epoch+300s
1734834600.Sun.Dec.22_02_30_00.GMT.2024.CACO03.c2.bright.jpg,c2,1734834600,2024-12-22T02:30:00+00:00,30.0,1.7972024817485392,9.876543209876544,1.000003191380719,6.382761437908497e-05,0.0,adcp linear at epoch+300s
1734836400.Sun.Dec.22_03_00_00.GMT.2024.CACO03.c2.bright.jpg,c2,1734836400,2024-12-22T03:00:00+00:00,0.0,1.7416322781861233,9.876543209876544,1.0000095741421569,0.0001404207516339,0.0,adcp linear at epoch+300s
1734867000.Sun.Dec.22_11_30_00.GMT.2024.CACO03.c2.bright.jpg,c2,1734867000,2024-12-22T11:30:00+00:00,30.0,1.4720396493245276,6.430868167202571,3.945168887867647,1.489548219579915,0.0,adcp linear at epoch+300s
1734868800.Sun.Dec.22_12_00_00.GMT.2024.CACO03.c2.bright.jpg,c2,1734868800,2024-12-22T12:00:00+00:00,0.0,1.4328302528754429,6.430868167202571,96.05570555044936,67.48049845209268,0.0,adcp linear at epoch+300s
1734870600.Sun.Dec.22_12_30_00.GMT.2024.CACO03.c2.bright.jpg,c2,1734870600,2024-12-22T12:30:00+00:00,30.0,1.3037224577561017,6.125574272588055,231.35543364481208,192.4076798602005,0.4830175515899244,adcp linear at epoch+300s
1734872400.Sun.Dec.22_13_00_00.GMT.2024.CACO03.c2.bright.jpg,c2,1734872400,2024-12-22T13:00:00+00:00,0.0,1.2007352840883136,6.125574272588055,232.8143446180556,144.58869623913813,0.4948348877628454,adcp linear at epoch+300s
1734874200.Sun.Dec.22_13_30_00.GMT.2024.CACO03.c2.bright.jpg,c2,1734874200,2024-12-22T13:30:00+00:00,30.0,1.2283512176782916,6.430868167202571,195.98217294730392,239.4927956968326,0.3030158380455803,adcp linear at epoch+300s
1734876000.Sun.Dec.22_14_00_00.GMT.2024.CACO03.c2.bright.jpg,c2,1734876000,2024-12-22T14:00:00+00:00,0.0,1.2429172090851117,6.430868167202571,172.2596475439134,188.63241319934625,0.0282245232674842,adcp linear at epoch+300s
1734877800.Sun.Dec.22_14_30_00.GMT.2024.CACO03.c2.bright.jpg,c2,1734877800,2024-12-22T14:30:00+00:00,30.0,1.1922334895761437,5.847953216374269,192.5071486928105,179.1790698929412,0.0,adcp linear at epoch+300s
1734879600.Sun.Dec.22_15_00_00.GMT.2024.CACO03.c2.bright.jpg,c2,1734879600,2024-12-22T15:00:00+00:00,0.0,1.1519908493153956,5.847953216374269,164.07698886846404,82.08087915706894,0.0,adcp linear at epoch+300s
1734881400.Sun.Dec.22_15_30_00.GMT.2024.CACO03.c2.bright.jpg,c2,1734881400,2024-12-22T15:30:00+00:00,30.0,1.1639536052957475,6.430868167202571,175.89788858251634,89.3611937346526,0.0,adcp linear at epoch+300s
1734883200.Sun.Dec.22_16_00_00.GMT.2024.CACO03.c2.bright.jpg,c2,1734883200,2024-12-22T16:00:00+00:00,0.0,1.1883501489554238,6.430868167202571,186.38320503982845,144.36173266011747,0.0,adcp linear at epoch+300s
1734885000.Sun.Dec.22_16_30_00.GMT.2024.CACO03.c2.bright.jpg,c2,1734885000,2024-12-22T16:30:00+00:00,30.0,1.2749156310117211,5.847953216374269,184.7639750561683,123.31017658097242,0.0,adcp linear at epoch+300s
1734886800.Sun.Dec.22_17_00_00.GMT.2024.CACO03.c2.bright.jpg,c2,1734886800,2024-12-22T17:00:00+00:00,0.0,1.3439793760353613,5.847953216374269,176.74767348345588,132.39726610413686,7.343761474627305e-05,adcp linear at epoch+300s
1734888600.Sun.Dec.22_17_30_00.GMT.2024.CACO03.c2.bright.jpg,c2,1734888600,2024-12-22T17:30:00+00:00,30.0,1.3255344358957148,6.125574272588055,160.64432061887254,167.76276183405383,1.2239602457712174e-05,adcp linear at epoch+300s
1734890400.Sun.Dec.22_18_00_00.GMT.2024.CACO03.c2.bright.jpg,c2,1734890400,2024-12-22T18:00:00+00:00,0.0,1.3259109290260196,6.125574272588055,229.99172474979576,147.68200360931695,0.6068578492570561,adcp linear at epoch+300s
1734892200.Sun.Dec.22_18_30_00.GMT.2024.CACO03.c2.bright.jpg,c2,1734892200,2024-12-22T18:30:00+00:00,30.0,1.4203945885060807,6.430868167202571,154.68348843443627,92.0202300132602,0.0,adcp linear at epoch+300s
1734894000.Sun.Dec.22_19_00_00.GMT.2024.CACO03.c2.bright.jpg,c2,1734894000,2024-12-22T19:00:00+00:00,0.0,1.5014312342404241,6.430868167202571,165.66208065257354,140.22713632211665,0.0060953220239406,adcp linear at epoch+300s
1734895800.Sun.Dec.22_19_30_00.GMT.2024.CACO03.c2.bright.jpg,c2,1734895800,2024-12-22T19:30:00+00:00,30.0,1.5152328112461795,6.430868167202571,189.88718150020424,160.30726167510863,0.0008261731658955,adcp linear at epoch+300s
1734897600.Sun.Dec.22_20_00_00.GMT.2024.CACO03.c2.bright.jpg,c2,1734897600,2024-12-22T20:00:00+00:00,0.0,1.5084148087561589,6.430868167202571,152.47094247855392,134.35076622475296,0.0,adcp linear at epoch+300s
1734899400.Sun.Dec.22_20_30_00.GMT.2024.CACO03.c2.bright.jpg,c2,1734899400,2024-12-22T20:30:00+00:00,30.0,1.3984989087872597,6.125574272588055,147.84591375612746,132.01347294022423,0.0,adcp linear at epoch+300s
1734901200.Sun.Dec.22_21_00_00.GMT.2024.CACO03.c2.bright.jpg,c2,1734901200,2024-12-22T21:00:00+00:00,0.0,1.3094706956039655,6.125574272588055,138.68668300653596,119.96790353611942,0.0,adcp linear at epoch+300s
1734903000.Sun.Dec.22_21_30_00.GMT.2024.CACO03.c2.bright.jpg,c2,1734903000,2024-12-22T21:30:00+00:00,30.0,1.3248809163486952,5.847953216374269,11.204701542075163,2.4118093848457614,0.0,adcp linear at epoch+300s
1734904800.Sun.Dec.22_22_00_00.GMT.2024.CACO03.c2.bright.jpg,c2,1734904800,2024-12-22T22:00:00+00:00,0.0,1.349184696463213,5.847953216374269,1.0001212724673203,0.0084763071895424,0.0,adcp linear at epoch+300s
1734906600.Sun.Dec.22_22_30_00.GMT.2024.CACO03.c2.bright.jpg,c2,1734906600,2024-12-22T22:30:00+00:00,30.0,1.417956273426672,6.125574272588055,1.0000287224264706,0.0004084967320261,0.0,adcp linear at epoch+300s
1734908400.Sun.Dec.22_23_00_00.GMT.2024.CACO03.c2.bright.jpg,c2,1734908400,2024-12-22T23:00:00+00:00,0.0,1.4666325947891,6.125574272588055,1.009344362745098,1.8563878676470589,0.0,adcp linear at epoch+300s
1734910200.Sun.Dec.22_23_30_00.GMT.2024.CACO03.c2.bright.jpg,c2,1734910200,2024-12-22T23:30:00+00:00,30.0,1.4148326381463723,5.847953216374269,1.0317861519607845,8.117161968954248,0.0,adcp linear at epoch+300s
1734912000.Mon.Dec.23_00_00_00.GMT.2024.CACO03.c2.bright.jpg,c2,1734912000,2024-12-23T00:00:00+00:00,0.0,1.3904654010714785,5.847953216374269,1.0000319138071896,0.0009574142156862,0.0,adcp linear at epoch+300s
1734913800.Mon.Dec.23_00_30_00.GMT.2024.CACO03.c2.bright.jpg,c2,1734913800,2024-12-23T00:30:00+00:00,30.0,1.5032617618357529,5.847953216374269,1.000012765522876,0.0001531862745098,0.0,adcp linear at epoch+300s
1734915600.Mon.Dec.23_01_00_00.GMT.2024.CACO03.c2.bright.jpg,c2,1734915600,2024-12-23T01:00:00+00:00,0.0,1.5871623292068189,5.847953216374269,1.000143612132353,0.0220077614379085,0.0,adcp linear at epoch+300s
1734917400.Mon.Dec.23_01_30_00.GMT.2024.CACO03.c2.bright.jpg,c2,1734917400,2024-12-23T01:30:00+00:00,30.0,1.526583929611844,5.361930294906166,1.000015956903595,0.0003574346405228,0.0,adcp linear at epoch+300s
1734919200.Mon.Dec.23_02_00_00.GMT.2024.CACO03.c2.bright.jpg,c2,1734919200,2024-12-23T02:00:00+00:00,0.0,1.4620481478608303,5.361930294906166,1.0000223396650327,0.0020552491830065,0.0,adcp linear at epoch+300s
1734921000.Mon.Dec.23_02_30_00.GMT.2024.CACO03.c2.bright.jpg,c2,1734921000,2024-12-23T02:30:00+00:00,30.0,1.3777254553296219,6.125574272588055,1.0000351051879084,0.0022339665032679,0.0,adcp linear at epoch+300s
1734922800.Mon.Dec.23_03_00_00.GMT.2024.CACO03.c2.bright.jpg,c2,1734922800,2024-12-23T03:00:00+00:00,0.0,1.3046208537138702,6.125574272588055,1.000003191380719,6.382761437908497e-05,0.0,adcp linear at epoch+300s
1734953400.Mon.Dec.23_11_30_00.GMT.2024.CACO03.c2.bright.jpg,c2,1734953400,2024-12-23T11:30:00+00:00,30.0,1.275476730929666,6.125574272588055,2.58795126123366,0.8985747087464705,0.0,adcp linear at epoch+300s
1734955200.Mon.Dec.23_12_00_00.GMT.2024.CACO03.c2.bright.jpg,c2,1734955200,2024-12-23T12:00:00+00:00,0.0,1.1681264157274347,6.125574272588055,80.13160934946896,47.38598933564771,0.0,adcp linear at epoch+300s
1734957000.Mon.Dec.23_12_30_00.GMT.2024.CACO03.c2.bright.jpg,c2,1734957000,2024-12-23T12:30:00+00:00,30.0,1.0921462291300423,6.430868167202571,176.53238294015523,213.65658402710795,0.000250911850383,adcp linear at epoch+300s
1734958800.Mon.Dec.23_13_00_00.GMT.2024.CACO03.c2.bright.jpg,c2,1734958800,2024-12-23T13:00:00+00:00,0.0,1.0262384243176657,6.430868167202571,176.74248748978758,209.77929332868536,0.0050182370076619,adcp linear at epoch+300s
1734960600.Mon.Dec.23_13_30_00.GMT.2024.CACO03.c2.bright.jpg,c2,1734960600,2024-12-23T13:30:00+00:00,30.0,1.0106925284303676,6.430868167202571,172.00509663500816,206.21496749543505,0.0009302097867861,adcp linear at epoch+300s
1734962400.Mon.Dec.23_14_00_00.GMT.2024.CACO03.c2.bright.jpg,c2,1734962400,2024-12-23T14:00:00+00:00,0.0,0.9886307809760253,6.430868167202571,149.87485957924838,155.80578753318682,0.0,adcp linear at epoch+300s
1734964200.Mon.Dec.23_14_30_00.GMT.2024.CACO03.c2.bright.jpg,c2,1734964200,2024-12-23T14:30:00+00:00,30.0,0.9339897756864612,6.125574272588055,168.87310112847223,210.39121832645523,0.0004161464835622,adcp linear at epoch+300s
1734966000.Mon.Dec.23_15_00_00.GMT.2024.CACO03.c2.bright.jpg,c2,1734966000,2024-12-23T15:00:00+00:00,0.0,0.8878978142276774,6.125574272588055,182.12602124183007,289.86872900235574,0.1258047538615945,adcp linear at epoch+300s
1734967800.Mon.Dec.23_15_30_00.GMT.2024.CACO03.c2.bright.jpg,c2,1734967800,2024-12-23T15:30:00+00:00,30.0,0.8845510719227951,6.125574272588055,163.23546645220588,219.1047551869541,0.0,adcp linear at epoch+300s
1734969600.Mon.Dec.23_16_00_00.GMT.2024.CACO03.c2.bright.jpg,c2,1734969600,2024-12-23T16:00:00+00:00,0.0,0.8768791739316747,6.125574272588055,162.38545177185458,219.61197159263733,0.0,adcp linear at epoch+300s
1734971400.Mon.Dec.23_16_30_00.GMT.2024.CACO03.c2.bright.jpg,c2,1734971400,2024-12-23T16:30:00+00:00,30.0,0.8475814975093637,6.125574272588055,170.77738523794935,269.0548022603881,0.0487013781792367,adcp linear at epoch+300s
1734973200.Mon.Dec.23_17_00_00.GMT.2024.CACO03.c2.bright.jpg,c2,1734973200,2024-12-23T17:00:00+00:00,0.0,0.8308600747230469,6.125574272588055,157.2222349877451,366.1793944546921,0.1293481187731022,adcp linear at epoch+300s
1734975000.Mon.Dec.23_17_30_00.GMT.2024.CACO03.c2.bright.jpg,c2,1734975000,2024-12-23T17:30:00+00:00,30.0,0.8770199201167003,6.768189509306261,195.10130080678104,310.3982200787148,0.3059288634305158,adcp linear at epoch+300s
1734976800.Mon.Dec.23_18_00_00.GMT.2024.CACO03.c2.bright.jpg,c2,1734976800,2024-12-23T18:00:00+00:00,0.0,0.9095509734947687,6.768189509306261,184.45097400939545,349.349595752926,0.2853479718978727,adcp linear at epoch+300s
1734978600.Mon.Dec.23_18_30_00.GMT.2024.CACO03.c2.bright.jpg,c2,1734978600,2024-12-23T18:30:00+00:00,30.0,0.8739380667949115,6.125574272588055,158.59210324754903,346.88786645579086,0.0285794717387579,adcp linear at epoch+300s
1734980400.Mon.Dec.23_19_00_00.GMT.2024.CACO03.c2.bright.jpg,c2,1734980400,2024-12-23T19:00:00+00:00,0.0,0.8422165544819697,6.125574272588055,164.6693825316585,323.98370020382123,0.3517355756285036,adcp linear at epoch+300s
1734982200.Mon.Dec.23_19_30_00.GMT.2024.CACO03.c2.bright.jpg,c2,1734982200,2024-12-23T19:30:00+00:00,30.0,0.8299520141036052,6.430868167202571,147.21575967626634,242.6509329928525,0.2972938238965998,adcp linear at epoch+300s
1734984000.Mon.Dec.23_20_00_00.GMT.2024.CACO03.c2.bright.jpg,c2,1734984000,2024-12-23T20:00:00+00:00,0.0,0.8212815418975082,6.430868167202571,138.2385174121732,221.16955369869044,0.1581907419647009,adcp linear at epoch+300s
1734985800.Mon.Dec.23_20_30_00.GMT.2024.CACO03.c2.bright.jpg,c2,1734985800,2024-12-23T20:30:00+00:00,30.0,0.8305814105527504,5.847953216374269,133.8166296466503,138.25121720668585,0.0373001884898778,adcp linear at epoch+300s
1734987600.Mon.Dec.23_21_00_00.GMT.2024.CACO03.c2.bright.jpg,c2,1734987600,2024-12-23T21:00:00+00:00,0.0,0.8338073609394262,5.847953216374269,140.82475490196077,174.9009718082814,0.0,adcp linear at epoch+300s
1734989400.Mon.Dec.23_21_30_00.GMT.2024.CACO03.c2.bright.jpg,c2,1734989400,2024-12-23T21:30:00+00:00,30.0,0.8066637199832708,5.847953216374269,13.816738153594772,3.83987556994305,0.0,adcp linear at epoch+300s
1734991200.Mon.Dec.23_22_00_00.GMT.2024.CACO03.c2.bright.jpg,c2,1734991200,2024-12-23T22:00:00+00:00,0.0,0.7792656121692547,5.847953216374269,1.000012765522876,0.0003829656862745,0.0,adcp linear at epoch+300s
1734993000.Mon.Dec.23_22_30_00.GMT.2024.CACO03.c2.bright.jpg,c2,1734993000,2024-12-23T22:30:00+00:00,30.0,0.7505951700659353,5.847953216374269,1.0,0.0,0.0,adcp linear at epoch+300s
1734994800.Mon.Dec.23_23_00_00.GMT.2024.CACO03.c2.bright.jpg,c2,1734994800,2024-12-23T23:00:00+00:00,0.0,0.7187669865185286,5.847953216374269,1.000003191380719,6.382761437908497e-05,0.0,adcp linear at epoch+300s
1734996600.Mon.Dec.23_23_30_00.GMT.2024.CACO03.c2.bright.jpg,c2,1734996600,2024-12-23T23:30:00+00:00,30.0,0.6711500957506842,6.125574272588055,1.000015956903595,0.0010850694444444,0.0,adcp linear at epoch+300s
1734998400.Tue.Dec.24_00_00_00.GMT.2024.CACO03.c2.bright.jpg,c2,1734998400,2024-12-24T00:00:00+00:00,0.0,0.6297257658301529,6.125574272588055,1.000003191380719,6.382761437908497e-05,0.0,adcp linear at epoch+300s
1735000200.Tue.Dec.24_00_30_00.GMT.2024.CACO03.c2.bright.jpg,c2,1735000200,2024-12-24T00:30:00+00:00,30.0,0.6192642401461881,6.125574272588055,1.0000095741421569,0.0001021241830065,0.0,adcp linear at epoch+300s
1735002000.Tue.Dec.24_01_00_00.GMT.2024.CACO03.c2.bright.jpg,c2,1735002000,2024-12-24T01:00:00+00:00,0.0,0.609000739762505,6.125574272588055,1.0005840226715683,0.0037690206189,0.0,adcp linear at epoch+300s
1735003800.Tue.Dec.24_01_30_00.GMT.2024.CACO03.c2.bright.jpg,c2,1735003800,2024-12-24T01:30:00+00:00,30.0,0.5997273658802311,10.6951871657754,1.000015956903595,0.0004723243464052,0.0,adcp linear at epoch+300s
1735005600.Tue.Dec.24_02_00_00.GMT.2024.CACO03.c2.bright.jpg,c2,1735005600,2024-12-24T02:00:00+00:00,0.0,0.5902933578057854,10.6951871657754,1.0703954758986929,22.53076490683078,0.0,adcp linear at epoch+300s
1735007400.Tue.Dec.24_02_30_00.GMT.2024.CACO03.c2.bright.jpg,c2,1735007400,2024-12-24T02:30:00+00:00,30.0,0.5800561787704804,10.6951871657754,1.000015956903595,0.000344669117647,0.0,adcp linear at epoch+300s
1735009200.Tue.Dec.24_03_00_00.GMT.2024.CACO03.c2.bright.jpg,c2,1735009200,2024-12-24T03:00:00+00:00,0.0,0.5604675892562045,10.6951871657754,1.0001340379901962,0.0151271446078431,0.0,adcp linear at epoch+300s
1735039800.Tue.Dec.24_11_30_00.GMT.2024.CACO03.c2.bright.jpg,c2,1735039800,2024-12-24T11:30:00+00:00,30.0,0.6244926230587218,4.597701149425287,1.9970064848856208,0.6513384638411551,0.0,adcp linear at epoch+300s
1735041600.Tue.Dec.24_12_00_00.GMT.2024.CACO03.c2.bright.jpg,c2,1735041600,2024-12-24T12:00:00+00:00,0.0,0.8130896615533179,4.597701149425287,45.09083307802288,28.03354959871072,0.0,adcp linear at epoch+300s
1735043400.Tue.Dec.24_12_30_00.GMT.2024.CACO03.c2.bright.jpg,c2,1735043400,2024-12-24T12:30:00+00:00,30.0,0.6678997888288389,5.361930294906166,187.49463528901143,292.6711561832003,0.2096827495042961,adcp linear at epoch+300s
1735045200.Tue.Dec.24_13_00_00.GMT.2024.CACO03.c2.bright.jpg,c2,1735045200,2024-12-24T13:00:00+00:00,0.0,0.5539620562827555,5.361930294906166,210.3969088286356,201.12346603798176,0.2289417639715062,adcp linear at epoch+300s
1735047000.Tue.Dec.24_13_30_00.GMT.2024.CACO03.c2.bright.jpg,c2,1735047000,2024-12-24T13:30:00+00:00,30.0,0.5962850246286502,5.361930294906166,174.55403645833334,339.30630740144073,0.1572727717803725,adcp linear at epoch+300s
1735048800.Tue.Dec.24_14_00_00.GMT.2024.CACO03.c2.bright.jpg,c2,1735048800,2024-12-24T14:00:00+00:00,0.0,0.628727401784825,5.361930294906166,160.0388103809232,295.42995229781394,0.1164659371863601,adcp linear at epoch+300s
1735660800.Tue.Dec.31_16_00_00.GMT.2024.CACO03.c2.bright.jpg,c2,1735660800,2024-12-31T16:00:00+00:00,0.0,0.8124599383252118,9.876543209876544,161.6568723192402,98.77285190427914,0.0041492252331644,adcp linear at epoch+300s
1735662600.Tue.Dec.31_16_30_00.GMT.2024.CACO03.c2.bright.jpg,c2,1735662600,2024-12-31T16:30:00+00:00,30.0,0.8016518819331727,9.876543209876544,203.8579420700572,82.71519398040492,0.2865352133362708,adcp linear at epoch+300s
1735664400.Tue.Dec.31_17_00_00.GMT.2024.CACO03.c2.bright.jpg,c2,1735664400,2024-12-31T17:00:00+00:00,0.0,0.796732157501705,9.876543209876544,179.64542164522058,220.12936821359293,0.2267019167217449,adcp linear at epoch+300s
1735666200.Tue.Dec.31_17_30_00.GMT.2024.CACO03.c2.bright.jpg,c2,1735666200,2024-12-31T17:30:00+00:00,30.0,0.821254092873094,9.876543209876544,169.36407909517973,180.8784484471773,0.2160412229810775,adcp linear at epoch+300s
1735668000.Tue.Dec.31_18_00_00.GMT.2024.CACO03.c2.bright.jpg,c2,1735668000,2024-12-31T18:00:00+00:00,0.0,0.833872006976597,9.876543209876544,160.0065008425245,184.9543627805317,0.2700974272355634,adcp linear at epoch+300s
1735669800.Tue.Dec.31_18_30_00.GMT.2024.CACO03.c2.bright.jpg,c2,1735669800,2024-12-31T18:30:00+00:00,30.0,0.7869698147406693,9.876543209876544,146.60331775939542,166.0774118436478,0.2809233556094098,adcp linear at epoch+300s
1735671600.Tue.Dec.31_19_00_00.GMT.2024.CACO03.c2.bright.jpg,c2,1735671600,2024-12-31T19:00:00+00:00,0.0,0.7589050186838745,9.876543209876544,133.2402662888072,165.28027659098265,0.2825695821399721,adcp linear at epoch+300s
1735673400.Tue.Dec.31_19_30_00.GMT.2024.CACO03.c2.bright.jpg,c2,1735673400,2024-12-31T19:30:00+00:00,30.0,0.8250272035227447,9.876543209876544,125.55357051674837,132.8568694683186,0.2400736824067954,adcp linear at epoch+300s
1735675200.Tue.Dec.31_20_00_00.GMT.2024.CACO03.c2.bright.jpg,c2,1735675200,2024-12-31T20:00:00+00:00,0.0,0.8731244946777184,9.876543209876544,120.62351600796568,118.58857031892929,0.1398313382781327,adcp linear at epoch+300s
1735677000.Tue.Dec.31_20_30_00.GMT.2024.CACO03.c2.bright.jpg,c2,1735677000,2024-12-31T20:30:00+00:00,30.0,0.8310973174132092,9.174311926605505,121.37252029718135,64.36084931604304,0.0866563854006021,adcp linear at epoch+300s
1735678800.Tue.Dec.31_21_00_00.GMT.2024.CACO03.c2.bright.jpg,c2,1735678800,2024-12-31T21:00:00+00:00,0.0,0.7979838198157546,9.174311926605505,118.6564702052696,23.94125295776168,0.0033291718684977,adcp linear at epoch+300s
1735680600.Tue.Dec.31_21_30_00.GMT.2024.CACO03.c2.bright.jpg,c2,1735680600,2024-12-31T21:30:00+00:00,30.0,0.8094387205535734,7.561436672967865,24.272148182189543,3.5824142052569248,0.0,adcp linear at epoch+300s
1735682400.Tue.Dec.31_22_00_00.GMT.2024.CACO03.c2.bright.jpg,c2,1735682400,2024-12-31T22:00:00+00:00,0.0,0.8123964017621415,7.561436672967865,1.0000957414215683,0.0027573529411764,0.0,adcp linear at epoch+300s
1735684200.Tue.Dec.31_22_30_00.GMT.2024.CACO03.c2.bright.jpg,c2,1735684200,2024-12-31T22:30:00+00:00,30.0,0.7728679853244572,9.174311926605505,1.000711677900327,0.0089071435764163,0.0,adcp linear at epoch+300s
1735686000.Tue.Dec.31_23_00_00.GMT.2024.CACO03.c2.bright.jpg,c2,1735686000,2024-12-31T23:00:00+00:00,0.0,0.73960028072611,9.174311926605505,1.0036700878267977,0.0633489072712418,0.0,adcp linear at epoch+300s
1735687800.Tue.Dec.31_23_30_00.GMT.2024.CACO03.c2.bright.jpg,c2,1735687800,2024-12-31T23:30:00+00:00,30.0,0.7376361353244476,9.174311926605505,1.0000510620915033,0.0013403799019607,0.0,adcp linear at epoch+300s
1735689600.Wed.Jan.01_00_00_00.GMT.2025.CACO03.c2.bright.jpg,c2,1735689600,2025-01-01T00:00:00+00:00,0.0,0.7336016181900373,9.174311926605505,1.0000191482843137,0.000765931372549,0.0,adcp linear at epoch+300s
1735691400.Wed.Jan.01_00_30_00.GMT.2025.CACO03.c2.bright.jpg,c2,1735691400,2025-01-01T00:30:00+00:00,30.0,0.719215242391888,8.565310492505352,1.0000095741421569,0.0001914828431372,0.0,adcp linear at epoch+300s
1735693200.Wed.Jan.01_01_00_00.GMT.2025.CACO03.c2.bright.jpg,c2,1735693200,2025-01-01T01:00:00+00:00,0.0,0.7081826276327017,8.565310492505352,1.0000095741421569,0.0001914828431372,0.0,adcp linear at epoch+300s
1735695000.Wed.Jan.01_01_30_00.GMT.2025.CACO03.c2.bright.jpg,c2,1735695000,2025-01-01T01:30:00+00:00,30.0,0.7139188180683305,8.565310492505352,1.0000351051879084,0.0009446486928104,0.0,adcp linear at epoch+300s
1735696800.Wed.Jan.01_02_00_00.GMT.2025.CACO03.c2.bright.jpg,c2,1735696800,2025-01-01T02:00:00+00:00,0.0,0.7107354834759716,8.565310492505352,1.0000957414215683,0.0041679432189542,0.0,adcp linear at epoch+300s
1735698600.Wed.Jan.01_02_30_00.GMT.2025.CACO03.c2.bright.jpg,c2,1735698600,2025-01-01T02:30:00+00:00,30.0,0.6629545237436749,7.561436672967865,1.0000063827614378,0.0001276552287581,0.0,adcp linear at epoch+300s
1735700400.Wed.Jan.01_03_00_00.GMT.2025.CACO03.c2.bright.jpg,c2,1735700400,2025-01-01T03:00:00+00:00,0.0,0.6266333273625273,7.561436672967865,1.0000542534722223,0.0027956495098039,0.0,adcp linear at epoch+300s
1735731000.Wed.Jan.01_11_30_00.GMT.2025.CACO03.c2.bright.jpg,c2,1735731000,2025-01-01T11:30:00+00:00,30.0,2.0743580961454913,6.430868167202571,1.0000319138071896,0.0007404003267973,0.0,adcp linear at epoch+300s
1735732800.Wed.Jan.01_12_00_00.GMT.2025.CACO03.c2.bright.jpg,c2,1735732800,2025-01-01T12:00:00+00:00,0.0,1.9608734095456646,6.430868167202571,20.507553998161764,1.6258776233321424,0.0,adcp linear at epoch+300s
1735734600.Wed.Jan.01_12_30_00.GMT.2025.CACO03.c2.bright.jpg,c2,1735734600,2025-01-01T12:30:00+00:00,30.0,1.988931997889046,6.768189509306261,60.23764297385621,3.175136556832731,0.0,adcp linear at epoch+300s
1735736400.Wed.Jan.01_13_00_00.GMT.2025.CACO03.c2.bright.jpg,c2,1735736400,2025-01-01T13:00:00+00:00,0.0,2.020734752277057,6.768189509306261,222.8491498161765,10.109252798628065,0.6968005679175541,adcp linear at epoch+300s
1735738200.Wed.Jan.01_13_30_00.GMT.2025.CACO03.c2.bright.jpg,c2,1735738200,2025-01-01T13:30:00+00:00,30.0,2.0712583368882145,7.142857142857142,190.4359266493056,11.06128724986452,0.3872181831534111,adcp linear at epoch+300s
1735740000.Wed.Jan.01_14_00_00.GMT.2025.CACO03.c2.bright.jpg,c2,1735740000,2025-01-01T14:00:00+00:00,0.0,2.101163898421476,7.142857142857142,163.20202078227123,10.132528270333347,0.0,adcp linear at epoch+300s
1735741800.Wed.Jan.01_14_30_00.GMT.2025.CACO03.c2.bright.jpg,c2,1735741800,2025-01-01T14:30:00+00:00,30.0,2.0279793445652596,7.561436672967865,143.37694035947712,10.517778540325724,0.0,adcp linear at epoch+300s
1735743600.Wed.Jan.01_15_00_00.GMT.2025.CACO03.c2.bright.jpg,c2,1735743600,2025-01-01T15:00:00+00:00,0.0,1.9425605491794087,7.561436672967865,185.47515190972223,15.14426296865106,0.2371851362267753,adcp linear at epoch+300s
1735745400.Wed.Jan.01_15_30_00.GMT.2025.CACO03.c2.bright.jpg,c2,1735745400,2025-01-01T15:30:00+00:00,30.0,1.7959705461453854,6.768189509306261,174.44087967218138,10.540613364366695,0.0,adcp linear at epoch+300s
1735747200.Wed.Jan.01_16_00_00.GMT.2025.CACO03.c2.bright.jpg,c2,1735747200,2025-01-01T16:00:00+00:00,0.0,1.661999303561265,6.768189509306261,178.18038322099673,13.056225745343577,0.0,adcp linear at epoch+300s
1735749000.Wed.Jan.01_16_30_00.GMT.2025.CACO03.c2.bright.jpg,c2,1735749000,2025-01-01T16:30:00+00:00,30.0,1.5911218632266584,8.565310492505352,207.2397939644608,13.823738865516455,0.5118785341852097,adcp linear at epoch+300s
1735750800.Wed.Jan.01_17_00_00.GMT.2025.CACO03.c2.bright.jpg,c2,1735750800,2025-01-01T17:00:00+00:00,0.0,1.5364641768624028,8.565310492505352,152.2058344822304,13.67422696324862,0.0,adcp linear at epoch+300s
1735752600.Wed.Jan.01_17_30_00.GMT.2025.CACO03.c2.bright.jpg,c2,1735752600,2025-01-01T17:30:00+00:00,30.0,1.5629052603499007,8.565310492505352,225.22607102736927,12.039520825390085,0.6340175271107195,adcp linear at epoch+300s
1735754400.Wed.Jan.01_18_00_00.GMT.2025.CACO03.c2.bright.jpg,c2,1735754400,2025-01-01T18:00:00+00:00,0.0,1.5650099681089353,8.565310492505352,155.41919104881535,12.154357352094426,0.0,adcp linear at epoch+300s
1735756200.Wed.Jan.01_18_30_00.GMT.2025.CACO03.c2.bright.jpg,c2,1735756200,2025-01-01T18:30:00+00:00,30.0,1.445432797225653,8.032128514056225,194.4209016288808,10.710819418088422,0.3413319135394482,adcp linear at epoch+300s
1735758000.Wed.Jan.01_19_00_00.GMT.2025.CACO03.c2.bright.jpg,c2,1735758000,2025-01-01T19:00:00+00:00,0.0,1.3431376892149578,8.032128514056225,150.50241906658496,7.588707590924053,0.0,adcp linear at epoch+300s
1735759800.Wed.Jan.01_19_30_00.GMT.2025.CACO03.c2.bright.jpg,c2,1735759800,2025-01-01T19:30:00+00:00,30.0,1.3272528955671956,8.565310492505352,184.0137388939951,9.61100232351126,0.1012765905363393,adcp linear at epoch+300s
1735761600.Wed.Jan.01_20_00_00.GMT.2025.CACO03.c2.bright.jpg,c2,1735761600,2025-01-01T20:00:00+00:00,0.0,1.3140080207725715,8.565310492505352,157.27535551981208,12.519399603549102,0.0,adcp linear at epoch+300s
1735763400.Wed.Jan.01_20_30_00.GMT.2025.CACO03.c2.bright.jpg,c2,1735763400,2025-01-01T20:30:00+00:00,30.0,1.3139627402436371,8.032128514056225,125.1461141748366,7.232711007092028,0.0,adcp linear at epoch+300s
1735765200.Wed.Jan.01_21_00_00.GMT.2025.CACO03.c2.bright.jpg,c2,1735765200,2025-01-01T21:00:00+00:00,0.0,1.297264530599021,8.032128514056225,77.40733187806373,4.017680248816349,0.0,adcp linear at epoch+300s
1735767000.Wed.Jan.01_21_30_00.GMT.2025.CACO03.c2.bright.jpg,c2,1735767000,2025-01-01T21:30:00+00:00,30.0,1.1973016753759964,8.032128514056225,13.67458767361111,1.540900717327935,0.0,adcp linear at epoch+300s
1735768800.Wed.Jan.01_22_00_00.GMT.2025.CACO03.c2.bright.jpg,c2,1735768800,2025-01-01T22:00:00+00:00,0.0,1.1121937935513793,8.032128514056225,1.0000542534722223,0.001886105994717,0.0,adcp linear at epoch+300s
1735770600.Wed.Jan.01_22_30_00.GMT.2025.CACO03.c2.bright.jpg,c2,1735770600,2025-01-01T22:30:00+00:00,30.0,1.101360778718801,7.561436672967865,1.0000510620915033,0.0025275735294117,0.0,adcp linear at epoch+300s
1735772400.Wed.Jan.01_23_00_00.GMT.2025.CACO03.c2.bright.jpg,c2,1735772400,2025-01-01T23:00:00+00:00,0.0,1.084492047581237,7.561436672967865,1.0000351051879084,0.0019275939542483,0.0,adcp linear at epoch+300s
1735774200.Wed.Jan.01_23_30_00.GMT.2025.CACO03.c2.bright.jpg,c2,1735774200,2025-01-01T23:30:00+00:00,30.0,1.0374447349187448,7.561436672967865,1.0000287224264706,0.0009318831699346,0.0,adcp linear at epoch+300s
1735776000.Thu.Jan.02_00_00_00.GMT.2025.CACO03.c2.bright.jpg,c2,1735776000,2025-01-02T00:00:00+00:00,0.0,0.991830081396923,7.561436672967865,1.0000095741421569,0.0001914828431372,0.0,adcp linear at epoch+300s
1735777800.Thu.Jan.02_00_30_00.GMT.2025.CACO03.c2.bright.jpg,c2,1735777800,2025-01-02T00:30:00+00:00,30.0,0.9533787235784522,7.142857142857142,1.000015956903595,0.0003191380718954,0.0,adcp linear at epoch+300s
1735779600.Thu.Jan.02_01_00_00.GMT.2025.CACO03.c2.bright.jpg,c2,1735779600,2025-01-02T01:00:00+00:00,0.0,0.9233459018413057,7.142857142857142,1.000015956903595,0.0002680759803921,0.0,adcp linear at epoch+300s
1735781400.Thu.Jan.02_01_30_00.GMT.2025.CACO03.c2.bright.jpg,c2,1735781400,2025-01-02T01:30:00+00:00,30.0,0.9354057605107804,7.561436672967865,1.0000382965686274,0.0011616625816993,0.0,adcp linear at epoch+300s
1735783200.Thu.Jan.02_02_00_00.GMT.2025.CACO03.c2.bright.jpg,c2,1735783200,2025-01-02T02:00:00+00:00,0.0,0.9488917054628214,7.561436672967865,1.000067018995098,0.0073274100899793,0.0,adcp linear at epoch+300s
1735785000.Thu.Jan.02_02_30_00.GMT.2025.CACO03.c2.bright.jpg,c2,1735785000,2025-01-02T02:30:00+00:00,30.0,0.9695080818276934,7.142857142857142,1.0000319138071896,0.0016212214052287,0.0,adcp linear at epoch+300s
1735786800.Thu.Jan.02_03_00_00.GMT.2025.CACO03.c2.bright.jpg,c2,1735786800,2025-01-02T03:00:00+00:00,0.0,0.9826050488999121,7.142857142857142,1.000003191380719,6.382761437908497e-05,0.0,adcp linear at epoch+300s
1735817400.Thu.Jan.02_11_30_00.GMT.2025.CACO03.c2.bright.jpg,c2,1735817400,2025-01-02T11:30:00+00:00,30.0,0.8316918582631417,10.6951871657754,4.852076312295751,1.161761503410266,0.0,adcp linear at epoch+300s
1735819200.Thu.Jan.02_12_00_00.GMT.2025.CACO03.c2.bright.jpg,c2,1735819200,2025-01-02T12:00:00+00:00,0.0,0.8507087187819754,10.6951871657754,122.67063993566175,34.01848888250555,0.0,adcp linear at epoch+300s
1735821000.Thu.Jan.02_12_30_00.GMT.2025.CACO03.c2.bright.jpg,c2,1735821000,2025-01-02T12:30:00+00:00,30.0,0.9135132089182425,6.125574272588055,206.17715035232845,131.05785287448597,0.0768585836332036,adcp linear at epoch+300s
1735822800.Thu.Jan.02_13_00_00.GMT.2025.CACO03.c2.bright.jpg,c2,1735822800,2025-01-02T13:00:00+00:00,0.0,0.9727023046090778,6.125574272588055,183.12465533088235,187.4853738023427,0.0089104305892144,adcp linear at epoch+300s
1735824600.Thu.Jan.02_13_30_00.GMT.2025.CACO03.c2.bright.jpg,c2,1735824600,2025-01-02T13:30:00+00:00,30.0,1.0138144280727546,6.768189509306261,172.96591605392155,202.4462449358338,0.0049937578027465,adcp linear at epoch+300s
1735826400.Thu.Jan.02_14_00_00.GMT.2025.CACO03.c2.bright.jpg,c2,1735826400,2025-01-02T14:00:00+00:00,0.0,1.0549905636918662,6.768189509306261,173.87338835273692,174.24798665968837,0.016835573180583,adcp linear at epoch+300s
1735828200.Thu.Jan.02_14_30_00.GMT.2025.CACO03.c2.bright.jpg,c2,1735828200,2025-01-02T14:30:00+00:00,30.0,1.0964867600881538,6.768189509306261,173.7723396650327,166.12001366900273,0.0390932902499326,adcp linear at epoch+300s
1735830000.Thu.Jan.02_15_00_00.GMT.2025.CACO03.c2.bright.jpg,c2,1735830000,2025-01-02T15:00:00+00:00,0.0,1.1256810677537434,6.768189509306261,172.24721711601308,171.0752718938635,0.058211549288879,adcp linear at epoch+300s
1735831800.Thu.Jan.02_15_30_00.GMT.2025.CACO03.c2.bright.jpg,c2,1735831800,2025-01-02T15:30:00+00:00,30.0,1.0933659317658446,9.876543209876544,169.5486781301062,139.18183170044665,0.0475569753494406,adcp linear at epoch+300s
1735833600.Thu.Jan.02_16_00_00.GMT.2025.CACO03.c2.bright.jpg,c2,1735833600,2025-01-02T16:00:00+00:00,0.0,1.0591861366865032,9.876543209876544,166.8293887867647,149.0437824819195,0.040439646520281,adcp linear at epoch+300s
1735835400.Thu.Jan.02_16_30_00.GMT.2025.CACO03.c2.bright.jpg,c2,1735835400,2025-01-02T16:30:00+00:00,30.0,1.0156830461499482,9.876543209876544,171.31922423917484,184.13254744591325,0.0377714131844997,adcp linear at epoch+300s
1735837200.Thu.Jan.02_17_00_00.GMT.2025.CACO03.c2.bright.jpg,c2,1735837200,2025-01-02T17:00:00+00:00,0.0,0.9753055272836803,9.876543209876544,173.3073650684232,185.9842185278288,0.0425264987393209,adcp linear at epoch+300s
1735839000.Thu.Jan.02_17_30_00.GMT.2025.CACO03.c2.bright.jpg,c2,1735839000,2025-01-02T17:30:00+00:00,30.0,0.9505558667688468,9.876543209876544,168.23938227634804,232.1663666050144,0.071779148613253,adcp linear at epoch+300s
1735840800.Thu.Jan.02_18_00_00.GMT.2025.CACO03.c2.bright.jpg,c2,1735840800,2025-01-02T18:00:00+00:00,0.0,0.9215441458413587,9.876543209876544,156.7434193729575,220.74338084107663,0.0938226726395926,adcp linear at epoch+300s
1735842600.Thu.Jan.02_18_30_00.GMT.2025.CACO03.c2.bright.jpg,c2,1735842600,2025-01-02T18:30:00+00:00,30.0,0.8712221228505966,10.6951871657754,153.436239404616,190.91523309506425,0.1415142836160681,adcp linear at epoch+300s
1735844400.Thu.Jan.02_19_00_00.GMT.2025.CACO03.c2.bright.jpg,c2,1735844400,2025-01-02T19:00:00+00:00,0.0,0.8264349451359874,10.6951871657754,143.37275326797385,192.9294476668489,0.2030427651709872,adcp linear at epoch+300s
1735846200.Thu.Jan.02_19_30_00.GMT.2025.CACO03.c2.bright.jpg,c2,1735846200,2025-01-02T19:30:00+00:00,30.0,0.8093219938021422,10.6951871657754,138.8354173049428,111.13256994589894,0.2214939658759883,adcp linear at epoch+300s
1735848000.Thu.Jan.02_20_00_00.GMT.2025.CACO03.c2.bright.jpg,c2,1735848000,2025-01-02T20:00:00+00:00,0.0,0.787205267544266,10.6951871657754,132.08086320465685,98.0145362857324,0.0642334336980734,adcp linear at epoch+300s
1735849800.Thu.Jan.02_20_30_00.GMT.2025.CACO03.c2.bright.jpg,c2,1735849800,2025-01-02T20:30:00+00:00,30.0,0.7400696666662345,11.661807580174926,130.78781467013889,74.99182629220647,0.0474835377346943,adcp linear at epoch+300s
1735851600.Thu.Jan.02_21_00_00.GMT.2025.CACO03.c2.bright.jpg,c2,1735851600,2025-01-02T21:00:00+00:00,0.0,0.7076819109617196,11.661807580174926,126.19773156658496,30.852765418304887,0.0131208538346674,adcp linear at epoch+300s
1735853400.Thu.Jan.02_21_30_00.GMT.2025.CACO03.c2.bright.jpg,c2,1735853400,2025-01-02T21:30:00+00:00,30.0,0.7490333811247869,12.82051282051282,31.613185508578432,4.475346506856489,0.0,adcp linear at epoch+300s
1735855200.Thu.Jan.02_22_00_00.GMT.2025.CACO03.c2.bright.jpg,c2,1735855200,2025-01-02T22:00:00+00:00,0.0,0.7802582551280676,12.82051282051282,1.00131165747549,0.0563534006945545,0.0,adcp linear at epoch+300s
1735857000.Thu.Jan.02_22_30_00.GMT.2025.CACO03.c2.bright.jpg,c2,1735857000,2025-01-02T22:30:00+00:00,30.0,0.7608501483324154,6.430868167202571,1.0024797028186274,0.1552925857843137,0.0,adcp linear at epoch+300s
1735858800.Thu.Jan.02_23_00_00.GMT.2025.CACO03.c2.bright.jpg,c2,1735858800,2025-01-02T23:00:00+00:00,0.0,0.7402979691348885,6.430868167202571,1.0034275428921569,0.255718954248366,0.0,adcp linear at epoch+300s
1735860600.Thu.Jan.02_23_30_00.GMT.2025.CACO03.c2.bright.jpg,c2,1735860600,2025-01-02T23:30:00+00:00,30.0,0.7140254279279886,6.125574272588055,1.001120174632353,0.0123506433823529,0.0,adcp linear at epoch+300s
1735862400.Fri.Jan.03_00_00_00.GMT.2025.CACO03.c2.bright.jpg,c2,1735862400,2025-01-03T00:00:00+00:00,0.0,0.7020170144831727,6.125574272588055,1.0006638071895424,0.0126825469771241,0.0,adcp linear at epoch+300s
1735864200.Fri.Jan.03_00_30_00.GMT.2025.CACO03.c2.bright.jpg,c2,1735864200,2025-01-03T00:30:00+00:00,30.0,0.7613292398487768,5.361930294906166,1.0007467830882353,0.0308861825980392,0.0,adcp linear at epoch+300s
1735866000.Fri.Jan.03_01_00_00.GMT.2025.CACO03.c2.bright.jpg,c2,1735866000,2025-01-03T01:00:00+00:00,0.0,0.8137163115875061,5.361930294906166,1.0007404003267977,0.0136080473856209,0.0,adcp linear at epoch+300s
1735867800.Fri.Jan.03_01_30_00.GMT.2025.CACO03.c2.bright.jpg,c2,1735867800,2025-01-03T01:30:00+00:00,30.0,0.8314776151918621,5.594405594405594,1.000561683006536,0.0387305964052287,0.0,adcp linear at epoch+300s
1735869600.Fri.Jan.03_02_00_00.GMT.2025.CACO03.c2.bright.jpg,c2,1735869600,2025-01-03T02:00:00+00:00,0.0,0.851830769321731,5.594405594405594,1.00179993872549,0.0614276959154727,0.0,adcp linear at epoch+300s
1735871400.Fri.Jan.03_02_30_00.GMT.2025.CACO03.c2.bright.jpg,c2,1735871400,2025-01-03T02:30:00+00:00,30.0,0.885143176079164,4.767580452920143,1.0003702001633987,0.0085305598367869,0.0,adcp linear at epoch+300s
1735873200.Fri.Jan.03_03_00_00.GMT.2025.CACO03.c2.bright.jpg,c2,1735873200,2025-01-03T03:00:00+00:00,0.0,0.9169437267675419,4.767580452920143,1.0000287224264706,0.002438214869281,0.0,adcp linear at epoch+300s
1735903800.Fri.Jan.03_11_30_00.GMT.2025.CACO03.c2.bright.jpg,c2,1735903800,2025-01-03T11:30:00+00:00,30.0,0.6324069666194545,12.82051282051282,4.331941891339869,1.120327810642481,0.0,adcp linear at epoch+300s
1735905600.Fri.Jan.03_12_00_00.GMT.2025.CACO03.c2.bright.jpg,c2,1735905600,2025-01-03T12:00:00+00:00,0.0,0.6163307966027439,12.82051282051282,122.51878765829248,35.02667051333478,0.0,adcp linear at epoch+300s
1735907400.Fri.Jan.03_12_30_00.GMT.2025.CACO03.c2.bright.jpg,c2,1735907400,2025-01-03T12:30:00+00:00,30.0,0.6246996715003521,6.125574272588055,200.8050002553105,135.9149431933189,0.0117744975643191,adcp linear at epoch+300s
1735909200.Fri.Jan.03_13_00_00.GMT.2025.CACO03.c2.bright.jpg,c2,1735909200,2025-01-03T13:00:00+00:00,0.0,0.6393476384030978,6.125574272588055,176.9249897875817,186.0632904582268,0.001529950307214,adcp linear at epoch+300s
1735911000.Fri.Jan.03_13_30_00.GMT.2025.CACO03.c2.bright.jpg,c2,1735911000,2025-01-03T13:30:00+00:00,30.0,0.6853910653315306,6.768189509306261,170.23891314338235,198.53794870552173,0.0006242197253433,adcp linear at epoch+300s
1735912800.Fri.Jan.03_14_00_00.GMT.2025.CACO03.c2.bright.jpg,c2,1735912800,2025-01-03T14:00:00+00:00,0.0,0.7316486045782101,6.768189509306261,168.68117468341504,171.47472649315424,0.0013218770654329,adcp linear at epoch+300s
1735914600.Fri.Jan.03_14_30_00.GMT.2025.CACO03.c2.bright.jpg,c2,1735914600,2025-01-03T14:30:00+00:00,30.0,0.7789767054161237,6.430868167202571,168.8175359987745,167.0154262896182,0.0007160167437761,adcp linear at epoch+300s
1735916400.Fri.Jan.03_15_00_00.GMT.2025.CACO03.c2.bright.jpg,c2,1735916400,2025-01-03T15:00:00+00:00,0.0,0.814414084185874,6.430868167202571,167.5553098192402,178.6179723565666,0.0005263029056816,adcp linear at epoch+300s
1735918200.Fri.Jan.03_15_30_00.GMT.2025.CACO03.c2.bright.jpg,c2,1735918200,2025-01-03T15:30:00+00:00,30.0,0.7903978526148073,5.847953216374269,165.21915849673204,111.63584389609792,0.0012178404445423,adcp linear at epoch+300s
1735920000.Fri.Jan.03_16_00_00.GMT.2025.CACO03.c2.bright.jpg,c2,1735920000,2025-01-03T16:00:00+00:00,0.0,0.7687343711967359,5.847953216374269,164.50331265318627,86.649248232341,0.0013953146801791,adcp linear at epoch+300s
1735921800.Fri.Jan.03_16_30_00.GMT.2025.CACO03.c2.bright.jpg,c2,1735921800,2025-01-03T16:30:00+00:00,30.0,0.7588346405436409,6.125574272588055,165.15921479268792,116.21878646617716,0.0054772220998261,adcp linear at epoch+300s
1735923600.Fri.Jan.03_17_00_00.GMT.2025.CACO03.c2.bright.jpg,c2,1735923600,2025-01-03T17:00:00+00:00,0.0,0.7495856572598928,6.125574272588055,169.9442018995098,107.02476796467732,0.0183716432890259,adcp linear at epoch+300s
1735925400.Fri.Jan.03_17_30_00.GMT.2025.CACO03.c2.bright.jpg,c2,1735925400,2025-01-03T17:30:00+00:00,30.0,0.7435904108228789,6.430868167202571,164.02290773080065,129.9937666613796,0.0411985018726591,adcp linear at epoch+300s
1735927200.Fri.Jan.03_18_00_00.GMT.2025.CACO03.c2.bright.jpg,c2,1735927200,2025-01-03T18:00:00+00:00,0.0,0.7352509856316688,6.430868167202571,157.53226805044935,127.21026604809782,0.0830457026755771,adcp linear at epoch+300s
1735929000.Fri.Jan.03_18_30_00.GMT.2025.CACO03.c2.bright.jpg,c2,1735929000,2025-01-03T18:30:00+00:00,30.0,0.7151906666694774,6.125574272588055,147.2891135620915,152.57560638559684,0.0989877848767472,adcp linear at epoch+300s
1735930800.Fri.Jan.03_19_00_00.GMT.2025.CACO03.c2.bright.jpg,c2,1735930800,2025-01-03T19:00:00+00:00,0.0,0.6823984085049548,6.125574272588055,138.13953993055554,123.1519379650514,0.0987735918337372,adcp linear at epoch+300s
1735932600.Fri.Jan.03_19_30_00.GMT.2025.CACO03.c2.bright.jpg,c2,1735932600,2025-01-03T19:30:00+00:00,30.0,0.5859464543287768,6.125574272588055,131.58985332414215,91.9442306214372,0.1046118822060659,adcp linear at epoch+300s
1735934400.Fri.Jan.03_20_00_00.GMT.2025.CACO03.c2.bright.jpg,c2,1735934400,2025-01-03T20:00:00+00:00,0.0,0.5070529720664294,6.125574272588055,127.03455307904412,76.55822609292737,0.0282306430687131,adcp linear at epoch+300s
1735936200.Fri.Jan.03_20_30_00.GMT.2025.CACO03.c2.bright.jpg,c2,1735936200,2025-01-03T20:30:00+00:00,30.0,0.5159518493732349,5.361930294906166,127.58097490298202,65.55932083661128,0.0133656458838216,adcp linear at epoch+300s
1735938000.Fri.Jan.03_21_00_00.GMT.2025.CACO03.c2.bright.jpg,c2,1735938000,2025-01-03T21:00:00+00:00,0.0,0.5252762539125742,5.361930294906166,127.81646369485294,25.32578857194874,0.0,adcp linear at epoch+300s
1735939800.Fri.Jan.03_21_30_00.GMT.2025.CACO03.c2.bright.jpg,c2,1735939800,2025-01-03T21:30:00+00:00,30.0,0.5367282946145817,16.0,33.78292866625817,5.007193364155554,0.0,adcp linear at epoch+300s
1735941600.Fri.Jan.03_22_00_00.GMT.2025.CACO03.c2.bright.jpg,c2,1735941600,2025-01-03T22:00:00+00:00,0.0,0.5436286916772778,16.0,1.0000223396650327,0.0004691329555013,0.0,adcp linear at epoch+300s
1735943400.Fri.Jan.03_22_30_00.GMT.2025.CACO03.c2.bright.jpg,c2,1735943400,2025-01-03T22:30:00+00:00,30.0,0.5277708705434174,16.0,1.000003191380719,6.382761437908497e-05,0.0,adcp linear at epoch+300s
1735945200.Fri.Jan.03_23_00_00.GMT.2025.CACO03.c2.bright.jpg,c2,1735945200,2025-01-03T23:00:00+00:00,0.0,0.5180984314817432,16.0,1.000003191380719,6.382761437908497e-05,0.0,adcp linear at epoch+300s
1735947000.Fri.Jan.03_23_30_00.GMT.2025.CACO03.c2.bright.jpg,c2,1735947000,2025-01-03T23:30:00+00:00,30.0,0.5393529027809992,5.148005148005149,1.0018892973856208,0.040830524755342,0.0,adcp linear at epoch+300s
1735948800.Sat.Jan.04_00_00_00.GMT.2025.CACO03.c2.bright.jpg,c2,1735948800,2025-01-04T00:00:00+00:00,0.0,0.5569004116936762,5.148005148005149,1.0001148897058822,0.010601766748366,0.0,adcp linear at epoch+300s
1735950600.Sat.Jan.04_00_30_00.GMT.2025.CACO03.c2.bright.jpg,c2,1735950600,2025-01-04T00:30:00+00:00,30.0,0.5559131086734573,14.234875444839856,1.000207439746732,0.0222056270424836,0.0,adcp linear at epoch+300s
1735952400.Sat.Jan.04_01_00_00.GMT.2025.CACO03.c2.bright.jpg,c2,1735952400,2025-01-04T01:00:00+00:00,0.0,0.5621596603515593,14.234875444839856,1.0000829758986929,0.0031658496732026,0.0,adcp linear at epoch+300s
1735954200.Sat.Jan.04_01_30_00.GMT.2025.CACO03.c2.bright.jpg,c2,1735954200,2025-01-04T01:30:00+00:00,30.0,0.6045754855212659,14.234875444839856,1.0002585018382353,0.020025914001253,0.0,adcp linear at epoch+300s
1735956000.Sat.Jan.04_02_00_00.GMT.2025.CACO03.c2.bright.jpg,c2,1735956000,2025-01-04T02:00:00+00:00,0.0,0.6397870082395138,14.234875444839856,1.0000287224264706,0.0006510416666666,0.0,adcp linear at epoch+300s
1735957800.Sat.Jan.04_02_30_00.GMT.2025.CACO03.c2.bright.jpg,c2,1735957800,2025-01-04T02:30:00+00:00,30.0,0.6389770187004682,14.234875444839856,1.0000063827614378,0.0001276552287581,0.0,adcp linear at epoch+300s
1735959600.Sat.Jan.04_03_00_00.GMT.2025.CACO03.c2.bright.jpg,c2,1735959600,2025-01-04T03:00:00+00:00,0.0,0.6267110897047876,14.234875444839856,1.0032520169526145,0.0648424734477124,0.0,adcp linear at epoch+300s
1735990200.Sat.Jan.04_11_30_00.GMT.2025.CACO03.c2.bright.jpg,c2,1735990200,2025-01-04T11:30:00+00:00,30.0,0.6471373454372962,16.0,2.9520526960784315,1.3479402792072344,0.0,adcp linear at epoch+300s
1735992000.Sat.Jan.04_12_00_00.GMT.2025.CACO03.c2.bright.jpg,c2,1735992000,2025-01-04T12:00:00+00:00,0.0,0.6679588032578205,16.0,76.35136144301471,20.192736699603653,0.0,adcp linear at epoch+300s
1735993800.Sat.Jan.04_12_30_00.GMT.2025.CACO03.c2.bright.jpg,c2,1735993800,2025-01-04T12:30:00+00:00,30.0,0.6518845817148982,16.0,208.998898973652,88.5068071546872,0.1897077182933098,adcp linear at epoch+300s
1735995600.Sat.Jan.04_13_00_00.GMT.2025.CACO03.c2.bright.jpg,c2,1735995600,2025-01-04T13:00:00+00:00,0.0,0.6355385515943338,16.0,181.6172545189951,80.23855470455037,0.0984982007784387,adcp linear at epoch+300s
1735997400.Sat.Jan.04_13_30_00.GMT.2025.CACO03.c2.bright.jpg,c2,1735997400,2025-01-04T13:30:00+00:00,30.0,0.6178334785855595,14.234875444839856,173.35839524611927,83.52175784230185,0.0420858730508433,adcp linear at epoch+300s
1735999200.Sat.Jan.04_14_00_00.GMT.2025.CACO03.c2.bright.jpg,c2,1735999200,2025-01-04T14:00:00+00:00,0.0,0.6038961410897778,14.234875444839856,186.5337552338644,96.3734583606265,0.1174328657805194,adcp linear at epoch+300s
1736001000.Sat.Jan.04_14_30_00.GMT.2025.CACO03.c2.bright.jpg,c2,1736001000,2025-01-04T14:30:00+00:00,30.0,0.6087974811589606,14.234875444839856,175.415731592116,70.26415645383119,0.0674952877530537,adcp linear at epoch+300s
1736002800.Sat.Jan.04_15_00_00.GMT.2025.CACO03.c2.bright.jpg,c2,1736002800,2025-01-04T15:00:00+00:00,0.0,0.6305002769665689,14.234875444839856,197.09451912275327,74.10186552202907,0.223593057697486,adcp linear at epoch+300s
1736004600.Sat.Jan.04_15_30_00.GMT.2025.CACO03.c2.bright.jpg,c2,1736004600,2025-01-04T15:30:00+00:00,30.0,0.7362103514663054,16.0,201.55912671058007,78.77715216119304,0.2077121735086044,adcp linear at epoch+300s
1736006400.Sat.Jan.04_16_00_00.GMT.2025.CACO03.c2.bright.jpg,c2,1736006400,2025-01-04T16:00:00+00:00,0.0,0.8298651038471354,16.0,187.70451644199343,87.52699540990437,0.177198844581528,adcp linear at epoch+300s
1736008200.Sat.Jan.04_16_30_00.GMT.2025.CACO03.c2.bright.jpg,c2,1736008200,2025-01-04T16:30:00+00:00,30.0,0.8632432456334336,14.234875444839856,234.2323931525736,59.55133714413742,0.3717106068394898,adcp linear at epoch+300s
1736010000.Sat.Jan.04_17_00_00.GMT.2025.CACO03.c2.bright.jpg,c2,1736010000,2025-01-04T17:00:00+00:00,0.0,0.9036706419981974,14.234875444839856,192.94749540441177,146.9934409851653,0.1838939071258965,adcp linear at epoch+300s
1736011800.Sat.Jan.04_17_30_00.GMT.2025.CACO03.c2.bright.jpg,c2,1736011800,2025-01-04T17:30:00+00:00,30.0,0.9793443112552886,14.234875444839856,195.1588765063317,161.0364040796065,0.3460380406844385,adcp linear at epoch+300s
1736013600.Sat.Jan.04_18_00_00.GMT.2025.CACO03.c2.bright.jpg,c2,1736013600,2025-01-04T18:00:00+00:00,0.0,1.0358105722000812,14.234875444839856,219.8967492595997,105.22778955199104,0.5059606863969058,adcp linear at epoch+300s
1736015400.Sat.Jan.04_18_30_00.GMT.2025.CACO03.c2.bright.jpg,c2,1736015400,2025-01-04T18:30:00+00:00,30.0,0.9962397915833799,14.234875444839856,204.8362566380719,103.68306165325312,0.4242552201904482,adcp linear at epoch+300s
1736017200.Sat.Jan.04_19_00_00.GMT.2025.CACO03.c2.bright.jpg,c2,1736017200,2025-01-04T19:00:00+00:00,0.0,0.9705791575653755,14.234875444839856,206.45073784722223,83.55393745194506,0.468531982081222,adcp linear at epoch+300s
1736019000.Sat.Jan.04_19_30_00.GMT.2025.CACO03.c2.bright.jpg,c2,1736019000,2025-01-04T19:30:00+00:00,30.0,1.0144692565408546,6.125574272588055,188.9782826542075,114.57067258547744,0.2574783971016621,adcp linear at epoch+300s
1736020800.Sat.Jan.04_20_00_00.GMT.2025.CACO03.c2.bright.jpg,c2,1736020800,2025-01-04T20:00:00+00:00,0.0,1.056235025088782,6.125574272588055,183.420126123366,131.3368659569659,0.1395131086142322,adcp linear at epoch+300s
1736022600.Sat.Jan.04_20_30_00.GMT.2025.CACO03.c2.bright.jpg,c2,1736022600,2025-01-04T20:30:00+00:00,30.0,1.0873791414989493,14.234875444839856,147.135537939134,95.80775689840408,0.0169702088076179,adcp linear at epoch+300s
1736024400.Sat.Jan.04_21_00_00.GMT.2025.CACO03.c2.bright.jpg,c2,1736024400,2025-01-04T21:00:00+00:00,0.0,1.1223213972447195,14.234875444839856,142.72218073427288,43.60541681061083,0.0,adcp linear at epoch+300s
1736026200.Sat.Jan.04_21_30_00.GMT.2025.CACO03.c2.bright.jpg,c2,1736026200,2025-01-04T21:30:00+00:00,30.0,1.1762543496685036,14.234875444839856,39.66519224877451,8.090963861068321,0.0,adcp linear at epoch+300s
1736028000.Sat.Jan.04_22_00_00.GMT.2025.CACO03.c2.bright.jpg,c2,1736028000,2025-01-04T22:00:00+00:00,0.0,1.2114423070851932,14.234875444839856,1.000003191380719,6.382761437908497e-05,0.0,adcp linear at epoch+300s
1736029800.Sat.Jan.04_22_30_00.GMT.2025.CACO03.c2.bright.jpg,c2,1736029800,2025-01-04T22:30:00+00:00,30.0,1.1529052894664098,14.234875444839856,1.0000095741421569,0.0005744485294117,0.0,adcp linear at epoch+300s
1736031600.Sat.Jan.04_23_00_00.GMT.2025.CACO03.c2.bright.jpg,c2,1736031600,2025-01-04T23:00:00+00:00,0.0,1.0952975400709932,14.234875444839856,1.0001563776552287,0.0113070617955907,0.0,adcp linear at epoch+300s
1736033400.Sat.Jan.04_23_30_00.GMT.2025.CACO03.c2.bright.jpg,c2,1736033400,2025-01-04T23:30:00+00:00,30.0,1.0423361317924094,5.847953216374269,1.0000191482843137,0.0005616830065359,0.0,adcp linear at epoch+300s
1736035200.Sun.Jan.05_00_00_00.GMT.2025.CACO03.c2.bright.jpg,c2,1736035200,2025-01-05T00:00:00+00:00,0.0,1.0066193620206294,5.847953216374269,1.0,0.0,0.0,adcp linear at epoch+300s
1736037000.Sun.Jan.05_00_30_00.GMT.2025.CACO03.c2.bright.jpg,c2,1736037000,2025-01-05T00:30:00+00:00,30.0,1.0571257847828692,14.234875444839856,1.000012765522876,0.0002553104575163,0.0,adcp linear at epoch+300s
1736038800.Sun.Jan.05_01_00_00.GMT.2025.CACO03.c2.bright.jpg,c2,1736038800,2025-01-05T01:00:00+00:00,0.0,1.0816993237751622,14.234875444839856,1.0000063827614378,0.0001276552287581,0.0,adcp linear at epoch+300s
1736040600.Sun.Jan.05_01_30_00.GMT.2025.CACO03.c2.bright.jpg,c2,1736040600,2025-01-05T01:30:00+00:00,30.0,0.9766084439177224,14.234875444839856,1.0000223396650327,0.0005744485294117,0.0,adcp linear at epoch+300s
1736042400.Sun.Jan.05_02_00_00.GMT.2025.CACO03.c2.bright.jpg,c2,1736042400,2025-01-05T02:00:00+00:00,0.0,0.8868646162033116,14.234875444839856,1.000012765522876,0.0003829656862745,0.0,adcp linear at epoch+300s
1736044200.Sun.Jan.05_02_30_00.GMT.2025.CACO03.c2.bright.jpg,c2,1736044200,2025-01-05T02:30:00+00:00,30.0,0.8738560492040461,14.234875444839856,1.000003191380719,6.382761437908497e-05,0.0,adcp linear at epoch+300s
1736046000.Sun.Jan.05_03_00_00.GMT.2025.CACO03.c2.bright.jpg,c2,1736046000,2025-01-05T03:00:00+00:00,0.0,0.8624771596921657,14.234875444839856,1.0000414879493464,0.0016595179738562,0.0,adcp linear at epoch+300s
1736076600.Sun.Jan.05_11_30_00.GMT.2025.CACO03.c2.bright.jpg,c2,1736076600,2025-01-05T11:30:00+00:00,30.0,0.8193219742247377,12.82051282051282,2.2522690716911766,0.5361774849450656,0.0,adcp linear at epoch+300s
1736078400.Sun.Jan.05_12_00_00.GMT.2025.CACO03.c2.bright.jpg,c2,1736078400,2025-01-05T12:00:00+00:00,0.0,0.8737891679245999,12.82051282051282,84.39502272263071,28.116147016021483,0.0,adcp linear at epoch+300s
1736080200.Sun.Jan.05_12_30_00.GMT.2025.CACO03.c2.bright.jpg,c2,1736080200,2025-01-05T12:30:00+00:00,30.0,0.8348564924200756,14.234875444839856,180.75175845077607,139.24706044746662,0.0801755158992436,adcp linear at epoch+300s
1736082000.Sun.Jan.05_13_00_00.GMT.2025.CACO03.c2.bright.jpg,c2,1736082000,2025-01-05T13:00:00+00:00,0.0,0.7982145924602686,14.234875444839856,209.51259637969773,91.59373715197933,0.2677963819735135,adcp linear at epoch+300s
1736083800.Sun.Jan.05_13_30_00.GMT.2025.CACO03.c2.bright.jpg,c2,1736083800,2025-01-05T13:30:00+00:00,30.0,0.7730265702240476,12.82051282051282,209.0217077716503,102.4038624316371,0.2386967271303028,adcp linear at epoch+300s
1736085600.Sun.Jan.05_14_00_00.GMT.2025.CACO03.c2.bright.jpg,c2,1736085600,2025-01-05T14:00:00+00:00,0.0,0.7485159852698914,12.82051282051282,174.4196186938317,78.65081455381737,0.0428936868130523,adcp linear at epoch+300s
1736087400.Sun.Jan.05_14_30_00.GMT.2025.CACO03.c2.bright.jpg,c2,1736087400,2025-01-05T14:30:00+00:00,30.0,0.7273925867260583,12.82051282051282,225.6326273999183,86.5618706563388,0.3013206531051871,adcp linear at epoch+300s
1736089200.Sun.Jan.05_15_00_00.GMT.2025.CACO03.c2.bright.jpg,c2,1736089200,2025-01-05T15:00:00+00:00,0.0,0.7210289562452847,12.82051282051282,186.2678334354575,87.9508148245241,0.1467895522753421,adcp linear at epoch+300s
1736091000.Sun.Jan.05_15_30_00.GMT.2025.CACO03.c2.bright.jpg,c2,1736091000,2025-01-05T15:30:00+00:00,30.0,0.7884641660798076,12.82051282051282,215.539710350286,107.35018589904114,0.1961090303786933,adcp linear at epoch+300s
1736092800.Sun.Jan.05_16_00_00.GMT.2025.CACO03.c2.bright.jpg,c2,1736092800,2025-01-05T16:00:00+00:00,0.0,0.8532498365768759,12.82051282051282,220.01893127042484,101.23783337428772,0.3412951947320751,adcp linear at epoch+300s
1736094600.Sun.Jan.05_16_30_00.GMT.2025.CACO03.c2.bright.jpg,c2,1736094600,2025-01-05T16:30:00+00:00,30.0,0.9047878103866707,12.82051282051282,183.66983570772052,83.61611833896877,0.2186666177082568,adcp linear at epoch+300s
1736096400.Sun.Jan.05_17_00_00.GMT.2025.CACO03.c2.bright.jpg,c2,1736096400,2025-01-05T17:00:00+00:00,0.0,0.9497522209175825,12.82051282051282,206.2598837060866,73.3623071850744,0.3168649482264816,adcp linear at epoch+300s
1736098200.Sun.Jan.05_17_30_00.GMT.2025.CACO03.c2.bright.jpg,c2,1736098200,2025-01-05T17:30:00+00:00,30.0,0.9618488150540789,12.82051282051282,246.65672870710785,29.41196900842192,0.7194744314704659,adcp linear at epoch+300s
1736100000.Sun.Jan.05_18_00_00.GMT.2025.CACO03.c2.bright.jpg,c2,1736100000,2025-01-05T18:00:00+00:00,0.0,0.9667324291425686,12.82051282051282,225.8253325418709,72.01524155912652,0.659549337837507,adcp linear at epoch+300s
1736101800.Sun.Jan.05_18_30_00.GMT.2025.CACO03.c2.bright.jpg,c2,1736101800,2025-01-05T18:30:00+00:00,30.0,0.9355511429910245,12.82051282051282,212.3040651807598,48.08454921393359,0.423753396489682,adcp linear at epoch+300s
1736103600.Sun.Jan.05_19_00_00.GMT.2025.CACO03.c2.bright.jpg,c2,1736103600,2025-01-05T19:00:00+00:00,0.0,0.9050116993722863,12.82051282051282,194.74481081495097,69.19044472164047,0.2511382830285672,adcp linear at epoch+300s
1736105400.Sun.Jan.05_19_30_00.GMT.2025.CACO03.c2.bright.jpg,c2,1736105400,2025-01-05T19:30:00+00:00,30.0,0.877681468417578,12.82051282051282,208.24285449857027,56.08044800246468,0.4024748476169494,adcp linear at epoch+300s
1736107200.Sun.Jan.05_20_00_00.GMT.2025.CACO03.c2.bright.jpg,c2,1736107200,2025-01-05T20:00:00+00:00,0.0,0.847417767663797,12.82051282051282,191.0629691329657,67.11277061437795,0.1931715257888424,adcp linear at epoch+300s
1736109000.Sun.Jan.05_20_30_00.GMT.2025.CACO03.c2.bright.jpg,c2,1736109000,2025-01-05T20:30:00+00:00,30.0,0.8024867179146518,4.950495049504951,202.33520348243465,54.79116816449193,0.2652260654573939,adcp linear at epoch+300s
1736110800.Sun.Jan.05_21_00_00.GMT.2025.CACO03.c2.bright.jpg,c2,1736110800,2025-01-05T21:00:00+00:00,0.0,0.7704020475465889,4.950495049504951,117.31013518688724,42.13107499457459,0.0,adcp linear at epoch+300s
1736112600.Sun.Jan.05_21_30_00.GMT.2025.CACO03.c2.bright.jpg,c2,1736112600,2025-01-05T21:30:00+00:00,30.0,0.8025492740839373,5.594405594405594,27.96326401654412,3.740396059635453,0.0,adcp linear at epoch+300s
1736114400.Sun.Jan.05_22_00_00.GMT.2025.CACO03.c2.bright.jpg,c2,1736114400,2025-01-05T22:00:00+00:00,0.0,0.8488826113057919,5.594405594405594,1.0000095741421569,0.0001404207516339,0.0,adcp linear at epoch+300s
1736116200.Sun.Jan.05_22_30_00.GMT.2025.CACO03.c2.bright.jpg,c2,1736116200,2025-01-05T22:30:00+00:00,30.0,0.9661465019501779,5.594405594405594,1.0000861672794117,0.0105826184640522,0.0,adcp linear at epoch+300s
1736118000.Sun.Jan.05_23_00_00.GMT.2025.CACO03.c2.bright.jpg,c2,1736118000,2025-01-05T23:00:00+00:00,0.0,1.0849850937136287,5.594405594405594,1.0000063827614378,0.0001276552287581,0.0,adcp linear at epoch+300s
1736119800.Sun.Jan.05_23_30_00.GMT.2025.CACO03.c2.bright.jpg,c2,1736119800,2025-01-05T23:30:00+00:00,30.0,1.2116971910724033,7.142857142857142,1.0000095741421569,0.0003191380718954,0.0,adcp linear at epoch+300s
1736121600.Mon.Jan.06_00_00_00.GMT.2025.CACO03.c2.bright.jpg,c2,1736121600,2025-01-06T00:00:00+00:00,0.0,1.3387792112070032,7.142857142857142,1.0000765931372548,0.0150250204248366,0.0,adcp linear at epoch+300s
1736123400.Mon.Jan.06_00_30_00.GMT.2025.CACO03.c2.bright.jpg,c2,1736123400,2025-01-06T00:30:00+00:00,30.0,1.4677108452207293,6.768189509306261,1.0000191482843137,0.0006382761437908,0.0,adcp linear at epoch+300s
1736125200.Mon.Jan.06_01_00_00.GMT.2025.CACO03.c2.bright.jpg,c2,1736125200,2025-01-06T01:00:00+00:00,0.0,1.584242318199248,6.768189509306261,1.0000191482843137,0.0011488970588235,0.0,adcp linear at epoch+300s
1736127000.Mon.Jan.06_01_30_00.GMT.2025.CACO03.c2.bright.jpg,c2,1736127000,2025-01-06T01:30:00+00:00,30.0,1.63877298600173,7.561436672967865,1.0,0.0,0.0,adcp linear at epoch+300s
1736128800.Mon.Jan.06_02_00_00.GMT.2025.CACO03.c2.bright.jpg,c2,1736128800,2025-01-06T02:00:00+00:00,0.0,1.7023503163013263,7.561436672967865,1.000504238153595,0.0052657781862745,0.0,adcp linear at epoch+300s
1736130600.Mon.Jan.06_02_30_00.GMT.2025.CACO03.c2.bright.jpg,c2,1736130600,2025-01-06T02:30:00+00:00,30.0,1.8111609590864959,8.032128514056225,1.000003191380719,6.382761437908497e-05,0.0,adcp linear at epoch+300s
1736132400.Mon.Jan.06_03_00_00.GMT.2025.CACO03.c2.bright.jpg,c2,1736132400,2025-01-06T03:00:00+00:00,0.0,1.9071499063529507,8.032128514056225,1.0000223396650327,0.0011361315359477,0.0,adcp linear at epoch+300s
1736163000.Mon.Jan.06_11_30_00.GMT.2025.CACO03.c2.bright.jpg,c2,1736163000,2025-01-06T11:30:00+00:00,30.0,1.1043830433064223,6.125574272588055,2.006031709558824,0.6680006588776927,0.0,adcp linear at epoch+300s
1736164800.Mon.Jan.06_12_00_00.GMT.2025.CACO03.c2.bright.jpg,c2,1736164800,2025-01-06T12:00:00+00:00,0.0,0.9989071372594339,6.125574272588055,53.42021229064542,6.142419766573114,0.0,adcp linear at epoch+300s
1736166600.Mon.Jan.06_12_30_00.GMT.2025.CACO03.c2.bright.jpg,c2,1736166600,2025-01-06T12:30:00+00:00,30.0,0.8959658370765972,6.125574272588055,221.5269958895016,20.55623851098867,0.4354666960417125,adcp linear at epoch+300s
1736168400.Mon.Jan.06_13_00_00.GMT.2025.CACO03.c2.bright.jpg,c2,1736168400,2025-01-06T13:00:00+00:00,0.0,0.8085851077295279,6.125574272588055,192.6398175806781,35.949968276893046,0.2767312917676434,adcp linear at epoch+300s
1736170200.Mon.Jan.06_13_30_00.GMT.2025.CACO03.c2.bright.jpg,c2,1736170200,2025-01-06T13:30:00+00:00,30.0,0.7990072325612959,5.594405594405594,186.32076248468132,41.233259521008776,0.2115186898729529,adcp linear at epoch+300s
1736172000.Mon.Jan.06_14_00_00.GMT.2025.CACO03.c2.bright.jpg,c2,1736172000,2025-01-06T14:00:00+00:00,0.0,0.7915735107591559,5.594405594405594,195.57829095179736,35.940333916379224,0.2205698758904311,adcp linear at epoch+300s
1736173800.Mon.Jan.06_14_30_00.GMT.2025.CACO03.c2.bright.jpg,c2,1736173800,2025-01-06T14:30:00+00:00,30.0,0.7948605557874757,5.847953216374269,192.84211920445264,33.010971884413976,0.1820824459621551,adcp linear at epoch+300s
1736175600.Mon.Jan.06_15_00_00.GMT.2025.CACO03.c2.bright.jpg,c2,1736175600,2025-01-06T15:00:00+00:00,0.0,0.794805828499981,5.847953216374269,184.67710248161765,40.50770021012504,0.1399782135076252,adcp linear at epoch+300s
1736177400.Mon.Jan.06_15_30_00.GMT.2025.CACO03.c2.bright.jpg,c2,1736177400,2025-01-06T15:30:00+00:00,30.0,0.7780422396334142,5.847953216374269,184.52085248161765,38.82642327037778,0.1401128491346601,adcp linear at epoch+300s
1736179200.Mon.Jan.06_16_00_00.GMT.2025.CACO03.c2.bright.jpg,c2,1736179200,2025-01-06T16:00:00+00:00,0.0,0.7581353756994784,5.847953216374269,197.67368451286765,30.480781536832755,0.2462240826417958,adcp linear at epoch+300s
1736181000.Mon.Jan.06_16_30_00.GMT.2025.CACO03.c2.bright.jpg,c2,1736181000,2025-01-06T16:30:00+00:00,30.0,0.7225121364286973,5.594405594405594,185.49411509395424,38.15289408811577,0.2072103498078382,adcp linear at epoch+300s
1736182800.Mon.Jan.06_17_00_00.GMT.2025.CACO03.c2.bright.jpg,c2,1736182800,2025-01-06T17:00:00+00:00,0.0,0.6837868254977366,5.594405594405594,165.34778390522877,31.913739953231943,7.343761474627305e-05,adcp linear at epoch+300s
1736184600.Mon.Jan.06_17_30_00.GMT.2025.CACO03.c2.bright.jpg,c2,1736184600,2025-01-06T17:30:00+00:00,30.0,0.6295511562658787,5.361930294906166,177.39095052083334,36.35203241871118,0.1034246407676678,adcp linear at epoch+300s
1736186400.Mon.Jan.06_18_00_00.GMT.2025.CACO03.c2.bright.jpg,c2,1736186400,2025-01-06T18:00:00+00:00,0.0,0.5802215705725348,5.361930294906166,184.14184410743465,43.07879638255312,0.2200129739786051,adcp linear at epoch+300s
1736188200.Mon.Jan.06_18_30_00.GMT.2025.CACO03.c2.bright.jpg,c2,1736188200,2025-01-06T18:30:00+00:00,30.0,0.5554224025717609,5.361930294906166,170.02055249183007,45.53597524329167,0.0021725294362439,adcp linear at epoch+300s
1736190000.Mon.Jan.06_19_00_00.GMT.2025.CACO03.c2.bright.jpg,c2,1736190000,2025-01-06T19:00:00+00:00,0.0,0.5327800004536792,5.361930294906166,172.86741727941177,45.6803512908937,0.0593743115223617,adcp linear at epoch+300s
1736191800.Mon.Jan.06_19_30_00.GMT.2025.CACO03.c2.bright.jpg,c2,1736191800,2025-01-06T19:30:00+00:00,30.0,0.520921427749059,5.361930294906166,160.1860160079657,40.53110620770676,5.507821105970478e-05,adcp linear at epoch+300s
1736193600.Mon.Jan.06_20_00_00.GMT.2025.CACO03.c2.bright.jpg,c2,1736193600,2025-01-06T20:00:00+00:00,0.0,0.5069483776785142,5.361930294906166,161.56023731107027,48.22423906039895,6.119801228856087e-06,adcp linear at epoch+300s
1736195400.Mon.Jan.06_20_30_00.GMT.2025.CACO03.c2.bright.jpg,c2,1736195400,2025-01-06T20:30:00+00:00,30.0,0.4824029407783468,6.125574272588055,166.08495136335785,60.06012559477892,0.0012239602457712,adcp linear at epoch+300s
1736197200.Mon.Jan.06_21_00_00.GMT.2025.CACO03.c2.bright.jpg,c2,1736197200,2025-01-06T21:00:00+00:00,0.0,0.4586083840920361,6.125574272588055,126.80184717116012,30.4488772478091,0.0,adcp linear at epoch+300s
1736199000.Mon.Jan.06_21_30_00.GMT.2025.CACO03.c2.bright.jpg,c2,1736199000,2025-01-06T21:30:00+00:00,30.0,0.43856822847500926,5.594405594405594,33.374189389297385,3.985115378775528,0.0,adcp linear at epoch+300s
1736200800.Mon.Jan.06_22_00_00.GMT.2025.CACO03.c2.bright.jpg,c2,1736200800,2025-01-06T22:00:00+00:00,0.0,0.4340803610307839,5.594405594405594,1.0161196640114378,1.0337903390115508,0.0,adcp linear at epoch+300s
1736202600.Mon.Jan.06_22_30_00.GMT.2025.CACO03.c2.bright.jpg,c2,1736202600,2025-01-06T22:30:00+00:00,30.0,0.5073539344505658,4.597701149425287,1.0145622702205883,1.005830652074472,0.0,adcp linear at epoch+300s
1736204400.Mon.Jan.06_23_00_00.GMT.2025.CACO03.c2.bright.jpg,c2,1736204400,2025-01-06T23:00:00+00:00,0.0,0.5599576435456328,4.597701149425287,1.000070210375817,0.0115017361111111,0.0,adcp linear at epoch+300s
1736206200.Mon.Jan.06_23_30_00.GMT.2025.CACO03.c2.bright.jpg,c2,1736206200,2025-01-06T23:30:00+00:00,30.0,0.5092120310171265,5.594405594405594,1.000015956903595,0.0003957312091503,0.0,adcp linear at epoch+300s
1736208000.Tue.Jan.07_00_00_00.GMT.2025.CACO03.c2.bright.jpg,c2,1736208000,2025-01-07T00:00:00+00:00,0.0,0.460495334973804,5.594405594405594,1.0005935968137254,0.0062455320568085,0.0,adcp linear at epoch+300s
1736209800.Tue.Jan.07_00_30_00.GMT.2025.CACO03.c2.bright.jpg,c2,1736209800,2025-01-07T00:30:00+00:00,30.0,0.42192322135640015,5.361930294906166,1.002374387254902,0.0486302593954248,0.0,adcp linear at epoch+300s
1736211600.Tue.Jan.07_01_00_00.GMT.2025.CACO03.c2.bright.jpg,c2,1736211600,2025-01-07T01:00:00+00:00,0.0,0.3917683107935455,5.361930294906166,1.0000351051879084,0.0024892769607843,0.0,adcp linear at epoch+300s
1736213400.Tue.Jan.07_01_30_00.GMT.2025.CACO03.c2.bright.jpg,c2,1736213400,2025-01-07T01:30:00+00:00,30.0,0.4036994155034368,5.361930294906166,1.0,0.0,0.0,adcp linear at epoch+300s
1736215200.Tue.Jan.07_02_00_00.GMT.2025.CACO03.c2.bright.jpg,c2,1736215200,2025-01-07T02:00:00+00:00,0.0,0.40755345914356256,5.361930294906166,1.0001180810866013,0.0081827001633986,0.0,adcp linear at epoch+300s
1736217000.Tue.Jan.07_02_30_00.GMT.2025.CACO03.c2.bright.jpg,c2,1736217000,2025-01-07T02:30:00+00:00,30.0,0.371022197434861,5.148005148005149,1.000003191380719,6.382761437908497e-05,0.0,adcp linear at epoch+300s
1736218800.Tue.Jan.07_03_00_00.GMT.2025.CACO03.c2.bright.jpg,c2,1736218800,2025-01-07T03:00:00+00:00,0.0,0.3376781672462102,5.148005148005149,1.0000191482843137,0.0005361519607843,0.0,adcp linear at epoch+300s
1736249400.Tue.Jan.07_11_30_00.GMT.2025.CACO03.c2.bright.jpg,c2,1736249400,2025-01-07T11:30:00+00:00,30.0,1.2984517469561194,5.847953216374269,1.0658828635620916,0.3132499646812547,0.0,adcp linear at epoch+300s
1736251200.Tue.Jan.07_12_00_00.GMT.2025.CACO03.c2.bright.jpg,c2,1736251200,2025-01-07T12:00:00+00:00,0.0,1.3165461598185497,5.847953216374269,41.31041602839052,6.368157523135372,0.0,adcp linear at epoch+300s
1736253000.Tue.Jan.07_12_30_00.GMT.2025.CACO03.c2.bright.jpg,c2,1736253000,2025-01-07T12:30:00+00:00,30.0,1.2849373817420506,6.430868167202571,181.08668747446896,47.34407377518034,0.2199701353700031,adcp linear at epoch+300s
1736254800.Tue.Jan.07_13_00_00.GMT.2025.CACO03.c2.bright.jpg,c2,1736254800,2025-01-07T13:00:00+00:00,0.0,1.2606483560953172,6.430868167202571,196.0770080167484,55.47524564333122,0.3243188661232283,adcp linear at epoch+300s
1736256600.Tue.Jan.07_13_30_00.GMT.2025.CACO03.c2.bright.jpg,c2,1736256600,2025-01-07T13:30:00+00:00,30.0,1.2729580925974124,6.125574272588055,190.8570101868873,43.68148353210941,0.3526413062103742,adcp linear at epoch+300s
1736258400.Tue.Jan.07_14_00_00.GMT.2025.CACO03.c2.bright.jpg,c2,1736258400,2025-01-07T14:00:00+00:00,0.0,1.2922802605330053,6.125574272588055,198.74055670445264,46.30986380072935,0.3560316760911605,adcp linear at epoch+300s
1736260200.Tue.Jan.07_14_30_00.GMT.2025.CACO03.c2.bright.jpg,c2,1736260200,2025-01-07T14:30:00+00:00,30.0,1.3466645856360855,6.430868167202571,209.6326242085376,46.870315051637945,0.3530390932902499,adcp linear at epoch+300s
1736262000.Tue.Jan.07_15_00_00.GMT.2025.CACO03.c2.bright.jpg,c2,1736262000,2025-01-07T15:00:00+00:00,0.0,1.387178941416458,6.430868167202571,243.86785449857027,49.89572641253598,0.7117328829159629,adcp linear at epoch+300s
1736263800.Tue.Jan.07_15_30_00.GMT.2025.CACO03.c2.bright.jpg,c2,1736263800,2025-01-07T15:30:00+00:00,30.0,1.3583434505832912,6.768189509306261,206.14792687908496,79.6394526202745,0.2992093216812318,adcp linear at epoch+300s
1736265600.Tue.Jan.07_16_00_00.GMT.2025.CACO03.c2.bright.jpg,c2,1736265600,2025-01-07T16:00:00+00:00,0.0,1.3350217455207738,6.768189509306261,187.01691112642973,68.72934144461618,0.2061883430026192,adcp linear at epoch+300s
1736267400.Tue.Jan.07_16_30_00.GMT.2025.CACO03.c2.bright.jpg,c2,1736267400,2025-01-07T16:30:00+00:00,30.0,1.3392689693115036,6.768189509306261,208.46132046568627,53.088007304225286,0.2916268879586791,adcp linear at epoch+300s
1736269200.Tue.Jan.07_17_00_00.GMT.2025.CACO03.c2.bright.jpg,c2,1736269200,2025-01-07T17:00:00+00:00,0.0,1.3425775901783707,6.768189509306261,176.36895871629903,62.60684253134777,0.0823113265281143,adcp linear at epoch+300s
1736271000.Tue.Jan.07_17_30_00.GMT.2025.CACO03.c2.bright.jpg,c2,1736271000,2025-01-07T17:30:00+00:00,30.0,1.3411931964259256,6.768189509306261,182.45210056678923,58.84816072060379,0.1724253996230202,adcp linear at epoch+300s
1736272800.Tue.Jan.07_18_00_00.GMT.2025.CACO03.c2.bright.jpg,c2,1736272800,2025-01-07T18:00:00+00:00,0.0,1.34453467094883,6.768189509306261,189.67579401552288,50.63130882557446,0.2662541920638417,adcp linear at epoch+300s
1736274600.Tue.Jan.07_18_30_00.GMT.2025.CACO03.c2.bright.jpg,c2,1736274600,2025-01-07T18:30:00+00:00,30.0,1.3715054868484833,7.142857142857142,199.37930517258988,44.34915739154005,0.3572066779271009,adcp linear at epoch+300s
1736276400.Tue.Jan.07_19_00_00.GMT.2025.CACO03.c2.bright.jpg,c2,1736276400,2025-01-07T19:00:00+00:00,0.0,1.3918069687742491,7.142857142857142,205.3426330167484,48.18743157914359,0.4060855303419745,adcp linear at epoch+300s
1736278200.Tue.Jan.07_19_30_00.GMT.2025.CACO03.c2.bright.jpg,c2,1736278200,2025-01-07T19:30:00+00:00,30.0,1.3787617808305785,6.768189509306261,208.450967626634,57.81554256939327,0.3617904090475141,adcp linear at epoch+300s
1736280000.Tue.Jan.07_20_00_00.GMT.2025.CACO03.c2.bright.jpg,c2,1736280000,2025-01-07T20:00:00+00:00,0.0,1.3627214113910329,6.768189509306261,178.500284032884,46.065624242428,0.0701084428777753,adcp linear at epoch+300s
1736281800.Tue.Jan.07_20_30_00.GMT.2025.CACO03.c2.bright.jpg,c2,1736281800,2025-01-07T20:30:00+00:00,30.0,1.331705134472112,5.594405594405594,179.4404105392157,196.24082560561445,0.2524050818829404,adcp linear at epoch+300s
1736283600.Tue.Jan.07_21_00_00.GMT.2025.CACO03.c2.bright.jpg,c2,1736283600,2025-01-07T21:00:00+00:00,0.0,1.3121208104729218,5.594405594405594,182.5512982536765,165.92616152230696,0.2234523022692223,adcp linear at epoch+300s
1736285400.Tue.Jan.07_21_30_00.GMT.2025.CACO03.c2.bright.jpg,c2,1736285400,2025-01-07T21:30:00+00:00,30.0,1.3496962510723836,6.768189509306261,49.91648156658497,14.986557789974109,0.0,adcp linear at epoch+300s
1736287200.Tue.Jan.07_22_00_00.GMT.2025.CACO03.c2.bright.jpg,c2,1736287200,2025-01-07T22:00:00+00:00,0.0,1.3776142111283887,6.768189509306261,1.0674849366830066,0.3187870174090026,0.0,adcp linear at epoch+300s
1736289000.Tue.Jan.07_22_30_00.GMT.2025.CACO03.c2.bright.jpg,c2,1736289000,2025-01-07T22:30:00+00:00,30.0,1.357244768467111,7.142857142857142,1.0000095741421569,0.0005744485294117,0.0,adcp linear at epoch+300s
1736290800.Tue.Jan.07_23_00_00.GMT.2025.CACO03.c2.bright.jpg,c2,1736290800,2025-01-07T23:00:00+00:00,0.0,1.353026952206235,7.142857142857142,1.0000223396650327,0.0005967881027802,0.0,adcp linear at epoch+300s
1736292600.Tue.Jan.07_23_30_00.GMT.2025.CACO03.c2.bright.jpg,c2,1736292600,2025-01-07T23:30:00+00:00,30.0,1.4295672679473679,7.142857142857142,1.000003191380719,6.382761437908497e-05,0.0,adcp linear at epoch+300s
1736294400.Wed.Jan.08_00_00_00.GMT.2025.CACO03.c2.bright.jpg,c2,1736294400,2025-01-08T00:00:00+00:00,0.0,1.4926313897780938,7.142857142857142,1.0,0.0,0.0,adcp linear at epoch+300s
1736296200.Wed.Jan.08_00_30_00.GMT.2025.CACO03.c2.bright.jpg,c2,1736296200,2025-01-08T00:30:00+00:00,30.0,1.4883145420567865,7.142857142857142,1.0,0.0,0.0,adcp linear at epoch+300s
1736298000.Wed.Jan.08_01_00_00.GMT.2025.CACO03.c2.bright.jpg,c2,1736298000,2025-01-08T01:00:00+00:00,0.0,1.4905216203907166,7.142857142857142,1.000079784517974,0.0059614991830065,0.0,adcp linear at epoch+300s
1736299800.Wed.Jan.08_01_30_00.GMT.2025.CACO03.c2.bright.jpg,c2,1736299800,2025-01-08T01:30:00+00:00,30.0,1.5253483290008356,8.565310492505352,1.0000095741421569,0.0001914828431372,0.0,adcp linear at epoch+300s
1736301600.Wed.Jan.08_02_00_00.GMT.2025.CACO03.c2.bright.jpg,c2,1736301600,2025-01-08T02:00:00+00:00,0.0,1.5446597711959253,8.565310492505352,1.0000287224264706,0.000485089869281,0.0,adcp linear at epoch+300s
1736303400.Wed.Jan.08_02_30_00.GMT.2025.CACO03.c2.bright.jpg,c2,1736303400,2025-01-08T02:30:00+00:00,30.0,1.4863948813158694,7.142857142857142,1.0000638276143792,0.004812602124183,0.0,adcp linear at epoch+300s
1736305200.Wed.Jan.08_03_00_00.GMT.2025.CACO03.c2.bright.jpg,c2,1736305200,2025-01-08T03:00:00+00:00,0.0,1.4457113537249475,7.142857142857142,1.0000829758986929,0.0033062704248366,0.0,adcp linear at epoch+300s
1736335800.Wed.Jan.08_11_30_00.GMT.2025.CACO03.c2.bright.jpg,c2,1736335800,2025-01-08T11:30:00+00:00,30.0,1.209435256766374,6.430868167202571,3.367761948529412,0.964949064738748,0.0,adcp linear at epoch+300s
1736337600.Wed.Jan.08_12_00_00.GMT.2025.CACO03.c2.bright.jpg,c2,1736337600,2025-01-08T12:00:00+00:00,0.0,1.1845905505460836,6.430868167202571,122.0369402318219,81.88149826565041,0.0,adcp linear at epoch+300s
1736339400.Wed.Jan.08_12_30_00.GMT.2025.CACO03.c2.bright.jpg,c2,1736339400,2025-01-08T12:30:00+00:00,30.0,1.1905160014231364,6.768189509306261,248.82034760518792,58.34490106496802,0.6639800739271988,adcp linear at epoch+300s
1736341200.Wed.Jan.08_13_00_00.GMT.2025.CACO03.c2.bright.jpg,c2,1736341200,2025-01-08T13:00:00+00:00,0.0,1.1872546561561066,6.768189509306261,230.2871795853758,290.1012894205295,0.5139653864042496,adcp linear at epoch+300s
1736343000.Wed.Jan.08_13_30_00.GMT.2025.CACO03.c2.bright.jpg,c2,1736343000,2025-01-08T13:30:00+00:00,30.0,1.1380593301686648,6.768189509306261,188.0241619434232,361.5316003164471,0.3428006658343737,adcp linear at epoch+300s
1736344800.Wed.Jan.08_14_00_00.GMT.2025.CACO03.c2.bright.jpg,c2,1736344800,2025-01-08T14:00:00+00:00,0.0,1.0988908959882109,6.768189509306261,199.8620366115196,406.1101510144241,0.3924812122102274,adcp linear at epoch+300s
1736346600.Wed.Jan.08_14_30_00.GMT.2025.CACO03.c2.bright.jpg,c2,1736346600,2025-01-08T14:30:00+00:00,30.0,1.1098569208426965,6.430868167202571,183.87204797283496,296.3695896813064,0.3127769210056057,adcp linear at epoch+300s
1736348400.Wed.Jan.08_15_00_00.GMT.2025.CACO03.c2.bright.jpg,c2,1736348400,2025-01-08T15:00:00+00:00,0.0,1.1264473024380008,6.430868167202571,181.4281588286356,315.60531797362813,0.2773249124868424,adcp linear at epoch+300s
1736350200.Wed.Jan.08_15_30_00.GMT.2025.CACO03.c2.bright.jpg,c2,1736350200,2025-01-08T15:30:00+00:00,30.0,1.1711594677373987,6.768189509306261,181.907998876634,313.15128415880264,0.2517502631514528,adcp linear at epoch+300s
1736352000.Wed.Jan.08_16_00_00.GMT.2025.CACO03.c2.bright.jpg,c2,1736352000,2025-01-08T16:00:00+00:00,0.0,1.2094157475091283,6.768189509306261,176.15608404820262,349.8451042775695,0.2049031847445594,adcp linear at epoch+300s
1736353800.Wed.Jan.08_16_30_00.GMT.2025.CACO03.c2.bright.jpg,c2,1736353800,2025-01-08T16:30:00+00:00,30.0,1.2153925996425168,7.142857142857142,171.4671511182598,311.9251381772419,0.1647266896771193,adcp linear at epoch+300s
1736355600.Wed.Jan.08_17_00_00.GMT.2025.CACO03.c2.bright.jpg,c2,1736355600,2025-01-08T17:00:00+00:00,0.0,1.221133442581312,7.142857142857142,181.7365738613153,286.14020960946846,0.1936672296883797,adcp linear at epoch+300s
1736357400.Wed.Jan.08_17_30_00.GMT.2025.CACO03.c2.bright.jpg,c2,1736357400,2025-01-08T17:30:00+00:00,30.0,1.2256942395471402,7.561436672967865,238.3935866013072,181.2788053826513,0.6162639837458079,adcp linear at epoch+300s
1736359200.Wed.Jan.08_18_00_00.GMT.2025.CACO03.c2.bright.jpg,c2,1736359200,2025-01-08T18:00:00+00:00,0.0,1.2308301084692483,7.561436672967865,231.1645986519608,162.88494746687778,0.5410883454505397,adcp linear at epoch+300s
1736361000.Wed.Jan.08_18_30_00.GMT.2025.CACO03.c2.bright.jpg,c2,1736361000,2025-01-08T18:30:00+00:00,30.0,1.2388413371727562,7.142857142857142,217.1462960835376,185.83374954720296,0.5766076717828205,adcp linear at epoch+300s
1736362800.Wed.Jan.08_19_00_00.GMT.2025.CACO03.c2.bright.jpg,c2,1736362800,2025-01-08T19:00:00+00:00,0.0,1.2431776559503915,7.142857142857142,199.3723958333333,205.35563641472623,0.5441176470588235,adcp linear at epoch+300s
1736364600.Wed.Jan.08_19_30_00.GMT.2025.CACO03.c2.bright.jpg,c2,1736364600,2025-01-08T19:30:00+00:00,30.0,1.2291394250986618,6.125574272588055,159.91425717422385,136.97397741643422,0.371361778169445,adcp linear at epoch+300s
1736366400.Wed.Jan.08_20_00_00.GMT.2025.CACO03.c2.bright.jpg,c2,1736366400,2025-01-08T20:00:00+00:00,0.0,1.2242316437220737,6.125574272588055,171.9493368310866,120.77021629442967,0.3613803823651808,adcp linear at epoch+300s
1736368200.Wed.Jan.08_20_30_00.GMT.2025.CACO03.c2.bright.jpg,c2,1736368200,2025-01-08T20:30:00+00:00,30.0,1.2649761097211938,7.142857142857142,144.74586397058823,74.94268539225949,0.185234143595016,adcp linear at epoch+300s
1736370000.Wed.Jan.08_21_00_00.GMT.2025.CACO03.c2.bright.jpg,c2,1736370000,2025-01-08T21:00:00+00:00,0.0,1.2949897536291213,7.142857142857142,149.74823516646242,73.07043004697971,0.0045776113191843,adcp linear at epoch+300s
1736371800.Wed.Jan.08_21_30_00.GMT.2025.CACO03.c2.bright.jpg,c2,1736371800,2025-01-08T21:30:00+00:00,30.0,1.2713492870810854,6.768189509306261,67.32364111008987,15.38492470108626,0.0,adcp linear at epoch+300s
1736373600.Wed.Jan.08_22_00_00.GMT.2025.CACO03.c2.bright.jpg,c2,1736373600,2025-01-08T22:00:00+00:00,0.0,1.2383865286362765,6.768189509306261,1.2035909415849673,0.3008323117248463,0.0,adcp linear at epoch+300s
1736375400.Wed.Jan.08_22_30_00.GMT.2025.CACO03.c2.bright.jpg,c2,1736375400,2025-01-08T22:30:00+00:00,30.0,1.1588123107076038,7.142857142857142,1.0000925500408495,0.0087699142156862,0.0,adcp linear at epoch+300s
1736377200.Wed.Jan.08_23_00_00.GMT.2025.CACO03.c2.bright.jpg,c2,1736377200,2025-01-08T23:00:00+00:00,0.0,1.0872280010114541,7.142857142857142,1.000012765522876,0.000485089869281,0.0,adcp linear at epoch+300s
1736379000.Wed.Jan.08_23_30_00.GMT.2025.CACO03.c2.bright.jpg,c2,1736379000,2025-01-08T23:30:00+00:00,30.0,1.0555932324779191,6.768189509306261,1.0000510620915033,0.0016978145424836,0.0,adcp linear at epoch+300s
1736380800.Thu.Jan.09_00_00_00.GMT.2025.CACO03.c2.bright.jpg,c2,1736380800,2025-01-09T00:00:00+00:00,0.0,1.028292292380704,6.768189509306261,1.0000095741421569,0.0003191380718954,0.0,adcp linear at epoch+300s
1736382600.Thu.Jan.09_00_30_00.GMT.2025.CACO03.c2.bright.jpg,c2,1736382600,2025-01-09T00:30:00+00:00,30.0,1.0226604944650868,7.142857142857142,1.0000223396650327,0.0005106209150326,0.0,adcp linear at epoch+300s
1736384400.Thu.Jan.09_01_00_00.GMT.2025.CACO03.c2.bright.jpg,c2,1736384400,2025-01-09T01:00:00+00:00,0.0,1.0339220630061203,7.142857142857142,1.0000510620915033,0.0027701184640522,0.0,adcp linear at epoch+300s
1736386200.Thu.Jan.09_01_30_00.GMT.2025.CACO03.c2.bright.jpg,c2,1736386200,2025-01-09T01:30:00+00:00,30.0,1.129650463830409,6.768189509306261,1.0000063827614378,7.659313725490196e-05,0.0,adcp linear at epoch+300s
1736388000.Thu.Jan.09_02_00_00.GMT.2025.CACO03.c2.bright.jpg,c2,1736388000,2025-01-09T02:00:00+00:00,0.0,1.2206836799971366,6.768189509306261,1.0000223396650327,0.000625510620915,0.0,adcp linear at epoch+300s
1736389800.Thu.Jan.09_02_30_00.GMT.2025.CACO03.c2.bright.jpg,c2,1736389800,2025-01-09T02:30:00+00:00,30.0,1.28824097287606,7.142857142857142,0.9999968086192812,6.382761437908497e-05,0.0,adcp linear at epoch+300s
1736391600.Thu.Jan.09_03_00_00.GMT.2025.CACO03.c2.bright.jpg,c2,1736391600,2025-01-09T03:00:00+00:00,0.0,1.3464185894037437,7.142857142857142,1.0000414879493464,0.0009191176063191,0.0,adcp linear at epoch+300s
1736422200.Thu.Jan.09_11_30_00.GMT.2025.CACO03.c2.bright.jpg,c2,1736422200,2025-01-09T11:30:00+00:00,30.0,1.312848044527119,6.768189509306261,2.505320031658497,0.5649541705405017,0.0,adcp linear at epoch+300s
1736424000.Thu.Jan.09_12_00_00.GMT.2025.CACO03.c2.bright.jpg,c2,1736424000,2025-01-09T12:00:00+00:00,0.0,1.267371420976987,6.768189509306261,73.64079095179738,22.10783348952676,0.0,adcp linear at epoch+300s
1736425800.Thu.Jan.09_12_30_00.GMT.2025.CACO03.c2.bright.jpg,c2,1736425800,2025-01-09T12:30:00+00:00,30.0,1.2761338658288413,6.430868167202571,238.46880425347223,56.91653820149305,0.4340101833492448,adcp linear at epoch+300s
1736427600.Thu.Jan.09_13_00_00.GMT.2025.CACO03.c2.bright.jpg,c2,1736427600,2025-01-09T13:00:00+00:00,0.0,1.2801490510937912,6.430868167202571,194.77973090277777,184.14599571437225,0.3734302709847984,adcp linear at epoch+300s
1736429400.Thu.Jan.09_13_30_00.GMT.2025.CACO03.c2.bright.jpg,c2,1736429400,2025-01-09T13:30:00+00:00,30.0,1.2604279384242205,4.291845493562232,202.7878050959968,94.75499450225963,0.3267484272110841,adcp linear at epoch+300s
1736431200.Thu.Jan.09_14_00_00.GMT.2025.CACO03.c2.bright.jpg,c2,1736431200,2025-01-09T14:00:00+00:00,0.0,1.254819112386056,4.291845493562232,222.252339282067,152.67453022773967,0.4122971285892634,adcp linear at epoch+300s
1736433000.Thu.Jan.09_14_30_00.GMT.2025.CACO03.c2.bright.jpg,c2,1736433000,2025-01-09T14:30:00+00:00,30.0,1.3197717195049226,6.430868167202571,222.8584463082108,248.59058153605363,0.5111931164475778,adcp linear at epoch+300s
1736434800.Thu.Jan.09_15_00_00.GMT.2025.CACO03.c2.bright.jpg,c2,1736434800,2025-01-09T15:00:00+00:00,0.0,1.3664107664410707,6.430868167202571,191.29097094566995,307.9345156717465,0.4346711218819613,adcp linear at epoch+300s
1736436600.Thu.Jan.09_15_30_00.GMT.2025.CACO03.c2.bright.jpg,c2,1736436600,2025-01-09T15:30:00+00:00,30.0,1.3214820124636264,7.142857142857142,182.9267418555964,203.28325610543988,0.3753886073780323,adcp linear at epoch+300s
1736438400.Thu.Jan.09_16_00_00.GMT.2025.CACO03.c2.bright.jpg,c2,1736438400,2025-01-09T16:00:00+00:00,0.0,1.2993568374626607,7.142857142857142,184.8862496170343,203.29890708868544,0.3187437272037404,adcp linear at epoch+300s
1736440200.Thu.Jan.09_16_30_00.GMT.2025.CACO03.c2.bright.jpg,c2,1736440200,2025-01-09T16:30:00+00:00,30.0,1.3912495573440875,6.430868167202571,223.8056832107843,287.43665257007035,0.3975361680252625,adcp linear at epoch+300s
1736442000.Thu.Jan.09_17_00_00.GMT.2025.CACO03.c2.bright.jpg,c2,1736442000,2025-01-09T17:00:00+00:00,0.0,1.475458737195712,6.430868167202571,200.7253657322304,342.9895508713336,0.2945337935423857,adcp linear at epoch+300s
1736443800.Thu.Jan.09_17_30_00.GMT.2025.CACO03.c2.bright.jpg,c2,1736443800,2025-01-09T17:30:00+00:00,30.0,1.5212502168983248,7.142857142857142,208.4067414726308,304.2394515583489,0.3168833076301682,adcp linear at epoch+300s
1736445600.Thu.Jan.09_18_00_00.GMT.2025.CACO03.c2.bright.jpg,c2,1736445600,2025-01-09T18:00:00+00:00,0.0,1.570537915847424,7.142857142857142,186.1787109375,323.55220981118634,0.2686592739467822,adcp linear at epoch+300s
1736447400.Thu.Jan.09_18_30_00.GMT.2025.CACO03.c2.bright.jpg,c2,1736447400,2025-01-09T18:30:00+00:00,30.0,1.6373067110289552,7.142857142857142,189.58513965482027,191.697367702088,0.2032569582139972,adcp linear at epoch+300s
1736449200.Thu.Jan.09_19_00_00.GMT.2025.CACO03.c2.bright.jpg,c2,1736449200,2025-01-09T19:00:00+00:00,0.0,1.6824811739596497,7.142857142857142,206.09320746527777,164.58853843225478,0.344361215147732,adcp linear at epoch+300s
1736451000.Thu.Jan.09_19_30_00.GMT.2025.CACO03.c2.bright.jpg,c2,1736451000,2025-01-09T19:30:00+00:00,30.0,1.6196839756361596,6.768189509306261,177.63620812908496,189.06423260064733,0.5615652003622922,adcp linear at epoch+300s
1736452800.Thu.Jan.09_20_00_00.GMT.2025.CACO03.c2.bright.jpg,c2,1736452800,2025-01-09T20:00:00+00:00,0.0,1.5756111788458167,6.768189509306261,161.14918747446896,238.4090639878493,0.4281045751633986,adcp linear at epoch+300s
1736454600.Thu.Jan.09_20_30_00.GMT.2025.CACO03.c2.bright.jpg,c2,1736454600,2025-01-09T20:30:00+00:00,30.0,1.6251603897212101,7.142857142857142,137.7031760620915,147.03508603555025,0.2304717142787202,adcp linear at epoch+300s
1736456400.Thu.Jan.09_21_00_00.GMT.2025.CACO03.c2.bright.jpg,c2,1736456400,2025-01-09T21:00:00+00:00,0.0,1.67921421093292,7.142857142857142,138.75430517258988,53.32423122117894,0.0009240899855572,adcp linear at epoch+300s
1736458200.Thu.Jan.09_21_30_00.GMT.2025.CACO03.c2.bright.jpg,c2,1736458200,2025-01-09T21:30:00+00:00,30.0,1.7557910838262145,7.561436672967865,79.48613664215686,27.42278131545851,0.0,adcp linear at epoch+300s
1736460000.Thu.Jan.09_22_00_00.GMT.2025.CACO03.c2.bright.jpg,c2,1736460000,2025-01-09T22:00:00+00:00,0.0,1.812764068958621,7.561436672967865,1.5435655381944444,1.018950416101813,0.0,adcp linear at epoch+300s
1736461800.Thu.Jan.09_22_30_00.GMT.2025.CACO03.c2.bright.jpg,c2,1736461800,2025-01-09T22:30:00+00:00,30.0,1.7717176152865883,7.561436672967865,1.000003191380719,6.382761437908497e-05,0.0,adcp linear at epoch+300s
1736463600.Thu.Jan.09_23_00_00.GMT.2025.CACO03.c2.bright.jpg,c2,1736463600,2025-01-09T23:00:00+00:00,0.0,1.7434888383606029,7.561436672967865,1.000003191380719,6.382761437908497e-05,0.0,adcp linear at epoch+300s
1736465400.Thu.Jan.09_23_30_00.GMT.2025.CACO03.c2.bright.jpg,c2,1736465400,2025-01-09T23:30:00+00:00,30.0,1.7793484451648545,7.561436672967865,1.0,0.0,0.0,adcp linear at epoch+300s
1736467200.Fri.Jan.10_00_00_00.GMT.2025.CACO03.c2.bright.jpg,c2,1736467200,2025-01-10T00:00:00+00:00,0.0,1.825916954628742,7.561436672967865,1.000015956903595,0.0008808210784313,0.0,adcp linear at epoch+300s
1736469000.Fri.Jan.10_00_30_00.GMT.2025.CACO03.c2.bright.jpg,c2,1736469000,2025-01-10T00:30:00+00:00,30.0,1.9260299773908098,7.561436672967865,1.00006063623366,0.0069444444444444,0.0,adcp linear at epoch+300s
1736470800.Fri.Jan.10_01_00_00.GMT.2025.CACO03.c2.bright.jpg,c2,1736470800,2025-01-10T01:00:00+00:00,0.0,1.9829624915750843,7.561436672967865,1.0000255310457515,0.0021446078431372,0.0,adcp linear at epoch+300s
1736472600.Fri.Jan.10_01_30_00.GMT.2025.CACO03.c2.bright.jpg,c2,1736472600,2025-01-10T01:30:00+00:00,30.0,1.8239924628703907,7.561436672967865,1.000003191380719,6.382761437908497e-05,0.0,adcp linear at epoch+300s
1736474400.Fri.Jan.10_02_00_00.GMT.2025.CACO03.c2.bright.jpg,c2,1736474400,2025-01-10T02:00:00+00:00,0.0,1.7083133999139013,7.561436672967865,1.0000510620915033,0.0045189950980392,0.0,adcp linear at epoch+300s
1736476200.Fri.Jan.10_02_30_00.GMT.2025.CACO03.c2.bright.jpg,c2,1736476200,2025-01-10T02:30:00+00:00,30.0,1.8090891656984318,7.561436672967865,1.0000351051879084,0.0030764910130718,0.0,adcp linear at epoch+300s
1736478000.Fri.Jan.10_03_00_00.GMT.2025.CACO03.c2.bright.jpg,c2,1736478000,2025-01-10T03:00:00+00:00,0.0,1.884757724438857,7.561436672967865,1.0000510620915033,0.0058849060457516,0.0,adcp linear at epoch+300s
1736508600.Fri.Jan.10_11_30_00.GMT.2025.CACO03.c2.bright.jpg,c2,1736508600,2025-01-10T11:30:00+00:00,30.0,1.9069044098105516,7.142857142857142,4.696719898897059,1.5202620707968229,0.0,adcp linear at epoch+300s
1736510400.Fri.Jan.10_12_00_00.GMT.2025.CACO03.c2.bright.jpg,c2,1736510400,2025-01-10T12:00:00+00:00,0.0,1.866834827144435,7.142857142857142,172.1019805708742,178.40459990705105,0.0040268292085873,adcp linear at epoch+300s
1736512200.Fri.Jan.10_12_30_00.GMT.2025.CACO03.c2.bright.jpg,c2,1736512200,2025-01-10T12:30:00+00:00,30.0,1.7163142077329319,7.142857142857142,219.4895833333333,534.5153272910521,0.4269601723336026,adcp linear at epoch+300s
1736514000.Fri.Jan.10_13_00_00.GMT.2025.CACO03.c2.bright.jpg,c2,1736514000,2025-01-10T13:00:00+00:00,0.0,1.5987565429165518,7.142857142857142,209.56378293504903,844.2580614218293,0.406660791657487,adcp linear at epoch+300s
1736515800.Fri.Jan.10_13_30_00.GMT.2025.CACO03.c2.bright.jpg,c2,1736515800,2025-01-10T13:30:00+00:00,30.0,1.646013651075787,7.142857142857142,202.4329873876634,675.9548018867098,0.4788683263567599,adcp linear at epoch+300s
1736517600.Fri.Jan.10_14_00_00.GMT.2025.CACO03.c2.bright.jpg,c2,1736517600,2025-01-10T14:00:00+00:00,0.0,1.6857714654260558,7.142857142857142,205.67758757148687,564.8677965242649,0.5552556852953416,adcp linear at epoch+300s
1736519400.Fri.Jan.10_14_30_00.GMT.2025.CACO03.c2.bright.jpg,c2,1736519400,2025-01-10T14:30:00+00:00,30.0,1.688032810731493,7.561436672967865,199.1485683466095,453.5146016217424,0.4940209541994076,adcp linear at epoch+300s
1736521200.Fri.Jan.10_15_00_00.GMT.2025.CACO03.c2.bright.jpg,c2,1736521200,2025-01-10T15:00:00+00:00,0.0,1.6752899696103856,7.561436672967865,201.27870327818627,360.3461997610954,0.5679848718513623,adcp linear at epoch+300s
1736523000.Fri.Jan.10_15_30_00.GMT.2025.CACO03.c2.bright.jpg,c2,1736523000,2025-01-10T15:30:00+00:00,30.0,1.5875261963565543,6.768189509306261,197.18692236008988,319.6552630360885,0.5345462779368926,adcp linear at epoch+300s
1736524800.Fri.Jan.10_16_00_00.GMT.2025.CACO03.c2.bright.jpg,c2,1736524800,2025-01-10T16:00:00+00:00,0.0,1.5250661220008956,6.768189509306261,194.77735013276143,305.9875088569941,0.5310212724290715,adcp linear at epoch+300s
1736526600.Fri.Jan.10_16_30_00.GMT.2025.CACO03.c2.bright.jpg,c2,1736526600,2025-01-10T16:30:00+00:00,30.0,1.5891245421360998,7.561436672967865,187.17528339460785,277.6381867199472,0.4496462754889721,adcp linear at epoch+300s
1736528400.Fri.Jan.10_17_00_00.GMT.2025.CACO03.c2.bright.jpg,c2,1736528400,2025-01-10T17:00:00+00:00,0.0,1.6087993039871111,7.561436672967865,184.7676962060866,272.6025198614171,0.4058958165038799,adcp linear at epoch+300s
1736530200.Fri.Jan.10_17_30_00.GMT.2025.CACO03.c2.bright.jpg,c2,1736530200,2025-01-10T17:30:00+00:00,30.0,1.4065557744171575,6.768189509306261,178.0594362745098,287.41927718415496,0.292140951261903,adcp linear at epoch+300s
1736532000.Fri.Jan.10_18_00_00.GMT.2025.CACO03.c2.bright.jpg,c2,1736532000,2025-01-10T18:00:00+00:00,0.0,1.2338284183092085,6.768189509306261,172.63805912990196,275.6836797681621,0.260630094734523,adcp linear at epoch+300s
1736533800.Fri.Jan.10_18_30_00.GMT.2025.CACO03.c2.bright.jpg,c2,1736533800,2025-01-10T18:30:00+00:00,30.0,1.2086819295112818,6.430868167202571,159.1275722528595,219.7754416251265,0.2201231304007246,adcp linear at epoch+300s
1736535600.Fri.Jan.10_19_00_00.GMT.2025.CACO03.c2.bright.jpg,c2,1736535600,2025-01-10T19:00:00+00:00,0.0,1.1789467043866884,6.430868167202571,145.54866217320262,227.4738169959398,0.236389562067024,adcp linear at epoch+300s
1736537400.Fri.Jan.10_19_30_00.GMT.2025.CACO03.c2.bright.jpg,c2,1736537400,2025-01-10T19:30:00+00:00,30.0,1.1262677976287603,6.768189509306261,137.28252336090685,205.99628741362605,0.3334373699542239,adcp linear at epoch+300s
1736539200.Fri.Jan.10_20_00_00.GMT.2025.CACO03.c2.bright.jpg,c2,1736539200,2025-01-10T20:00:00+00:00,0.0,1.0718145756799142,6.768189509306261,129.85568257250816,131.00747420777725,0.3552850603412401,adcp linear at epoch+300s
1736541000.Fri.Jan.10_20_30_00.GMT.2025.CACO03.c2.bright.jpg,c2,1736541000,2025-01-10T20:30:00+00:00,30.0,1.0084897777764794,6.430868167202571,124.72606783598856,64.32436550641808,0.2256615505128393,adcp linear at epoch+300s
1736542800.Fri.Jan.10_21_00_00.GMT.2025.CACO03.c2.bright.jpg,c2,1736542800,2025-01-10T21:00:00+00:00,0.0,0.9552379001269126,6.430868167202571,128.96982549530227,48.046035230457655,0.0081699346405228,adcp linear at epoch+300s
1736544600.Fri.Jan.10_21_30_00.GMT.2025.CACO03.c2.bright.jpg,c2,1736544600,2025-01-10T21:30:00+00:00,30.0,0.9523506237466854,6.125574272588055,96.49085988562092,31.293455032471417,0.0,adcp linear at epoch+300s
1736546400.Fri.Jan.10_22_00_00.GMT.2025.CACO03.c2.bright.jpg,c2,1736546400,2025-01-10T22:00:00+00:00,0.0,0.96337722326841,6.125574272588055,1.9129870046977124,1.27056844701241,0.0,adcp linear at epoch+300s
1736548200.Fri.Jan.10_22_30_00.GMT.2025.CACO03.c2.bright.jpg,c2,1736548200,2025-01-10T22:30:00+00:00,30.0,1.0439732022998933,5.594405594405594,1.0000989328022876,0.0136080473856209,0.0,adcp linear at epoch+300s
1736550000.Fri.Jan.10_23_00_00.GMT.2025.CACO03.c2.bright.jpg,c2,1736550000,2025-01-10T23:00:00+00:00,0.0,1.1018989820841103,5.594405594405594,1.0000414879493464,0.0010340073529411,0.0,adcp linear at epoch+300s
1736551800.Fri.Jan.10_23_30_00.GMT.2025.CACO03.c2.bright.jpg,c2,1736551800,2025-01-10T23:30:00+00:00,30.0,1.0464737656319973,5.594405594405594,1.0053168402777777,0.2045419730392156,0.0,adcp linear at epoch+300s
1736553600.Sat.Jan.11_00_00_00.GMT.2025.CACO03.c2.bright.jpg,c2,1736553600,2025-01-11T00:00:00+00:00,0.0,0.9868460794318432,5.594405594405594,1.0007946537990196,0.0118400224265806,0.0,adcp linear at epoch+300s
1736555400.Sat.Jan.11_00_30_00.GMT.2025.CACO03.c2.bright.jpg,c2,1736555400,2025-01-11T00:30:00+00:00,30.0,0.9062060444914835,6.125574272588055,1.0000510620915033,0.0037275326797385,0.0,adcp linear at epoch+300s
1736557200.Sat.Jan.11_01_00_00.GMT.2025.CACO03.c2.bright.jpg,c2,1736557200,2025-01-11T01:00:00+00:00,0.0,0.8501160313266937,6.125574272588055,1.0000287224264706,0.0011616625816993,0.0,adcp linear at epoch+300s
1736559000.Sat.Jan.11_01_30_00.GMT.2025.CACO03.c2.bright.jpg,c2,1736559000,2025-01-11T01:30:00+00:00,30.0,0.9167761270397526,5.594405594405594,1.0068710426879084,0.1936657475490196,0.0,adcp linear at epoch+300s
1736560800.Sat.Jan.11_02_00_00.GMT.2025.CACO03.c2.bright.jpg,c2,1736560800,2025-01-11T02:00:00+00:00,0.0,0.9591567488362829,5.594405594405594,1.000003191380719,6.382761437908497e-05,0.0,adcp linear at epoch+300s
1736562600.Sat.Jan.11_02_30_00.GMT.2025.CACO03.c2.bright.jpg,c2,1736562600,2025-01-11T02:30:00+00:00,30.0,0.880140001050169,5.847953216374269,1.000067018995098,0.0058466094771241,0.0,adcp linear at epoch+300s
1736564400.Sat.Jan.11_03_00_00.GMT.2025.CACO03.c2.bright.jpg,c2,1736564400,2025-01-11T03:00:00+00:00,0.0,0.8081414057985732,5.847953216374269,1.000015956903595,0.0005489174836601,0.0,adcp linear at epoch+300s
1736595000.Sat.Jan.11_11_30_00.GMT.2025.CACO03.c2.bright.jpg,c2,1736595000,2025-01-11T11:30:00+00:00,30.0,0.6476455475504763,5.847953216374269,1.6378102022058822,1.6661081652531504,0.0,adcp linear at epoch+300s
1736596800.Sat.Jan.11_12_00_00.GMT.2025.CACO03.c2.bright.jpg,c2,1736596800,2025-01-11T12:00:00+00:00,0.0,0.6471375199564089,5.847953216374269,47.40823503880719,13.981403824540472,0.0,adcp linear at epoch+300s
1736598600.Sat.Jan.11_12_30_00.GMT.2025.CACO03.c2.bright.jpg,c2,1736598600,2025-01-11T12:30:00+00:00,30.0,0.6448437322266426,6.125574272588055,198.07083588643792,88.44846804945894,0.1918129299160363,adcp linear at epoch+300s
1736600400.Sat.Jan.11_13_00_00.GMT.2025.CACO03.c2.bright.jpg,c2,1736600400,2025-01-11T13:00:00+00:00,0.0,0.6429410140402472,6.125574272588055,213.83736085580065,85.82945573217383,0.2366159947124917,adcp linear at epoch+300s
1736602200.Sat.Jan.11_13_30_00.GMT.2025.CACO03.c2.bright.jpg,c2,1736602200,2025-01-11T13:30:00+00:00,30.0,0.6429936435707057,5.594405594405594,190.2054259854984,96.05668198746106,0.2316038775060586,adcp linear at epoch+300s
1736604000.Sat.Jan.11_14_00_00.GMT.2025.CACO03.c2.bright.jpg,c2,1736604000,2025-01-11T14:00:00+00:00,0.0,0.645540189298101,5.594405594405594,192.2378408394608,91.7065296214548,0.2279503561724315,adcp linear at epoch+300s
1736605800.Sat.Jan.11_14_30_00.GMT.2025.CACO03.c2.bright.jpg,c2,1736605800,2025-01-11T14:30:00+00:00,30.0,0.6605563160101809,5.847953216374269,179.2803404564951,93.0321627185898,0.212705931311351,adcp linear at epoch+300s
1736607600.Sat.Jan.11_15_00_00.GMT.2025.CACO03.c2.bright.jpg,c2,1736607600,2025-01-11T15:00:00+00:00,0.0,0.6616929080874859,5.847953216374269,206.48145169526143,59.83184914451636,0.2532128956451494,adcp linear at epoch+300s
1736609400.Sat.Jan.11_15_30_00.GMT.2025.CACO03.c2.bright.jpg,c2,1736609400,2025-01-11T15:30:00+00:00,30.0,0.5934318269909152,6.125574272588055,180.47187755310452,69.84282031040524,0.2046828719003206,adcp linear at epoch+300s
1736611200.Sat.Jan.11_16_00_00.GMT.2025.CACO03.c2.bright.jpg,c2,1736611200,2025-01-11T16:00:00+00:00,0.0,0.5392952857526914,6.125574272588055,187.93785105187908,71.84371130414215,0.2982485128883014,adcp linear at epoch+300s
1736613000.Sat.Jan.11_16_30_00.GMT.2025.CACO03.c2.bright.jpg,c2,1736613000,2025-01-11T16:30:00+00:00,30.0,0.5557814438062014,5.594405594405594,179.02934155433007,77.78395626538737,0.2107843137254902,adcp linear at epoch+300s
1736614800.Sat.Jan.11_17_00_00.GMT.2025.CACO03.c2.bright.jpg,c2,1736614800,2025-01-11T17:00:00+00:00,0.0,0.5687836451764962,5.594405594405594,167.19319980596404,78.96646369507293,0.1695490930454578,adcp linear at epoch+300s
1736616600.Sat.Jan.11_17_30_00.GMT.2025.CACO03.c2.bright.jpg,c2,1736616600,2025-01-11T17:30:00+00:00,30.0,0.5643660631307142,5.594405594405594,200.38524433210785,51.66836447432414,0.4339489853369562,adcp linear at epoch+300s
1736618400.Sat.Jan.11_18_00_00.GMT.2025.CACO03.c2.bright.jpg,c2,1736618400,2025-01-11T18:00:00+00:00,0.0,0.561722277598456,5.594405594405594,164.38766020731208,68.9617319513128,0.0100976720276125,adcp linear at epoch+300s
1736620200.Sat.Jan.11_18_30_00.GMT.2025.CACO03.c2.bright.jpg,c2,1736620200,2025-01-11T18:30:00+00:00,30.0,0.567947474633817,5.847953216374269,221.7944367851308,5.038979430237168,0.0,adcp linear at epoch+300s
1736622000.Sat.Jan.11_19_00_00.GMT.2025.CACO03.c2.bright.jpg,c2,1736622000,2025-01-11T19:00:00+00:00,0.0,0.5725151746265636,5.847953216374269,193.89908215890523,135.99580893563797,0.1571320163521088,adcp linear at epoch+300s
1736623800.Sat.Jan.11_19_30_00.GMT.2025.CACO03.c2.bright.jpg,c2,1736623800,2025-01-11T19:30:00+00:00,30.0,0.5687953894062392,5.847953216374269,175.92129097732845,105.04144885428076,0.0421899096717338,adcp linear at epoch+300s
1736625600.Sat.Jan.11_20_00_00.GMT.2025.CACO03.c2.bright.jpg,c2,1736625600,2025-01-11T20:00:00+00:00,0.0,0.5573815088815512,5.847953216374269,168.01686325571896,132.66848168557863,0.1011909133191353,adcp linear at epoch+300s
1736627400.Sat.Jan.11_20_30_00.GMT.2025.CACO03.c2.bright.jpg,c2,1736627400,2025-01-11T20:30:00+00:00,30.0,0.5074971518350462,14.234875444839856,163.4918300653595,154.30864152488095,0.0716995911972779,adcp linear at epoch+300s
1736629200.Sat.Jan.11_21_00_00.GMT.2025.CACO03.c2.bright.jpg,c2,1736629200,2025-01-11T21:00:00+00:00,0.0,0.517052095774162,14.234875444839856,95.65361391952614,37.03515746060906,0.0,adcp linear at epoch+300s
1736631000.Sat.Jan.11_21_30_00.GMT.2025.CACO03.c2.bright.jpg,c2,1736631000,2025-01-11T21:30:00+00:00,30.0,0.8238035446413825,4.291845493562232,18.562937219158496,3.3195242191747187,0.0,adcp linear at epoch+300s
1736632800.Sat.Jan.11_22_00_00.GMT.2025.CACO03.c2.bright.jpg,c2,1736632800,2025-01-11T22:00:00+00:00,0.0,1.109640010320317,4.291845493562232,1.010885799632353,0.3932610803108981,0.0,adcp linear at epoch+300s
1736634600.Sat.Jan.11_22_30_00.GMT.2025.CACO03.c2.bright.jpg,c2,1736634600,2025-01-11T22:30:00+00:00,30.0,1.2909015600578209,5.148005148005149,1.1024848090277777,18.507640165441178,0.0,adcp linear at epoch+300s
1736636400.Sat.Jan.11_23_00_00.GMT.2025.CACO03.c2.bright.jpg,c2,1736636400,2025-01-11T23:00:00+00:00,0.0,1.4687367065009487,5.148005148005149,1.0000319138071896,0.0005361519607843,0.0,adcp linear at epoch+300s
1736638200.Sat.Jan.11_23_30_00.GMT.2025.CACO03.c2.bright.jpg,c2,1736638200,2025-01-11T23:30:00+00:00,30.0,1.6294398364721945,5.847953216374269,1.4112636591094772,83.78809551163181,0.0,adcp linear at epoch+300s
1736640000.Sun.Jan.12_00_00_00.GMT.2025.CACO03.c2.bright.jpg,c2,1736640000,2025-01-12T00:00:00+00:00,0.0,1.7659022364896746,5.847953216374269,1.008868847017974,0.1988613153594771,0.0,adcp linear at epoch+300s
1736641800.Sun.Jan.12_00_30_00.GMT.2025.CACO03.c2.bright.jpg,c2,1736641800,2025-01-12T00:30:00+00:00,30.0,1.7811609867383262,6.125574272588055,1.0000542534722223,0.001672283496732,0.0,adcp linear at epoch+300s
1736643600.Sun.Jan.12_01_00_00.GMT.2025.CACO03.c2.bright.jpg,c2,1736643600,2025-01-12T01:00:00+00:00,0.0,1.7824216639824153,6.125574272588055,1.000015956903595,0.0010850694444444,0.0,adcp linear at epoch+300s
1736645400.Sun.Jan.12_01_30_00.GMT.2025.CACO03.c2.bright.jpg,c2,1736645400,2025-01-12T01:30:00+00:00,30.0,1.7136919762036928,6.125574272588055,1.0011776194852942,0.0218354268790849,0.0,adcp linear at epoch+300s
1736647200.Sun.Jan.12_02_00_00.GMT.2025.CACO03.c2.bright.jpg,c2,1736647200,2025-01-12T02:00:00+00:00,0.0,1.6582982871324594,6.125574272588055,1.000003191380719,6.382761437908497e-05,0.0,adcp linear at epoch+300s
1736649000.Sun.Jan.12_02_30_00.GMT.2025.CACO03.c2.bright.jpg,c2,1736649000,2025-01-12T02:30:00+00:00,30.0,1.6695845915986705,5.847953216374269,1.0002840328839868,0.0077678206699346,0.0,adcp linear at epoch+300s
1736650800.Sun.Jan.12_03_00_00.GMT.2025.CACO03.c2.bright.jpg,c2,1736650800,2025-01-12T03:00:00+00:00,0.0,1.678903549149549,5.847953216374269,1.008230570874183,0.1123557495915032,0.0,adcp linear at epoch+300s
1736681400.Sun.Jan.12_11_30_00.GMT.2025.CACO03.c2.bright.jpg,c2,1736681400,2025-01-12T11:30:00+00:00,30.0,1.812421748711754,7.142857142857142,1.1422366472630718,3.5403358606522413,0.0,adcp linear at epoch+300s
1736683200.Sun.Jan.12_12_00_00.GMT.2025.CACO03.c2.bright.jpg,c2,1736683200,2025-01-12T12:00:00+00:00,0.0,1.8038098709393,7.142857142857142,31.010668785743466,11.62438718641862,0.0,adcp linear at epoch+300s
1736685000.Sun.Jan.12_12_30_00.GMT.2025.CACO03.c2.bright.jpg,c2,1736685000,2025-01-12T12:30:00+00:00,30.0,1.8068848159577457,6.768189509306261,166.21727239072712,263.7825389034781,0.0,adcp linear at epoch+300s
1736686800.Sun.Jan.12_13_00_00.GMT.2025.CACO03.c2.bright.jpg,c2,1736686800,2025-01-12T13:00:00+00:00,0.0,1.7938852227722457,6.768189509306261,223.3271292892157,343.4017907254612,0.7547673251572788,adcp linear at epoch+300s
1736688600.Sun.Jan.12_13_30_00.GMT.2025.CACO03.c2.bright.jpg,c2,1736688600,2025-01-12T13:30:00+00:00,30.0,1.7005129385670166,6.768189509306261,207.8528741574755,414.3702295242866,0.4695050304766101,adcp linear at epoch+300s
1736690400.Sun.Jan.12_14_00_00.GMT.2025.CACO03.c2.bright.jpg,c2,1736690400,2025-01-12T14:00:00+00:00,0.0,1.6166692181784417,6.768189509306261,197.72265625,311.6295652443608,0.3237680840126313,adcp linear at epoch+300s
1736692200.Sun.Jan.12_14_30_00.GMT.2025.CACO03.c2.bright.jpg,c2,1736692200,2025-01-12T14:30:00+00:00,30.0,1.5804683168731375,7.142857142857142,215.3155988306781,260.1943484088725,0.614770752245967,adcp linear at epoch+300s
1736694000.Sun.Jan.12_15_00_00.GMT.2025.CACO03.c2.bright.jpg,c2,1736694000,2025-01-12T15:00:00+00:00,0.0,1.5494853743851507,7.142857142857142,201.11455461090685,277.8144367668822,0.3958042642774962,adcp linear at epoch+300s
1736695800.Sun.Jan.12_15_30_00.GMT.2025.CACO03.c2.bright.jpg,c2,1736695800,2025-01-12T15:30:00+00:00,30.0,1.544592225983751,6.768189509306261,200.7964345894608,155.27165940126784,0.5369330004161464,adcp linear at epoch+300s
1736697600.Sun.Jan.12_16_00_00.GMT.2025.CACO03.c2.bright.jpg,c2,1736697600,2025-01-12T16:00:00+00:00,0.0,1.5401281574243222,6.768189509306261,204.7093960631128,134.06432660786376,0.5846123717901642,adcp linear at epoch+300s
1736699400.Sun.Jan.12_16_30_00.GMT.2025.CACO03.c2.bright.jpg,c2,1736699400,2025-01-12T16:30:00+00:00,30.0,1.5378094880747482,6.430868167202571,212.78965609681373,107.46289411336252,0.6617524662798953,adcp linear at epoch+300s
1736701200.Sun.Jan.12_17_00_00.GMT.2025.CACO03.c2.bright.jpg,c2,1736701200,2025-01-12T17:00:00+00:00,0.0,1.5169664384110386,6.430868167202571,189.1607147416258,102.45035516276172,0.1361472179383613,adcp linear at epoch+300s
1736703000.Sun.Jan.12_17_30_00.GMT.2025.CACO03.c2.bright.jpg,c2,1736703000,2025-01-12T17:30:00+00:00,30.0,1.4035014871766527,6.430868167202571,186.514852685866,115.43298781444167,0.2587145969498911,adcp linear at epoch+300s
1736704800.Sun.Jan.12_18_00_00.GMT.2025.CACO03.c2.bright.jpg,c2,1736704800,2025-01-12T18:00:00+00:00,0.0,1.3104865559730006,6.430868167202571,195.57720269097223,127.67461000959938,0.5852733103228807,adcp linear at epoch+300s
1736706600.Sun.Jan.12_18_30_00.GMT.2025.CACO03.c2.bright.jpg,c2,1736706600,2025-01-12T18:30:00+00:00,30.0,1.3197217249230166,6.430868167202571,175.78416373059642,113.89373896610752,0.1550941225428998,adcp linear at epoch+300s
1736708400.Sun.Jan.12_19_00_00.GMT.2025.CACO03.c2.bright.jpg,c2,1736708400,2025-01-12T19:00:00+00:00,0.0,1.326282133765226,6.430868167202571,175.5888480392157,114.92300768910737,0.2462485618467112,adcp linear at epoch+300s
1736710200.Sun.Jan.12_19_30_00.GMT.2025.CACO03.c2.bright.jpg,c2,1736710200,2025-01-12T19:30:00+00:00,30.0,1.3194687420684004,6.768189509306261,172.8095894607843,110.0952084355263,0.1927737387089667,adcp linear at epoch+300s
1736712000.Sun.Jan.12_20_00_00.GMT.2025.CACO03.c2.bright.jpg,c2,1736712000,2025-01-12T20:00:00+00:00,0.0,1.3101355187258261,6.768189509306261,168.1692484936683,114.34172971504572,0.1993402854275293,adcp linear at epoch+300s
1736713800.Sun.Jan.12_20_30_00.GMT.2025.CACO03.c2.bright.jpg,c2,1736713800,2025-01-12T20:30:00+00:00,30.0,1.288203137154507,6.430868167202571,174.70314733966504,110.47728024874884,0.3737240214437835,adcp linear at epoch+300s
1736715600.Sun.Jan.12_21_00_00.GMT.2025.CACO03.c2.bright.jpg,c2,1736715600,2025-01-12T21:00:00+00:00,0.0,1.2767059013254585,6.430868167202571,138.70958435457516,53.20999565540668,0.0286957479621061,adcp linear at epoch+300s
1736717400.Sun.Jan.12_21_30_00.GMT.2025.CACO03.c2.bright.jpg,c2,1736717400,2025-01-12T21:30:00+00:00,30.0,1.3173843942077628,6.768189509306261,130.79007416768792,39.52806649111719,0.0011566424322538,adcp linear at epoch+300s
1736719200.Sun.Jan.12_22_00_00.GMT.2025.CACO03.c2.bright.jpg,c2,1736719200,2025-01-12T22:00:00+00:00,0.0,1.3517042354886672,6.768189509306261,2.902918198529412,1.147129032886738,0.0,adcp linear at epoch+300s
1736721000.Sun.Jan.12_22_30_00.GMT.2025.CACO03.c2.bright.jpg,c2,1736721000,2025-01-12T22:30:00+00:00,30.0,1.354230818762574,6.768189509306261,1.0023839613970589,0.1516990907281145,0.0,adcp linear at epoch+300s
1736722800.Sun.Jan.12_23_00_00.GMT.2025.CACO03.c2.bright.jpg,c2,1736722800,2025-01-12T23:00:00+00:00,0.0,1.3454198205322165,6.768189509306261,1.0223747702205883,1.023999183006536,0.0,adcp linear at epoch+300s
1736724600.Sun.Jan.12_23_30_00.GMT.2025.CACO03.c2.bright.jpg,c2,1736724600,2025-01-12T23:30:00+00:00,30.0,1.2799209147805388,6.125574272588055,1.0084922640931373,0.1353719873366013,0.0,adcp linear at epoch+300s
1736726400.Mon.Jan.13_00_00_00.GMT.2025.CACO03.c2.bright.jpg,c2,1736726400,2025-01-13T00:00:00+00:00,0.0,1.2235769900011562,6.125574272588055,1.0000510620915033,0.0017105800653594,0.0,adcp linear at epoch+300s
1736728200.Mon.Jan.13_00_30_00.GMT.2025.CACO03.c2.bright.jpg,c2,1736728200,2025-01-13T00:30:00+00:00,30.0,1.2130079700832488,6.768189509306261,1.0234311172385622,0.9692223243464052,0.0,adcp linear at epoch+300s
1736730000.Mon.Jan.13_01_00_00.GMT.2025.CACO03.c2.bright.jpg,c2,1736730000,2025-01-13T01:00:00+00:00,0.0,1.2025820836768488,6.768189509306261,1.0012191074346406,0.0132410385927563,0.0,adcp linear at epoch+300s
1736731800.Mon.Jan.13_01_30_00.GMT.2025.CACO03.c2.bright.jpg,c2,1736731800,2025-01-13T01:30:00+00:00,30.0,1.1928718648279848,6.768189509306261,1.000293607026144,0.0037147671568627,0.0,adcp linear at epoch+300s
1736733600.Mon.Jan.13_02_00_00.GMT.2025.CACO03.c2.bright.jpg,c2,1736733600,2025-01-13T02:00:00+00:00,0.0,1.1871854265984783,6.768189509306261,1.0001819087009804,0.0038105085784313,0.0,adcp linear at epoch+300s
1736735400.Mon.Jan.13_02_30_00.GMT.2025.CACO03.c2.bright.jpg,c2,1736735400,2025-01-13T02:30:00+00:00,30.0,1.201617891465759,6.768189509306261,1.000003191380719,6.382761437908497e-05,0.0,adcp linear at epoch+300s
1736737200.Mon.Jan.13_03_00_00.GMT.2025.CACO03.c2.bright.jpg,c2,1736737200,2025-01-13T03:00:00+00:00,0.0,1.2147835909458202,6.768189509306261,1.0000063827614378,0.0002553104575163,0.0,adcp linear at epoch+300s
1736767800.Mon.Jan.13_11_30_00.GMT.2025.CACO03.c2.bright.jpg,c2,1736767800,2025-01-13T11:30:00+00:00,30.0,1.2039588111174393,9.876543209876544,3.4507378472222223,4.677849251506236,0.0,adcp linear at epoch+300s
1736769600.Mon.Jan.13_12_00_00.GMT.2025.CACO03.c2.bright.jpg,c2,1736769600,2025-01-13T12:00:00+00:00,0.0,1.2812025863421719,9.876543209876544,147.29765688827615,39.997287723315246,0.0,adcp linear at epoch+300s
1736771400.Mon.Jan.13_12_30_00.GMT.2025.CACO03.c2.bright.jpg,c2,1736771400,2025-01-13T12:30:00+00:00,30.0,1.2835052133371454,9.876543209876544,195.34750944648687,92.94109614259324,0.0573486573156103,adcp linear at epoch+300s
1736773200.Mon.Jan.13_13_00_00.GMT.2025.CACO03.c2.bright.jpg,c2,1736773200,2025-01-13T13:00:00+00:00,0.0,1.2784111322022047,9.876543209876544,219.4606215533088,124.61360355499863,0.675711732882916,adcp linear at epoch+300s
1736775000.Mon.Jan.13_13_30_00.GMT.2025.CACO03.c2.bright.jpg,c2,1736775000,2025-01-13T13:30:00+00:00,30.0,1.2363335104176936,9.876543209876544,220.92985345179736,128.8846023893961,0.7025593008739076,adcp linear at epoch+300s
1736776800.Mon.Jan.13_14_00_00.GMT.2025.CACO03.c2.bright.jpg,c2,1736776800,2025-01-13T14:00:00+00:00,0.0,1.1932480270190604,9.876543209876544,209.57961537479576,194.8728411223532,0.599930234265991,adcp linear at epoch+300s
1736778600.Mon.Jan.13_14_30_00.GMT.2025.CACO03.c2.bright.jpg,c2,1736778600,2025-01-13T14:30:00+00:00,30.0,1.145123235549819,10.6951871657754,225.05666615604576,96.78583599208352,0.6976451004871361,adcp linear at epoch+300s
1736780400.Mon.Jan.13_15_00_00.GMT.2025.CACO03.c2.bright.jpg,c2,1736780400,2025-01-13T15:00:00+00:00,0.0,1.1143384868685806,10.6951871657754,226.51293785743465,65.68924534417077,0.727674965117133,adcp linear at epoch+300s
1736782200.Mon.Jan.13_15_30_00.GMT.2025.CACO03.c2.bright.jpg,c2,1736782200,2025-01-13T15:30:00+00:00,30.0,1.1702539521273583,11.661807580174926,226.1719388276144,62.57859785623301,0.7315243200900835,adcp linear at epoch+300s
1736784000.Mon.Jan.13_16_00_00.GMT.2025.CACO03.c2.bright.jpg,c2,1736784000,2025-01-13T16:00:00+00:00,0.0,1.2046810913877188,11.661807580174926,228.30452793096404,62.3451475092671,0.731842549753984,adcp linear at epoch+300s
1736785800.Mon.Jan.13_16_30_00.GMT.2025.CACO03.c2.bright.jpg,c2,1736785800,2025-01-13T16:30:00+00:00,30.0,1.1316666006559932,11.661807580174926,222.0874438316993,75.39368128671649,0.6695123742380847,adcp linear at epoch+300s
1736787600.Mon.Jan.13_17_00_00.GMT.2025.CACO03.c2.bright.jpg,c2,1736787600,2025-01-13T17:00:00+00:00,0.0,1.0647061794830588,11.661807580174926,204.46886488970588,111.79200493831588,0.6007625272331155,adcp linear at epoch+300s
1736789400.Mon.Jan.13_17_30_00.GMT.2025.CACO03.c2.bright.jpg,c2,1736789400,2025-01-13T17:30:00+00:00,30.0,1.0280161061040807,9.174311926605505,219.03354779411765,71.85723924259999,0.7277545225331081,adcp linear at epoch+300s
1736791200.Mon.Jan.13_18_00_00.GMT.2025.CACO03.c2.bright.jpg,c2,1736791200,2025-01-13T18:00:00+00:00,0.0,1.0042420320796939,9.174311926605505,212.20693231719773,66.48763260691038,0.6526645614550439,adcp linear at epoch+300s
1736793000.Mon.Jan.13_18_30_00.GMT.2025.CACO03.c2.bright.jpg,c2,1736793000,2025-01-13T18:30:00+00:00,30.0,1.0450479548282632,11.661807580174926,203.21062793607027,57.966356210204665,0.6458287434824117,adcp linear at epoch+300s
1736794800.Mon.Jan.13_19_00_00.GMT.2025.CACO03.c2.bright.jpg,c2,1736794800,2025-01-13T19:00:00+00:00,0.0,1.0680626169624603,11.661807580174926,179.0031020220588,64.28514965604425,0.3457565298279111,adcp linear at epoch+300s
1736796600.Mon.Jan.13_19_30_00.GMT.2025.CACO03.c2.bright.jpg,c2,1736796600,2025-01-13T19:30:00+00:00,30.0,1.0021209760247964,11.661807580174926,178.60223907271242,46.51444372270581,0.4905755061075616,adcp linear at epoch+300s
1736798400.Mon.Jan.13_20_00_00.GMT.2025.CACO03.c2.bright.jpg,c2,1736798400,2025-01-13T20:00:00+00:00,0.0,0.9488550369771135,11.661807580174926,178.69572099673204,53.350154396622834,0.388203471151257,adcp linear at epoch+300s
1736800200.Mon.Jan.13_20_30_00.GMT.2025.CACO03.c2.bright.jpg,c2,1736800200,2025-01-13T20:30:00+00:00,30.0,0.9589676073793352,11.661807580174926,164.9720977583742,59.850795735542455,0.08083645443196,adcp linear at epoch+300s
1736802000.Mon.Jan.13_21_00_00.GMT.2025.CACO03.c2.bright.jpg,c2,1736802000,2025-01-13T21:00:00+00:00,0.0,0.9587102750110791,11.661807580174926,164.89778964971404,65.98692169427372,0.0907750116276223,adcp linear at epoch+300s
1736803800.Mon.Jan.13_21_30_00.GMT.2025.CACO03.c2.bright.jpg,c2,1736803800,2025-01-13T21:30:00+00:00,30.0,0.9066034287904339,11.661807580174926,42.95739825878268,5.634245304454523,0.0,adcp linear at epoch+300s
1736805600.Mon.Jan.13_22_00_00.GMT.2025.CACO03.c2.bright.jpg,c2,1736805600,2025-01-13T22:00:00+00:00,0.0,0.8709978213190961,11.661807580174926,1.978681576797385,0.5423496219775642,0.0,adcp linear at epoch+300s
1736807400.Mon.Jan.13_22_30_00.GMT.2025.CACO03.c2.bright.jpg,c2,1736807400,2025-01-13T22:30:00+00:00,30.0,0.9178984075942958,11.661807580174926,1.0022403492647058,0.0748314950980392,0.0,adcp linear at epoch+300s
1736809200.Mon.Jan.13_23_00_00.GMT.2025.CACO03.c2.bright.jpg,c2,1736809200,2025-01-13T23:00:00+00:00,0.0,0.9605742785655266,11.661807580174926,1.0047838796977124,0.0865821589052287,0.0,adcp linear at epoch+300s
1736811000.Mon.Jan.13_23_30_00.GMT.2025.CACO03.c2.bright.jpg,c2,1736811000,2025-01-13T23:30:00+00:00,30.0,0.9821265730169136,10.6951871657754,1.0097751991421569,0.1455205780228758,0.0,adcp linear at epoch+300s
1736812800.Tue.Jan.14_00_00_00.GMT.2025.CACO03.c2.bright.jpg,c2,1736812800,2025-01-14T00:00:00+00:00,0.0,1.0064490323149156,10.6951871657754,1.000003191380719,6.382761437908497e-05,0.0,adcp linear at epoch+300s
1736814600.Tue.Jan.14_00_30_00.GMT.2025.CACO03.c2.bright.jpg,c2,1736814600,2025-01-14T00:30:00+00:00,30.0,1.0446223158459913,10.6951871657754,1.0000095741421569,0.0001404207516339,0.0,adcp linear at epoch+300s
1736816400.Tue.Jan.14_01_00_00.GMT.2025.CACO03.c2.bright.jpg,c2,1736816400,2025-01-14T01:00:00+00:00,0.0,1.0793690189783027,10.6951871657754,1.0000382965686274,0.001876531862745,0.0,adcp linear at epoch+300s
1736818200.Tue.Jan.14_01_30_00.GMT.2025.CACO03.c2.bright.jpg,c2,1736818200,2025-01-14T01:30:00+00:00,30.0,1.0969828201167926,11.661807580174926,1.000003191380719,6.382761437908497e-05,0.0,adcp linear at epoch+300s
1736820000.Tue.Jan.14_02_00_00.GMT.2025.CACO03.c2.bright.jpg,c2,1736820000,2025-01-14T02:00:00+00:00,0.0,1.1071448321156372,11.661807580174926,1.1195650786356208,38.45929713031046,0.0,adcp linear at epoch+300s
1736821800.Tue.Jan.14_02_30_00.GMT.2025.CACO03.c2.bright.jpg,c2,1736821800,2025-01-14T02:30:00+00:00,30.0,1.0800478984162565,11.661807580174926,1.0000063827614378,0.0001276552287581,0.0,adcp linear at epoch+300s
1736823600.Tue.Jan.14_03_00_00.GMT.2025.CACO03.c2.bright.jpg,c2,1736823600,2025-01-14T03:00:00+00:00,0.0,1.0715064824905156,11.661807580174926,1.0000255310457515,0.0005106209150326,0.0,adcp linear at epoch+300s
1736854200.Tue.Jan.14_11_30_00.GMT.2025.CACO03.c2.bright.jpg,c2,1736854200,2025-01-14T11:30:00+00:00,30.0,0.8578642233655875,11.661807580174926,6.724804049223856,1.605570784189134,0.0,adcp linear at epoch+300s
1736856000.Tue.Jan.14_12_00_00.GMT.2025.CACO03.c2.bright.jpg,c2,1736856000,2025-01-14T12:00:00+00:00,0.0,0.8896761384081938,11.661807580174926,171.2759554993873,106.37048946729996,0.0664488017429194,adcp linear at epoch+300s
1736857800.Tue.Jan.14_12_30_00.GMT.2025.CACO03.c2.bright.jpg,c2,1736857800,2025-01-14T12:30:00+00:00,30.0,0.9660345159133488,11.661807580174926,217.28105213439545,76.56936118789035,0.5728623534307605,adcp linear at epoch+300s
1736859600.Tue.Jan.14_13_00_00.GMT.2025.CACO03.c2.bright.jpg,c2,1736859600,2025-01-14T13:00:00+00:00,0.0,1.0301546293210886,11.661807580174926,202.0263001685049,102.39388295083448,0.5348461481971065,adcp linear at epoch+300s
1736861400.Tue.Jan.14_13_30_00.GMT.2025.CACO03.c2.bright.jpg,c2,1736861400,2025-01-14T13:30:00+00:00,30.0,1.0330834222417524,11.661807580174926,199.7376365910948,141.7060191936457,0.5455925191549779,adcp linear at epoch+300s
1736863200.Tue.Jan.14_14_00_00.GMT.2025.CACO03.c2.bright.jpg,c2,1736863200,2025-01-14T14:00:00+00:00,0.0,1.0392593010421756,11.661807580174926,205.675452537786,161.2917109983144,0.5298340309906734,adcp linear at epoch+300s
1736865000.Tue.Jan.14_14_30_00.GMT.2025.CACO03.c2.bright.jpg,c2,1736865000,2025-01-14T14:30:00+00:00,30.0,1.061670609241395,11.661807580174926,232.099768944036,84.03073206741891,0.6940466573645688,adcp linear at epoch+300s
1736866800.Tue.Jan.14_15_00_00.GMT.2025.CACO03.c2.bright.jpg,c2,1736866800,2025-01-14T15:00:00+00:00,0.0,1.0686904920314766,11.661807580174926,207.5267373876634,154.0132276355454,0.5593069937088443,adcp linear at epoch+300s
1736868600.Tue.Jan.14_15_30_00.GMT.2025.CACO03.c2.bright.jpg,c2,1736868600,2025-01-14T15:30:00+00:00,30.0,0.9987532477758704,9.876543209876544,213.1088260825164,146.73792997070203,0.6320041125064257,adcp linear at epoch+300s
1736870400.Tue.Jan.14_16_00_00.GMT.2025.CACO03.c2.bright.jpg,c2,1736870400,2025-01-14T16:00:00+00:00,0.0,0.9399542991615355,9.876543209876544,198.4575003829657,228.8962486818929,0.440038187559668,adcp linear at epoch+300s
1736872200.Tue.Jan.14_16_30_00.GMT.2025.CACO03.c2.bright.jpg,c2,1736872200,2025-01-14T16:30:00+00:00,30.0,0.9368468287535567,11.661807580174926,207.5083518433415,165.9376300941382,0.4218623779099655,adcp linear at epoch+300s
1736874000.Tue.Jan.14_17_00_00.GMT.2025.CACO03.c2.bright.jpg,c2,1736874000,2025-01-14T17:00:00+00:00,0.0,0.9232236503018529,11.661807580174926,206.32690908394608,177.7616160354079,0.4425534258647279,adcp linear at epoch+300s
1736875800.Tue.Jan.14_17_30_00.GMT.2025.CACO03.c2.bright.jpg,c2,1736875800,2025-01-14T17:30:00+00:00,30.0,0.8570219316315236,9.876543209876544,196.4747434129902,145.9395506559409,0.3562336295317128,adcp linear at epoch+300s
1736877600.Tue.Jan.14_18_00_00.GMT.2025.CACO03.c2.bright.jpg,c2,1736877600,2025-01-14T18:00:00+00:00,0.0,0.7988253174363555,9.876543209876544,194.27133757148687,163.9868391514272,0.4000881251376955,adcp linear at epoch+300s
1736879400.Tue.Jan.14_18_30_00.GMT.2025.CACO03.c2.bright.jpg,c2,1736879400,2025-01-14T18:30:00+00:00,30.0,0.7806542256169937,9.876543209876544,180.97997089460785,171.13946314903822,0.4823198942498348,adcp linear at epoch+300s
1736881200.Tue.Jan.14_19_00_00.GMT.2025.CACO03.c2.bright.jpg,c2,1736881200,2025-01-14T19:00:00+00:00,0.0,0.7670674428143615,9.876543209876544,165.4554483251634,104.95015061345198,0.5069031357861497,adcp linear at epoch+300s
1736883000.Tue.Jan.14_19_30_00.GMT.2025.CACO03.c2.bright.jpg,c2,1736883000,2025-01-14T19:30:00+00:00,30.0,0.7764022050953777,11.661807580174926,152.5367742800245,98.65297529856204,0.539209566473281,adcp linear at epoch+300s
1736884800.Tue.Jan.14_20_00_00.GMT.2025.CACO03.c2.bright.jpg,c2,1736884800,2025-01-14T20:00:00+00:00,0.0,0.7724437553915978,11.661807580174926,141.8943110447304,49.346526439260494,0.4498849477368975,adcp linear at epoch+300s
1736886600.Tue.Jan.14_20_30_00.GMT.2025.CACO03.c2.bright.jpg,c2,1736886600,2025-01-14T20:30:00+00:00,30.0,0.7020192457638375,10.6951871657754,136.9447412428513,42.692293230749584,0.2404653496854422,adcp linear at epoch+300s
1736888400.Tue.Jan.14_21_00_00.GMT.2025.CACO03.c2.bright.jpg,c2,1736888400,2025-01-14T21:00:00+00:00,0.0,0.6410293550946853,10.6951871657754,137.4714945874183,45.28219311541559,0.0070316516119556,adcp linear at epoch+300s
1736890200.Tue.Jan.14_21_30_00.GMT.2025.CACO03.c2.bright.jpg,c2,1736890200,2025-01-14T21:30:00+00:00,30.0,0.6272125592185738,10.6951871657754,94.2392578125,31.996035584503502,0.0,adcp linear at epoch+300s
1736892000.Tue.Jan.14_22_00_00.GMT.2025.CACO03.c2.bright.jpg,c2,1736892000,2025-01-14T22:00:00+00:00,0.0,0.6271899073564522,10.6951871657754,2.08248761744281,0.2213031045344236,0.0,adcp linear at epoch+300s
1736893800.Tue.Jan.14_22_30_00.GMT.2025.CACO03.c2.bright.jpg,c2,1736893800,2025-01-14T22:30:00+00:00,30.0,0.6961379755642805,11.661807580174926,1.0302670547385622,4.659205218545751,0.0,adcp linear at epoch+300s
1736895600.Tue.Jan.14_23_00_00.GMT.2025.CACO03.c2.bright.jpg,c2,1736895600,2025-01-14T23:00:00+00:00,0.0,0.7637486330660875,11.661807580174926,1.0,0.0,0.0,adcp linear at epoch+300s
1736897400.Tue.Jan.14_23_30_00.GMT.2025.CACO03.c2.bright.jpg,c2,1736897400,2025-01-14T23:30:00+00:00,30.0,0.8246722370377888,5.594405594405594,1.0001148897058822,0.0067146650326797,0.0,adcp linear at epoch+300s
1736899200.Wed.Jan.15_00_00_00.GMT.2025.CACO03.c2.bright.jpg,c2,1736899200,2025-01-15T00:00:00+00:00,0.0,0.8818666904764371,5.594405594405594,1.0,0.0,0.0,adcp linear at epoch+300s
1736901000.Wed.Jan.15_00_30_00.GMT.2025.CACO03.c2.bright.jpg,c2,1736901000,2025-01-15T00:30:00+00:00,30.0,0.9204153912498202,4.024144869215292,1.0030062806372548,0.021969464869281,0.0,adcp linear at epoch+300s
1736902800.Wed.Jan.15_01_00_00.GMT.2025.CACO03.c2.bright.jpg,c2,1736902800,2025-01-15T01:00:00+00:00,0.0,0.9653672960253709,4.024144869215292,1.0279469209558822,2.940675422990386,0.0,adcp linear at epoch+300s
1736904600.Wed.Jan.15_01_30_00.GMT.2025.CACO03.c2.bright.jpg,c2,1736904600,2025-01-15T01:30:00+00:00,30.0,1.042335220811759,5.594405594405594,1.000003191380719,6.382761437908497e-05,0.0,adcp linear at epoch+300s
1736906400.Wed.Jan.15_02_00_00.GMT.2025.CACO03.c2.bright.jpg,c2,1736906400,2025-01-15T02:00:00+00:00,0.0,1.0983547629468322,5.594405594405594,1.0000957414215683,0.0047934538398692,0.0,adcp linear at epoch+300s
1736908200.Wed.Jan.15_02_30_00.GMT.2025.CACO03.c2.bright.jpg,c2,1736908200,2025-01-15T02:30:00+00:00,30.0,1.0496323918253305,5.148005148005149,1.000070210375817,0.0018510008169934,0.0,adcp linear at epoch+300s
1736910000.Wed.Jan.15_03_00_00.GMT.2025.CACO03.c2.bright.jpg,c2,1736910000,2025-01-15T03:00:00+00:00,0.0,1.0052798368956046,5.148005148005149,1.000012765522876,0.0003319035947712,0.0,adcp linear at epoch+300s
1736940600.Wed.Jan.15_11_30_00.GMT.2025.CACO03.c2.bright.jpg,c2,1736940600,2025-01-15T11:30:00+00:00,30.0,0.8737762646195725,6.125574272588055,2.883106107026144,1.1756982740605673,0.0,adcp linear at epoch+300s
1736942400.Wed.Jan.15_12_00_00.GMT.2025.CACO03.c2.bright.jpg,c2,1736942400,2025-01-15T12:00:00+00:00,0.0,0.8858405316534403,6.125574272588055,87.0396018433415,42.96716383538399,0.0,adcp linear at epoch+300s
1736944200.Wed.Jan.15_12_30_00.GMT.2025.CACO03.c2.bright.jpg,c2,1736944200,2025-01-15T12:30:00+00:00,30.0,1.057472592469333,6.125574272588055,236.10937180861927,80.55986562044698,0.5558125872071675,adcp linear at epoch+300s
1736946000.Wed.Jan.15_13_00_00.GMT.2025.CACO03.c2.bright.jpg,c2,1736946000,2025-01-15T13:00:00+00:00,0.0,1.202340593181009,6.125574272588055,243.47289879493465,122.807346607162,0.6934591564465986,adcp linear at epoch+300s
1736947800.Wed.Jan.15_13_30_00.GMT.2025.CACO03.c2.bright.jpg,c2,1736947800,2025-01-15T13:30:00+00:00,30.0,1.2133882933716025,6.430868167202571,240.004780688317,154.35228659427423,0.6072372769332453,adcp linear at epoch+300s
1736949600.Wed.Jan.15_14_00_00.GMT.2025.CACO03.c2.bright.jpg,c2,1736949600,2025-01-15T14:00:00+00:00,0.0,1.218388976044329,6.430868167202571,231.14603119893792,254.2172083157008,0.5980881740961054,adcp linear at epoch+300s
1736951400.Wed.Jan.15_14_30_00.GMT.2025.CACO03.c2.bright.jpg,c2,1736951400,2025-01-15T14:30:00+00:00,30.0,1.1931545711277203,5.847953216374269,198.04830473856208,148.44339039920618,0.4545604758757435,adcp linear at epoch+300s
1736953200.Wed.Jan.15_15_00_00.GMT.2025.CACO03.c2.bright.jpg,c2,1736953200,2025-01-15T15:00:00+00:00,0.0,1.1747548966649999,5.847953216374269,215.7406396803513,195.8320471123876,0.3471824435142346,adcp linear at epoch+300s
1736955000.Wed.Jan.15_15_30_00.GMT.2025.CACO03.c2.bright.jpg,c2,1736955000,2025-01-15T15:30:00+00:00,30.0,1.1905288744717226,6.125574272588055,175.84970830780227,159.85948291653537,0.1887591491028371,adcp linear at epoch+300s
1736956800.Wed.Jan.15_16_00_00.GMT.2025.CACO03.c2.bright.jpg,c2,1736956800,2025-01-15T16:00:00+00:00,0.0,1.1986371109486949,6.125574272588055,164.96005029616012,225.9714724418267,0.1129592910822256,adcp linear at epoch+300s
1736958600.Wed.Jan.15_16_30_00.GMT.2025.CACO03.c2.bright.jpg,c2,1736958600,2025-01-15T16:30:00+00:00,30.0,1.1684166407769156,6.430868167202571,212.6693729575164,167.02058262608892,0.3205184695601087,adcp linear at epoch+300s
1736960400.Wed.Jan.15_17_00_00.GMT.2025.CACO03.c2.bright.jpg,c2,1736960400,2025-01-15T17:00:00+00:00,0.0,1.1339323515195177,6.430868167202571,228.3275218290441,108.0958782715618,0.3371520893001395,adcp linear at epoch+300s
1736962200.Wed.Jan.15_17_30_00.GMT.2025.CACO03.c2.bright.jpg,c2,1736962200,2025-01-15T17:30:00+00:00,30.0,1.078128966834026,5.847953216374269,222.9108966503268,74.11429715614877,0.3087011333871876,adcp linear at epoch+300s
1736964000.Wed.Jan.15_18_00_00.GMT.2025.CACO03.c2.bright.jpg,c2,1736964000,2025-01-15T18:00:00+00:00,0.0,1.0368855773816823,5.847953216374269,217.51686325571896,156.6081314071331,0.3167670314068199,adcp linear at epoch+300s
1736965800.Wed.Jan.15_18_30_00.GMT.2025.CACO03.c2.bright.jpg,c2,1736965800,2025-01-15T18:30:00+00:00,30.0,1.068442164095078,5.594405594405594,169.61668964460785,568.06137144176,0.203520109666838,adcp linear at epoch+300s
1736967600.Wed.Jan.15_19_00_00.GMT.2025.CACO03.c2.bright.jpg,c2,1736967600,2025-01-15T19:00:00+00:00,0.0,1.0959778870578891,5.594405594405594,160.52563316993465,671.7235590074108,0.2683165650779662,adcp linear at epoch+300s
1736969400.Wed.Jan.15_19_30_00.GMT.2025.CACO03.c2.bright.jpg,c2,1736969400,2025-01-15T19:30:00+00:00,30.0,1.103409291267777,6.125574272588055,151.46210554534315,520.9290221595332,0.3653888521700815,adcp linear at epoch+300s
1736971200.Wed.Jan.15_20_00_00.GMT.2025.CACO03.c2.bright.jpg,c2,1736971200,2025-01-15T20:00:00+00:00,0.0,1.1144143630719139,6.125574272588055,149.6335560917075,258.83730576340747,0.4532691978164549,adcp linear at epoch+300s
1736973000.Wed.Jan.15_20_30_00.GMT.2025.CACO03.c2.bright.jpg,c2,1736973000,2025-01-15T20:30:00+00:00,30.0,1.143287772847296,6.125574272588055,144.4859228196487,211.99069711777943,0.239070035005263,adcp linear at epoch+300s
1736974800.Wed.Jan.15_21_00_00.GMT.2025.CACO03.c2.bright.jpg,c2,1736974800,2025-01-15T21:00:00+00:00,0.0,1.1722749059382984,6.125574272588055,136.3665492238562,79.34861046744714,0.0093877750850652,adcp linear at epoch+300s
1736976600.Wed.Jan.15_21_30_00.GMT.2025.CACO03.c2.bright.jpg,c2,1736976600,2025-01-15T21:30:00+00:00,30.0,1.2018306556074028,6.125574272588055,126.19941023284314,49.86429708143225,0.0,adcp linear at epoch+300s
1736978400.Wed.Jan.15_22_00_00.GMT.2025.CACO03.c2.bright.jpg,c2,1736978400,2025-01-15T22:00:00+00:00,0.0,1.2106475242557804,6.125574272588055,2.716787300857843,1.059375637777083,0.0,adcp linear at epoch+300s
1736980200.Wed.Jan.15_22_30_00.GMT.2025.CACO03.c2.bright.jpg,c2,1736980200,2025-01-15T22:30:00+00:00,30.0,1.1157699878005258,6.430868167202571,1.0000063827614378,0.0002553104575163,0.0,adcp linear at epoch+300s
1736982000.Wed.Jan.15_23_00_00.GMT.2025.CACO03.c2.bright.jpg,c2,1736982000,2025-01-15T23:00:00+00:00,0.0,1.0402070048478715,6.430868167202571,1.000067018995098,0.0056678921568627,0.0,adcp linear at epoch+300s
1736983800.Wed.Jan.15_23_30_00.GMT.2025.CACO03.c2.bright.jpg,c2,1736983800,2025-01-15T23:30:00+00:00,30.0,1.0612167894082183,5.847953216374269,1.0000191482843137,0.0002808415032679,0.0,adcp linear at epoch+300s
1736985600.Thu.Jan.16_00_00_00.GMT.2025.CACO03.c2.bright.jpg,c2,1736985600,2025-01-16T00:00:00+00:00,0.0,1.0952458438248753,5.847953216374269,1.0000095741421569,0.0005744485294117,0.0,adcp linear at epoch+300s
1736987400.Thu.Jan.16_00_30_00.GMT.2025.CACO03.c2.bright.jpg,c2,1736987400,2025-01-16T00:30:00+00:00,30.0,1.1943712475230823,6.430868167202571,1.0000446793300657,0.0021956699346405,0.0,adcp linear at epoch+300s
1736989200.Thu.Jan.16_01_00_00.GMT.2025.CACO03.c2.bright.jpg,c2,1736989200,2025-01-16T01:00:00+00:00,0.0,1.2648123891404859,6.430868167202571,1.0,0.0,0.0,adcp linear at epoch+300s
1736991000.Thu.Jan.16_01_30_00.GMT.2025.CACO03.c2.bright.jpg,c2,1736991000,2025-01-16T01:30:00+00:00,30.0,1.191832220353874,6.125574272588055,1.0000063827614378,7.659313725490196e-05,0.0,adcp linear at epoch+300s
1736992800.Thu.Jan.16_02_00_00.GMT.2025.CACO03.c2.bright.jpg,c2,1736992800,2025-01-16T02:00:00+00:00,0.0,1.1346447841267702,6.125574272588055,1.0000638276143792,0.0039956086601307,0.0,adcp linear at epoch+300s
1736994600.Thu.Jan.16_02_30_00.GMT.2025.CACO03.c2.bright.jpg,c2,1736994600,2025-01-16T02:30:00+00:00,30.0,1.1564210106972064,6.430868167202571,1.0000287224264706,0.0007786968954248,0.0,adcp linear at epoch+300s
1736996400.Thu.Jan.16_03_00_00.GMT.2025.CACO03.c2.bright.jpg,c2,1736996400,2025-01-16T03:00:00+00:00,0.0,1.1663610328471627,6.430868167202571,1.0,0.0,0.0,adcp linear at epoch+300s
1737027000.Thu.Jan.16_11_30_00.GMT.2025.CACO03.c2.bright.jpg,c2,1737027000,2025-01-16T11:30:00+00:00,30.0,0.7083085157457981,5.594405594405594,5.916500714869281,101.6864431995396,0.0,adcp linear at epoch+300s
1737028800.Thu.Jan.16_12_00_00.GMT.2025.CACO03.c2.bright.jpg,c2,1737028800,2025-01-16T12:00:00+00:00,0.0,0.6720920772849608,5.594405594405594,131.5440665849673,56.16076267099152,0.0,adcp linear at epoch+300s
1737030600.Thu.Jan.16_12_30_00.GMT.2025.CACO03.c2.bright.jpg,c2,1737030600,2025-01-16T12:30:00+00:00,30.0,0.6525548724372322,5.361930294906166,245.0803142871732,52.87093641242711,0.7295415044919341,adcp linear at epoch+300s
1737032400.Thu.Jan.16_13_00_00.GMT.2025.CACO03.c2.bright.jpg,c2,1737032400,2025-01-16T13:00:00+00:00,0.0,0.6268069437397875,5.361930294906166,240.8193838082108,58.60315740322882,0.4570083963672859,adcp linear at epoch+300s
1737034200.Thu.Jan.16_13_30_00.GMT.2025.CACO03.c2.bright.jpg,c2,1737034200,2025-01-16T13:30:00+00:00,30.0,0.5700053957937615,6.125574272588055,234.419717626634,60.50914156852973,0.4419842843504443,adcp linear at epoch+300s
1737036000.Thu.Jan.16_14_00_00.GMT.2025.CACO03.c2.bright.jpg,c2,1737036000,2025-01-16T14:00:00+00:00,0.0,0.5266025030699921,6.125574272588055,190.12859987745097,234.415048134964,0.1945607206677927,adcp linear at epoch+300s
1737037800.Thu.Jan.16_14_30_00.GMT.2025.CACO03.c2.bright.jpg,c2,1737037800,2025-01-16T14:30:00+00:00,30.0,0.5501928864575057,5.594405594405594,167.33969694648692,243.352522278327,0.1574012876061785,adcp linear at epoch+300s
1737039600.Thu.Jan.16_15_00_00.GMT.2025.CACO03.c2.bright.jpg,c2,1737039600,2025-01-16T15:00:00+00:00,0.0,0.5634272640585787,5.594405594405594,229.60224545547385,26.45884486696916,0.3930809527306553,adcp linear at epoch+300s
1737041400.Thu.Jan.16_15_30_00.GMT.2025.CACO03.c2.bright.jpg,c2,1737041400,2025-01-16T15:30:00+00:00,30.0,0.5248816127274479,5.361930294906166,160.61031007455065,108.4142235231866,0.109116055910504,adcp linear at epoch+300s
1737043200.Thu.Jan.16_16_00_00.GMT.2025.CACO03.c2.bright.jpg,c2,1737043200,2025-01-16T16:00:00+00:00,0.0,0.4869335995200246,5.361930294906166,162.19521356719773,117.26979328444403,0.1135957504100266,adcp linear at epoch+300s
1737045000.Thu.Jan.16_16_30_00.GMT.2025.CACO03.c2.bright.jpg,c2,1737045000,2025-01-16T16:30:00+00:00,30.0,0.451973776931139,5.361930294906166,174.11416845383988,94.33271091957717,0.1293175197669579,adcp linear at epoch+300s
1737046800.Thu.Jan.16_17_00_00.GMT.2025.CACO03.c2.bright.jpg,c2,1737046800,2025-01-16T17:00:00+00:00,0.0,0.42453092195920855,5.361930294906166,215.94424657883988,44.02019109142967,0.2007172407040219,adcp linear at epoch+300s
1737048600.Thu.Jan.16_17_30_00.GMT.2025.CACO03.c2.bright.jpg,c2,1737048600,2025-01-16T17:30:00+00:00,30.0,0.4346729050720539,5.361930294906166,178.60837609783496,113.73891765536916,0.13369317764559,adcp linear at epoch+300s
1737050400.Thu.Jan.16_18_00_00.GMT.2025.CACO03.c2.bright.jpg,c2,1737050400,2025-01-16T18:00:00+00:00,0.0,0.4475330543854329,5.361930294906166,171.37357983558007,122.86501301304024,0.1145871582091013,adcp linear at epoch+300s
1737052200.Thu.Jan.16_18_30_00.GMT.2025.CACO03.c2.bright.jpg,c2,1737052200,2025-01-16T18:30:00+00:00,30.0,0.4739840347014798,4.153686396677051,163.09121285232845,159.39259660580603,0.1042079753249614,adcp linear at epoch+300s
1737054000.Thu.Jan.16_19_00_00.GMT.2025.CACO03.c2.bright.jpg,c2,1737054000,2025-01-16T19:00:00+00:00,0.0,0.4935855106628658,4.153686396677051,166.64422168607027,83.15415325919089,0.0967112188196127,adcp linear at epoch+300s
1737055800.Thu.Jan.16_19_30_00.GMT.2025.CACO03.c2.bright.jpg,c2,1737055800,2025-01-16T19:30:00+00:00,30.0,0.47893946485094724,4.597701149425287,159.7025537428513,60.96991329688307,0.1438887664928643,adcp linear at epoch+300s
1737057600.Thu.Jan.16_20_00_00.GMT.2025.CACO03.c2.bright.jpg,c2,1737057600,2025-01-16T20:00:00+00:00,0.0,0.4621566171725695,4.597701149425287,127.21680964052288,71.72818564069058,0.063615333773959,adcp linear at epoch+300s
1737059400.Thu.Jan.16_20_30_00.GMT.2025.CACO03.c2.bright.jpg,c2,1737059400,2025-01-16T20:30:00+00:00,30.0,0.4346897601618963,4.767580452920143,121.4833824805964,36.00639478448078,0.0012178404445423,adcp linear at epoch+300s
1737061200.Thu.Jan.16_21_00_00.GMT.2025.CACO03.c2.bright.jpg,c2,1737061200,2025-01-16T21:00:00+00:00,0.0,0.4102369761957087,4.767580452920143,121.69889642054738,26.74261573130055,0.004039068811045,adcp linear at epoch+300s
1737063000.Thu.Jan.16_21_30_00.GMT.2025.CACO03.c2.bright.jpg,c2,1737063000,2025-01-16T21:30:00+00:00,30.0,0.4008545574519488,5.594405594405594,104.86746515012256,22.86326504568455,0.0,adcp linear at epoch+300s
1737064800.Thu.Jan.16_22_00_00.GMT.2025.CACO03.c2.bright.jpg,c2,1737064800,2025-01-16T22:00:00+00:00,0.0,0.39158470047612365,5.594405594405594,2.502674377042484,0.5154016007423359,0.0,adcp linear at epoch+300s
1737066600.Thu.Jan.16_22_30_00.GMT.2025.CACO03.c2.bright.jpg,c2,1737066600,2025-01-16T22:30:00+00:00,30.0,0.38287765233997195,4.950495049504951,1.0036732792075165,0.0512535743464052,0.0,adcp linear at epoch+300s
1737068400.Thu.Jan.16_23_00_00.GMT.2025.CACO03.c2.bright.jpg,c2,1737068400,2025-01-16T23:00:00+00:00,0.0,0.37323663721580363,4.950495049504951,1.0705997242647058,15.386737898284316,0.0,adcp linear at epoch+300s
1737070200.Thu.Jan.16_23_30_00.GMT.2025.CACO03.c2.bright.jpg,c2,1737070200,2025-01-16T23:30:00+00:00,30.0,0.35892578715155243,5.361930294906166,1.0269129136029411,6.18839039512892,0.0,adcp linear at epoch+300s
1737072000.Fri.Jan.17_00_00_00.GMT.2025.CACO03.c2.bright.jpg,c2,1737072000,2025-01-17T00:00:00+00:00,0.0,0.346484480736014,5.361930294906166,1.000003191380719,6.382761437908497e-05,0.0,adcp linear at epoch+300s
1737073800.Fri.Jan.17_00_30_00.GMT.2025.CACO03.c2.bright.jpg,c2,1737073800,2025-01-17T00:30:00+00:00,30.0,0.3433908925640393,5.148005148005149,1.058178870506536,16.362397237530704,0.0,adcp linear at epoch+300s
1737075600.Fri.Jan.17_01_00_00.GMT.2025.CACO03.c2.bright.jpg,c2,1737075600,2025-01-17T01:00:00+00:00,0.0,0.3401526507237358,5.148005148005149,1.039483762254902,12.093673406862743,0.0,adcp linear at epoch+300s
1737077400.Fri.Jan.17_01_30_00.GMT.2025.CACO03.c2.bright.jpg,c2,1737077400,2025-01-17T01:30:00+00:00,30.0,0.33619114054178806,10.6951871657754,1.065065870098039,11.15478196486928,0.0,adcp linear at epoch+300s
1737079200.Fri.Jan.17_02_00_00.GMT.2025.CACO03.c2.bright.jpg,c2,1737079200,2025-01-17T02:00:00+00:00,0.0,0.33132083959137404,10.6951871657754,1.008173126021242,0.8652279907719318,0.0,adcp linear at epoch+300s
1737081000.Fri.Jan.17_02_30_00.GMT.2025.CACO03.c2.bright.jpg,c2,1737081000,2025-01-17T02:30:00+00:00,30.0,0.32190658479862866,10.6951871657754,1.000012765522876,0.0003829656862745,0.0,adcp linear at epoch+300s
1737082800.Fri.Jan.17_03_00_00.GMT.2025.CACO03.c2.bright.jpg,c2,1737082800,2025-01-17T03:00:00+00:00,0.0,0.3142962137315347,10.6951871657754,1.0000223396650327,0.0004723243464052,0.0,adcp linear at epoch+300s
1737113400.Fri.Jan.17_11_30_00.GMT.2025.CACO03.c2.bright.jpg,c2,1737113400,2025-01-17T11:30:00+00:00,30.0,0.32360423112025055,9.174311926605505,2.3973332822712417,0.355200667134608,0.0,adcp linear at epoch+300s
1737115200.Fri.Jan.17_12_00_00.GMT.2025.CACO03.c2.bright.jpg,c2,1737115200,2025-01-17T12:00:00+00:00,0.0,0.33340909513595746,9.174311926605505,67.6241925806781,9.642587622052565,0.0,adcp linear at epoch+300s
1737117000.Fri.Jan.17_12_30_00.GMT.2025.CACO03.c2.bright.jpg,c2,1737117000,2025-01-17T12:30:00+00:00,30.0,0.36593679967958304,10.6951871657754,247.46025773590685,18.524276826763515,0.7148845805488238,adcp linear at epoch+300s
1737118800.Fri.Jan.17_13_00_00.GMT.2025.CACO03.c2.bright.jpg,c2,1737118800,2025-01-17T13:00:00+00:00,0.0,0.38532363841490636,10.6951871657754,142.61591413909315,197.4457993183709,0.0,adcp linear at epoch+300s
1737120600.Fri.Jan.17_13_30_00.GMT.2025.CACO03.c2.bright.jpg,c2,1737120600,2025-01-17T13:30:00+00:00,30.0,0.3390061481087181,10.6951871657754,150.84760837928923,49.13566176132246,0.0,adcp linear at epoch+300s
1737122400.Fri.Jan.17_14_00_00.GMT.2025.CACO03.c2.bright.jpg,c2,1737122400,2025-01-17T14:00:00+00:00,0.0,0.34968311646366784,10.6951871657754,224.60051253574343,81.95316326902862,0.1935631930674891,adcp linear at epoch+300s
1737124200.Fri.Jan.17_14_30_00.GMT.2025.CACO03.c2.bright.jpg,c2,1737124200,2025-01-17T14:30:00+00:00,30.0,0.6453323781243077,4.439511653718091,199.59222771139707,92.34323296206148,0.1465937186360187,adcp linear at epoch+300s
1737126000.Fri.Jan.17_15_00_00.GMT.2025.CACO03.c2.bright.jpg,c2,1737126000,2025-01-17T15:00:00+00:00,0.0,0.908878283284023,4.439511653718091,135.5363338694853,67.86099960051423,0.0,adcp linear at epoch+300s
1737127800.Fri.Jan.17_15_30_00.GMT.2025.CACO03.c2.bright.jpg,c2,1737127800,2025-01-17T15:30:00+00:00,30.0,1.0119074059391153,4.950495049504951,167.2528977736928,97.71253781573488,0.0,adcp linear at epoch+300s
1737129600.Fri.Jan.17_16_00_00.GMT.2025.CACO03.c2.bright.jpg,c2,1737129600,2025-01-17T16:00:00+00:00,0.0,1.1101303175569708,4.950495049504951,142.35049977022058,90.90458792910694,0.0,adcp linear at epoch+300s
1737131400.Fri.Jan.17_16_30_00.GMT.2025.CACO03.c2.bright.jpg,c2,1737131400,2025-01-17T16:30:00+00:00,30.0,1.1843221739886425,5.847953216374269,209.47874221303104,90.6895977733859,0.3281009032826614,adcp linear at epoch+300s
1737133200.Fri.Jan.17_17_00_00.GMT.2025.CACO03.c2.bright.jpg,c2,1737133200,2025-01-17T17:00:00+00:00,0.0,1.2399320014962427,5.847953216374269,134.24569163602942,450.9374999630798,0.0002203128442388,adcp linear at epoch+300s
1737135000.Fri.Jan.17_17_30_00.GMT.2025.CACO03.c2.bright.jpg,c2,1737135000,2025-01-17T17:30:00+00:00,30.0,1.2026316843834854,5.847953216374269,173.6169545292075,484.00835430320114,0.1158539570634745,adcp linear at epoch+300s
1737136800.Fri.Jan.17_18_00_00.GMT.2025.CACO03.c2.bright.jpg,c2,1737136800,2025-01-17T18:00:00+00:00,0.0,1.1693835775121344,5.847953216374269,215.10813993566177,155.75947827749786,0.2220447479865853,adcp linear at epoch+300s
1737138600.Fri.Jan.17_18_30_00.GMT.2025.CACO03.c2.bright.jpg,c2,1737138600,2025-01-17T18:30:00+00:00,30.0,1.156396521847815,5.594405594405594,192.17388556985293,247.85652477068325,0.197779736114171,adcp linear at epoch+300s
1737140400.Fri.Jan.17_19_00_00.GMT.2025.CACO03.c2.bright.jpg,c2,1737140400,2025-01-17T19:00:00+00:00,0.0,1.1596091419197578,5.594405594405594,161.16309232026143,297.0180145626805,0.1326772906415999,adcp linear at epoch+300s
1737142200.Fri.Jan.17_19_30_00.GMT.2025.CACO03.c2.bright.jpg,c2,1737142200,2025-01-17T19:30:00+00:00,30.0,1.243820140673013,5.594405594405594,163.45515152675654,213.0849181659973,0.0100976720276125,adcp linear at epoch+300s
1737144000.Fri.Jan.17_20_00_00.GMT.2025.CACO03.c2.bright.jpg,c2,1737144000,2025-01-17T20:00:00+00:00,0.0,1.2899682089721165,5.594405594405594,176.77365451388889,218.34150324450783,0.1828351815133044,adcp linear at epoch+300s
1737145800.Fri.Jan.17_20_30_00.GMT.2025.CACO03.c2.bright.jpg,c2,1737145800,2025-01-17T20:30:00+00:00,30.0,1.145801625000464,5.594405594405594,165.74376404207516,209.41985934680707,0.1588027220875865,adcp linear at epoch+300s
1737147600.Fri.Jan.17_21_00_00.GMT.2025.CACO03.c2.bright.jpg,c2,1737147600,2025-01-17T21:00:00+00:00,0.0,1.0128254407896708,5.594405594405594,176.9420445261438,171.1609444855839,0.2117145235122763,adcp linear at epoch+300s
1737149400.Fri.Jan.17_21_30_00.GMT.2025.CACO03.c2.bright.jpg,c2,1737149400,2025-01-17T21:30:00+00:00,30.0,0.9358012553831769,5.361930294906166,147.35933670343138,105.09513184722684,0.0,adcp linear at epoch+300s
1737151200.Fri.Jan.17_22_00_00.GMT.2025.CACO03.c2.bright.jpg,c2,1737151200,2025-01-17T22:00:00+00:00,0.0,0.8626927414980685,5.361930294906166,5.176234426062091,8.48309206393249,0.0,adcp linear at epoch+300s
1737153000.Fri.Jan.17_22_30_00.GMT.2025.CACO03.c2.bright.jpg,c2,1737153000,2025-01-17T22:30:00+00:00,30.0,0.8091625852198882,5.148005148005149,1.0015861162173203,0.1854958129084967,0.0,adcp linear at epoch+300s
1737154800.Fri.Jan.17_23_00_00.GMT.2025.CACO03.c2.bright.jpg,c2,1737154800,2025-01-17T23:00:00+00:00,0.0,0.754250658272778,5.148005148005149,1.0067816840277777,1.0183057598039216,0.0,adcp linear at epoch+300s
1737156600.Fri.Jan.17_23_30_00.GMT.2025.CACO03.c2.bright.jpg,c2,1737156600,2025-01-17T23:30:00+00:00,30.0,0.6924298779810186,5.148005148005149,1.0093411713643792,1.1229383680555556,0.0,adcp linear at epoch+300s
1737158400.Sat.Jan.18_00_00_00.GMT.2025.CACO03.c2.bright.jpg,c2,1737158400,2025-01-18T00:00:00+00:00,0.0,0.6291623122959621,5.148005148005149,1.0455792994281046,6.728052871852334,0.0,adcp linear at epoch+300s
1737160200.Sat.Jan.18_00_30_00.GMT.2025.CACO03.c2.bright.jpg,c2,1737160200,2025-01-18T00:30:00+00:00,30.0,0.5586608196444202,5.148005148005149,1.079953661151961,16.45554725787399,0.0,adcp linear at epoch+300s
1737162000.Sat.Jan.18_01_00_00.GMT.2025.CACO03.c2.bright.jpg,c2,1737162000,2025-01-18T01:00:00+00:00,0.0,0.5066768248182084,5.148005148005149,1.0000414879493464,0.0004978553921568,0.0,adcp linear at epoch+300s
1737163800.Sat.Jan.18_01_30_00.GMT.2025.CACO03.c2.bright.jpg,c2,1737163800,2025-01-18T01:30:00+00:00,30.0,0.5472803191186476,4.767580452920143,1.0045285692401962,0.0993476817810457,0.0,adcp linear at epoch+300s
1737165600.Sat.Jan.18_02_00_00.GMT.2025.CACO03.c2.bright.jpg,c2,1737165600,2025-01-18T02:00:00+00:00,0.0,0.5763915692819678,4.767580452920143,1.0043753829656863,0.2541296459984923,0.0,adcp linear at epoch+300s
1737167400.Sat.Jan.18_02_30_00.GMT.2025.CACO03.c2.bright.jpg,c2,1737167400,2025-01-18T02:30:00+00:00,30.0,0.5480415987596929,4.950495049504951,1.0021701388888888,0.109659032792323,0.0,adcp linear at epoch+300s
1737169200.Sat.Jan.18_03_00_00.GMT.2025.CACO03.c2.bright.jpg,c2,1737169200,2025-01-18T03:00:00+00:00,0.0,0.5232758791097168,4.950495049504951,1.0000319138071896,0.0015829248366013,0.0,adcp linear at epoch+300s
1737199800.Sat.Jan.18_11_30_00.GMT.2025.CACO03.c2.bright.jpg,c2,1737199800,2025-01-18T11:30:00+00:00,30.0,0.4434572149651921,5.361930294906166,2.4943257250816995,1.1703686578713053,0.0,adcp linear at epoch+300s
1737201600.Sat.Jan.18_12_00_00.GMT.2025.CACO03.c2.bright.jpg,c2,1737201600,2025-01-18T12:00:00+00:00,0.0,0.45900087152537167,5.361930294906166,76.47074780433006,49.13585975297548,0.0,adcp linear at epoch+300s
1737203400.Sat.Jan.18_12_30_00.GMT.2025.CACO03.c2.bright.jpg,c2,1737203400,2025-01-18T12:30:00+00:00,30.0,0.4780709567881206,5.361930294906166,168.56532118055554,209.73132495275348,0.1277569704535996,adcp linear at epoch+300s
1737205200.Sat.Jan.18_13_00_00.GMT.2025.CACO03.c2.bright.jpg,c2,1737205200,2025-01-18T13:00:00+00:00,0.0,0.49764394135653844,5.361930294906166,197.6747217116013,158.66906225058494,0.3704009693765147,adcp linear at epoch+300s
1737207000.Sat.Jan.18_13_30_00.GMT.2025.CACO03.c2.bright.jpg,c2,1737207000,2025-01-18T13:30:00+00:00,30.0,0.5197314224533006,5.361930294906166,164.92436108558007,196.91345922922184,0.08768451200705,adcp linear at epoch+300s
1737208800.Sat.Jan.18_14_00_00.GMT.2025.CACO03.c2.bright.jpg,c2,1737208800,2025-01-18T14:00:00+00:00,0.0,0.5636451426672221,5.361930294906166,180.5608117595997,173.37798955349976,0.3276847567990991,adcp linear at epoch+300s
1737210600.Sat.Jan.18_14_30_00.GMT.2025.CACO03.c2.bright.jpg,c2,1737210600,2025-01-18T14:30:00+00:00,30.0,0.7166900584669402,4.597701149425287,178.90275224673204,140.62548188136773,0.2311632518175809,adcp linear at epoch+300s
1737212400.Sat.Jan.18_15_00_00.GMT.2025.CACO03.c2.bright.jpg,c2,1737212400,2025-01-18T15:00:00+00:00,0.0,0.8455289339075195,4.597701149425287,200.86305147058823,99.9661892363311,0.4298731977185381,adcp linear at epoch+300s
1737214200.Sat.Jan.18_15_30_00.GMT.2025.CACO03.c2.bright.jpg,c2,1737214200,2025-01-18T15:30:00+00:00,30.0,0.8533376075524041,4.291845493562232,187.76958550347223,112.51030795435366,0.4040721157376808,adcp linear at epoch+300s
1737216000.Sat.Jan.18_16_00_00.GMT.2025.CACO03.c2.bright.jpg,c2,1737216000,2025-01-18T16:00:00+00:00,0.0,0.871361341951281,4.291845493562232,178.22959750306373,103.88512670954591,0.3498996352598467,adcp linear at epoch+300s
1737217800.Sat.Jan.18_16_30_00.GMT.2025.CACO03.c2.bright.jpg,c2,1737217800,2025-01-18T16:30:00+00:00,30.0,0.9404603801201199,4.767580452920143,197.6745238459968,188.5879289800708,0.3543915693618271,adcp linear at epoch+300s
1737219600.Sat.Jan.18_17_00_00.GMT.2025.CACO03.c2.bright.jpg,c2,1737219600,2025-01-18T17:00:00+00:00,0.0,0.9949243787696379,4.767580452920143,174.576273999183,117.8736103625996,0.1935448336638026,adcp linear at epoch+300s
1737221400.Sat.Jan.18_17_30_00.GMT.2025.CACO03.c2.bright.jpg,c2,1737221400,2025-01-18T17:30:00+00:00,30.0,0.9762131798225517,4.950495049504951,173.7801202512255,146.72636236536025,0.128846295072336,adcp linear at epoch+300s
1737223200.Sat.Jan.18_18_00_00.GMT.2025.CACO03.c2.bright.jpg,c2,1737223200,2025-01-18T18:00:00+00:00,0.0,0.9603035153173276,4.950495049504951,210.78612962111927,262.3495825092829,0.2968776774130376,adcp linear at epoch+300s
1737225000.Sat.Jan.18_18_30_00.GMT.2025.CACO03.c2.bright.jpg,c2,1737225000,2025-01-18T18:30:00+00:00,30.0,0.9584015230214138,4.950495049504951,172.4918524050245,142.60416290167177,0.1474872096154316,adcp linear at epoch+300s
1737226800.Sat.Jan.18_19_00_00.GMT.2025.CACO03.c2.bright.jpg,c2,1737226800,2025-01-18T19:00:00+00:00,0.0,0.9578220359204291,4.950495049504951,224.7467033037173,160.5152798644542,0.2413710802673129,adcp linear at epoch+300s
1737228600.Sat.Jan.18_19_30_00.GMT.2025.CACO03.c2.bright.jpg,c2,1737228600,2025-01-18T19:30:00+00:00,30.0,0.9638550747940895,5.361930294906166,194.4113689746732,230.0061774570597,0.2506548187314876,adcp linear at epoch+300s
1737230400.Sat.Jan.18_20_00_00.GMT.2025.CACO03.c2.bright.jpg,c2,1737230400,2025-01-18T20:00:00+00:00,0.0,0.9732502069809463,5.361930294906166,181.50005425347223,160.98531970286632,0.1962865046143301,adcp linear at epoch+300s
1737232200.Sat.Jan.18_20_30_00.GMT.2025.CACO03.c2.bright.jpg,c2,1737232200,2025-01-18T20:30:00+00:00,30.0,0.9994558057337863,5.594405594405594,175.41891020731208,121.93513666618443,0.1486071332403123,adcp linear at epoch+300s
1737234000.Sat.Jan.18_21_00_00.GMT.2025.CACO03.c2.bright.jpg,c2,1737234000,2025-01-18T21:00:00+00:00,0.0,1.0365413353511646,5.594405594405594,60.01906530841503,14.38416861671982,0.0,adcp linear at epoch+300s
1737235800.Sat.Jan.18_21_30_00.GMT.2025.CACO03.c2.bright.jpg,c2,1737235800,2025-01-18T21:30:00+00:00,30.0,1.128026519291233,5.594405594405594,21.880275352328432,4.153409663175159,0.0,adcp linear at epoch+300s
1737237600.Sat.Jan.18_22_00_00.GMT.2025.CACO03.c2.bright.jpg,c2,1737237600,2025-01-18T22:00:00+00:00,0.0,1.2060579841630688,5.594405594405594,1.3318014705882353,0.9588726743832316,0.0,adcp linear at epoch+300s
1737239400.Sat.Jan.18_22_30_00.GMT.2025.CACO03.c2.bright.jpg,c2,1737239400,2025-01-18T22:30:00+00:00,30.0,1.216820853693739,5.847953216374269,1.0000510620915033,0.0004212622549019,0.0,adcp linear at epoch+300s
1737241200.Sat.Jan.18_23_00_00.GMT.2025.CACO03.c2.bright.jpg,c2,1737241200,2025-01-18T23:00:00+00:00,0.0,1.2539831191902993,5.847953216374269,1.0001691431781046,0.0240438623366013,0.0,adcp linear at epoch+300s
1737243000.Sat.Jan.18_23_30_00.GMT.2025.CACO03.c2.bright.jpg,c2,1737243000,2025-01-18T23:30:00+00:00,30.0,1.4231423645163088,6.125574272588055,1.0000095741421569,0.0001914828431372,0.0,adcp linear at epoch+300s
1737244800.Sun.Jan.19_00_00_00.GMT.2025.CACO03.c2.bright.jpg,c2,1737244800,2025-01-19T00:00:00+00:00,0.0,1.5679116182539061,6.125574272588055,1.0000287224264706,0.0002999897875816,0.0,adcp linear at epoch+300s
1737246600.Sun.Jan.19_00_30_00.GMT.2025.CACO03.c2.bright.jpg,c2,1737246600,2025-01-19T00:30:00+00:00,30.0,1.5907309140494403,6.125574272588055,1.0000095741421569,0.0001914828431372,0.0,adcp linear at epoch+300s
1737248400.Sun.Jan.19_01_00_00.GMT.2025.CACO03.c2.bright.jpg,c2,1737248400,2025-01-19T01:00:00+00:00,0.0,1.614751477328627,6.125574272588055,1.0000063827614378,0.0001276552287581,0.0,adcp linear at epoch+300s
1737250200.Sun.Jan.19_01_30_00.GMT.2025.CACO03.c2.bright.jpg,c2,1737250200,2025-01-19T01:30:00+00:00,30.0,1.6447783780260752,6.430868167202571,1.000015956903595,0.0004467933006535,0.0,adcp linear at epoch+300s
1737252000.Sun.Jan.19_02_00_00.GMT.2025.CACO03.c2.bright.jpg,c2,1737252000,2025-01-19T02:00:00+00:00,0.0,1.6637978634532047,6.430868167202571,1.0001085069444444,0.0103624131842595,0.0,adcp linear at epoch+300s
1737253800.Sun.Jan.19_02_30_00.GMT.2025.CACO03.c2.bright.jpg,c2,1737253800,2025-01-19T02:30:00+00:00,30.0,1.62778027252874,6.768189509306261,1.0000829758986929,0.0097783905228758,0.0,adcp linear at epoch+300s
1737255600.Sun.Jan.19_03_00_00.GMT.2025.CACO03.c2.bright.jpg,c2,1737255600,2025-01-19T03:00:00+00:00,0.0,1.5851170310401639,6.768189509306261,1.0000095741421569,0.0001914828431372,0.0,adcp linear at epoch+300s
1737286200.Sun.Jan.19_11_30_00.GMT.2025.CACO03.c2.bright.jpg,c2,1737286200,2025-01-19T11:30:00+00:00,30.0,1.0181082573054907,7.142857142857142,8.439989276960784,1.4349819720033303,0.0,adcp linear at epoch+300s
1737288000.Sun.Jan.19_12_00_00.GMT.2025.CACO03.c2.bright.jpg,c2,1737288000,2025-01-19T12:00:00+00:00,0.0,1.0429093878453801,7.142857142857142,192.3392341962827,49.26270488027658,0.4350933881667523,adcp linear at epoch+300s
1737289800.Sun.Jan.19_12_30_00.GMT.2025.CACO03.c2.bright.jpg,c2,1737289800,2025-01-19T12:30:00+00:00,30.0,1.0237436168355065,7.142857142857142,194.7824116625817,135.56399872964107,0.3787544980539032,adcp linear at epoch+300s
1737291600.Sun.Jan.19_13_00_00.GMT.2025.CACO03.c2.bright.jpg,c2,1737291600,2025-01-19T13:00:00+00:00,0.0,0.9991372136219503,7.142857142857142,182.8794264450572,179.88210690704415,0.3050170130474162,adcp linear at epoch+300s
1737293400.Sun.Jan.19_13_30_00.GMT.2025.CACO03.c2.bright.jpg,c2,1737293400,2025-01-19T13:30:00+00:00,30.0,0.9473276493899818,6.768189509306261,179.04203367544935,183.34740293937008,0.2474235636826516,adcp linear at epoch+300s
1737295200.Sun.Jan.19_14_00_00.GMT.2025.CACO03.c2.bright.jpg,c2,1737295200,2025-01-19T14:00:00+00:00,0.0,0.9090168341625805,6.768189509306261,179.3492519403595,172.31737230998283,0.2444371006829698,adcp linear at epoch+300s
1737297000.Sun.Jan.19_14_30_00.GMT.2025.CACO03.c2.bright.jpg,c2,1737297000,2025-01-19T14:30:00+00:00,30.0,0.9381997639580153,6.430868167202571,178.58436734068627,145.8433133231269,0.2297250985287998,adcp linear at epoch+300s
1737298800.Sun.Jan.19_15_00_00.GMT.2025.CACO03.c2.bright.jpg,c2,1737298800,2025-01-19T15:00:00+00:00,0.0,0.9491237432689991,6.430868167202571,176.96981911254085,150.10234634622344,0.2078100903282661,adcp linear at epoch+300s
1737300600.Sun.Jan.19_15_30_00.GMT.2025.CACO03.c2.bright.jpg,c2,1737300600,2025-01-19T15:30:00+00:00,30.0,0.8687529701577281,6.768189509306261,171.8780637254902,120.68297402567144,0.2247129813223666,adcp linear at epoch+300s
1737302400.Sun.Jan.19_16_00_00.GMT.2025.CACO03.c2.bright.jpg,c2,1737302400,2025-01-19T16:00:00+00:00,0.0,0.7981705369941203,6.768189509306261,173.82980047487746,121.5929611471901,0.3594954835866931,adcp linear at epoch+300s
1737304200.Sun.Jan.19_16_30_00.GMT.2025.CACO03.c2.bright.jpg,c2,1737304200,2025-01-19T16:30:00+00:00,30.0,0.7765298035688285,6.430868167202571,180.0234694138072,95.14743988846688,0.4250936329588015,adcp linear at epoch+300s
1737306000.Sun.Jan.19_17_00_00.GMT.2025.CACO03.c2.bright.jpg,c2,1737306000,2025-01-19T17:00:00+00:00,0.0,0.7630639107874291,6.430868167202571,200.62992749183007,84.25817627825117,0.4502398962081712,adcp linear at epoch+300s
1737307800.Sun.Jan.19_17_30_00.GMT.2025.CACO03.c2.bright.jpg,c2,1737307800,2025-01-19T17:30:00+00:00,30.0,0.7904722212254907,6.768189509306261,177.70632914624184,63.070095562854426,0.2138748133460625,adcp linear at epoch+300s
1737309600.Sun.Jan.19_18_00_00.GMT.2025.CACO03.c2.bright.jpg,c2,1737309600,2025-01-19T18:00:00+00:00,0.0,0.8172824849917392,6.768189509306261,183.32027101205065,62.40634232995513,0.4219296957234829,adcp linear at epoch+300s
1737311400.Sun.Jan.19_18_30_00.GMT.2025.CACO03.c2.bright.jpg,c2,1737311400,2025-01-19T18:30:00+00:00,30.0,0.8411025153989214,6.430868167202571,220.96606285743465,46.11669549791688,0.6687168000783335,adcp linear at epoch+300s
1737313200.Sun.Jan.19_19_00_00.GMT.2025.CACO03.c2.bright.jpg,c2,1737313200,2025-01-19T19:00:00+00:00,0.0,0.854432968240129,6.430868167202571,211.00616893892973,51.7194898708744,0.6020844042985484,adcp linear at epoch+300s
1737315000.Sun.Jan.19_19_30_00.GMT.2025.CACO03.c2.bright.jpg,c2,1737315000,2025-01-19T19:30:00+00:00,30.0,0.815315533251463,9.876543209876544,171.2507404003268,88.29023389181967,0.010244547257105,adcp linear at epoch+300s
1737316800.Sun.Jan.19_20_00_00.GMT.2025.CACO03.c2.bright.jpg,c2,1737316800,2025-01-19T20:00:00+00:00,0.0,0.7896526168050515,9.876543209876544,223.15426176981208,64.09595796902933,0.4804839538811779,adcp linear at epoch+300s
1737318600.Sun.Jan.19_20_30_00.GMT.2025.CACO03.c2.bright.jpg,c2,1737318600,2025-01-19T20:30:00+00:00,30.0,0.8312622930699126,9.174311926605505,170.5554438572304,96.35657861415172,0.010587256125921,adcp linear at epoch+300s
1737320400.Sun.Jan.19_21_00_00.GMT.2025.CACO03.c2.bright.jpg,c2,1737320400,2025-01-19T21:00:00+00:00,0.0,0.8854724974117377,9.174311926605505,156.1753599877451,69.18558156870732,0.0025029987026021,adcp linear at epoch+300s
1737322200.Sun.Jan.19_21_30_00.GMT.2025.CACO03.c2.bright.jpg,c2,1737322200,2025-01-19T21:30:00+00:00,30.0,1.0026853421383828,9.876543209876544,35.92156862745098,5.608758751608347,0.0,adcp linear at epoch+300s
1737324000.Sun.Jan.19_22_00_00.GMT.2025.CACO03.c2.bright.jpg,c2,1737324000,2025-01-19T22:00:00+00:00,0.0,1.0929169214315773,9.876543209876544,3.530953201593137,1.0561523339623005,0.0,adcp linear at epoch+300s
1737325800.Sun.Jan.19_22_30_00.GMT.2025.CACO03.c2.bright.jpg,c2,1737325800,2025-01-19T22:30:00+00:00,30.0,1.04824217355752,9.876543209876544,1.0000957414215683,0.0103081597222222,0.0,adcp linear at epoch+300s
1737327600.Sun.Jan.19_23_00_00.GMT.2025.CACO03.c2.bright.jpg,c2,1737327600,2025-01-19T23:00:00+00:00,0.0,1.0148569758414467,9.876543209876544,1.0000095741421569,0.0003191380718954,0.0,adcp linear at epoch+300s
1737329400.Sun.Jan.19_23_30_00.GMT.2025.CACO03.c2.bright.jpg,c2,1737329400,2025-01-19T23:30:00+00:00,30.0,1.037919528915292,9.174311926605505,1.0000223396650327,0.0007021037581699,0.0,adcp linear at epoch+300s
1737331200.Mon.Jan.20_00_00_00.GMT.2025.CACO03.c2.bright.jpg,c2,1737331200,2025-01-20T00:00:00+00:00,0.0,1.0583976777697826,9.174311926605505,1.0000414879493464,0.0015063316993464,0.0,adcp linear at epoch+300s
1737333000.Mon.Jan.20_00_30_00.GMT.2025.CACO03.c2.bright.jpg,c2,1737333000,2025-01-20T00:30:00+00:00,30.0,1.0659538055274966,9.174311926605505,1.0000446793300657,0.0006382761437908,0.0,adcp linear at epoch+300s
1737334800.Mon.Jan.20_01_00_00.GMT.2025.CACO03.c2.bright.jpg,c2,1737334800,2025-01-20T01:00:00+00:00,0.0,1.086198925589808,9.174311926605505,1.0000063827614378,0.0001372293607301,0.0,adcp linear at epoch+300s
1737336600.Mon.Jan.20_01_30_00.GMT.2025.CACO03.c2.bright.jpg,c2,1737336600,2025-01-20T01:30:00+00:00,30.0,1.169889007175105,9.876543209876544,1.0000414879493464,0.0014680351307189,0.0,adcp linear at epoch+300s
1737338400.Mon.Jan.20_02_00_00.GMT.2025.CACO03.c2.bright.jpg,c2,1737338400,2025-01-20T02:00:00+00:00,0.0,1.239044617885864,9.876543209876544,1.0000191482843137,0.0004084967320261,0.0,adcp linear at epoch+300s
1737340200.Mon.Jan.20_02_30_00.GMT.2025.CACO03.c2.bright.jpg,c2,1737340200,2025-01-20T02:30:00+00:00,30.0,1.235527874223935,10.6951871657754,1.0000829758986929,0.0108379289215686,0.0,adcp linear at epoch+300s
1737342000.Mon.Jan.20_03_00_00.GMT.2025.CACO03.c2.bright.jpg,c2,1737342000,2025-01-20T03:00:00+00:00,0.0,1.2559831655458633,10.6951871657754,1.000003191380719,6.382761437908497e-05,0.0,adcp linear at epoch+300s
1737372600.Mon.Jan.20_11_30_00.GMT.2025.CACO03.c2.bright.jpg,c2,1737372600,2025-01-20T11:30:00+00:00,30.0,2.126440444112646,8.032128514056225,2.455917458129085,0.5835024760123771,0.0,adcp linear at epoch+300s
1737374400.Mon.Jan.20_12_00_00.GMT.2025.CACO03.c2.bright.jpg,c2,1737374400,2025-01-20T12:00:00+00:00,0.0,2.1251146138466632,8.032128514056225,74.40949244281046,32.47083546756919,0.0,adcp linear at epoch+300s
1737376200.Mon.Jan.20_12_30_00.GMT.2025.CACO03.c2.bright.jpg,c2,1737376200,2025-01-20T12:30:00+00:00,30.0,2.188073087506023,8.032128514056225,220.35091464971404,106.86169492254764,0.6052238623289515,adcp linear at epoch+300s
1737378000.Mon.Jan.20_13_00_00.GMT.2025.CACO03.c2.bright.jpg,c2,1737378000,2025-01-20T13:00:00+00:00,0.0,2.242813132141843,8.032128514056225,188.35213694852945,144.34193017755817,0.2047379501113803,adcp linear at epoch+300s
1737379800.Mon.Jan.20_13_30_00.GMT.2025.CACO03.c2.bright.jpg,c2,1737379800,2025-01-20T13:30:00+00:00,30.0,2.2564610316599607,8.032128514056225,167.8696097579657,137.44046094049995,0.0431017600548334,adcp linear at epoch+300s
1737381600.Mon.Jan.20_14_00_00.GMT.2025.CACO03.c2.bright.jpg,c2,1737381600,2025-01-20T14:00:00+00:00,0.0,2.2585960353337424,8.032128514056225,165.32457937602123,137.29236803408634,0.0006303395265721,adcp linear at epoch+300s
1737383400.Mon.Jan.20_14_30_00.GMT.2025.CACO03.c2.bright.jpg,c2,1737383400,2025-01-20T14:30:00+00:00,30.0,2.203166559785845,7.561436672967865,247.6775939542484,109.64604280089576,0.8523475557513892,adcp linear at epoch+300s
1737385200.Mon.Jan.20_15_00_00.GMT.2025.CACO03.c2.bright.jpg,c2,1737385200,2025-01-20T15:00:00+00:00,0.0,2.1437835440488135,7.561436672967865,179.45432815053104,264.19364435963337,0.2345413820959095,adcp linear at epoch+300s
1737387000.Mon.Jan.20_15_30_00.GMT.2025.CACO03.c2.bright.jpg,c2,1737387000,2025-01-20T15:30:00+00:00,30.0,2.064632827366107,8.032128514056225,185.5742857689951,247.65077394948028,0.3435840003916672,adcp linear at epoch+300s
1737388800.Mon.Jan.20_16_00_00.GMT.2025.CACO03.c2.bright.jpg,c2,1737388800,2025-01-20T16:00:00+00:00,0.0,1.999379161617175,8.032128514056225,184.42782692504085,229.9600229698711,0.3533389635504639,adcp linear at epoch+300s
1737390600.Mon.Jan.20_16_30_00.GMT.2025.CACO03.c2.bright.jpg,c2,1737390600,2025-01-20T16:30:00+00:00,30.0,2.0036107505371143,8.032128514056225,186.5739379084968,206.3169958697995,0.4062568847763824,adcp linear at epoch+300s
1737392400.Mon.Jan.20_17_00_00.GMT.2025.CACO03.c2.bright.jpg,c2,1737392400,2025-01-20T17:00:00+00:00,0.0,2.0121920272056286,8.032128514056225,187.58163551879085,199.64840112177976,0.4632261144158038,adcp linear at epoch+300s
1737394200.Mon.Jan.20_17_30_00.GMT.2025.CACO03.c2.bright.jpg,c2,1737394200,2025-01-20T17:30:00+00:00,30.0,2.0425217426170184,8.565310492505352,187.78799657883988,196.1642424991422,0.5004957038995373,adcp linear at epoch+300s
1737396000.Mon.Jan.20_18_00_00.GMT.2025.CACO03.c2.bright.jpg,c2,1737396000,2025-01-20T18:00:00+00:00,0.0,2.065665462831239,8.565310492505352,182.72241689644608,170.32199932338384,0.5099018383882892,adcp linear at epoch+300s
1737397800.Mon.Jan.20_18_30_00.GMT.2025.CACO03.c2.bright.jpg,c2,1737397800,2025-01-20T18:30:00+00:00,30.0,2.052879207059619,7.561436672967865,173.90253523284315,190.7847668598349,0.5288120241854545,adcp linear at epoch+300s
1737399600.Mon.Jan.20_19_00_00.GMT.2025.CACO03.c2.bright.jpg,c2,1737399600,2025-01-20T19:00:00+00:00,0.0,2.0169209460515507,7.561436672967865,166.3297111162173,148.99393116838627,0.5574649335389587,adcp linear at epoch+300s
1737401400.Mon.Jan.20_19_30_00.GMT.2025.CACO03.c2.bright.jpg,c2,1737401400,2025-01-20T19:30:00+00:00,30.0,1.8651026588612452,8.032128514056225,150.90410220077615,174.979914660364,0.5744902205576363,adcp linear at epoch+300s
1737403200.Mon.Jan.20_20_00_00.GMT.2025.CACO03.c2.bright.jpg,c2,1737403200,2025-01-20T20:00:00+00:00,0.0,1.727922941553482,8.032128514056225,142.80612681270424,75.7090503833973,0.547795647597366,adcp linear at epoch+300s
1737405000.Mon.Jan.20_20_30_00.GMT.2025.CACO03.c2.bright.jpg,c2,1737405000,2025-01-20T20:30:00+00:00,30.0,1.6639360736584305,7.561436672967865,151.4660054125817,71.02645517917193,0.3510073192822697,adcp linear at epoch+300s
1737406800.Mon.Jan.20_21_00_00.GMT.2025.CACO03.c2.bright.jpg,c2,1737406800,2025-01-20T21:00:00+00:00,0.0,1.5987352160113006,7.561436672967865,163.59207771650327,71.90893349774221,0.2070573547771168,adcp linear at epoch+300s
1737408600.Mon.Jan.20_21_30_00.GMT.2025.CACO03.c2.bright.jpg,c2,1737408600,2025-01-20T21:30:00+00:00,30.0,1.5274644096037773,8.032128514056225,149.0089582056781,50.76273582798388,0.0,adcp linear at epoch+300s
1737410400.Mon.Jan.20_22_00_00.GMT.2025.CACO03.c2.bright.jpg,c2,1737410400,2025-01-20T22:00:00+00:00,0.0,1.4533919331004121,8.032128514056225,8.55999476613562,1.7501563570307843,0.0,adcp linear at epoch+300s
1737412200.Mon.Jan.20_22_30_00.GMT.2025.CACO03.c2.bright.jpg,c2,1737412200,2025-01-20T22:30:00+00:00,30.0,1.3653111061178378,8.032128514056225,1.0000414879493464,0.0022339665032679,0.0,adcp linear at epoch+300s
1737414000.Mon.Jan.20_23_00_00.GMT.2025.CACO03.c2.bright.jpg,c2,1737414000,2025-01-20T23:00:00+00:00,0.0,1.2888622586093166,8.032128514056225,1.000067018995098,0.002923304738562,0.0,adcp linear at epoch+300s
1737415800.Mon.Jan.20_23_30_00.GMT.2025.CACO03.c2.bright.jpg,c2,1737415800,2025-01-20T23:30:00+00:00,30.0,1.2705733084710624,6.768189509306261,1.0000191482843137,0.0003574346405228,0.0,adcp linear at epoch+300s
1737417600.Tue.Jan.21_00_00_00.GMT.2025.CACO03.c2.bright.jpg,c2,1737417600,2025-01-21T00:00:00+00:00,0.0,1.2430504383468493,6.768189509306261,1.0000414879493464,0.0012765522875816,0.0,adcp linear at epoch+300s
1737419400.Tue.Jan.21_00_30_00.GMT.2025.CACO03.c2.bright.jpg,c2,1737419400,2025-01-21T00:30:00+00:00,30.0,1.169357968292841,8.032128514056225,1.0000095741421569,0.0003191380718954,0.0,adcp linear at epoch+300s
1737421200.Tue.Jan.21_01_00_00.GMT.2025.CACO03.c2.bright.jpg,c2,1737421200,2025-01-21T01:00:00+00:00,0.0,1.103226587811817,8.032128514056225,1.0,0.0,0.0,adcp linear at epoch+300s
1737423000.Tue.Jan.21_01_30_00.GMT.2025.CACO03.c2.bright.jpg,c2,1737423000,2025-01-21T01:30:00+00:00,30.0,1.074900655195715,10.6951871657754,1.0000223396650327,0.0006318933823529,0.0,adcp linear at epoch+300s
1737424800.Tue.Jan.21_02_00_00.GMT.2025.CACO03.c2.bright.jpg,c2,1737424800,2025-01-21T02:00:00+00:00,0.0,1.0451189442891196,10.6951871657754,1.000012765522876,0.0001914828431372,0.0,adcp linear at epoch+300s
1737426600.Tue.Jan.21_02_30_00.GMT.2025.CACO03.c2.bright.jpg,c2,1737426600,2025-01-21T02:30:00+00:00,30.0,1.008058341930056,10.6951871657754,1.0,0.0,0.0,adcp linear at epoch+300s
1737428400.Tue.Jan.21_03_00_00.GMT.2025.CACO03.c2.bright.jpg,c2,1737428400,2025-01-21T03:00:00+00:00,0.0,0.9762826949017878,10.6951871657754,1.0000287224264706,0.0007276348039215,0.0,adcp linear at epoch+300s
1737459000.Tue.Jan.21_11_30_00.GMT.2025.CACO03.c2.bright.jpg,c2,1737459000,2025-01-21T11:30:00+00:00,30.0,0.6591851499795985,10.6951871657754,9.012650633169937,1.7509792382696052,0.0,adcp linear at epoch+300s
1737460800.Tue.Jan.21_12_00_00.GMT.2025.CACO03.c2.bright.jpg,c2,1737460800,2025-01-21T12:00:00+00:00,0.0,0.6292757590952449,10.6951871657754,154.46542458129085,74.98182774873388,0.0,adcp linear at epoch+300s
1737462600.Tue.Jan.21_12_30_00.GMT.2025.CACO03.c2.bright.jpg,c2,1737462600,2025-01-21T12:30:00+00:00,30.0,0.651617142057537,10.6951871657754,194.2930102379493,67.91140884117453,0.3398815206482093,adcp linear at epoch+300s
1737464400.Tue.Jan.21_13_00_00.GMT.2025.CACO03.c2.bright.jpg,c2,1737464400,2025-01-21T13:00:00+00:00,0.0,0.6642777044999015,10.6951871657754,188.90264054840685,74.79379428117947,0.2367077917309245,adcp linear at epoch+300s
1737466200.Tue.Jan.21_13_30_00.GMT.2025.CACO03.c2.bright.jpg,c2,1737466200,2025-01-21T13:30:00+00:00,30.0,0.6285341643426278,9.876543209876544,176.73974609375,114.06078620409993,0.0456231181611221,adcp linear at epoch+300s
1737468000.Tue.Jan.21_14_00_00.GMT.2025.CACO03.c2.bright.jpg,c2,1737468000,2025-01-21T14:00:00+00:00,0.0,0.5881285903790529,9.876543209876544,233.7979026245915,83.73444507332765,0.5698881300335366,adcp linear at epoch+300s
1737469800.Tue.Jan.21_14_30_00.GMT.2025.CACO03.c2.bright.jpg,c2,1737469800,2025-01-21T14:30:00+00:00,30.0,0.524412847383972,10.6951871657754,233.8950610191993,79.37815244759341,0.5263763432963697,adcp linear at epoch+300s
1737471600.Tue.Jan.21_15_00_00.GMT.2025.CACO03.c2.bright.jpg,c2,1737471600,2025-01-21T15:00:00+00:00,0.0,0.4759126066166951,10.6951871657754,169.3602334814134,84.53887592921716,0.0278818143986683,adcp linear at epoch+300s
1737473400.Tue.Jan.21_15_30_00.GMT.2025.CACO03.c2.bright.jpg,c2,1737473400,2025-01-21T15:30:00+00:00,30.0,0.5034898769884377,9.876543209876544,202.8464148029003,111.11334606676272,0.1565261560304521,adcp linear at epoch+300s
1737475200.Tue.Jan.21_16_00_00.GMT.2025.CACO03.c2.bright.jpg,c2,1737475200,2025-01-21T16:00:00+00:00,0.0,0.5148967242601398,9.876543209876544,168.09957426981208,158.17135121427285,0.0805610633766615,adcp linear at epoch+300s
1737477000.Tue.Jan.21_16_30_00.GMT.2025.CACO03.c2.bright.jpg,c2,1737477000,2025-01-21T16:30:00+00:00,30.0,0.4454514560316382,10.6951871657754,210.7024643841912,100.62869522760904,0.2315243200900834,adcp linear at epoch+300s
1737478800.Tue.Jan.21_17_00_00.GMT.2025.CACO03.c2.bright.jpg,c2,1737478800,2025-01-21T17:00:00+00:00,0.0,0.3856885903420689,10.6951871657754,165.41044985702615,96.08997740467088,0.0162052336540109,adcp linear at epoch+300s
1737480600.Tue.Jan.21_17_30_00.GMT.2025.CACO03.c2.bright.jpg,c2,1737480600,2025-01-21T17:30:00+00:00,30.0,0.37433773734716075,9.876543209876544,169.19157220179738,74.58752349072901,0.0096448067366771,adcp linear at epoch+300s
1737482400.Tue.Jan.21_18_00_00.GMT.2025.CACO03.c2.bright.jpg,c2,1737482400,2025-01-21T18:00:00+00:00,0.0,0.3673865526722675,9.876543209876544,177.43740106719773,69.54948865271953,0.1632456977797361,adcp linear at epoch+300s
1737484200.Tue.Jan.21_18_30_00.GMT.2025.CACO03.c2.bright.jpg,c2,1737484200,2025-01-21T18:30:00+00:00,30.0,0.38243370959744877,10.6951871657754,181.9561504289216,68.98156930555052,0.2923490245036841,adcp linear at epoch+300s
1737486000.Tue.Jan.21_19_00_00.GMT.2025.CACO03.c2.bright.jpg,c2,1737486000,2025-01-21T19:00:00+00:00,0.0,0.39586045909380624,10.6951871657754,181.3395309946896,67.06415631916836,0.3072507404959487,adcp linear at epoch+300s
1737487800.Tue.Jan.21_19_30_00.GMT.2025.CACO03.c2.bright.jpg,c2,1737487800,2025-01-21T19:30:00+00:00,30.0,0.4011851714460448,9.174311926605505,176.33541411356208,72.87154992066014,0.2439964749944921,adcp linear at epoch+300s
1737489600.Tue.Jan.21_20_00_00.GMT.2025.CACO03.c2.bright.jpg,c2,1737489600,2025-01-21T20:00:00+00:00,0.0,0.407648051091366,9.174311926605505,178.18168530433007,75.04307359476621,0.1600878803456463,adcp linear at epoch+300s
1737491400.Tue.Jan.21_20_30_00.GMT.2025.CACO03.c2.bright.jpg,c2,1737491400,2025-01-21T20:30:00+00:00,30.0,0.41980176720209966,9.174311926605505,166.2087322559232,74.50646730726932,0.0986695552128466,adcp linear at epoch+300s
1737493200.Tue.Jan.21_21_00_00.GMT.2025.CACO03.c2.bright.jpg,c2,1737493200,2025-01-21T21:00:00+00:00,0.0,0.4279236131430566,9.174311926605505,163.16171045241012,72.50588383687456,0.0466328853638833,adcp linear at epoch+300s
1737495000.Tue.Jan.21_21_30_00.GMT.2025.CACO03.c2.bright.jpg,c2,1737495000,2025-01-21T21:30:00+00:00,30.0,0.41588610823513006,9.876543209876544,65.29202410130719,14.394716120921206,0.0,adcp linear at epoch+300s
1737496800.Tue.Jan.21_22_00_00.GMT.2025.CACO03.c2.bright.jpg,c2,1737496800,2025-01-21T22:00:00+00:00,0.0,0.4108356475347837,9.876543209876544,3.153853273080065,0.508249718333519,0.0,adcp linear at epoch+300s
1737498600.Tue.Jan.21_22_30_00.GMT.2025.CACO03.c2.bright.jpg,c2,1737498600,2025-01-21T22:30:00+00:00,30.0,0.4407204078723381,9.876543209876544,1.0000063827614378,0.0001276552287581,0.0,adcp linear at epoch+300s
1737500400.Tue.Jan.21_23_00_00.GMT.2025.CACO03.c2.bright.jpg,c2,1737500400,2025-01-21T23:00:00+00:00,0.0,0.4637760154750247,9.876543209876544,1.000003191380719,6.382761437908497e-05,0.0,adcp linear at epoch+300s
1737502200.Tue.Jan.21_23_30_00.GMT.2025.CACO03.c2.bright.jpg,c2,1737502200,2025-01-21T23:30:00+00:00,30.0,0.4526858594033724,9.174311926605505,1.000003191380719,6.382761437908497e-05,0.0,adcp linear at epoch+300s
1737504000.Wed.Jan.22_00_00_00.GMT.2025.CACO03.c2.bright.jpg,c2,1737504000,2025-01-22T00:00:00+00:00,0.0,0.44321809206529994,9.174311926605505,1.0000287224264706,0.0008042279411764,0.0,adcp linear at epoch+300s
1737505800.Wed.Jan.22_00_30_00.GMT.2025.CACO03.c2.bright.jpg,c2,1737505800,2025-01-22T00:30:00+00:00,30.0,0.4418622683951268,9.174311926605505,1.0000191482843137,0.0004723243464052,0.0,adcp linear at epoch+300s
1737507600.Wed.Jan.22_01_00_00.GMT.2025.CACO03.c2.bright.jpg,c2,1737507600,2025-01-22T01:00:00+00:00,0.0,0.44088085222488566,9.174311926605505,1.0094369127859475,0.3849762561274509,0.0,adcp linear at epoch+300s
1737509400.Wed.Jan.22_01_30_00.GMT.2025.CACO03.c2.bright.jpg,c2,1737509400,2025-01-22T01:30:00+00:00,30.0,0.44177147355430435,9.876543209876544,1.0000255310457515,0.0007148692810457,0.0,adcp linear at epoch+300s
1737511200.Wed.Jan.22_02_00_00.GMT.2025.CACO03.c2.bright.jpg,c2,1737511200,2025-01-22T02:00:00+00:00,0.0,0.4397218886980828,9.876543209876544,1.0000446793300657,0.0010340073529411,0.0,adcp linear at epoch+300s
1737513000.Wed.Jan.22_02_30_00.GMT.2025.CACO03.c2.bright.jpg,c2,1737513000,2025-01-22T02:30:00+00:00,30.0,0.42297127291366005,9.174311926605505,1.00006063623366,0.0092550040849673,0.0,adcp linear at epoch+300s
1737514800.Wed.Jan.22_03_00_00.GMT.2025.CACO03.c2.bright.jpg,c2,1737514800,2025-01-22T03:00:00+00:00,0.0,0.40865144149915056,9.174311926605505,1.000012765522876,0.000204248366013,0.0,adcp linear at epoch+300s
1737545400.Wed.Jan.22_11_30_00.GMT.2025.CACO03.c2.bright.jpg,c2,1737545400,2025-01-22T11:30:00+00:00,30.0,0.7726265452519662,4.439511653718091,3.658458435457516,2.530544704606488,0.0,adcp linear at epoch+300s
1737547200.Wed.Jan.22_12_00_00.GMT.2025.CACO03.c2.bright.jpg,c2,1737547200,2025-01-22T12:00:00+00:00,0.0,0.8075963219356171,4.439511653718091,92.10375816993464,51.50961822501782,0.0,adcp linear at epoch+300s
1737549000.Wed.Jan.22_12_30_00.GMT.2025.CACO03.c2.bright.jpg,c2,1737549000,2025-01-22T12:30:00+00:00,30.0,0.8839950651919195,4.291845493562232,233.9354798560049,156.40847431168638,0.4586117842892462,adcp linear at epoch+300s
1737550800.Wed.Jan.22_13_00_00.GMT.2025.CACO03.c2.bright.jpg,c2,1737550800,2025-01-22T13:00:00+00:00,0.0,0.9253803650106202,4.291845493562232,181.87291921977123,180.9762593162244,0.0325328633325989,adcp linear at epoch+300s
1737552600.Wed.Jan.22_13_30_00.GMT.2025.CACO03.c2.bright.jpg,c2,1737552600,2025-01-22T13:30:00+00:00,30.0,0.7916984476413116,5.148005148005149,222.17796415441177,233.7620549478792,0.2439291571809747,adcp linear at epoch+300s
1737554400.Wed.Jan.22_14_00_00.GMT.2025.CACO03.c2.bright.jpg,c2,1737554400,2025-01-22T14:00:00+00:00,0.0,0.6896798835682797,5.148005148005149,166.17995876736111,268.159641700714,0.0267006927614991,adcp linear at epoch+300s
1737556200.Wed.Jan.22_14_30_00.GMT.2025.CACO03.c2.bright.jpg,c2,1737556200,2025-01-22T14:30:00+00:00,30.0,0.7459780859766303,5.361930294906166,217.6072591145833,166.39700074211953,0.4126949156691391,adcp linear at epoch+300s
1737558000.Wed.Jan.22_15_00_00.GMT.2025.CACO03.c2.bright.jpg,c2,1737558000,2025-01-22T15:00:00+00:00,0.0,0.7932293662673249,5.361930294906166,208.27872880923204,284.21206030832826,0.2566399843333088,adcp linear at epoch+300s
1737559800.Wed.Jan.22_15_30_00.GMT.2025.CACO03.c2.bright.jpg,c2,1737559800,2025-01-22T15:30:00+00:00,30.0,0.795246035969739,5.361930294906166,229.017476000817,260.7502125073917,0.5107463709578713,adcp linear at epoch+300s
1737561600.Wed.Jan.22_16_00_00.GMT.2025.CACO03.c2.bright.jpg,c2,1737561600,2025-01-22T16:00:00+00:00,0.0,0.8017685432703079,5.361930294906166,192.6380112591912,318.42943818217094,0.1346662260409782,adcp linear at epoch+300s
1737563400.Wed.Jan.22_16_30_00.GMT.2025.CACO03.c2.bright.jpg,c2,1737563400,2025-01-22T16:30:00+00:00,30.0,0.8308202385616502,5.594405594405594,196.5840482026144,239.39703008715972,0.1839489853369562,adcp linear at epoch+300s
1737565200.Wed.Jan.22_17_00_00.GMT.2025.CACO03.c2.bright.jpg,c2,1737565200,2025-01-22T17:00:00+00:00,0.0,0.8648648102474691,5.594405594405594,210.4967543658088,165.16518878010962,0.3243066265207706,adcp linear at epoch+300s
1737567000.Wed.Jan.22_17_30_00.GMT.2025.CACO03.c2.bright.jpg,c2,1737567000,2025-01-22T17:30:00+00:00,30.0,0.9238737639056704,5.361930294906166,192.6389367595997,213.4819795105468,0.2494736970943183,adcp linear at epoch+300s
1737568800.Wed.Jan.22_18_00_00.GMT.2025.CACO03.c2.bright.jpg,c2,1737568800,2025-01-22T18:00:00+00:00,0.0,0.9625867926797118,5.361930294906166,181.0201376123366,224.8391383741865,0.0838290372328706,adcp linear at epoch+300s
1737570600.Wed.Jan.22_18_30_00.GMT.2025.CACO03.c2.bright.jpg,c2,1737570600,2025-01-22T18:30:00+00:00,30.0,0.899820197032953,5.361930294906166,183.9893407883987,223.01331344891952,0.1365756040243813,adcp linear at epoch+300s
1737572400.Wed.Jan.22_19_00_00.GMT.2025.CACO03.c2.bright.jpg,c2,1737572400,2025-01-22T19:00:00+00:00,0.0,0.835447159740505,5.361930294906166,158.58594388276143,152.66282394993712,0.0,adcp linear at epoch+300s
1737574200.Wed.Jan.22_19_30_00.GMT.2025.CACO03.c2.bright.jpg,c2,1737574200,2025-01-22T19:30:00+00:00,30.0,0.7630419142196116,5.361930294906166,187.2908273335376,168.48372014558134,0.405638784852268,adcp linear at epoch+300s
1737576000.Wed.Jan.22_20_00_00.GMT.2025.CACO03.c2.bright.jpg,c2,1737576000,2025-01-22T20:00:00+00:00,0.0,0.7000195307114596,5.361930294906166,174.14230685763889,169.63591770487406,0.3924077745954811,adcp linear at epoch+300s
1737577800.Wed.Jan.22_20_30_00.GMT.2025.CACO03.c2.bright.jpg,c2,1737577800,2025-01-22T20:30:00+00:00,30.0,0.683911457267014,5.361930294906166,172.69584865196077,239.8265451822029,0.2918043621943159,adcp linear at epoch+300s
1737579600.Wed.Jan.22_21_00_00.GMT.2025.CACO03.c2.bright.jpg,c2,1737579600,2025-01-22T21:00:00+00:00,0.0,0.6819228296248635,5.361930294906166,156.58770233353758,197.4118763637836,0.0064257912902988,adcp linear at epoch+300s
1737581400.Wed.Jan.22_21_30_00.GMT.2025.CACO03.c2.bright.jpg,c2,1737581400,2025-01-22T21:30:00+00:00,30.0,0.7505314309941895,6.125574272588055,155.8277579912173,187.58484134675504,0.0,adcp linear at epoch+300s
1737583200.Wed.Jan.22_22_00_00.GMT.2025.CACO03.c2.bright.jpg,c2,1737583200,2025-01-22T22:00:00+00:00,0.0,0.81281769779544,6.125574272588055,10.762660207312091,15.823366649056442,0.0,adcp linear at epoch+300s
1737585000.Wed.Jan.22_22_30_00.GMT.2025.CACO03.c2.bright.jpg,c2,1737585000,2025-01-22T22:30:00+00:00,30.0,0.8434922917563127,5.847953216374269,1.0310106464460784,5.561861723856209,0.0,adcp linear at epoch+300s
1737586800.Wed.Jan.22_23_00_00.GMT.2025.CACO03.c2.bright.jpg,c2,1737586800,2025-01-22T23:00:00+00:00,0.0,0.8743404811065719,5.847953216374269,1.0024222579656863,0.0367774714052287,0.0,adcp linear at epoch+300s
1737588600.Wed.Jan.22_23_30_00.GMT.2025.CACO03.c2.bright.jpg,c2,1737588600,2025-01-22T23:30:00+00:00,30.0,0.9060566474037639,6.125574272588055,1.0000287224264706,0.0017488766339869,0.0,adcp linear at epoch+300s
1737590400.Thu.Jan.23_00_00_00.GMT.2025.CACO03.c2.bright.jpg,c2,1737590400,2025-01-23T00:00:00+00:00,0.0,0.925901189846096,6.125574272588055,1.0022116268382353,0.0157271241830065,0.0,adcp linear at epoch+300s
1737592200.Thu.Jan.23_00_30_00.GMT.2025.CACO03.c2.bright.jpg,c2,1737592200,2025-01-23T00:30:00+00:00,30.0,0.8863876130141293,5.594405594405594,1.045266544117647,8.722458384354699,0.0,adcp linear at epoch+300s
1737594000.Thu.Jan.23_01_00_00.GMT.2025.CACO03.c2.bright.jpg,c2,1737594000,2025-01-23T01:00:00+00:00,0.0,0.8475434892843696,5.594405594405594,1.0151909722222223,2.271426930147059,0.0,adcp linear at epoch+300s
1737595800.Thu.Jan.23_01_30_00.GMT.2025.CACO03.c2.bright.jpg,c2,1737595800,2025-01-23T01:30:00+00:00,30.0,0.8120466310656457,5.847953216374269,1.000003191380719,6.382761437908497e-05,0.0,adcp linear at epoch+300s
1737597600.Thu.Jan.23_02_00_00.GMT.2025.CACO03.c2.bright.jpg,c2,1737597600,2025-01-23T02:00:00+00:00,0.0,0.782483001047929,5.847953216374269,1.0009318831699343,0.0055242800143248,0.0,adcp linear at epoch+300s
1737599400.Thu.Jan.23_02_30_00.GMT.2025.CACO03.c2.bright.jpg,c2,1737599400,2025-01-23T02:30:00+00:00,30.0,0.7825855120352487,5.361930294906166,1.003832848243464,0.0271267361111111,0.0,adcp linear at epoch+300s
1737601200.Thu.Jan.23_03_00_00.GMT.2025.CACO03.c2.bright.jpg,c2,1737601200,2025-01-23T03:00:00+00:00,0.0,0.7785983860437434,5.361930294906166,1.0277554381127452,4.687455320669935,0.0,adcp linear at epoch+300s
1737631800.Thu.Jan.23_11_30_00.GMT.2025.CACO03.c2.bright.jpg,c2,1737631800,2025-01-23T11:30:00+00:00,30.0,0.7370841249846795,8.032128514056225,5.577467575571895,1.257767819651444,0.0,adcp linear at epoch+300s
1737633600.Thu.Jan.23_12_00_00.GMT.2025.CACO03.c2.bright.jpg,c2,1737633600,2025-01-23T12:00:00+00:00,0.0,0.7361267180854066,8.032128514056225,86.29097094566994,31.410395577062967,0.0,adcp linear at epoch+300s
1737635400.Thu.Jan.23_12_30_00.GMT.2025.CACO03.c2.bright.jpg,c2,1737635400,2025-01-23T12:30:00+00:00,30.0,0.7394567250369768,7.142857142857142,184.56126174428104,162.03781852634984,0.0146079655332794,adcp linear at epoch+300s
1737637200.Thu.Jan.23_13_00_00.GMT.2025.CACO03.c2.bright.jpg,c2,1737637200,2025-01-23T13:00:00+00:00,0.0,0.7453313031029402,7.142857142857142,216.3667821946487,80.97326177436287,0.4536669848963305,adcp linear at epoch+300s
1737639000.Thu.Jan.23_13_30_00.GMT.2025.CACO03.c2.bright.jpg,c2,1737639000,2025-01-23T13:30:00+00:00,30.0,0.7639287367408697,7.561436672967865,158.16463056576796,125.06372226336168,0.0,adcp linear at epoch+300s
1737640800.Thu.Jan.23_14_00_00.GMT.2025.CACO03.c2.bright.jpg,c2,1737640800,2025-01-23T14:00:00+00:00,0.0,0.7704575135453327,7.561436672967865,182.2744300194036,168.2266707462108,0.0272943134806981,adcp linear at epoch+300s
1737642600.Thu.Jan.23_14_30_00.GMT.2025.CACO03.c2.bright.jpg,c2,1737642600,2025-01-23T14:30:00+00:00,30.0,0.7166430061824631,7.561436672967865,203.10932712928923,138.17834388022698,0.4083865756040243,adcp linear at epoch+300s
1737644400.Thu.Jan.23_15_00_00.GMT.2025.CACO03.c2.bright.jpg,c2,1737644400,2025-01-23T15:00:00+00:00,0.0,0.6746038132627185,7.561436672967865,164.54178474775327,139.70918491666956,0.0131208538346674,adcp linear at epoch+300s
1737646200.Thu.Jan.23_15_30_00.GMT.2025.CACO03.c2.bright.jpg,c2,1737646200,2025-01-23T15:30:00+00:00,30.0,0.6914411925585975,7.561436672967865,153.6077601613562,131.6109959671491,0.002209248243617,adcp linear at epoch+300s
1737648000.Thu.Jan.23_16_00_00.GMT.2025.CACO03.c2.bright.jpg,c2,1737648000,2025-01-23T16:00:00+00:00,0.0,0.7009049050254004,7.561436672967865,169.6962380004085,181.93068585868795,0.038695503170057,adcp linear at epoch+300s
1737649800.Thu.Jan.23_16_30_00.GMT.2025.CACO03.c2.bright.jpg,c2,1737649800,2025-01-23T16:30:00+00:00,30.0,0.673500283346822,7.142857142857142,171.27942133884804,184.35951911270035,0.0272820738782404,adcp linear at epoch+300s
1737739800.Fri.Jan.24_17_30_00.GMT.2025.CACO03.c2.bright.jpg,c2,1737739800,2025-01-24T17:30:00+00:00,30.0,0.5225267136060059,11.661807580174926,173.34935087316177,338.6066348233712,0.1139506988813003,adcp linear at epoch+300s
1737741600.Fri.Jan.24_18_00_00.GMT.2025.CACO03.c2.bright.jpg,c2,1737741600,2025-01-24T18:00:00+00:00,0.0,0.5221425034845509,11.661807580174926,166.86138237847223,267.66007625134426,0.1101135835108075,adcp linear at epoch+300s
1737743400.Fri.Jan.24_18_30_00.GMT.2025.CACO03.c2.bright.jpg,c2,1737743400,2025-01-24T18:30:00+00:00,30.0,0.5005423833878864,9.876543209876544,151.6711314082925,528.8844588368659,0.0758549362316712,adcp linear at epoch+300s
1737745200.Fri.Jan.24_19_00_00.GMT.2025.CACO03.c2.bright.jpg,c2,1737745200,2025-01-24T19:00:00+00:00,0.0,0.49239149660568426,9.876543209876544,145.4352819904003,558.8244632858708,0.09410418349612,adcp linear at epoch+300s
1737747000.Fri.Jan.24_19_30_00.GMT.2025.CACO03.c2.bright.jpg,c2,1737747000,2025-01-24T19:30:00+00:00,30.0,0.5514867763957939,9.876543209876544,140.59573823018792,605.2572922829332,0.1510672933343125,adcp linear at epoch+300s
1737748800.Fri.Jan.24_20_00_00.GMT.2025.CACO03.c2.bright.jpg,c2,1737748800,2025-01-24T20:00:00+00:00,0.0,0.5980321894494742,9.876543209876544,136.62293517667484,662.6520108598132,0.190803162713275,adcp linear at epoch+300s
1737750600.Fri.Jan.24_20_30_00.GMT.2025.CACO03.c2.bright.jpg,c2,1737750600,2025-01-24T20:30:00+00:00,30.0,0.5818282688210082,9.876543209876544,129.86451631433823,689.800749470379,0.174689726077697,adcp linear at epoch+300s
1737752400.Fri.Jan.24_21_00_00.GMT.2025.CACO03.c2.bright.jpg,c2,1737752400,2025-01-24T21:00:00+00:00,0.0,0.5700042348123348,9.876543209876544,121.88911866830064,578.1397854556766,0.0270250422266284,adcp linear at epoch+300s
1737754200.Fri.Jan.24_21_30_00.GMT.2025.CACO03.c2.bright.jpg,c2,1737754200,2025-01-24T21:30:00+00:00,30.0,0.5800796339026238,9.876543209876544,118.09596481821896,241.2156749293237,0.0,adcp linear at epoch+300s
1737756000.Fri.Jan.24_22_00_00.GMT.2025.CACO03.c2.bright.jpg,c2,1737756000,2025-01-24T22:00:00+00:00,0.0,0.5854757780874693,9.876543209876544,17.72544232536765,8.052606680620443,0.0,adcp linear at epoch+300s
1737757800.Fri.Jan.24_22_30_00.GMT.2025.CACO03.c2.bright.jpg,c2,1737757800,2025-01-24T22:30:00+00:00,30.0,0.5674756477450973,9.876543209876544,1.0000382965686274,0.0011840021550678,0.0,adcp linear at epoch+300s
1737759600.Fri.Jan.24_23_00_00.GMT.2025.CACO04.c2.bright.jpg,c2,1737759600,2025-01-24T23:00:00+00:00,0.0,0.552122247228205,9.876543209876544,1.0000063827614378,0.0002553104575163,0.0,adcp linear at epoch+300s
1737761400.Fri.Jan.24_23_30_00.GMT.2025.CACO04.c2.bright.jpg,c2,1737761400,2025-01-24T23:30:00+00:00,30.0,0.5500024958387121,9.174311926605505,1.002428640727124,0.0515280330882352,0.0,adcp linear at epoch+300s
1737763200.Sat.Jan.25_00_00_00.GMT.2025.CACO04.c2.bright.jpg,c2,1737763200,2025-01-25T00:00:00+00:00,0.0,0.5346704714942918,9.174311926605505,1.0020648233251634,0.0315819035947712,0.0,adcp linear at epoch+300s
1737765000.Sat.Jan.25_00_30_00.GMT.2025.CACO04.c2.bright.jpg,c2,1737765000,2025-01-25T00:30:00+00:00,30.0,0.45327708237523545,9.174311926605505,1.0060253267973855,0.2449320874183006,0.0,adcp linear at epoch+300s
1737766800.Sat.Jan.25_01_00_00.GMT.2025.CACO04.c2.bright.jpg,c2,1737766800,2025-01-25T01:00:00+00:00,0.0,0.38602684826926764,9.174311926605505,1.0016371783088236,0.0616064133579533,0.0,adcp linear at epoch+300s
1737768600.Sat.Jan.25_01_30_00.GMT.2025.CACO04.c2.bright.jpg,c2,1737768600,2025-01-25T01:30:00+00:00,30.0,0.38949238922874296,9.174311926605505,1.0,0.0,0.0,adcp linear at epoch+300s
1737770400.Sat.Jan.25_02_00_00.GMT.2025.CACO04.c2.bright.jpg,c2,1737770400,2025-01-25T02:00:00+00:00,0.0,0.39884423350611153,9.174311926605505,1.000012765522876,0.0003319035947712,0.0,adcp linear at epoch+300s
1737772200.Sat.Jan.25_02_30_00.GMT.2025.CACO04.c2.bright.jpg,c2,1737772200,2025-01-25T02:30:00+00:00,30.0,0.4376275943729465,5.361930294906166,1.0032009548611112,0.0778250061384538,0.0,adcp linear at epoch+300s
1737774000.Sat.Jan.25_03_00_00.GMT.2025.CACO04.c2.bright.jpg,c2,1737774000,2025-01-25T03:00:00+00:00,0.0,0.5032458747722609,5.361930294906166,1.0029552185457515,0.3733564389195543,0.0,adcp linear at epoch+300s
1737804600.Sat.Jan.25_11_30_00.GMT.2025.CACO04.c2.bright.jpg,c2,1737804600,2025-01-25T11:30:00+00:00,30.0,0.8632695202333494,5.594405594405594,13.091337316176473,6.363514211004784,0.0,adcp linear at epoch+300s
1737806400.Sat.Jan.25_12_00_00.GMT.2025.CACO04.c2.bright.jpg,c2,1737806400,2025-01-25T12:00:00+00:00,0.0,0.824440491787565,5.594405594405594,202.64009203941995,664.632231531661,0.333559765978801,adcp linear at epoch+300s
1737808200.Sat.Jan.25_12_30_00.GMT.2025.CACO04.c2.bright.jpg,c2,1737808200,2025-01-25T12:30:00+00:00,30.0,0.7947945741205986,5.361930294906166,179.68652662888073,1212.9837508518658,0.1184732319894249,adcp linear at epoch+300s
1737810000.Sat.Jan.25_13_00_00.GMT.2025.CACO04.c2.bright.jpg,c2,1737810000,2025-01-25T13:00:00+00:00,0.0,0.7661975183113706,5.361930294906166,156.18783190359477,1001.420530489424,0.0861423220973782,adcp linear at epoch+300s
1737811800.Sat.Jan.25_13_30_00.GMT.2025.CACO04.c2.bright.jpg,c2,1737811800,2025-01-25T13:30:00+00:00,30.0,0.7428447717908343,4.950495049504951,150.13246463950162,860.2813329690136,0.0669445056424567,adcp linear at epoch+300s
1737813600.Sat.Jan.25_14_00_00.GMT.2025.CACO04.c2.bright.jpg,c2,1737813600,2025-01-25T14:00:00+00:00,0.0,0.7208648349930166,4.950495049504951,146.19171900531046,706.1318455104098,0.0502129690827641,adcp linear at epoch+300s
1737815400.Sat.Jan.25_14_30_00.GMT.2025.CACO04.c2.bright.jpg,c2,1737815400,2025-01-25T14:30:00+00:00,30.0,0.7057489468087911,5.148005148005149,145.02952346303104,577.4700503986268,0.0396807911679028,adcp linear at epoch+300s
1737817200.Sat.Jan.25_15_00_00.GMT.2025.CACO04.c2.bright.jpg,c2,1737817200,2025-01-25T15:00:00+00:00,0.0,0.6846487077393223,5.148005148005149,146.4752157373366,515.1054401155711,0.0334385939144696,adcp linear at epoch+300s
1737819000.Sat.Jan.25_15_30_00.GMT.2025.CACO04.c2.bright.jpg,c2,1737819000,2025-01-25T15:30:00+00:00,30.0,0.6336267142436374,5.148005148005149,146.90560214971404,507.6426239657358,0.0307214021688575,adcp linear at epoch+300s
1737820800.Sat.Jan.25_16_00_00.GMT.2025.CACO04.c2.bright.jpg,c2,1737820800,2025-01-25T16:00:00+00:00,0.0,0.5923368366566188,5.148005148005149,154.41636029411765,479.8602989512836,0.0212663092702749,adcp linear at epoch+300s
1737822600.Sat.Jan.25_16_30_00.GMT.2025.CACO04.c2.bright.jpg,c2,1737822600,2025-01-25T16:30:00+00:00,30.0,0.5997075386129327,5.361930294906166,152.28968801062092,424.2493756880616,0.0159604416048566,adcp linear at epoch+300s
1737824400.Sat.Jan.25_17_00_00.GMT.2025.CACO04.c2.bright.jpg,c2,1737824400,2025-01-25T17:00:00+00:00,0.0,0.5979365023807508,5.361930294906166,154.34545419730392,408.5822563537636,0.0224168319012998,adcp linear at epoch+300s
1737826200.Sat.Jan.25_17_30_00.GMT.2025.CACO04.c2.bright.jpg,c2,1737826200,2025-01-25T17:30:00+00:00,30.0,0.5504567752060899,5.361930294906166,153.84409466911765,408.343782466471,0.0322207534699272,adcp linear at epoch+300s
1737828000.Sat.Jan.25_18_00_00.GMT.2025.CACO04.c2.bright.jpg,c2,1737828000,2025-01-25T18:00:00+00:00,0.0,0.5070485800207304,5.361930294906166,151.0225279564951,433.0437950601216,0.0346258353528677,adcp linear at epoch+300s
1737829800.Sat.Jan.25_18_30_00.GMT.2025.CACO04.c2.bright.jpg,c2,1737829800,2025-01-25T18:30:00+00:00,30.0,0.4839980447818773,4.597701149425287,145.0401220383987,449.6740019369005,0.0304521309147878,adcp linear at epoch+300s
1737831600.Sat.Jan.25_19_00_00.GMT.2025.CACO04.c2.bright.jpg,c2,1737831600,2025-01-25T19:00:00+00:00,0.0,0.45095869043212383,4.597701149425287,135.96825852736927,452.3928291416519,0.0346931531663851,adcp linear at epoch+300s
1737833400.Sat.Jan.25_19_30_00.GMT.2025.CACO04.c2.bright.jpg,c2,1737833400,2025-01-25T19:30:00+00:00,30.0,0.36797524052786856,5.361930294906166,130.3680970435049,490.2095635603686,0.0453110082984504,adcp linear at epoch+300s
1737835200.Sat.Jan.25_20_00_00.GMT.2025.CACO04.c2.bright.jpg,c2,1737835200,2025-01-25T20:00:00+00:00,0.0,0.3070558135912067,5.361930294906166,126.13027854370915,563.9674834427765,0.0574098553278989,adcp linear at epoch+300s
1737837000.Sat.Jan.25_20_30_00.GMT.2025.CACO04.c2.bright.jpg,c2,1737837000,2025-01-25T20:30:00+00:00,30.0,0.35645650149251207,4.153686396677051,120.68755744485294,599.7845008143081,0.0639274436366306,adcp linear at epoch+300s
1737838800.Sat.Jan.25_21_00_00.GMT.2025.CACO04.c2.bright.jpg,c2,1737838800,2025-01-25T21:00:00+00:00,0.0,0.40129307400015446,4.153686396677051,119.55416092218135,429.3263337610523,0.0367616459817385,adcp linear at epoch+300s
1737840600.Sat.Jan.25_21_30_00.GMT.2025.CACO04.c2.bright.jpg,c2,1737840600,2025-01-25T21:30:00+00:00,30.0,0.42330906953948183,4.153686396677051,119.79870685253267,214.1216330197555,0.0012545592519154,adcp linear at epoch+300s
1737842400.Sat.Jan.25_22_00_00.GMT.2025.CACO04.c2.bright.jpg,c2,1737842400,2025-01-25T22:00:00+00:00,0.0,0.4230880276585541,4.153686396677051,17.81619881025327,7.602507148326151,0.0,adcp linear at epoch+300s
1737844200.Sat.Jan.25_22_30_00.GMT.2025.CACO04.c2.bright.jpg,c2,1737844200,2025-01-25T22:30:00+00:00,30.0,0.3116817986763507,8.032128514056225,1.000015956903595,0.0005233864379084,0.0,adcp linear at epoch+300s
1737846000.Sat.Jan.25_23_00_00.GMT.2025.CACO04.c2.bright.jpg,c2,1737846000,2025-01-25T23:00:00+00:00,0.0,0.2193532916175959,8.032128514056225,1.000015956903595,0.0002170138888888,0.0,adcp linear at epoch+300s
1737847800.Sat.Jan.25_23_30_00.GMT.2025.CACO04.c2.bright.jpg,c2,1737847800,2025-01-25T23:30:00+00:00,30.0,0.22241339417608358,9.174311926605505,1.000015956903595,0.0004467933006535,0.0,adcp linear at epoch+300s
1737849600.Sun.Jan.26_00_00_00.GMT.2025.CACO04.c2.bright.jpg,c2,1737849600,2025-01-26T00:00:00+00:00,0.0,0.23958109366543143,9.174311926605505,1.0000095741421569,0.0001404207516339,0.0,adcp linear at epoch+300s
1737851400.Sun.Jan.26_00_30_00.GMT.2025.CACO04.c2.bright.jpg,c2,1737851400,2025-01-26T00:30:00+00:00,30.0,0.3272867778090801,4.291845493562232,1.0,0.0,0.0,adcp linear at epoch+300s
1737853200.Sun.Jan.26_01_00_00.GMT.2025.CACO04.c2.bright.jpg,c2,1737853200,2025-01-26T01:00:00+00:00,0.0,0.40170163188976915,4.291845493562232,1.00006063623366,0.0127016952614379,0.0,adcp linear at epoch+300s
1737855000.Sun.Jan.26_01_30_00.GMT.2025.CACO04.c2.bright.jpg,c2,1737855000,2025-01-26T01:30:00+00:00,30.0,0.40966233565566024,8.565310492505352,1.000003191380719,6.382761437908497e-05,0.0,adcp linear at epoch+300s
1737856800.Sun.Jan.26_02_00_00.GMT.2025.CACO04.c2.bright.jpg,c2,1737856800,2025-01-26T02:00:00+00:00,0.0,0.4130680888219609,8.565310492505352,1.000015956903595,0.0005233864379084,0.0,adcp linear at epoch+300s
1737858600.Sun.Jan.26_02_30_00.GMT.2025.CACO04.c2.bright.jpg,c2,1737858600,2025-01-26T02:30:00+00:00,30.0,0.3936990889903094,8.032128514056225,1.0000478707107845,0.0028339460784313,0.0,adcp linear at epoch+300s
1737860400.Sun.Jan.26_03_00_00.GMT.2025.CACO04.c2.bright.jpg,c2,1737860400,2025-01-26T03:00:00+00:00,0.0,0.37517456012719724,8.032128514056225,1.000012765522876,0.000204248366013,0.0,adcp linear at epoch+300s
1737891000.Sun.Jan.26_11_30_00.GMT.2025.CACO04.c2.bright.jpg,c2,1737891000,2025-01-26T11:30:00+00:00,30.0,0.2344963107816619,8.565310492505352,1.4354543249591505,0.8529762771669508,0.0,adcp linear at epoch+300s
1737892800.Sun.Jan.26_12_00_00.GMT.2025.CACO04.c2.bright.jpg,c2,1737892800,2025-01-26T12:00:00+00:00,0.0,0.24693774396604454,8.565310492505352,21.35155930861928,12.020823629140049,0.0,adcp linear at epoch+300s
1737894600.Sun.Jan.26_12_30_00.GMT.2025.CACO04.c2.bright.jpg,c2,1737894600,2025-01-26T12:30:00+00:00,30.0,0.32787546469985607,9.174311926605505,112.93689682904412,268.70235767431313,0.0,adcp linear at epoch+300s
1737896400.Sun.Jan.26_13_00_00.GMT.2025.CACO04.c2.bright.jpg,c2,1737896400,2025-01-26T13:00:00+00:00,0.0,0.39797649146986525,9.174311926605505,172.44715073529412,345.5332744939196,0.0676176837776309,adcp linear at epoch+300s
1737898200.Sun.Jan.26_13_30_00.GMT.2025.CACO04.c2.bright.jpg,c2,1737898200,2025-01-26T13:30:00+00:00,30.0,0.41389404842086236,4.024144869215292,161.4309289470997,345.55138218479755,0.0597720986022374,adcp linear at epoch+300s
1737900000.Sun.Jan.26_14_00_00.GMT.2025.CACO04.c2.bright.jpg,c2,1737900000,2025-01-26T14:00:00+00:00,0.0,0.43118031240805377,4.024144869215292,224.25135952818627,290.1697448809667,0.6269307972877041,adcp linear at epoch+300s
1737901800.Sun.Jan.26_14_30_00.GMT.2025.CACO04.c2.bright.jpg,c2,1737901800,2025-01-26T14:30:00+00:00,30.0,0.45531011157621665,4.439511653718091,152.60110932393792,320.4484654275471,0.0208440429854838,adcp linear at epoch+300s
1737903600.Sun.Jan.26_15_00_00.GMT.2025.CACO04.c2.bright.jpg,c2,1737903600,2025-01-26T15:00:00+00:00,0.0,0.4724388860742904,4.439511653718091,155.42429406658496,330.5207088090989,0.0226126655406232,adcp linear at epoch+300s
1737905400.Sun.Jan.26_15_30_00.GMT.2025.CACO04.c2.bright.jpg,c2,1737905400,2025-01-26T15:30:00+00:00,30.0,0.45456253722191897,5.148005148005149,152.28634344362746,361.7508210879205,0.0206298499424738,adcp linear at epoch+300s
1737907200.Sun.Jan.26_16_00_00.GMT.2025.CACO04.c2.bright.jpg,c2,1737907200,2025-01-26T16:00:00+00:00,0.0,0.42288656281829745,5.148005148005149,154.16917190053104,365.46229278734216,0.019773077770434,adcp linear at epoch+300s
1737909000.Sun.Jan.26_16_30_00.GMT.2025.CACO04.c2.bright.jpg,c2,1737909000,2025-01-26T16:30:00+00:00,30.0,0.3222124606584258,7.561436672967865,139.18535539215685,249.93988944575764,0.0072091258475924,adcp linear at epoch+300s
1737910800.Sun.Jan.26_17_00_00.GMT.2025.CACO04.c2.bright.jpg,c2,1737910800,2025-01-26T17:00:00+00:00,0.0,0.23804491090810131,7.561436672967865,144.07731438929738,258.2705767465435,0.0063217546694083,adcp linear at epoch+300s
1737912600.Sun.Jan.26_17_30_00.GMT.2025.CACO04.c2.bright.jpg,c2,1737912600,2025-01-26T17:30:00+00:00,30.0,0.2364101232055127,5.361930294906166,150.20023360906862,275.8930436911284,0.0086901177449756,adcp linear at epoch+300s
1737914400.Sun.Jan.26_18_00_00.GMT.2025.CACO04.c2.bright.jpg,c2,1737914400,2025-01-26T18:00:00+00:00,0.0,0.23618073407897494,5.361930294906166,160.8452818627451,341.8271543880545,0.0106851729455827,adcp linear at epoch+300s
1737916200.Sun.Jan.26_18_30_00.GMT.2025.CACO04.c2.bright.jpg,c2,1737916200,2025-01-26T18:30:00+00:00,30.0,0.24297833783269157,5.361930294906166,148.57700801674838,313.4783225288263,0.0063645932780103,adcp linear at epoch+300s
1737918000.Sun.Jan.26_19_00_00.GMT.2025.CACO04.c2.bright.jpg,c2,1737918000,2025-01-26T19:00:00+00:00,0.0,0.2577546228078892,5.361930294906166,140.4621470332925,385.72230834378166,0.0055812587207167,adcp linear at epoch+300s
1737919800.Sun.Jan.26_19_30_00.GMT.2025.CACO04.c2.bright.jpg,c2,1737919800,2025-01-26T19:30:00+00:00,30.0,0.31242431389049197,5.361930294906166,137.21382889093138,228.4170137114657,0.0011199236248806,adcp linear at epoch+300s
1737921600.Sun.Jan.26_20_00_00.GMT.2025.CACO04.c2.bright.jpg,c2,1737921600,2025-01-26T20:00:00+00:00,0.0,0.3567639459957557,5.361930294906166,135.6630348754085,483.76463873860297,0.0907566522239357,adcp linear at epoch+300s
1737923400.Sun.Jan.26_20_30_00.GMT.2025.CACO04.c2.bright.jpg,c2,1737923400,2025-01-26T20:30:00+00:00,30.0,0.34945328321432473,5.594405594405594,121.29193155126634,615.264103132319,0.0587990502068492,adcp linear at epoch+300s
1737925200.Sun.Jan.26_21_00_00.GMT.2025.CACO04.c2.bright.jpg,c2,1737925200,2025-01-26T21:00:00+00:00,0.0,0.3477142255304512,5.594405594405594,118.65714358660132,532.7400746703826,0.0254032949009816,adcp linear at epoch+300s
1737927000.Sun.Jan.26_21_30_00.GMT.2025.CACO04.c2.bright.jpg,c2,1737927000,2025-01-26T21:30:00+00:00,30.0,0.37383319333436527,5.847953216374269,111.92762267667484,137.48374948249406,0.0061565200362292,adcp linear at epoch+300s
1737928800.Sun.Jan.26_22_00_00.GMT.2025.CACO04.c2.bright.jpg,c2,1737928800,2025-01-26T22:00:00+00:00,0.0,0.3992543578842984,5.847953216374269,20.21920636744281,7.855475088395965,0.0,adcp linear at epoch+300s
1737930600.Sun.Jan.26_22_30_00.GMT.2025.CACO04.c2.bright.jpg,c2,1737930600,2025-01-26T22:30:00+00:00,30.0,0.4211865061643269,5.594405594405594,1.000015956903595,0.0002680759803921,0.0,adcp linear at epoch+300s
1737932400.Sun.Jan.26_23_00_00.GMT.2025.CACO04.c2.bright.jpg,c2,1737932400,2025-01-26T23:00:00+00:00,0.0,0.4380394444578168,5.594405594405594,1.0000478707107845,0.0024509803921568,0.0,adcp linear at epoch+300s
1737934200.Sun.Jan.26_23_30_00.GMT.2025.CACO04.c2.bright.jpg,c2,1737934200,2025-01-26T23:30:00+00:00,30.0,0.4294963328186134,5.594405594405594,1.0001627604166667,0.002438214869281,0.0,adcp linear at epoch+300s
1737936000.Mon.Jan.27_00_00_00.GMT.2025.CACO04.c2.bright.jpg,c2,1737936000,2025-01-27T00:00:00+00:00,0.0,0.4422164265530796,5.594405594405594,1.0029041564542485,0.0986328125,0.0,adcp linear at epoch+300s
1737937800.Mon.Jan.27_00_30_00.GMT.2025.CACO04.c2.bright.jpg,c2,1737937800,2025-01-27T00:30:00+00:00,30.0,0.561252547155894,5.594405594405594,1.0012829350490196,0.1476364634293574,0.0,adcp linear at epoch+300s
1737939600.Mon.Jan.27_01_00_00.GMT.2025.CACO04.c2.bright.jpg,c2,1737939600,2025-01-27T01:00:00+00:00,0.0,0.656469200108478,5.594405594405594,1.0000255310457515,0.0008935866013071,0.0,adcp linear at epoch+300s
1737941400.Mon.Jan.27_01_30_00.GMT.2025.CACO04.c2.bright.jpg,c2,1737941400,2025-01-27T01:30:00+00:00,30.0,0.6325885148099097,6.125574272588055,1.0000319138071896,0.0015829248366013,0.0,adcp linear at epoch+300s
1737943200.Mon.Jan.27_02_00_00.GMT.2025.CACO04.c2.bright.jpg,c2,1737943200,2025-01-27T02:00:00+00:00,0.0,0.6135568615795878,6.125574272588055,1.0001085069444444,0.0041456035437366,0.0,adcp linear at epoch+300s
1737945000.Mon.Jan.27_02_30_00.GMT.2025.CACO04.c2.bright.jpg,c2,1737945000,2025-01-27T02:30:00+00:00,30.0,0.6187703686904965,5.847953216374269,1.0000574448529411,0.0040211397058823,0.0,adcp linear at epoch+300s
1737946800.Mon.Jan.27_03_00_00.GMT.2025.CACO04.c2.bright.jpg,c2,1737946800,2025-01-27T03:00:00+00:00,0.0,0.607495821579229,5.847953216374269,1.0000446793300657,0.0014808006535947,0.0,adcp linear at epoch+300s
1737977400.Mon.Jan.27_11_30_00.GMT.2025.CACO04.c2.bright.jpg,c2,1737977400,2025-01-27T11:30:00+00:00,30.0,0.316759947287602,7.561436672967865,11.525914011437909,3.270826944705387,0.0,adcp linear at epoch+300s
1737979200.Mon.Jan.27_12_00_00.GMT.2025.CACO04.c2.bright.jpg,c2,1737979200,2025-01-27T12:00:00+00:00,0.0,0.23850018706372955,7.561436672967865,180.2259433721405,355.36268307501786,0.476273530635725,adcp linear at epoch+300s
1737981000.Mon.Jan.27_12_30_00.GMT.2025.CACO04.c2.bright.jpg,c2,1737981000,2025-01-27T12:30:00+00:00,30.0,0.23791293935419633,6.768189509306261,161.15577767565358,1011.3011547160876,0.0767178282049399,adcp linear at epoch+300s
1737982800.Mon.Jan.27_13_00_00.GMT.2025.CACO04.c2.bright.jpg,c2,1737982800,2025-01-27T13:00:00+00:00,0.0,0.25092625501466204,6.768189509306261,152.78411585988562,933.2735639217952,0.0074171990893735,adcp linear at epoch+300s
1737984600.Mon.Jan.27_13_30_00.GMT.2025.CACO04.c2.bright.jpg,c2,1737984600,2025-01-27T13:30:00+00:00,30.0,0.33194238752512273,7.142857142857142,151.02612464256535,820.8166035674119,0.0058627695772441,adcp linear at epoch+300s
1737986400.Mon.Jan.27_14_00_00.GMT.2025.CACO04.c2.bright.jpg,c2,1737986400,2025-01-27T14:00:00+00:00,0.0,0.40028249326888354,7.142857142857142,152.97079248366012,578.221015456455,0.0096325671342194,adcp linear at epoch+300s
1737988200.Mon.Jan.27_14_30_00.GMT.2025.CACO04.c2.bright.jpg,c2,1737988200,2025-01-27T14:30:00+00:00,30.0,0.40524246517914464,7.561436672967865,150.6153556474673,521.2905564716887,0.0064257912902988,adcp linear at epoch+300s
1737990000.Mon.Jan.27_15_00_00.GMT.2025.CACO04.c2.bright.jpg,c2,1737990000,2025-01-27T15:00:00+00:00,0.0,0.4070289399781843,7.561436672967865,153.81609349468954,409.65151790967786,0.0047734449585077,adcp linear at epoch+300s
1737991800.Mon.Jan.27_15_30_00.GMT.2025.CACO04.c2.bright.jpg,c2,1737991800,2025-01-27T15:30:00+00:00,30.0,0.39294792922111643,7.142857142857142,154.16364762050654,345.5856817021232,0.0031394580304031,adcp linear at epoch+300s
1737993600.Mon.Jan.27_16_00_00.GMT.2025.CACO04.c2.bright.jpg,c2,1737993600,2025-01-27T16:00:00+00:00,0.0,0.38107322260423093,7.142857142857142,153.16396994995915,334.91739643390565,0.0014932314998408,adcp linear at epoch+300s
1737997200.Mon.Jan.27_17_00_00.GMT.2025.CACO04.c2.bright.jpg,c2,1737997200,2025-01-27T17:00:00+00:00,0.0,0.37784401225730696,7.561436672967865,154.10288054023692,284.3958188678979,6.119801228856087e-06,adcp linear at epoch+300s
1737999000.Mon.Jan.27_17_30_00.GMT.2025.CACO04.c2.bright.jpg,c2,1737999000,2025-01-27T17:30:00+00:00,30.0,0.367743795251474,8.032128514056225,153.5058274611928,260.07757824602567,0.0,adcp linear at epoch+300s
1738000800.Mon.Jan.27_18_00_00.GMT.2025.CACO04.c2.bright.jpg,c2,1738000800,2025-01-27T18:00:00+00:00,0.0,0.3469727221131619,8.032128514056225,152.2718035130719,280.05851155824774,3.0599006144280434e-05,adcp linear at epoch+300s
1738002600.Mon.Jan.27_18_30_00.GMT.2025.CACO04.c2.bright.jpg,c2,1738002600,2025-01-27T18:30:00+00:00,30.0,0.2728473683124537,8.032128514056225,149.4223122191585,367.583228668952,1.2239602457712174e-05,adcp linear at epoch+300s
1738004400.Mon.Jan.27_19_00_00.GMT.2025.CACO04.c2.bright.jpg,c2,1738004400,2025-01-27T19:00:00+00:00,0.0,0.2132235930139038,8.032128514056225,141.5254576439951,382.3890354693118,0.0002264326454676,adcp linear at epoch+300s
1738006200.Mon.Jan.27_19_30_00.GMT.2025.CACO04.c2.bright.jpg,c2,1738006200,2025-01-27T19:30:00+00:00,30.0,0.22610771022614515,5.148005148005149,133.44478592218138,425.2111451418867,0.0024846392989155,adcp linear at epoch+300s
1738008000.Mon.Jan.27_20_00_00.GMT.2025.CACO04.c2.bright.jpg,c2,1738008000,2025-01-27T20:00:00+00:00,0.0,0.26197279318984606,5.148005148005149,123.22938368055556,481.6108020066838,0.045880149812734,adcp linear at epoch+300s
1738009800.Mon.Jan.27_20_30_00.GMT.2025.CACO04.c2.bright.jpg,c2,1738009800,2025-01-27T20:30:00+00:00,30.0,0.4127427049108447,2.9962546816479403,118.10507301879085,501.82034875199855,0.0934983231744633,adcp linear at epoch+300s
1738011600.Mon.Jan.27_21_00_00.GMT.2025.CACO04.c2.bright.jpg,c2,1738011600,2025-01-27T21:00:00+00:00,0.0,0.518658346235793,2.9962546816479403,114.81345741421568,490.3422882118761,0.0658735404274069,adcp linear at epoch+300s
1738013400.Mon.Jan.27_21_30_00.GMT.2025.CACO04.c2.bright.jpg,c2,1738013400,2025-01-27T21:30:00+00:00,30.0,0.4003026355804895,5.361930294906166,115.25137548508988,328.15664620027525,0.0432975936941568,adcp linear at epoch+300s
1738015200.Mon.Jan.27_22_00_00.GMT.2025.CACO04.c2.bright.jpg,c2,1738015200,2025-01-27T22:00:00+00:00,0.0,0.31973935039855567,5.361930294906166,26.393050449346404,12.27426710238374,0.0,adcp linear at epoch+300s
1738017000.Mon.Jan.27_22_30_00.GMT.2025.CACO04.c2.bright.jpg,c2,1738017000,2025-01-27T22:30:00+00:00,30.0,0.42813819258346963,3.902439024390244,1.0000191482843137,0.0003319035947712,0.0,adcp linear at epoch+300s
1738018800.Mon.Jan.27_23_00_00.GMT.2025.CACO04.c2.bright.jpg,c2,1738018800,2025-01-27T23:00:00+00:00,0.0,0.5268835895619506,3.902439024390244,1.0003797743055556,0.0044870812908496,0.0,adcp linear at epoch+300s
1738020600.Mon.Jan.27_23_30_00.GMT.2025.CACO04.c2.bright.jpg,c2,1738020600,2025-01-27T23:30:00+00:00,30.0,0.5773617605082665,4.291845493562232,1.0035647722630718,0.2277752246732026,0.0,adcp linear at epoch+300s
1738022400.Tue.Jan.28_00_00_00.GMT.2025.CACO04.c2.bright.jpg,c2,1738022400,2025-01-28T00:00:00+00:00,0.0,0.6215146564005429,4.291845493562232,1.00082337622549,0.1303966247855665,0.0,adcp linear at epoch+300s
1738024200.Tue.Jan.28_00_30_00.GMT.2025.CACO04.c2.bright.jpg,c2,1738024200,2025-01-28T00:30:00+00:00,30.0,0.6340411770226221,4.597701149425287,1.0008616727941178,0.0113996119281045,0.0,adcp linear at epoch+300s
1738026000.Tue.Jan.28_01_00_00.GMT.2025.CACO04.c2.bright.jpg,c2,1738026000,2025-01-28T01:00:00+00:00,0.0,0.6480899049552508,4.597701149425287,1.0018701491013071,0.2643931270424836,0.0,adcp linear at epoch+300s
1738027800.Tue.Jan.28_01_30_00.GMT.2025.CACO04.c2.bright.jpg,c2,1738027800,2025-01-28T01:30:00+00:00,30.0,0.6697496694406279,4.767580452920143,1.0001627604166667,0.0034722222222222,0.0,adcp linear at epoch+300s
1738029600.Tue.Jan.28_02_00_00.GMT.2025.CACO04.c2.bright.jpg,c2,1738029600,2025-01-28T02:00:00+00:00,0.0,0.6870882949926403,4.767580452920143,1.0002840328839868,0.017597273243574,0.0,adcp linear at epoch+300s
1738031400.Tue.Jan.28_02_30_00.GMT.2025.CACO04.c2.bright.jpg,c2,1738031400,2025-01-28T02:30:00+00:00,30.0,0.6828212258778298,4.767580452920143,1.0010531556372548,0.0619957618464052,0.0,adcp linear at epoch+300s
1738033200.Tue.Jan.28_03_00_00.GMT.2025.CACO04.c2.bright.jpg,c2,1738033200,2025-01-28T03:00:00+00:00,0.0,0.6926189116038478,4.767580452920143,1.0004244536356208,0.0338094873366013,0.0,adcp linear at epoch+300s
1738063800.Tue.Jan.28_11_30_00.GMT.2025.CACO04.c2.bright.jpg,c2,1738063800,2025-01-28T11:30:00+00:00,30.0,0.4733370513028935,4.597701149425287,10.404548994076798,3.2688832998917405,0.0,adcp linear at epoch+300s
1738065600.Tue.Jan.28_12_00_00.GMT.2025.CACO04.c2.bright.jpg,c2,1738065600,2025-01-28T12:00:00+00:00,0.0,0.4707237326123863,4.597701149425287,159.4581609987745,308.76051586476564,0.0236530317495287,adcp linear at epoch+300s
1738067400.Tue.Jan.28_12_30_00.GMT.2025.CACO04.c2.bright.jpg,c2,1738067400,2025-01-28T12:30:00+00:00,30.0,0.4646716863397839,5.594405594405594,160.86097707312092,711.3913238769237,0.0251034246407676,adcp linear at epoch+300s
1738069200.Tue.Jan.28_13_00_00.GMT.2025.CACO04.c2.bright.jpg,c2,1738069200,2025-01-28T13:00:00+00:00,0.0,0.46151227419742585,5.594405594405594,151.23135276245915,259.2160368857489,0.0421654304668184,adcp linear at epoch+300s
1738071000.Tue.Jan.28_13_30_00.GMT.2025.CACO04.c2.bright.jpg,c2,1738071000,2025-01-28T13:30:00+00:00,30.0,0.4728160327062893,5.148005148005149,176.45247714971404,240.5159780517067,0.0682847421115762,adcp linear at epoch+300s
1738072800.Tue.Jan.28_14_00_00.GMT.2025.CACO04.c2.bright.jpg,c2,1738072800,2025-01-28T14:00:00+00:00,0.0,0.48320814375541793,5.148005148005149,158.02150990604576,227.7159637133973,0.0503537245110278,adcp linear at epoch+300s
1738074600.Tue.Jan.28_14_30_00.GMT.2025.CACO04.c2.bright.jpg,c2,1738074600,2025-01-28T14:30:00+00:00,30.0,0.4890420175058727,7.561436672967865,162.2514137816585,399.7120590522434,0.0250238672247925,adcp linear at epoch+300s
1738076400.Tue.Jan.28_15_00_00.GMT.2025.CACO04.c2.bright.jpg,c2,1738076400,2025-01-28T15:00:00+00:00,0.0,0.4989464730699044,7.561436672967865,160.95798547283496,373.2557986468475,0.03108247044136,adcp linear at epoch+300s
1738078200.Tue.Jan.28_15_30_00.GMT.2025.CACO04.c2.bright.jpg,c2,1738078200,2025-01-28T15:30:00+00:00,30.0,0.5292038377018211,8.565310492505352,156.9981809129902,304.32533215955993,0.0194793273114489,adcp linear at epoch+300s
1738080000.Tue.Jan.28_16_00_00.GMT.2025.CACO04.c2.bright.jpg,c2,1738080000,2025-01-28T16:00:00+00:00,0.0,0.5600161445797935,8.565310492505352,158.9510888991013,273.70017297022764,0.0083168098700154,adcp linear at epoch+300s
1738081800.Tue.Jan.28_16_30_00.GMT.2025.CACO04.c2.bright.jpg,c2,1738081800,2025-01-28T16:30:00+00:00,30.0,0.5936031626880445,9.174311926605505,151.31484566482845,315.32989454971147,0.0286223103473599,adcp linear at epoch+300s
1738083600.Tue.Jan.28_17_00_00.GMT.2025.CACO04.c2.bright.jpg,c2,1738083600,2025-01-28T17:00:00+00:00,0.0,0.6283320137162178,9.174311926605505,200.9630182802288,273.48468467049446,0.1150339036988078,adcp linear at epoch+300s
1738085400.Tue.Jan.28_17_30_00.GMT.2025.CACO04.c2.bright.jpg,c2,1738085400,2025-01-28T17:30:00+00:00,30.0,0.6687700293440022,2.386634844868735,222.17388237847223,179.74141392391482,0.2462179628405669,adcp linear at epoch+300s
1738087200.Tue.Jan.28_18_00_00.GMT.2025.CACO04.c2.bright.jpg,c2,1738087200,2025-01-28T18:00:00+00:00,0.0,0.7025143685837089,2.386634844868735,163.47394556781046,184.34381867005064,0.0052507894543585,adcp linear at epoch+300s
1738089000.Tue.Jan.28_18_30_00.GMT.2025.CACO04.c2.bright.jpg,c2,1738089000,2025-01-28T18:30:00+00:00,30.0,0.702790325883027,6.430868167202571,231.4952544168709,287.520672999655,0.5963623901495679,adcp linear at epoch+300s
1738090800.Tue.Jan.28_19_00_00.GMT.2025.CACO04.c2.bright.jpg,c2,1738090800,2025-01-28T19:00:00+00:00,0.0,0.7064342279079915,6.430868167202571,151.41223703022877,300.4168230157124,0.0712344863038848,adcp linear at epoch+300s
1738092600.Tue.Jan.28_19_30_00.GMT.2025.CACO04.c2.bright.jpg,c2,1738092600,2025-01-28T19:30:00+00:00,30.0,0.7269178535611872,4.439511653718091,140.35365923713235,391.5415032077688,0.0667976304129641,adcp linear at epoch+300s
1738094400.Tue.Jan.28_20_00_00.GMT.2025.CACO04.c2.bright.jpg,c2,1738094400,2025-01-28T20:00:00+00:00,0.0,0.7406941796900887,4.439511653718091,131.87708078022877,480.6910241199246,0.1210374287043156,adcp linear at epoch+300s
1738096200.Tue.Jan.28_20_30_00.GMT.2025.CACO04.c2.bright.jpg,c2,1738096200,2025-01-28T20:30:00+00:00,30.0,0.720934008197518,7.142857142857142,129.35564427593954,556.0728597449005,0.1490967173386208,adcp linear at epoch+300s
1738098000.Tue.Jan.28_21_00_00.GMT.2025.CACO04.c2.bright.jpg,c2,1738098000,2025-01-28T21:00:00+00:00,0.0,0.729120788853772,7.142857142857142,121.40930734272877,614.1822589402565,0.1236077452204352,adcp linear at epoch+300s
1738099800.Tue.Jan.28_21_30_00.GMT.2025.CACO04.c2.bright.jpg,c2,1738099800,2025-01-28T21:30:00+00:00,30.0,0.8770423302541492,6.768189509306261,107.1179949193219,137.13736976820067,0.0366453697583902,adcp linear at epoch+300s
1738101600.Tue.Jan.28_22_00_00.GMT.2025.CACO04.c2.bright.jpg,c2,1738101600,2025-01-28T22:00:00+00:00,0.0,0.9832056183084403,6.768189509306261,28.2153479881536,13.093647874350369,0.0,adcp linear at epoch+300s
1738103400.Tue.Jan.28_22_30_00.GMT.2025.CACO04.c2.bright.jpg,c2,1738103400,2025-01-28T22:30:00+00:00,30.0,0.8805776396323013,7.142857142857142,1.0384082669526145,7.878121170343137,0.0,adcp linear at epoch+300s
1738105200.Tue.Jan.28_23_00_00.GMT.2025.CACO04.c2.bright.jpg,c2,1738105200,2025-01-28T23:00:00+00:00,0.0,0.7986496053741251,7.142857142857142,1.0000478707107845,0.008438010620915,0.0,adcp linear at epoch+300s
1738107000.Tue.Jan.28_23_30_00.GMT.2025.CACO04.c2.bright.jpg,c2,1738107000,2025-01-28T23:30:00+00:00,30.0,0.8202212932057634,7.142857142857142,1.0000287224264706,0.0009574142156862,0.0,adcp linear at epoch+300s
1738108800.Wed.Jan.29_00_00_00.GMT.2025.CACO04.c2.bright.jpg,c2,1738108800,2025-01-29T00:00:00+00:00,0.0,0.8404796851676446,7.142857142857142,1.0000191482843137,0.0007914624183006,0.0,adcp linear at epoch+300s
1738110600.Wed.Jan.29_00_30_00.GMT.2025.CACO04.c2.bright.jpg,c2,1738110600,2025-01-29T00:30:00+00:00,30.0,0.8541715977807405,7.142857142857142,1.0000063827614378,0.0002553104575163,0.0,adcp linear at epoch+300s
1738112400.Wed.Jan.29_01_00_00.GMT.2025.CACO04.c2.bright.jpg,c2,1738112400,2025-01-29T01:00:00+00:00,0.0,0.8586467655688511,7.142857142857142,1.0000861672794117,0.0012637867647058,0.0,adcp linear at epoch+300s
1738114200.Wed.Jan.29_01_30_00.GMT.2025.CACO04.c2.bright.jpg,c2,1738114200,2025-01-29T01:30:00+00:00,30.0,0.8170382092320356,6.768189509306261,1.00006063623366,0.0019275939542483,0.0,adcp linear at epoch+300s
1738116000.Wed.Jan.29_02_00_00.GMT.2025.CACO04.c2.bright.jpg,c2,1738116000,2025-01-29T02:00:00+00:00,0.0,0.7870574924625678,6.768189509306261,1.0000574448529411,0.0113102532679738,0.0,adcp linear at epoch+300s
1738117800.Wed.Jan.29_02_30_00.GMT.2025.CACO04.c2.bright.jpg,c2,1738117800,2025-01-29T02:30:00+00:00,30.0,0.8152159735298383,6.125574272588055,1.0000095741421569,0.0002170138888888,0.0,adcp linear at epoch+300s
1738119600.Wed.Jan.29_03_00_00.GMT.2025.CACO04.c2.bright.jpg,c2,1738119600,2025-01-29T03:00:00+00:00,0.0,0.8441039626423952,6.125574272588055,1.0000319138071896,0.000765931372549,0.0,adcp linear at epoch+300s
1738150200.Wed.Jan.29_11_30_00.GMT.2025.CACO04.c2.bright.jpg,c2,1738150200,2025-01-29T11:30:00+00:00,30.0,0.7359772244006515,4.767580452920143,9.68450967626634,2.820111442515645,0.0,adcp linear at epoch+300s
1738152000.Wed.Jan.29_12_00_00.GMT.2025.CACO04.c2.bright.jpg,c2,1738152000,2025-01-29T12:00:00+00:00,0.0,0.858606661712727,4.767580452920143,133.1490598192402,140.88451962468156,0.0,adcp linear at epoch+300s
1738153800.Wed.Jan.29_12_30_00.GMT.2025.CACO04.c2.bright.jpg,c2,1738153800,2025-01-29T12:30:00+00:00,30.0,0.8264042926409294,4.767580452920143,190.73896420547385,430.1322278559572,0.1939426207436782,adcp linear at epoch+300s
1738155600.Wed.Jan.29_13_00_00.GMT.2025.CACO04.c2.bright.jpg,c2,1738155600,2025-01-29T13:00:00+00:00,0.0,0.788410613680454,4.767580452920143,172.83424606821896,567.8432467129439,0.084453256958214,adcp linear at epoch+300s
1738157400.Wed.Jan.29_13_30_00.GMT.2025.CACO04.c2.bright.jpg,c2,1738157400,2025-01-29T13:30:00+00:00,30.0,0.7214603852765894,4.950495049504951,172.25252119076796,388.1295732456268,0.1124574673814594,adcp linear at epoch+300s
1738159200.Wed.Jan.29_14_00_00.GMT.2025.CACO04.c2.bright.jpg,c2,1738159200,2025-01-29T14:00:00+00:00,0.0,0.6635542347023426,4.950495049504951,135.25384561376634,274.6837234941845,0.0143386942792098,adcp linear at epoch+300s
1738161000.Wed.Jan.29_14_30_00.GMT.2025.CACO04.c2.bright.jpg,c2,1738161000,2025-01-29T14:30:00+00:00,30.0,0.6508684732761852,4.950495049504951,226.348224315768,356.89291613742284,0.4549827421605346,adcp linear at epoch+300s
1738162800.Wed.Jan.29_15_00_00.GMT.2025.CACO04.c2.bright.jpg,c2,1738162800,2025-01-29T15:00:00+00:00,0.0,0.6487359687201718,4.950495049504951,153.77251838235293,191.4241843119889,0.0640865584685809,adcp linear at epoch+300s
1738164600.Wed.Jan.29_15_30_00.GMT.2025.CACO04.c2.bright.jpg,c2,1738164600,2025-01-29T15:30:00+00:00,30.0,0.6993697485148782,5.594405594405594,147.58219720179738,140.2702524462699,0.0019338571883185,adcp linear at epoch+300s
1738166400.Wed.Jan.29_16_00_00.GMT.2025.CACO04.c2.bright.jpg,c2,1738166400,2025-01-29T16:00:00+00:00,0.0,0.7375946490166736,5.594405594405594,152.77491830065358,148.0390496444833,0.0371104746517833,adcp linear at epoch+300s
1738168200.Wed.Jan.29_16_30_00.GMT.2025.CACO04.c2.bright.jpg,c2,1738168200,2025-01-29T16:30:00+00:00,30.0,0.7137751530539138,5.594405594405594,226.9802804585376,190.7969639180201,0.4671244277985851,adcp linear at epoch+300s
1738170000.Wed.Jan.29_17_00_00.GMT.2025.CACO04.c2.bright.jpg,c2,1738170000,2025-01-29T17:00:00+00:00,0.0,0.7006136461760526,5.594405594405594,162.52145884395424,265.4922055525509,0.0880027416709505,adcp linear at epoch+300s
1738171800.Wed.Jan.29_17_30_00.GMT.2025.CACO04.c2.bright.jpg,c2,1738171800,2025-01-29T17:30:00+00:00,30.0,0.7407420847226849,6.768189509306261,160.08439287173204,247.40353183703763,0.0694964627548897,adcp linear at epoch+300s
1738173600.Wed.Jan.29_18_00_00.GMT.2025.CACO04.c2.bright.jpg,c2,1738173600,2025-01-29T18:00:00+00:00,0.0,0.7698273138954183,6.768189509306261,158.21774471507354,252.88730521053185,0.0753469927296761,adcp linear at epoch+300s
1738175400.Wed.Jan.29_18_30_00.GMT.2025.CACO04.c2.bright.jpg,c2,1738175400,2025-01-29T18:30:00+00:00,30.0,0.7436964961986574,8.032128514056225,154.99073542177288,286.1152694211561,0.0778499914322782,adcp linear at epoch+300s
1738177200.Wed.Jan.29_19_00_00.GMT.2025.CACO04.c2.bright.jpg,c2,1738177200,2025-01-29T19:00:00+00:00,0.0,0.713676306986299,8.032128514056225,149.2449863408905,351.4166609797282,0.1517404714694866,adcp linear at epoch+300s
1738179000.Wed.Jan.29_19_30_00.GMT.2025.CACO04.c2.bright.jpg,c2,1738179000,2025-01-29T19:30:00+00:00,30.0,0.6642092601959529,6.768189509306261,152.16800385518792,359.985980806787,0.1795610878558664,adcp linear at epoch+300s
1738180800.Wed.Jan.29_20_00_00.GMT.2025.CACO04.c2.bright.jpg,c2,1738180800,2025-01-29T20:00:00+00:00,0.0,0.6175693288581753,6.768189509306261,212.8924281301062,297.76377912647087,0.4264277496266921,adcp linear at epoch+300s
1738182600.Wed.Jan.29_20_30_00.GMT.2025.CACO04.c2.bright.jpg,c2,1738182600,2025-01-29T20:30:00+00:00,30.0,0.5850649747832395,5.847953216374269,106.0230832567402,65.5447941855092,0.0620670240630584,adcp linear at epoch+300s
1738184400.Wed.Jan.29_21_00_00.GMT.2025.CACO04.c2.bright.jpg,c2,1738184400,2025-01-29T21:00:00+00:00,0.0,0.5503396629313045,5.847953216374269,149.2510084763072,156.42528593544773,0.0666017967736408,adcp linear at epoch+300s
1738186200.Wed.Jan.29_21_30_00.GMT.2025.CACO04.c2.bright.jpg,c2,1738186200,2025-01-29T21:30:00+00:00,30.0,0.5045095621943738,5.361930294906166,69.40369689542484,20.023656672601128,0.0,adcp linear at epoch+300s
1738188000.Wed.Jan.29_22_00_00.GMT.2025.CACO04.c2.bright.jpg,c2,1738188000,2025-01-29T22:00:00+00:00,0.0,0.47326402896359004,5.361930294906166,6.419082541870915,1.691284955981409,0.0,adcp linear at epoch+300s
1738189800.Wed.Jan.29_22_30_00.GMT.2025.CACO04.c2.bright.jpg,c2,1738189800,2025-01-29T22:30:00+00:00,30.0,0.5149413332635403,9.174311926605505,1.0048189848856208,0.0562831901965185,0.0,adcp linear at epoch+300s
1738191600.Wed.Jan.29_23_00_00.GMT.2025.CACO04.c2.bright.jpg,c2,1738191600,2025-01-29T23:00:00+00:00,0.0,0.5548422663248531,9.174311926605505,1.000015956903595,0.0003191380718954,0.0,adcp linear at epoch+300s
1738193400.Wed.Jan.29_23_30_00.GMT.2025.CACO04.c2.bright.jpg,c2,1738193400,2025-01-29T23:30:00+00:00,30.0,0.5858613431929792,9.876543209876544,1.0000223396650327,0.0004467933006535,0.0,adcp linear at epoch+300s
1738195200.Thu.Jan.30_00_00_00.GMT.2025.CACO04.c2.bright.jpg,c2,1738195200,2025-01-30T00:00:00+00:00,0.0,0.6359365201333234,9.876543209876544,1.000003191380719,6.382761437908497e-05,0.0,adcp linear at epoch+300s
1738197000.Thu.Jan.30_00_30_00.GMT.2025.CACO04.c2.bright.jpg,c2,1738197000,2025-01-30T00:30:00+00:00,30.0,0.7812921974347583,4.153686396677051,1.0000063827614378,0.0001372293607301,0.0,adcp linear at epoch+300s
1738198800.Thu.Jan.30_01_00_00.GMT.2025.CACO04.c2.bright.jpg,c2,1738198800,2025-01-30T01:00:00+00:00,0.0,0.9056409053433792,4.153686396677051,1.0000638276143792,0.0010148590686274,0.0,adcp linear at epoch+300s
1738200600.Thu.Jan.30_01_30_00.GMT.2025.CACO04.c2.bright.jpg,c2,1738200600,2025-01-30T01:30:00+00:00,30.0,0.9249547662879296,6.430868167202571,1.000003191380719,6.382761437908497e-05,0.0,adcp linear at epoch+300s
1738202400.Thu.Jan.30_02_00_00.GMT.2025.CACO04.c2.bright.jpg,c2,1738202400,2025-01-30T02:00:00+00:00,0.0,0.9401477486251111,6.430868167202571,1.0000351051879084,0.0008297589869281,0.0,adcp linear at epoch+300s
1738204200.Thu.Jan.30_02_30_00.GMT.2025.CACO04.c2.bright.jpg,c2,1738204200,2025-01-30T02:30:00+00:00,30.0,0.9347363379254471,7.142857142857142,1.000012765522876,0.0003829656862745,0.0,adcp linear at epoch+300s
1738206000.Thu.Jan.30_03_00_00.GMT.2025.CACO04.c2.bright.jpg,c2,1738206000,2025-01-30T03:00:00+00:00,0.0,0.9223947672447469,7.142857142857142,1.000012765522876,0.0003829656862745,0.0,adcp linear at epoch+300s
1738236600.Thu.Jan.30_11_30_00.GMT.2025.CACO04.c2.bright.jpg,c2,1738236600,2025-01-30T11:30:00+00:00,30.0,1.3732693671860425,6.768189509306261,19.79510059232026,11.66202588806322,0.0,adcp linear at epoch+300s
1738238400.Thu.Jan.30_12_00_00.GMT.2025.CACO04.c2.bright.jpg,c2,1738238400,2025-01-30T12:00:00+00:00,0.0,1.3678960555443542,6.768189509306261,201.99351511437908,373.1114165682301,0.3497466402291254,adcp linear at epoch+300s
1738240200.Thu.Jan.30_12_30_00.GMT.2025.CACO04.c2.bright.jpg,c2,1738240200,2025-01-30T12:30:00+00:00,30.0,1.3704456462520247,6.430868167202571,218.24459380106208,704.1262793072551,0.3558052434456928,adcp linear at epoch+300s
1738242000.Thu.Jan.30_13_00_00.GMT.2025.CACO04.c2.bright.jpg,c2,1738242000,2025-01-30T13:00:00+00:00,0.0,1.3686581727920604,6.430868167202571,180.6061900020425,852.862355508046,0.1822476805953342,adcp linear at epoch+300s
1738243800.Thu.Jan.30_13_30_00.GMT.2025.CACO04.c2.bright.jpg,c2,1738243800,2025-01-30T13:30:00+00:00,30.0,1.3451853784939212,6.768189509306261,173.4224143433415,693.1308893975813,0.2015556534723752,adcp linear at epoch+300s
1738245600.Thu.Jan.30_14_00_00.GMT.2025.CACO04.c2.bright.jpg,c2,1738245600,2025-01-30T14:00:00+00:00,0.0,1.3149504253156437,6.768189509306261,170.20724826388889,628.1031067038832,0.1844385694352647,adcp linear at epoch+300s
1738247400.Thu.Jan.30_14_30_00.GMT.2025.CACO04.c2.bright.jpg,c2,1738247400,2025-01-30T14:30:00+00:00,30.0,1.2509046777366741,6.768189509306261,172.13031364889707,524.5582809046957,0.1632273383760495,adcp linear at epoch+300s
1738249200.Thu.Jan.30_15_00_00.GMT.2025.CACO04.c2.bright.jpg,c2,1738249200,2025-01-30T15:00:00+00:00,0.0,1.1892705352669373,6.768189509306261,183.5952339920343,469.00945552696334,0.187828939316051,adcp linear at epoch+300s
1738251000.Thu.Jan.30_15_30_00.GMT.2025.CACO04.c2.bright.jpg,c2,1738251000,2025-01-30T15:30:00+00:00,30.0,1.1396944183433613,6.430868167202571,208.1185438368056,333.58125574276403,0.1821620033781302,adcp linear at epoch+300s
1738252800.Thu.Jan.30_16_00_00.GMT.2025.CACO04.c2.bright.jpg,c2,1738252800,2025-01-30T16:00:00+00:00,0.0,1.0853306306527557,6.430868167202571,167.8771063112745,328.80627659640373,0.1174879439915791,adcp linear at epoch+300s
1738254600.Thu.Jan.30_16_30_00.GMT.2025.CACO04.c2.bright.jpg,c2,1738254600,2025-01-30T16:30:00+00:00,30.0,1.0070284891270018,6.768189509306261,171.52814478656046,324.17774391124414,0.1165699738072507,adcp linear at epoch+300s
1738256400.Thu.Jan.30_17_00_00.GMT.2025.CACO04.c2.bright.jpg,c2,1738256400,2025-01-30T17:00:00+00:00,0.0,0.9347283961053048,6.768189509306261,170.2706578073938,345.9330793062296,0.1268267606668135,adcp linear at epoch+300s
1738258200.Thu.Jan.30_17_30_00.GMT.2025.CACO04.c2.bright.jpg,c2,1738258200,2025-01-30T17:30:00+00:00,30.0,0.8924385456038928,6.768189509306261,170.7835733251634,305.9937925799409,0.1013500281510856,adcp linear at epoch+300s
1738260000.Thu.Jan.30_18_00_00.GMT.2025.CACO04.c2.bright.jpg,c2,1738260000,2025-01-30T18:00:00+00:00,0.0,0.8574465280661144,6.768189509306261,170.93532986111111,309.60836655005136,0.0996181244033193,adcp linear at epoch+300s
1738261800.Thu.Jan.30_18_30_00.GMT.2025.CACO04.c2.bright.jpg,c2,1738261800,2025-01-30T18:30:00+00:00,30.0,0.858943675346505,6.430868167202571,166.47284773284315,381.0254131758186,0.1578113142885119,adcp linear at epoch+300s
1738263600.Thu.Jan.30_19_00_00.GMT.2025.CACO04.c2.bright.jpg,c2,1738263600,2025-01-30T19:00:00+00:00,0.0,0.8544894030152983,6.430868167202571,155.9917311325572,365.9016416299459,0.1700692761499106,adcp linear at epoch+300s
1738265400.Thu.Jan.30_19_30_00.GMT.2025.CACO04.c2.bright.jpg,c2,1738265400,2025-01-30T19:30:00+00:00,30.0,0.8202780326261062,6.125574272588055,144.02890752655227,413.7271134413375,0.1922168367971408,adcp linear at epoch+300s
1738267200.Thu.Jan.30_20_00_00.GMT.2025.CACO04.c2.bright.jpg,c2,1738267200,2025-01-30T20:00:00+00:00,0.0,0.7848735217894326,6.125574272588055,135.8363491881127,461.7103840930789,0.2259614207730532,adcp linear at epoch+300s
1738269000.Thu.Jan.30_20_30_00.GMT.2025.CACO04.c2.bright.jpg,c2,1738269000,2025-01-30T20:30:00+00:00,30.0,0.7435033087153514,6.125574272588055,125.7280943627451,550.227602604448,0.2743568088908472,adcp linear at epoch+300s
1738270800.Thu.Jan.30_21_00_00.GMT.2025.CACO04.c2.bright.jpg,c2,1738270800,2025-01-30T21:00:00+00:00,0.0,0.704085942855115,6.125574272588055,119.29971213745915,524.6458197552074,0.1422547795647597,adcp linear at epoch+300s
1738272600.Thu.Jan.30_21_30_00.GMT.2025.CACO04.c2.bright.jpg,c2,1738272600,2025-01-30T21:30:00+00:00,30.0,0.6744328130641029,6.125574272588055,110.8364736519608,238.4898792033652,0.0465533279479082,adcp linear at epoch+300s
1738274400.Thu.Jan.30_22_00_00.GMT.2025.CACO04.c2.bright.jpg,c2,1738274400,2025-01-30T22:00:00+00:00,0.0,0.6482329109093143,6.125574272588055,36.27686185151144,17.261437467856744,0.0,adcp linear at epoch+300s
1738276200.Thu.Jan.30_22_30_00.GMT.2025.CACO04.c2.bright.jpg,c2,1738276200,2025-01-30T22:30:00+00:00,30.0,0.6392991469356444,5.847953216374269,1.000277650122549,0.0041583689851331,0.0,adcp linear at epoch+300s
1738278000.Thu.Jan.30_23_00_00.GMT.2025.CACO04.c2.bright.jpg,c2,1738278000,2025-01-30T23:00:00+00:00,0.0,0.6239021229383187,5.847953216374269,1.0000319138071896,0.0013020833333333,0.0,adcp linear at epoch+300s
1738279800.Thu.Jan.30_23_30_00.GMT.2025.CACO04.c2.bright.jpg,c2,1738279800,2025-01-30T23:30:00+00:00,30.0,0.5761887988227142,5.361930294906166,1.0000351051879084,0.0010850694444444,0.0,adcp linear at epoch+300s
1738281600.Fri.Jan.31_00_00_00.GMT.2025.CACO04.c2.bright.jpg,c2,1738281600,2025-01-31T00:00:00+00:00,0.0,0.5392875220487017,5.361930294906166,1.000012765522876,0.0010212418300653,0.0,adcp linear at epoch+300s
1738283400.Fri.Jan.31_00_30_00.GMT.2025.CACO04.c2.bright.jpg,c2,1738283400,2025-01-31T00:30:00+00:00,30.0,0.5564464819826487,5.148005148005149,1.0000542534722223,0.0038424223856209,0.0,adcp linear at epoch+300s
1738285200.Fri.Jan.31_01_00_00.GMT.2025.CACO04.c2.bright.jpg,c2,1738285200,2025-01-31T01:00:00+00:00,0.0,0.5733064240533171,5.148005148005149,1.0,0.0,0.0,adcp linear at epoch+300s
1738287000.Fri.Jan.31_01_30_00.GMT.2025.CACO04.c2.bright.jpg,c2,1738287000,2025-01-31T01:30:00+00:00,30.0,0.588671276807593,6.125574272588055,1.0000574448529411,0.0047743055555555,0.0,adcp linear at epoch+300s
1738288800.Fri.Jan.31_02_00_00.GMT.2025.CACO04.c2.bright.jpg,c2,1738288800,2025-01-31T02:00:00+00:00,0.0,0.6052354602339772,6.125574272588055,1.0000829758986929,0.0042381535947712,0.0,adcp linear at epoch+300s
1738290600.Fri.Jan.31_02_30_00.GMT.2025.CACO04.c2.bright.jpg,c2,1738290600,2025-01-31T02:30:00+00:00,30.0,0.6277962970209031,5.361930294906166,1.0000095741421569,0.0001404207516339,0.0,adcp linear at epoch+300s
1738292400.Fri.Jan.31_03_00_00.GMT.2025.CACO04.c2.bright.jpg,c2,1738292400,2025-01-31T03:00:00+00:00,0.0,0.6389904497127433,5.361930294906166,1.000012765522876,0.0003319035947712,0.0,adcp linear at epoch+300s
1738323000.Fri.Jan.31_11_30_00.GMT.2025.CACO04.c2.bright.jpg,c2,1738323000,2025-01-31T11:30:00+00:00,30.0,0.5653080153523338,5.594405594405594,8.295352711397058,1.9749923109870744,0.0,adcp linear at epoch+300s
1738324800.Fri.Jan.31_12_00_00.GMT.2025.CACO04.c2.bright.jpg,c2,1738324800,2025-01-31T12:00:00+00:00,0.0,0.568906059149618,5.594405594405594,88.34399892769608,47.38308376686204,0.0,adcp linear at epoch+300s
1738326600.Fri.Jan.31_12_30_00.GMT.2025.CACO04.c2.bright.jpg,c2,1738326600,2025-01-31T12:30:00+00:00,30.0,0.6647161305503196,4.767580452920143,182.30215354370915,181.659351892741,0.2158270299380676,adcp linear at epoch+300s
1738328400.Fri.Jan.31_13_00_00.GMT.2025.CACO04.c2.bright.jpg,c2,1738328400,2025-01-31T13:00:00+00:00,0.0,0.74886464649513,4.767580452920143,141.62325431474673,133.5390302848824,0.0003610682725025,adcp linear at epoch+300s
1738330200.Fri.Jan.31_13_30_00.GMT.2025.CACO04.c2.bright.jpg,c2,1738330200,2025-01-31T13:30:00+00:00,30.0,0.7747053851604838,5.594405594405594,154.80020680147058,145.76113069117048,0.1112457467381459,adcp linear at epoch+300s
1738332000.Fri.Jan.31_14_00_00.GMT.2025.CACO04.c2.bright.jpg,c2,1738332000,2025-01-31T14:00:00+00:00,0.0,0.802064185148434,5.594405594405594,163.58164190155227,158.62504404353703,0.1732638123913735,adcp linear at epoch+300s
1738333800.Fri.Jan.31_14_30_00.GMT.2025.CACO04.c2.bright.jpg,c2,1738333800,2025-01-31T14:30:00+00:00,30.0,0.8370132917493659,6.125574272588055,153.86492481107027,151.93892010403363,0.1407370688600034,adcp linear at epoch+300s
1738335600.Fri.Jan.31_15_00_00.GMT.2025.CACO04.c2.bright.jpg,c2,1738335600,2025-01-31T15:00:00+00:00,0.0,0.8674702062241786,6.125574272588055,151.44997829861111,131.02515434402997,0.1153215343565641,adcp linear at epoch+300s
1738337400.Fri.Jan.31_15_30_00.GMT.2025.CACO04.c2.bright.jpg,c2,1738337400,2025-01-31T15:30:00+00:00,30.0,0.8754661600683951,5.847953216374269,157.67694929534315,178.06363595941102,0.1249296222858681,adcp linear at epoch+300s
1738339200.Fri.Jan.31_16_00_00.GMT.2025.CACO04.c2.bright.jpg,c2,1738339200,2025-01-31T16:00:00+00:00,0.0,0.8865059596882712,5.847953216374269,137.94036585988562,125.87806051348504,0.0880945386893833,adcp linear at epoch+300s
1738341000.Fri.Jan.31_16_30_00.GMT.2025.CACO04.c2.bright.jpg,c2,1738341000,2025-01-31T16:30:00+00:00,30.0,0.912764988186445,6.430868167202571,155.50450942095588,144.46259302238238,0.1334789846025801,adcp linear at epoch+300s
1738342800.Fri.Jan.31_17_00_00.GMT.2025.CACO04.c2.bright.jpg,c2,1738342800,2025-01-31T17:00:00+00:00,0.0,0.9376866878517699,6.430868167202571,145.57544424019608,130.5123820642399,0.1179530488849722,adcp linear at epoch+300s
1738344600.Fri.Jan.31_17_30_00.GMT.2025.CACO04.c2.bright.jpg,c2,1738344600,2025-01-31T17:30:00+00:00,30.0,0.9559217433528495,6.125574272588055,137.8738542943219,118.10933949954588,0.0995936451984039,adcp linear at epoch+300s
1738346400.Fri.Jan.31_18_00_00.GMT.2025.CACO04.c2.bright.jpg,c2,1738346400,2025-01-31T18:00:00+00:00,0.0,0.9568921018022651,6.125574272588055,141.15145973754085,132.64212461157285,0.1047281584294142,adcp linear at epoch+300s
1738348200.Fri.Jan.31_18_30_00.GMT.2025.CACO04.c2.bright.jpg,c2,1738348200,2025-01-31T18:30:00+00:00,30.0,0.8715389749933603,6.125574272588055,166.31819342320262,174.3258622165543,0.2194254730606349,adcp linear at epoch+300s
1738350000.Fri.Jan.31_19_00_00.GMT.2025.CACO04.c2.bright.jpg,c2,1738350000,2025-01-31T19:00:00+00:00,0.0,0.8044515273135195,6.125574272588055,140.42262497446896,138.05728847299434,0.1079165748696482,adcp linear at epoch+300s
1738351800.Fri.Jan.31_19_30_00.GMT.2025.CACO04.c2.bright.jpg,c2,1738351800,2025-01-31T19:30:00+00:00,30.0,0.8286924752789987,6.430868167202571,132.4196889042075,121.23606537576872,0.0497907027979731,adcp linear at epoch+300s
1738353600.Fri.Jan.31_20_00_00.GMT.2025.CACO04.c2.bright.jpg,c2,1738353600,2025-01-31T20:00:00+00:00,0.0,0.8342415703255973,6.430868167202571,141.02383323120915,135.99080779359048,0.1669848963305671,adcp linear at epoch+300s
1738355400.Fri.Jan.31_20_30_00.GMT.2025.CACO04.c2.bright.jpg,c2,1738355400,2025-01-31T20:30:00+00:00,30.0,0.7463314007777935,6.430868167202571,135.181436376634,126.41527135007844,0.1250703777141318,adcp linear at epoch+300s
1738357200.Fri.Jan.31_21_00_00.GMT.2025.CACO04.c2.bright.jpg,c2,1738357200,2025-01-31T21:00:00+00:00,0.0,0.6786501931793293,6.430868167202571,130.92218775531046,119.70252760045624,0.0002447920491542,adcp linear at epoch+300s
1738359000.Fri.Jan.31_21_30_00.GMT.2025.CACO04.c2.bright.jpg,c2,1738359000,2025-01-31T21:30:00+00:00,30.0,0.7121137953275639,6.430868167202571,58.30073337928921,21.96895101126523,0.0,adcp linear at epoch+300s
1738360800.Fri.Jan.31_22_00_00.GMT.2025.CACO04.c2.bright.jpg,c2,1738360800,2025-01-31T22:00:00+00:00,0.0,0.7337045062619744,6.430868167202571,6.918999565972222,1.6683070359895529,0.0,adcp linear at epoch+300s
1738362600.Fri.Jan.31_22_30_00.GMT.2025.CACO04.c2.bright.jpg,c2,1738362600,2025-01-31T22:30:00+00:00,30.0,0.6959307611272636,5.594405594405594,1.0000382965686274,0.0006510416666666,0.0,adcp linear at epoch+300s
1738364400.Fri.Jan.31_23_00_00.GMT.2025.CACO04.c2.bright.jpg,c2,1738364400,2025-01-31T23:00:00+00:00,0.0,0.6675497243378896,5.594405594405594,1.000012765522876,0.0002553104575163,0.0,adcp linear at epoch+300s
1738366200.Fri.Jan.31_23_30_00.GMT.2025.CACO04.c2.bright.jpg,c2,1738366200,2025-01-31T23:30:00+00:00,30.0,0.6861322292751989,6.125574272588055,1.0000063827614378,0.0001276552287581,0.0,adcp linear at epoch+300s
1738368000.Sat.Feb.01_00_00_00.GMT.2025.CACO04.c2.bright.jpg,c2,1738368000,2025-02-01T00:00:00+00:00,0.0,0.6895820215223024,6.125574272588055,1.0000414879493464,0.0015701593137254,0.0,adcp linear at epoch+300s
1738369800.Sat.Feb.01_00_30_00.GMT.2025.CACO04.c2.bright.jpg,c2,1738369800,2025-02-01T00:30:00+00:00,30.0,0.617368250318377,5.847953216374269,1.0000382965686274,0.0013276143790849,0.0,adcp linear at epoch+300s
1738371600.Sat.Feb.01_01_00_00.GMT.2025.CACO04.c2.bright.jpg,c2,1738371600,2025-02-01T01:00:00+00:00,0.0,0.5522346833806794,5.847953216374269,1.000073401756536,0.0063827614379084,0.0,adcp linear at epoch+300s
1738373400.Sat.Feb.01_01_30_00.GMT.2025.CACO04.c2.bright.jpg,c2,1738373400,2025-02-01T01:30:00+00:00,30.0,0.5225021377741194,6.125574272588055,1.0000925500408495,0.0034083946078431,0.0,adcp linear at epoch+300s
1738375200.Sat.Feb.01_02_00_00.GMT.2025.CACO04.c2.bright.jpg,c2,1738375200,2025-02-01T02:00:00+00:00,0.0,0.4960791697036784,6.125574272588055,1.0000095741421569,0.0001914828431372,0.0,adcp linear at epoch+300s
1738377000.Sat.Feb.01_02_30_00.GMT.2025.CACO04.c2.bright.jpg,c2,1738377000,2025-02-01T02:30:00+00:00,30.0,0.4862040893138323,7.142857142857142,1.0000063827614378,0.0001276552287581,0.0,adcp linear at epoch+300s
1738378800.Sat.Feb.01_03_00_00.GMT.2025.CACO04.c2.bright.jpg,c2,1738378800,2025-02-01T03:00:00+00:00,0.0,0.4874345498179094,7.142857142857142,1.000015956903595,0.000344669117647,0.0,adcp linear at epoch+300s
1738409400.Sat.Feb.01_11_30_00.GMT.2025.CACO04.c2.bright.jpg,c2,1738409400,2025-02-01T11:30:00+00:00,30.0,1.7364517276308118,5.847953216374269,4.608596303104576,0.927549274755342,0.0,adcp linear at epoch+300s
1738411200.Sat.Feb.01_12_00_00.GMT.2025.CACO04.c2.bright.jpg,c2,1738411200,2025-02-01T12:00:00+00:00,0.0,1.9346911291663036,5.847953216374269,49.70476856107026,4.021968907184301,0.0,adcp linear at epoch+300s
1738413000.Sat.Feb.01_12_30_00.GMT.2025.CACO04.c2.bright.jpg,c2,1738413000,2025-02-01T12:30:00+00:00,30.0,2.172241452308527,6.430868167202571,174.74364915236927,59.7717651798376,0.2596325671342195,adcp linear at epoch+300s
1738414800.Sat.Feb.01_13_00_00.GMT.2025.CACO04.c2.bright.jpg,c2,1738414800,2025-02-01T13:00:00+00:00,0.0,2.4081492507032536,6.430868167202571,207.2229913449755,22.174097705240808,0.5215417003255735,adcp linear at epoch+300s
1738416600.Sat.Feb.01_13_30_00.GMT.2025.CACO04.c2.bright.jpg,c2,1738416600,2025-02-01T13:30:00+00:00,30.0,2.6358444253604945,7.142857142857142,152.76043581495097,7.665051695659775,0.1149237472766884,adcp linear at epoch+300s
1738418400.Sat.Feb.01_14_00_00.GMT.2025.CACO04.c2.bright.jpg,c2,1738418400,2025-02-01T14:00:00+00:00,0.0,2.8396079901423916,7.142857142857142,131.14154730902777,11.826467700941386,0.0281021272429071,adcp linear at epoch+300s
1738420200.Sat.Feb.01_14_30_00.GMT.2025.CACO04.c2.bright.jpg,c2,1738420200,2025-02-01T14:30:00+00:00,30.0,2.9237135055475694,7.561436672967865,147.8017386642157,4.748560448877172,0.1122371545372206,adcp linear at epoch+300s
1738422000.Sat.Feb.01_15_00_00.GMT.2025.CACO04.c2.bright.jpg,c2,1738422000,2025-02-01T15:00:00+00:00,0.0,3.0084612422039805,7.561436672967865,152.94545930351308,3.526787813197971,0.0,adcp linear at epoch+300s
1738423800.Sat.Feb.01_15_30_00.GMT.2025.CACO04.c2.bright.jpg,c2,1738423800,2025-02-01T15:30:00+00:00,30.0,3.096420085116561,8.032128514056225,154.28935291564542,4.018165321086103,0.0002080732417811,adcp linear at epoch+300s
1738425600.Sat.Feb.01_16_00_00.GMT.2025.CACO04.c2.bright.jpg,c2,1738425600,2025-02-01T16:00:00+00:00,0.0,3.162535543601808,8.032128514056225,184.00253395629085,4.115665184906105,0.0,adcp linear at epoch+300s
1738427400.Sat.Feb.01_16_30_00.GMT.2025.CACO04.c2.bright.jpg,c2,1738427400,2025-02-01T16:30:00+00:00,30.0,3.119434079950388,8.565310492505352,220.4168836805556,2.823567655534756,0.6510366943281682,adcp linear at epoch+300s
1738429200.Sat.Feb.01_17_00_00.GMT.2025.CACO04.c2.bright.jpg,c2,1738429200,2025-02-01T17:00:00+00:00,0.0,3.099388650229334,8.565310492505352,208.716694750817,5.118007520572344,0.4171378913612886,adcp linear at epoch+300s
1738431000.Sat.Feb.01_17_30_00.GMT.2025.CACO04.c2.bright.jpg,c2,1738431000,2025-02-01T17:30:00+00:00,30.0,3.1946233901601118,8.565310492505352,141.36081112132354,3.9066584691920254,0.0,adcp linear at epoch+300s
1738432800.Sat.Feb.01_18_00_00.GMT.2025.CACO04.c2.bright.jpg,c2,1738432800,2025-02-01T18:00:00+00:00,0.0,3.251257107022032,8.565310492505352,187.65228630514707,4.358181414444691,0.0095407701157866,adcp linear at epoch+300s
1738434600.Sat.Feb.01_18_30_00.GMT.2025.CACO04.c2.bright.jpg,c2,1738434600,2025-02-01T18:30:00+00:00,30.0,3.1148857085396657,8.032128514056225,241.7421715430964,1.8752414625230505,0.84929377493819,adcp linear at epoch+300s
1738436400.Sat.Feb.01_19_00_00.GMT.2025.CACO04.c2.bright.jpg,c2,1738436400,2025-02-01T19:00:00+00:00,0.0,2.9625515077629982,8.032128514056225,150.52347260518792,3.719423289412879,0.0,adcp linear at epoch+300s
1738438200.Sat.Feb.01_19_30_00.GMT.2025.CACO04.c2.bright.jpg,c2,1738438200,2025-02-01T19:30:00+00:00,30.0,2.7304032955148285,8.565310492505352,147.14878536049838,3.72433168445354,0.0,adcp linear at epoch+300s
1738440000.Sat.Feb.01_20_00_00.GMT.2025.CACO04.c2.bright.jpg,c2,1738440000,2025-02-01T20:00:00+00:00,0.0,2.5343641554877414,8.565310492505352,147.18929674734477,3.5669264442322124,0.0,adcp linear at epoch+300s
1738441800.Sat.Feb.01_20_30_00.GMT.2025.CACO04.c2.bright.jpg,c2,1738441800,2025-02-01T20:30:00+00:00,30.0,2.518870376566072,8.032128514056225,133.81085324754903,3.328259035993953,0.0,adcp linear at epoch+300s
1738443600.Sat.Feb.01_21_00_00.GMT.2025.CACO04.c2.bright.jpg,c2,1738443600,2025-02-01T21:00:00+00:00,0.0,2.4815223598614184,8.032128514056225,176.46593201082516,3.863504417489832,0.0,adcp linear at epoch+300s
1738445400.Sat.Feb.01_21_30_00.GMT.2025.CACO04.c2.bright.jpg,c2,1738445400,2025-02-01T21:30:00+00:00,30.0,2.334903154241849,8.565310492505352,149.28237017463235,3.7594807057741417,0.0,adcp linear at epoch+300s
1738447200.Sat.Feb.01_22_00_00.GMT.2025.CACO04.c2.bright.jpg,c2,1738447200,2025-02-01T22:00:00+00:00,0.0,2.227498219799295,8.565310492505352,53.9785666870915,2.239905619754699,0.0,adcp linear at epoch+300s
1738449000.Sat.Feb.01_22_30_00.GMT.2025.CACO04.c2.bright.jpg,c2,1738449000,2025-02-01T22:30:00+00:00,30.0,2.3161646412418224,8.032128514056225,1.0012159160539216,0.0194323142542731,0.0,adcp linear at epoch+300s
1738450800.Sat.Feb.01_23_00_00.GMT.2025.CACO04.c2.bright.jpg,c2,1738450800,2025-02-01T23:00:00+00:00,0.0,2.353760278256516,8.032128514056225,1.0004308363970589,0.0035360498366013,0.0,adcp linear at epoch+300s
1738452600.Sat.Feb.01_23_30_00.GMT.2025.CACO04.c2.bright.jpg,c2,1738452600,2025-02-01T23:30:00+00:00,30.0,2.1360019931320395,8.032128514056225,1.0,0.0,0.0,adcp linear at epoch+300s
1738454400.Sun.Feb.02_00_00_00.GMT.2025.CACO04.c2.bright.jpg,c2,1738454400,2025-02-02T00:00:00+00:00,0.0,1.9754135446235286,8.032128514056225,1.000003191380719,6.382761437908497e-05,0.0,adcp linear at epoch+300s
1738456200.Sun.Feb.02_00_30_00.GMT.2025.CACO04.c2.bright.jpg,c2,1738456200,2025-02-02T00:30:00+00:00,30.0,2.100674279194846,8.565310492505352,1.0000478707107845,0.0058849060457516,0.0,adcp linear at epoch+300s
1738458000.Sun.Feb.02_01_00_00.GMT.2025.CACO04.c2.bright.jpg,c2,1738458000,2025-02-02T01:00:00+00:00,0.0,2.2206835517519625,8.565310492505352,1.0,0.0,0.0,adcp linear at epoch+300s
1738459800.Sun.Feb.02_01_30_00.GMT.2025.CACO04.c2.bright.jpg,c2,1738459800,2025-02-02T01:30:00+00:00,30.0,2.3144355142380753,8.565310492505352,1.0000223396650327,0.0023616217320261,0.0,adcp linear at epoch+300s
1738461600.Sun.Feb.02_02_00_00.GMT.2025.CACO04.c2.bright.jpg,c2,1738461600,2025-02-02T02:00:00+00:00,0.0,2.383498823045581,8.565310492505352,1.0000223396650327,0.0010084763071895,0.0,adcp linear at epoch+300s
1738463400.Sun.Feb.02_02_30_00.GMT.2025.CACO04.c2.bright.jpg,c2,1738463400,2025-02-02T02:30:00+00:00,30.0,2.329118863460051,8.032128514056225,1.000012765522876,0.000485089869281,0.0,adcp linear at epoch+300s
1738465200.Sun.Feb.02_03_00_00.GMT.2025.CACO04.c2.bright.jpg,c2,1738465200,2025-02-02T03:00:00+00:00,0.0,2.2868780310391315,8.032128514056225,1.0000765931372548,0.0021446078431372,0.0,adcp linear at epoch+300s
1738495800.Sun.Feb.02_11_30_00.GMT.2025.CACO04.c2.bright.jpg,c2,1738495800,2025-02-02T11:30:00+00:00,30.0,1.6579199549968935,6.768189509306261,13.272607741013072,1.5753165808933562,0.0,adcp linear at epoch+300s
1738497600.Sun.Feb.02_12_00_00.GMT.2025.CACO04.c2.bright.jpg,c2,1738497600,2025-02-02T12:00:00+00:00,0.0,1.5324865929749476,6.768189509306261,130.97705716401143,17.817465760858692,0.0,adcp linear at epoch+300s
1738499400.Sun.Feb.02_12_30_00.GMT.2025.CACO04.c2.bright.jpg,c2,1738499400,2025-02-02T12:30:00+00:00,30.0,1.4248507258457164,7.142857142857142,194.4977468852124,34.18417217565564,0.1374017771902768,adcp linear at epoch+300s
1738501200.Sun.Feb.02_13_00_00.GMT.2025.CACO04.c2.bright.jpg,c2,1738501200,2025-02-02T13:00:00+00:00,0.0,1.3259575846794065,7.142857142857142,146.2584188623366,17.5046209139125,0.0,adcp linear at epoch+300s
1738503000.Sun.Feb.02_13_30_00.GMT.2025.CACO04.c2.bright.jpg,c2,1738503000,2025-02-02T13:30:00+00:00,30.0,1.2707780733277028,6.768189509306261,156.0248704299428,20.908282869094062,0.0,adcp linear at epoch+300s
1738504800.Sun.Feb.02_14_00_00.GMT.2025.CACO04.c2.bright.jpg,c2,1738504800,2025-02-02T14:00:00+00:00,0.0,1.2231574526248266,6.768189509306261,149.1734164368873,20.47116904311893,0.0,adcp linear at epoch+300s
1738506600.Sun.Feb.02_14_30_00.GMT.2025.CACO04.c2.bright.jpg,c2,1738506600,2025-02-02T14:30:00+00:00,30.0,1.2133312851660887,6.768189509306261,166.58450776143792,38.2849389206233,0.0639152040341729,adcp linear at epoch+300s
1738508400.Sun.Feb.02_15_00_00.GMT.2025.CACO04.c2.bright.jpg,c2,1738508400,2025-02-02T15:00:00+00:00,0.0,1.2097970809913359,6.768189509306261,168.93698618770424,30.980034718148268,0.0016829453379354,adcp linear at epoch+300s
1738510200.Sun.Feb.02_15_30_00.GMT.2025.CACO04.c2.bright.jpg,c2,1738510200,2025-02-02T15:30:00+00:00,30.0,1.2377226932365082,7.561436672967865,226.78749234068627,72.13306447811763,0.6127879366478177,adcp linear at epoch+300s
1738512000.Sun.Feb.02_16_00_00.GMT.2025.CACO04.c2.bright.jpg,c2,1738512000,2025-02-02T16:00:00+00:00,0.0,1.265910177309112,7.561436672967865,191.41970805249184,61.94810176572986,0.2662664316662995,adcp linear at epoch+300s
1738513800.Sun.Feb.02_16_30_00.GMT.2025.CACO04.c2.bright.jpg,c2,1738513800,2025-02-02T16:30:00+00:00,30.0,1.2954070205188715,7.561436672967865,160.6238032322304,30.653739862671387,0.0008996107806418,adcp linear at epoch+300s
1738515600.Sun.Feb.02_17_00_00.GMT.2025.CACO04.c2.bright.jpg,c2,1738515600,2025-02-02T17:00:00+00:00,0.0,1.3185229548491033,7.561436672967865,154.04323044321896,25.71171860679812,2.4479204915424348e-05,adcp linear at epoch+300s
1738517400.Sun.Feb.02_17_30_00.GMT.2025.CACO04.c2.bright.jpg,c2,1738517400,2025-02-02T17:30:00+00:00,30.0,1.3097343447816958,6.125574272588055,159.411337060866,37.308708516468464,0.0031210986267166,adcp linear at epoch+300s
1738519200.Sun.Feb.02_18_00_00.GMT.2025.CACO04.c2.bright.jpg,c2,1738519200,2025-02-02T18:00:00+00:00,0.0,1.2970972990695708,6.125574272588055,160.65703827103758,36.32261423148197,0.0119519717999559,adcp linear at epoch+300s
1738521000.Sun.Feb.02_18_30_00.GMT.2025.CACO04.c2.bright.jpg,c2,1738521000,2025-02-02T18:30:00+00:00,30.0,1.2652180751338582,8.032128514056225,160.10630489174838,42.044996002736994,0.0474039803187192,adcp linear at epoch+300s
1738522800.Sun.Feb.02_19_00_00.GMT.2025.CACO04.c2.bright.jpg,c2,1738522800,2025-02-02T19:00:00+00:00,0.0,1.2308790377293117,8.032128514056225,154.2406556372549,33.645561503510514,0.0013035176617463,adcp linear at epoch+300s
1738524600.Sun.Feb.02_19_30_00.GMT.2025.CACO04.c2.bright.jpg,c2,1738524600,2025-02-02T19:30:00+00:00,30.0,1.1842409329805985,8.032128514056225,153.09301917381535,25.604690985054475,0.0,adcp linear at epoch+300s
1738526400.Sun.Feb.02_20_00_00.GMT.2025.CACO04.c2.bright.jpg,c2,1738526400,2025-02-02T20:00:00+00:00,0.0,1.141014375322505,8.032128514056225,147.26278467116012,20.57220784278208,0.0,adcp linear at epoch+300s
1738528200.Sun.Feb.02_20_30_00.GMT.2025.CACO04.c2.bright.jpg,c2,1738528200,2025-02-02T20:30:00+00:00,30.0,1.1148455531175108,7.561436672967865,152.53407437193627,26.38962397072651,0.0001774742356368,adcp linear at epoch+300s
1738530000.Sun.Feb.02_21_00_00.GMT.2025.CACO04.c2.bright.jpg,c2,1738530000,2025-02-02T21:00:00+00:00,0.0,1.0854634004267676,7.561436672967865,145.61576095281862,27.901162489979416,0.0,adcp linear at epoch+300s
1738531800.Sun.Feb.02_21_30_00.GMT.2025.CACO04.c2.bright.jpg,c2,1738531800,2025-02-02T21:30:00+00:00,30.0,1.0400145953072792,7.561436672967865,142.34990298202615,34.294786980458795,0.0,adcp linear at epoch+300s
1738533600.Sun.Feb.02_22_00_00.GMT.2025.CACO04.c2.bright.jpg,c2,1738533600,2025-02-02T22:00:00+00:00,0.0,0.9956666281848431,7.561436672967865,16.942695567810457,19.330441929202312,0.0,adcp linear at epoch+300s
1738535400.Sun.Feb.02_22_30_00.GMT.2025.CACO04.c2.bright.jpg,c2,1738535400,2025-02-02T22:30:00+00:00,30.0,0.9568228510476658,7.142857142857142,1.014080371732026,3.680102379493464,0.0,adcp linear at epoch+300s
1738537200.Sun.Feb.02_23_00_00.GMT.2025.CACO04.c2.bright.jpg,c2,1738537200,2025-02-02T23:00:00+00:00,0.0,0.920583439957716,7.142857142857142,1.0020616319444444,0.0419666564542483,0.0,adcp linear at epoch+300s
1738539000.Sun.Feb.02_23_30_00.GMT.2025.CACO04.c2.bright.jpg,c2,1738539000,2025-02-02T23:30:00+00:00,30.0,0.8973658591039035,6.768189509306261,1.00634765625,0.2080078123370414,0.0,adcp linear at epoch+300s
1738540800.Mon.Feb.03_00_00_00.GMT.2025.CACO04.c2.bright.jpg,c2,1738540800,2025-02-03T00:00:00+00:00,0.0,0.8772253522941034,6.768189509306261,1.0000063827614378,0.0001276552287581,0.0,adcp linear at epoch+300s
1738542600.Mon.Feb.03_00_30_00.GMT.2025.CACO04.c2.bright.jpg,c2,1738542600,2025-02-03T00:30:00+00:00,30.0,0.872470215704365,6.768189509306261,1.000003191380719,6.382761437908497e-05,0.0,adcp linear at epoch+300s
1738544400.Mon.Feb.03_01_00_00.GMT.2025.CACO04.c2.bright.jpg,c2,1738544400,2025-02-03T01:00:00+00:00,0.0,0.8691987347483539,6.768189509306261,1.1144365298202614,33.51635901756536,0.0,adcp linear at epoch+300s
1738546200.Mon.Feb.03_01_30_00.GMT.2025.CACO04.c2.bright.jpg,c2,1738546200,2025-02-03T01:30:00+00:00,30.0,0.8733455319609789,7.561436672967865,1.0492078993055556,14.19909747753268,0.0,adcp linear at epoch+300s
1738548000.Mon.Feb.03_02_00_00.GMT.2025.CACO04.c2.bright.jpg,c2,1738548000,2025-02-03T02:00:00+00:00,0.0,0.9036738072673047,7.561436672967865,1.0239513122957515,7.235858992024117,0.0,adcp linear at epoch+300s
1738549800.Mon.Feb.03_02_30_00.GMT.2025.CACO04.c2.bright.jpg,c2,1738549800,2025-02-03T02:30:00+00:00,30.0,1.0649094730421358,7.142857142857142,1.0003733915441178,0.0091464971405228,0.0,adcp linear at epoch+300s
1738551600.Mon.Feb.03_03_00_00.GMT.2025.CACO04.c2.bright.jpg,c2,1738551600,2025-02-03T03:00:00+00:00,0.0,1.210789466197506,7.142857142857142,1.001886106004902,0.0424708946078431,0.0,adcp linear at epoch+300s
1738582200.Mon.Feb.03_11_30_00.GMT.2025.CACO04.c2.bright.jpg,c2,1738582200,2025-02-03T11:30:00+00:00,30.0,1.028810115591004,6.125574272588055,25.86311848958333,2.0569310405537604,0.0,adcp linear at epoch+300s
1738584000.Mon.Feb.03_12_00_00.GMT.2025.CACO04.c2.bright.jpg,c2,1738584000,2025-02-03T12:00:00+00:00,0.0,0.9970070728837681,6.125574272588055,251.57870583129085,4.848090277777778,0.7124244204548237,adcp linear at epoch+300s
1738585800.Mon.Feb.03_12_30_00.GMT.2025.CACO04.c2.bright.jpg,c2,1738585800,2025-02-03T12:30:00+00:00,30.0,0.9601040360746624,6.125574272588055,216.4417381535948,24.54235271369894,0.1344214339918239,adcp linear at epoch+300s
1738587600.Mon.Feb.03_13_00_00.GMT.2025.CACO04.c2.bright.jpg,c2,1738587600,2025-02-03T13:00:00+00:00,0.0,0.9210897827685206,6.125574272588055,210.8259867749183,32.43340789639785,0.1162027857335193,adcp linear at epoch+300s
1738589400.Mon.Feb.03_13_30_00.GMT.2025.CACO04.c2.bright.jpg,c2,1738589400,2025-02-03T13:30:00+00:00,30.0,0.8715194469771991,5.847953216374269,160.2234796262255,26.950038272570936,0.0,adcp linear at epoch+300s
1738591200.Mon.Feb.03_14_00_00.GMT.2025.CACO04.c2.bright.jpg,c2,1738591200,2025-02-03T14:00:00+00:00,0.0,0.8330403295599393,5.847953216374269,185.83139935661765,28.87341064530693,0.0108381679763041,adcp linear at epoch+300s
1738593000.Mon.Feb.03_14_30_00.GMT.2025.CACO04.c2.bright.jpg,c2,1738593000,2025-02-03T14:30:00+00:00,30.0,0.8500173040129894,5.594405594405594,220.91645922691995,28.218784206787102,0.2579129029889109,adcp linear at epoch+300s
1738594800.Mon.Feb.03_15_00_00.GMT.2025.CACO04.c2.bright.jpg,c2,1738594800,2025-02-03T15:00:00+00:00,0.0,0.8638214992604151,5.594405594405594,158.11533330780227,21.091623376876218,0.0,adcp linear at epoch+300s
1738596600.Mon.Feb.03_15_30_00.GMT.2025.CACO04.c2.bright.jpg,c2,1738596600,2025-02-03T15:30:00+00:00,30.0,0.8617617984797197,5.847953216374269,236.10053806678923,23.1625787294264,0.5605125945509289,adcp linear at epoch+300s
1738598400.Mon.Feb.03_16_00_00.GMT.2025.CACO04.c2.bright.jpg,c2,1738598400,2025-02-03T16:00:00+00:00,0.0,0.8459938045744236,5.847953216374269,191.9676968443628,49.83637789583221,0.0172088810555433,adcp linear at epoch+300s
1738600200.Mon.Feb.03_16_30_00.GMT.2025.CACO04.c2.bright.jpg,c2,1738600200,2025-02-03T16:30:00+00:00,30.0,0.7616843450461251,5.594405594405594,212.5909320108252,44.02862668174911,0.2407591001444273,adcp linear at epoch+300s
1738602000.Mon.Feb.03_17_00_00.GMT.2025.CACO04.c2.bright.jpg,c2,1738602000,2025-02-03T17:00:00+00:00,0.0,0.6885871437992617,5.594405594405594,211.4842409620098,39.488383151092734,0.3528860982595285,adcp linear at epoch+300s
1738603800.Mon.Feb.03_17_30_00.GMT.2025.CACO04.c2.bright.jpg,c2,1738603800,2025-02-03T17:30:00+00:00,30.0,0.6715512339595732,5.847953216374269,172.86133131638073,31.02211455629883,0.0598944946268145,adcp linear at epoch+300s
1738605600.Mon.Feb.03_18_00_00.GMT.2025.CACO04.c2.bright.jpg,c2,1738605600,2025-02-03T18:00:00+00:00,0.0,0.6568150352136037,5.847953216374269,160.97495723549838,29.194268356043203,0.0050794350199505,adcp linear at epoch+300s
1738607400.Mon.Feb.03_18_30_00.GMT.2025.CACO04.c2.bright.jpg,c2,1738607400,2025-02-03T18:30:00+00:00,30.0,0.6535773919362307,5.847953216374269,157.02221520118465,51.90000124901228,0.0272637144745538,adcp linear at epoch+300s
1738609200.Mon.Feb.03_19_00_00.GMT.2025.CACO04.c2.bright.jpg,c2,1738609200,2025-02-03T19:00:00+00:00,0.0,0.6528959071611126,5.847953216374269,146.90740208843954,61.15202453660049,0.0437382193826344,adcp linear at epoch+300s
1738611000.Mon.Feb.03_19_30_00.GMT.2025.CACO04.c2.bright.jpg,c2,1738611000,2025-02-03T19:30:00+00:00,30.0,0.6649952148972705,5.847953216374269,138.73389948427288,46.0676783417753,0.0078394653741646,adcp linear at epoch+300s
1738612800.Mon.Feb.03_20_00_00.GMT.2025.CACO04.c2.bright.jpg,c2,1738612800,2025-02-03T20:00:00+00:00,0.0,0.6832550520954485,5.847953216374269,147.18006408292484,38.90333069214639,0.0109054857898215,adcp linear at epoch+300s
1738614600.Mon.Feb.03_20_30_00.GMT.2025.CACO04.c2.bright.jpg,c2,1738614600,2025-02-03T20:30:00+00:00,30.0,0.7323175366037261,5.847953216374269,121.33857038909314,54.87136841919264,0.0016829453379354,adcp linear at epoch+300s
1738616400.Mon.Feb.03_21_00_00.GMT.2025.CACO04.c2.bright.jpg,c2,1738616400,2025-02-03T21:00:00+00:00,0.0,0.7643211325382546,5.847953216374269,130.5630074295343,39.720701396814135,6.119801228856087e-06,adcp linear at epoch+300s
1738618200.Mon.Feb.03_21_30_00.GMT.2025.CACO04.c2.bright.jpg,c2,1738618200,2025-02-03T21:30:00+00:00,30.0,0.711030285604038,5.847953216374269,121.29319852941175,27.15557183965349,0.0100976720276125,adcp linear at epoch+300s
1738620000.Mon.Feb.03_22_00_00.GMT.2025.CACO04.c2.bright.jpg,c2,1738620000,2025-02-03T22:00:00+00:00,0.0,0.659780161262628,5.847953216374269,50.83260888991013,10.146136135123893,0.0,adcp linear at epoch+300s
1738621800.Mon.Feb.03_22_30_00.GMT.2025.CACO04.c2.bright.jpg,c2,1738621800,2025-02-03T22:30:00+00:00,30.0,0.6187336498852504,5.847953216374269,1.0369306576797386,5.814312704248366,0.0,adcp linear at epoch+300s
1738623600.Mon.Feb.03_23_00_00.GMT.2025.CACO04.c2.bright.jpg,c2,1738623600,2025-02-03T23:00:00+00:00,0.0,0.598754222731726,5.847953216374269,1.0020424836601307,0.043530432639879,0.0,adcp linear at epoch+300s
1738625400.Mon.Feb.03_23_30_00.GMT.2025.CACO04.c2.bright.jpg,c2,1738625400,2025-02-03T23:30:00+00:00,30.0,0.6841102166974676,6.768189509306261,1.0767718545751634,22.43469157453801,0.0,adcp linear at epoch+300s
1738627200.Tue.Feb.04_00_00_00.GMT.2025.CACO04.c2.bright.jpg,c2,1738627200,2025-02-04T00:00:00+00:00,0.0,0.7570353484503581,6.768189509306261,1.0264182495915033,4.501416973039215,0.0,adcp linear at epoch+300s
1738629000.Tue.Feb.04_00_30_00.GMT.2025.CACO04.c2.bright.jpg,c2,1738629000,2025-02-04T00:30:00+00:00,30.0,0.7678061691389928,6.768189509306261,1.0118017258986929,1.4906684027777777,0.0,adcp linear at epoch+300s
1738630800.Tue.Feb.04_01_00_00.GMT.2025.CACO04.c2.bright.jpg,c2,1738630800,2025-02-04T01:00:00+00:00,0.0,0.7836750710205328,6.768189509306261,1.0279405381944444,5.834399254493464,0.0,adcp linear at epoch+300s
1738632600.Tue.Feb.04_01_30_00.GMT.2025.CACO04.c2.bright.jpg,c2,1738632600,2025-02-04T01:30:00+00:00,30.0,0.8250343788665992,6.430868167202571,1.0310680912990196,8.573184742647058,0.0,adcp linear at epoch+300s
1738634400.Tue.Feb.04_02_00_00.GMT.2025.CACO04.c2.bright.jpg,c2,1738634400,2025-02-04T02:00:00+00:00,0.0,0.8597439643858988,6.430868167202571,1.0000414879493464,0.0012127246732026,0.0,adcp linear at epoch+300s
1738636200.Tue.Feb.04_02_30_00.GMT.2025.CACO04.c2.bright.jpg,c2,1738636200,2025-02-04T02:30:00+00:00,30.0,0.8612049382713645,7.142857142857142,1.000012765522876,0.000204248366013,0.0,adcp linear at epoch+300s
1738638000.Tue.Feb.04_03_00_00.GMT.2025.CACO04.c2.bright.jpg,c2,1738638000,2025-02-04T03:00:00+00:00,0.0,0.8538749875651651,7.142857142857142,1.0000414879493464,0.0031786151960784,0.0,adcp linear at epoch+300s
1738668600.Tue.Feb.04_11_30_00.GMT.2025.CACO04.c2.bright.jpg,c2,1738668600,2025-02-04T11:30:00+00:00,30.0,0.5487003880898713,6.430868167202571,24.494370404411764,1.8994076581872907,0.0,adcp linear at epoch+300s
1738670400.Tue.Feb.04_12_00_00.GMT.2025.CACO04.c2.bright.jpg,c2,1738670400,2025-02-04T12:00:00+00:00,0.0,0.5003176349023924,6.430868167202571,179.58206954656862,9.599126706277552,0.3174463293432229,adcp linear at epoch+300s
1738672200.Tue.Feb.04_12_30_00.GMT.2025.CACO04.c2.bright.jpg,c2,1738672200,2025-02-04T12:30:00+00:00,30.0,0.5017507222824511,10.6951871657754,132.6796364379085,7.540220785580976,0.0634562189420087,adcp linear at epoch+300s
1738674000.Tue.Feb.04_13_00_00.GMT.2025.CACO04.c2.bright.jpg,c2,1738674000,2025-02-04T13:00:00+00:00,0.0,0.5481072504503629,10.6951871657754,219.4544366574755,81.87389001401642,0.2977589287899929,adcp linear at epoch+300s
1738675800.Tue.Feb.04_13_30_00.GMT.2025.CACO04.c2.bright.jpg,c2,1738675800,2025-02-04T13:30:00+00:00,30.0,0.8190809825575407,4.767580452920143,163.13043492136438,58.69255322866975,0.0,adcp linear at epoch+300s
1738677600.Tue.Feb.04_14_00_00.GMT.2025.CACO04.c2.bright.jpg,c2,1738677600,2025-02-04T14:00:00+00:00,0.0,1.0670747924875963,4.767580452920143,158.76379633884804,60.82443667660967,0.0,adcp linear at epoch+300s
1738679400.Tue.Feb.04_14_30_00.GMT.2025.CACO04.c2.bright.jpg,c2,1738679400,2025-02-04T14:30:00+00:00,30.0,1.2001689915320406,5.594405594405594,164.11776833129085,119.90905237349632,0.0003121098626716,adcp linear at epoch+300s
1738681200.Tue.Feb.04_15_00_00.GMT.2025.CACO04.c2.bright.jpg,c2,1738681200,2025-02-04T15:00:00+00:00,0.0,1.30119276103505,5.594405594405594,159.46280445772058,109.75906159286131,0.0004528652909353,adcp linear at epoch+300s
1738683000.Tue.Feb.04_15_30_00.GMT.2025.CACO04.c2.bright.jpg,c2,1738683000,2025-02-04T15:30:00+00:00,30.0,1.2418643828308844,5.847953216374269,189.81949869791663,115.11402108908727,0.0672810947100438,adcp linear at epoch+300s
1738684800.Tue.Feb.04_16_00_00.GMT.2025.CACO04.c2.bright.jpg,c2,1738684800,2025-02-04T16:00:00+00:00,0.0,1.1979537045056654,5.847953216374269,207.96821384803923,107.147514907903,0.1674683606276468,adcp linear at epoch+300s
1738686600.Tue.Feb.04_16_30_00.GMT.2025.CACO04.c2.bright.jpg,c2,1738686600,2025-02-04T16:30:00+00:00,30.0,1.2311315255751785,6.125574272588055,143.98069852941177,31.44811359093085,3.0599006144280434e-05,adcp linear at epoch+300s
1738688400.Tue.Feb.04_17_00_00.GMT.2025.CACO04.c2.bright.jpg,c2,1738688400,2025-02-04T17:00:00+00:00,0.0,1.2539616445658417,6.125574272588055,193.32548572814545,95.61080790931835,0.1785941592617071,adcp linear at epoch+300s
1738690200.Tue.Feb.04_17_30_00.GMT.2025.CACO04.c2.bright.jpg,c2,1738690200,2025-02-04T17:30:00+00:00,30.0,1.2250532531622544,5.847953216374269,170.5912383833742,106.2017455020552,0.0825193997698954,adcp linear at epoch+300s
1738692000.Tue.Feb.04_18_00_00.GMT.2025.CACO04.c2.bright.jpg,c2,1738692000,2025-02-04T18:00:00+00:00,0.0,1.1948542455939735,5.847953216374269,161.71094707414215,103.2795872502215,0.1150216640963501,adcp linear at epoch+300s
1738693800.Tue.Feb.04_18_30_00.GMT.2025.CACO04.c2.bright.jpg,c2,1738693800,2025-02-04T18:30:00+00:00,30.0,1.158202157202224,5.361930294906166,160.79141773897058,128.22153856533387,0.1516364348485961,adcp linear at epoch+300s
1738695600.Tue.Feb.04_19_00_00.GMT.2025.CACO04.c2.bright.jpg,c2,1738695600,2025-02-04T19:00:00+00:00,0.0,1.1435572619950896,5.361930294906166,156.35935266033496,140.8930243074403,0.1444701476096056,adcp linear at epoch+300s
1738697400.Tue.Feb.04_19_30_00.GMT.2025.CACO04.c2.bright.jpg,c2,1738697400,2025-02-04T19:30:00+00:00,30.0,1.2389483327110304,5.847953216374269,141.84726051879085,173.2449135316106,0.083174218501383,adcp linear at epoch+300s
1738699200.Tue.Feb.04_20_00_00.GMT.2025.CACO04.c2.bright.jpg,c2,1738699200,2025-02-04T20:00:00+00:00,0.0,1.3426558873936472,5.847953216374269,141.44830601511438,259.8126306353744,0.1306699958385351,adcp linear at epoch+300s
1738701000.Tue.Feb.04_20_30_00.GMT.2025.CACO04.c2.bright.jpg,c2,1738701000,2025-02-04T20:30:00+00:00,30.0,1.487945861909645,6.125574272588055,141.24696180555554,247.0330750375644,0.2256860297177547,adcp linear at epoch+300s
1738702800.Tue.Feb.04_21_00_00.GMT.2025.CACO04.c2.bright.jpg,c2,1738702800,2025-02-04T21:00:00+00:00,0.0,1.603064805910945,6.125574272588055,134.7864200367647,246.67795515737723,0.1154194511762257,adcp linear at epoch+300s
1738704600.Tue.Feb.04_21_30_00.GMT.2025.CACO04.c2.bright.jpg,c2,1738704600,2025-02-04T21:30:00+00:00,30.0,1.5673285973387547,7.142857142857142,128.52343430861927,92.84919271595815,0.0292587696751609,adcp linear at epoch+300s
1738706400.Tue.Feb.04_22_00_00.GMT.2025.CACO04.c2.bright.jpg,c2,1738706400,2025-02-04T22:00:00+00:00,0.0,1.5302605878976496,7.142857142857142,87.54533994587419,11.118100828777958,0.0,adcp linear at epoch+300s
1738708200.Tue.Feb.04_22_30_00.GMT.2025.CACO04.c2.bright.jpg,c2,1738708200,2025-02-04T22:30:00+00:00,30.0,1.4865335741119676,6.768189509306261,1.5888193167892155,0.9546121801151212,0.0,adcp linear at epoch+300s
1738710000.Tue.Feb.04_23_00_00.GMT.2025.CACO04.c2.bright.jpg,c2,1738710000,2025-02-04T23:00:00+00:00,0.0,1.4396906242092518,6.768189509306261,1.000012765522876,0.0010212418300653,0.0,adcp linear at epoch+300s
1738711800.Tue.Feb.04_23_30_00.GMT.2025.CACO04.c2.bright.jpg,c2,1738711800,2025-02-04T23:30:00+00:00,30.0,1.3772679937213652,6.768189509306261,1.000067018995098,0.0052338643790849,0.0,adcp linear at epoch+300s
1738713600.Wed.Feb.05_00_00_00.GMT.2025.CACO04.c2.bright.jpg,c2,1738713600,2025-02-05T00:00:00+00:00,0.0,1.3329160938224889,6.768189509306261,1.0,0.0,0.0,adcp linear at epoch+300s
1738715400.Wed.Feb.05_00_30_00.GMT.2025.CACO04.c2.bright.jpg,c2,1738715400,2025-02-05T00:30:00+00:00,30.0,1.3789178468686623,6.768189509306261,1.000003191380719,6.382761437908497e-05,0.0,adcp linear at epoch+300s
1738717200.Wed.Feb.05_01_00_00.GMT.2025.CACO04.c2.bright.jpg,c2,1738717200,2025-02-05T01:00:00+00:00,0.0,1.446756432550566,6.768189509306261,1.000015956903595,0.0008808210784313,0.0,adcp linear at epoch+300s
1738719000.Wed.Feb.05_01_30_00.GMT.2025.CACO04.c2.bright.jpg,c2,1738719000,2025-02-05T01:30:00+00:00,30.0,1.62377918141112,8.032128514056225,1.0002297794117647,0.0102315665849673,0.0,adcp linear at epoch+300s
1738720800.Wed.Feb.05_02_00_00.GMT.2025.CACO04.c2.bright.jpg,c2,1738720800,2025-02-05T02:00:00+00:00,0.0,1.78605785435609,8.032128514056225,1.0000095741421569,0.0001404207516339,0.0,adcp linear at epoch+300s
1738722600.Wed.Feb.05_02_30_00.GMT.2025.CACO04.c2.bright.jpg,c2,1738722600,2025-02-05T02:30:00+00:00,30.0,1.8746161477231393,8.032128514056225,1.0000510620915033,0.0021701388888888,0.0,adcp linear at epoch+300s
1738724400.Wed.Feb.05_03_00_00.GMT.2025.CACO04.c2.bright.jpg,c2,1738724400,2025-02-05T03:00:00+00:00,0.0,1.933469457729454,8.032128514056225,1.000079784517974,0.0029616013071895,0.0,adcp linear at epoch+300s
1738755000.Wed.Feb.05_11_30_00.GMT.2025.CACO04.c2.bright.jpg,c2,1738755000,2025-02-05T11:30:00+00:00,30.0,1.042997285412197,6.125574272588055,40.58882250816993,4.115703358848407,0.0,adcp linear at epoch+300s
1738756800.Wed.Feb.05_12_00_00.GMT.2025.CACO04.c2.bright.jpg,c2,1738756800,2025-02-05T12:00:00+00:00,0.0,1.030788175450421,6.125574272588055,204.581338720384,35.89954239334482,0.1659628895253482,adcp linear at epoch+300s
1738758600.Wed.Feb.05_12_30_00.GMT.2025.CACO04.c2.bright.jpg,c2,1738758600,2025-02-05T12:30:00+00:00,30.0,0.9917384565170941,6.125574272588055,222.0085209865196,131.20617578250545,0.3745869134170522,adcp linear at epoch+300s
1738760400.Wed.Feb.05_13_00_00.GMT.2025.CACO04.c2.bright.jpg,c2,1738760400,2025-02-05T13:00:00+00:00,0.0,0.9704076836955778,6.125574272588055,180.6395335477941,198.3622850900612,0.0328633325989571,adcp linear at epoch+300s
1738762200.Wed.Feb.05_13_30_00.GMT.2025.CACO04.c2.bright.jpg,c2,1738762200,2025-02-05T13:30:00+00:00,30.0,1.0376716414331142,5.594405594405594,169.04311555351308,166.9605478640934,0.0033475312721842,adcp linear at epoch+300s
1738764000.Wed.Feb.05_14_00_00.GMT.2025.CACO04.c2.bright.jpg,c2,1738764000,2025-02-05T14:00:00+00:00,0.0,1.0936043566489457,5.594405594405594,166.23904718137254,146.74365464276957,0.0025029987026021,adcp linear at epoch+300s
1738765800.Wed.Feb.05_14_30_00.GMT.2025.CACO04.c2.bright.jpg,c2,1738765800,2025-02-05T14:30:00+00:00,30.0,1.092880859256254,5.594405594405594,165.63002642463235,119.5130168165674,0.0019583363932339,adcp linear at epoch+300s
1738767600.Wed.Feb.05_15_00_00.GMT.2025.CACO04.c2.bright.jpg,c2,1738767600,2025-02-05T15:00:00+00:00,0.0,1.1019776761351536,5.594405594405594,164.76610689848857,102.99013614809353,0.0023500036718807,adcp linear at epoch+300s
1738769400.Wed.Feb.05_15_30_00.GMT.2025.CACO04.c2.bright.jpg,c2,1738769400,2025-02-05T15:30:00+00:00,30.0,1.1601760643720096,5.847953216374269,165.01516544117646,100.1549850350346,0.0037759173582042,adcp linear at epoch+300s
1738771200.Wed.Feb.05_16_00_00.GMT.2025.CACO04.c2.bright.jpg,c2,1738771200,2025-02-05T16:00:00+00:00,0.0,1.203137107903227,5.847953216374269,165.18628408394608,100.7288697737438,0.0032434946512937,adcp linear at epoch+300s
1738773000.Wed.Feb.05_16_30_00.GMT.2025.CACO04.c2.bright.jpg,c2,1738773000,2025-02-05T16:30:00+00:00,30.0,1.1699114279062515,5.594405594405594,166.18075980392155,109.08235386654484,0.0087513157572642,adcp linear at epoch+300s
1738774800.Wed.Feb.05_17_00_00.GMT.2025.CACO04.c2.bright.jpg,c2,1738774800,2025-02-05T17:00:00+00:00,0.0,1.1522817216224084,5.594405594405594,167.46932763991012,98.53067817077502,0.0257582433722552,adcp linear at epoch+300s
1738776600.Wed.Feb.05_17_30_00.GMT.2025.CACO04.c2.bright.jpg,c2,1738776600,2025-02-05T17:30:00+00:00,30.0,1.2126318839042287,5.148005148005149,168.67875561683007,106.75194931030272,0.0491420038677143,adcp linear at epoch+300s
1738778400.Wed.Feb.05_18_00_00.GMT.2025.CACO04.c2.bright.jpg,c2,1738778400,2025-02-05T18:00:00+00:00,0.0,1.2558891554319032,5.148005148005149,166.57411343443627,119.54120861341738,0.0647046583926954,adcp linear at epoch+300s
1738780200.Wed.Feb.05_18_30_00.GMT.2025.CACO04.c2.bright.jpg,c2,1738780200,2025-02-05T18:30:00+00:00,30.0,1.213681973188848,5.594405594405594,164.54319533803104,133.95372785847263,0.1204193287802012,adcp linear at epoch+300s
1738782000.Wed.Feb.05_19_00_00.GMT.2025.CACO04.c2.bright.jpg,c2,1738782000,2025-02-05T19:00:00+00:00,0.0,1.1638718849483911,5.594405594405594,155.1800991881127,129.42759855203286,0.1747876428973586,adcp linear at epoch+300s
1738783800.Wed.Feb.05_19_30_00.GMT.2025.CACO04.c2.bright.jpg,c2,1738783800,2025-02-05T19:30:00+00:00,30.0,1.0760472667209244,4.950495049504951,146.57721226511438,153.07195601803895,0.1716971432767863,adcp linear at epoch+300s
1738785600.Wed.Feb.05_20_00_00.GMT.2025.CACO04.c2.bright.jpg,c2,1738785600,2025-02-05T20:00:00+00:00,0.0,0.9962329275555345,4.950495049504951,141.05702997344773,167.9661512747543,0.1694083376171942,adcp linear at epoch+300s
1738787400.Wed.Feb.05_20_30_00.GMT.2025.CACO04.c2.bright.jpg,c2,1738787400,2025-02-05T20:30:00+00:00,30.0,0.956469983700529,5.847953216374269,138.12172883476308,197.3977282780483,0.1637475214805023,adcp linear at epoch+300s
1738789200.Wed.Feb.05_21_00_00.GMT.2025.CACO04.c2.bright.jpg,c2,1738789200,2025-02-05T21:00:00+00:00,0.0,0.9248935238490723,5.847953216374269,126.3514763327206,162.75617470031997,0.008714596949891,adcp linear at epoch+300s
1738791000.Wed.Feb.05_21_30_00.GMT.2025.CACO04.c2.bright.jpg,c2,1738791000,2025-02-05T21:30:00+00:00,30.0,0.9342494840153585,5.594405594405594,125.82437831903594,147.8794931936938,0.0008322929671244,adcp linear at epoch+300s
1738792800.Wed.Feb.05_22_00_00.GMT.2025.CACO04.c2.bright.jpg,c2,1738792800,2025-02-05T22:00:00+00:00,0.0,0.9364413763062802,5.594405594405594,73.51163577410131,9.401119506182392,0.0,adcp linear at epoch+300s
1738794600.Wed.Feb.05_22_30_00.GMT.2025.CACO04.c2.bright.jpg,c2,1738794600,2025-02-05T22:30:00+00:00,30.0,0.9028129292203795,5.594405594405594,1.355395348243464,1.7038813474426937,0.0,adcp linear at epoch+300s
1738796400.Wed.Feb.05_23_00_00.GMT.2025.CACO04.c2.bright.jpg,c2,1738796400,2025-02-05T23:00:00+00:00,0.0,0.8697299428404301,5.594405594405594,1.00369242749183,0.5244140625,0.0,adcp linear at epoch+300s
1738798200.Wed.Feb.05_23_30_00.GMT.2025.CACO04.c2.bright.jpg,c2,1738798200,2025-02-05T23:30:00+00:00,30.0,0.839374259990238,5.361930294906166,1.00341796875,0.193914675245098,0.0,adcp linear at epoch+300s
1738800000.Thu.Feb.06_00_00_00.GMT.2025.CACO04.c2.bright.jpg,c2,1738800000,2025-02-06T00:00:00+00:00,0.0,0.8138462767047223,5.361930294906166,1.004755157271242,0.5643382352941176,0.0,adcp linear at epoch+300s
1738801800.Thu.Feb.06_00_30_00.GMT.2025.CACO04.c2.bright.jpg,c2,1738801800,2025-02-06T00:30:00+00:00,30.0,0.8124567912425888,5.361930294906166,1.0028754340277777,0.1792215584150326,0.0,adcp linear at epoch+300s
1738803600.Thu.Feb.06_01_00_00.GMT.2025.CACO04.c2.bright.jpg,c2,1738803600,2025-02-06T01:00:00+00:00,0.0,0.8171587183903255,5.361930294906166,1.0129123263888888,1.2315538194444444,0.0,adcp linear at epoch+300s
1738805400.Thu.Feb.06_01_30_00.GMT.2025.CACO04.c2.bright.jpg,c2,1738805400,2025-02-06T01:30:00+00:00,30.0,0.852317708587413,5.594405594405594,1.0051859936683007,0.6026348039215687,0.0,adcp linear at epoch+300s
1738807200.Thu.Feb.06_02_00_00.GMT.2025.CACO04.c2.bright.jpg,c2,1738807200,2025-02-06T02:00:00+00:00,0.0,0.8606599024967233,5.594405594405594,1.0076625051062091,0.8307610804738562,0.0,adcp linear at epoch+300s
1738809000.Thu.Feb.06_02_30_00.GMT.2025.CACO04.c2.bright.jpg,c2,1738809000,2025-02-06T02:30:00+00:00,30.0,0.7349181149671487,5.361930294906166,1.001397824754902,0.0224162581699346,0.0,adcp linear at epoch+300s
1738810800.Thu.Feb.06_03_00_00.GMT.2025.CACO04.c2.bright.jpg,c2,1738810800,2025-02-06T03:00:00+00:00,0.0,0.6293687945004772,5.361930294906166,1.0075508067810457,0.3832209967320261,0.0,adcp linear at epoch+300s
1738841400.Thu.Feb.06_11_30_00.GMT.2025.CACO04.c2.bright.jpg,c2,1738841400,2025-02-06T11:30:00+00:00,30.0,0.5292273255325262,3.389830508474576,15.512612336601308,1.8597994450701103,0.0,adcp linear at epoch+300s
1738843200.Thu.Feb.06_12_00_00.GMT.2025.CACO04.c2.bright.jpg,c2,1738843200,2025-02-06T12:00:00+00:00,0.0,0.6261358038443348,3.389830508474576,92.55838950163398,20.256009093913264,0.0,adcp linear at epoch+300s
1738845000.Thu.Feb.06_12_30_00.GMT.2025.CACO04.c2.bright.jpg,c2,1738845000,2025-02-06T12:30:00+00:00,30.0,0.7164468239800615,3.787878787878788,186.9647256689134,36.00519078732903,0.0528873222197743,adcp linear at epoch+300s
1738846800.Thu.Feb.06_13_00_00.GMT.2025.CACO04.c2.bright.jpg,c2,1738846800,2025-02-06T13:00:00+00:00,0.0,0.8044251133992099,3.787878787878788,149.95946627348857,22.876493490848866,0.0,adcp linear at epoch+300s
1738848600.Thu.Feb.06_13_30_00.GMT.2025.CACO04.c2.bright.jpg,c2,1738848600,2025-02-06T13:30:00+00:00,30.0,0.8807397492354656,4.024144869215292,147.11405037275327,21.810144268079725,0.0,adcp linear at epoch+300s
1738850400.Thu.Feb.06_14_00_00.GMT.2025.CACO04.c2.bright.jpg,c2,1738850400,2025-02-06T14:00:00+00:00,0.0,0.9604242060408461,4.024144869215292,198.006245532067,27.86523713835984,0.0944713715698514,adcp linear at epoch+300s
1738852200.Thu.Feb.06_14_30_00.GMT.2025.CACO04.c2.bright.jpg,c2,1738852200,2025-02-06T14:30:00+00:00,30.0,1.05695776769185,4.597701149425287,153.7706258935866,20.55499383828698,0.0,adcp linear at epoch+300s
1738854000.Thu.Feb.06_15_00_00.GMT.2025.CACO04.c2.bright.jpg,c2,1738854000,2025-02-06T15:00:00+00:00,0.0,1.1474585251693803,4.597701149425287,186.5183536305147,21.06914103716094,0.0,adcp linear at epoch+300s
1738855800.Thu.Feb.06_15_30_00.GMT.2025.CACO04.c2.bright.jpg,c2,1738855800,2025-02-06T15:30:00+00:00,30.0,1.2077952617795422,4.950495049504951,159.66757621017155,13.673553627107372,0.0,adcp linear at epoch+300s
1738857600.Thu.Feb.06_16_00_00.GMT.2025.CACO04.c2.bright.jpg,c2,1738857600,2025-02-06T16:00:00+00:00,0.0,1.2664730392119528,4.950495049504951,192.3184997957516,25.90924299490987,0.0,adcp linear at epoch+300s
1738859400.Thu.Feb.06_16_30_00.GMT.2025.CACO04.c2.bright.jpg,c2,1738859400,2025-02-06T16:30:00+00:00,30.0,1.3168560207556077,4.950495049504951,181.34027777777777,19.02200738598136,0.0,adcp linear at epoch+300s
1738861200.Thu.Feb.06_17_00_00.GMT.2025.CACO04.c2.bright.jpg,c2,1738861200,2025-02-06T17:00:00+00:00,0.0,1.3950764362007624,4.950495049504951,167.46523948120915,14.539461292538745,0.0,adcp linear at epoch+300s
1738863000.Thu.Feb.06_17_30_00.GMT.2025.CACO04.c2.bright.jpg,c2,1738863000,2025-02-06T17:30:00+00:00,30.0,1.6124840211534162,6.125574272588055,157.4954522824755,12.834963780302148,0.0,adcp linear at epoch+300s
1738864800.Thu.Feb.06_18_00_00.GMT.2025.CACO04.c2.bright.jpg,c2,1738864800,2025-02-06T18:00:00+00:00,0.0,1.7942122940317653,6.125574272588055,189.8857741013072,14.20952648586697,0.026235587868106,adcp linear at epoch+300s
1738866600.Thu.Feb.06_18_30_00.GMT.2025.CACO04.c2.bright.jpg,c2,1738866600,2025-02-06T18:30:00+00:00,30.0,1.797544006538592,6.125574272588055,148.0660360498366,10.649403944880811,0.0,adcp linear at epoch+300s
1738868400.Thu.Feb.06_19_00_00.GMT.2025.CACO04.c2.bright.jpg,c2,1738868400,2025-02-06T19:00:00+00:00,0.0,1.8098368906181816,6.125574272588055,142.26783981821896,6.573034285674045,0.0,adcp linear at epoch+300s
1738870200.Thu.Feb.06_19_30_00.GMT.2025.CACO04.c2.bright.jpg,c2,1738870200,2025-02-06T19:30:00+00:00,30.0,1.8669356325615856,6.768189509306261,152.627055249183,6.697696190794164,0.0,adcp linear at epoch+300s
1738872000.Thu.Feb.06_20_00_00.GMT.2025.CACO04.c2.bright.jpg,c2,1738872000,2025-02-06T20:00:00+00:00,0.0,1.9080024724272555,6.768189509306261,135.79633884803923,5.059873145089725,0.0,adcp linear at epoch+300s
1738873800.Thu.Feb.06_20_30_00.GMT.2025.CACO04.c2.bright.jpg,c2,1738873800,2025-02-06T20:30:00+00:00,30.0,1.8689098019042538,6.768189509306261,181.60734209048204,5.774477678920067,0.0009546889917015,adcp linear at epoch+300s
1738875600.Thu.Feb.06_21_00_00.GMT.2025.CACO04.c2.bright.jpg,c2,1738875600,2025-02-06T21:00:00+00:00,0.0,1.8346732168943745,6.768189509306261,140.5514386744281,4.319699560940518,0.0,adcp linear at epoch+300s
1738877400.Thu.Feb.06_21_30_00.GMT.2025.CACO04.c2.bright.jpg,c2,1738877400,2025-02-06T21:30:00+00:00,30.0,1.8247170594501068,7.561436672967865,128.62658930759804,3.705968432131294,0.0,adcp linear at epoch+300s
1738879200.Thu.Feb.06_22_00_00.GMT.2025.CACO04.c2.bright.jpg,c2,1738879200,2025-02-06T22:00:00+00:00,0.0,1.8101214080258794,7.561436672967865,42.16174236621732,1.9947597528594767,0.0,adcp linear at epoch+300s
1738881000.Thu.Feb.06_22_30_00.GMT.2025.CACO04.c2.bright.jpg,c2,1738881000,2025-02-06T22:30:00+00:00,30.0,1.772328286701853,8.032128514056225,1.1635263480392155,1.099507250776255,0.0,adcp linear at epoch+300s
1738882800.Thu.Feb.06_23_00_00.GMT.2025.CACO04.c2.bright.jpg,c2,1738882800,2025-02-06T23:00:00+00:00,0.0,1.7166197544369206,8.032128514056225,1.0000095741421569,0.0001914828431372,0.0,adcp linear at epoch+300s
1738884600.Thu.Feb.06_23_30_00.GMT.2025.CACO04.c2.bright.jpg,c2,1738884600,2025-02-06T23:30:00+00:00,30.0,1.571334167467458,7.561436672967865,1.000003191380719,6.382761437908497e-05,0.0,adcp linear at epoch+300s
1738886400.Fri.Feb.07_00_00_00.GMT.2025.CACO04.c2.bright.jpg,c2,1738886400,2025-02-07T00:00:00+00:00,0.0,1.4482958068127114,7.561436672967865,1.0000095741421569,0.0003191380718954,0.0,adcp linear at epoch+300s
1738888200.Fri.Feb.07_00_30_00.GMT.2025.CACO04.c2.bright.jpg,c2,1738888200,2025-02-07T00:30:00+00:00,30.0,1.4364935777315475,8.032128514056225,1.000067018995098,0.0022403492647058,0.0,adcp linear at epoch+300s
1738890000.Fri.Feb.07_01_00_00.GMT.2025.CACO04.c2.bright.jpg,c2,1738890000,2025-02-07T01:00:00+00:00,0.0,1.4138457748980888,8.032128514056225,1.000003191380719,6.382761437908497e-05,0.0,adcp linear at epoch+300s
1738891800.Fri.Feb.07_01_30_00.GMT.2025.CACO04.c2.bright.jpg,c2,1738891800,2025-02-07T01:30:00+00:00,30.0,1.336970103303155,7.561436672967865,1.0000446793300657,0.0008169934640522,0.0,adcp linear at epoch+300s
1738893600.Fri.Feb.07_02_00_00.GMT.2025.CACO04.c2.bright.jpg,c2,1738893600,2025-02-07T02:00:00+00:00,0.0,1.2765020545049288,7.561436672967865,1.0000095741421569,0.0001404207516339,0.0,adcp linear at epoch+300s
1738895400.Fri.Feb.07_02_30_00.GMT.2025.CACO04.c2.bright.jpg,c2,1738895400,2025-02-07T02:30:00+00:00,30.0,1.2980721196902416,8.032128514056225,1.0000063827614378,0.0001276552287581,0.0,adcp linear at epoch+300s
1738897200.Fri.Feb.07_03_00_00.GMT.2025.CACO04.c2.bright.jpg,c2,1738897200,2025-02-07T03:00:00+00:00,0.0,1.3031505493010016,8.032128514056225,1.000003191380719,6.382761437908497e-05,0.0,adcp linear at epoch+300s
1738927800.Fri.Feb.07_11_30_00.GMT.2025.CACO04.c2.bright.jpg,c2,1738927800,2025-02-07T11:30:00+00:00,30.0,1.0204686742160656,8.032128514056225,40.68849890216503,2.5261401109904424,0.0,adcp linear at epoch+300s
1738929600.Fri.Feb.07_12_00_00.GMT.2025.CACO04.c2.bright.jpg,c2,1738929600,2025-02-07T12:00:00+00:00,0.0,1.1082707182886864,8.032128514056225,179.39965660743465,21.32575360734315,0.101631539007613,adcp linear at epoch+300s
1738931400.Fri.Feb.07_12_30_00.GMT.2025.CACO04.c2.bright.jpg,c2,1738931400,2025-02-07T12:30:00+00:00,30.0,1.1430224351465337,8.565310492505352,147.93230762357027,10.30848423886408,0.048474945533769,adcp linear at epoch+300s
1738933200.Fri.Feb.07_13_00_00.GMT.2025.CACO04.c2.bright.jpg,c2,1738933200,2025-02-07T13:00:00+00:00,0.0,1.1730125555179116,8.565310492505352,209.2896018433415,17.048594481504338,0.431237913392573,adcp linear at epoch+300s
1738935000.Fri.Feb.07_13_30_00.GMT.2025.CACO04.c2.bright.jpg,c2,1738935000,2025-02-07T13:30:00+00:00,30.0,1.1791946934569442,9.876543209876544,144.57060929840685,20.93891367776222,0.0,adcp linear at epoch+300s
1738936800.Fri.Feb.07_14_00_00.GMT.2025.CACO04.c2.bright.jpg,c2,1738936800,2025-02-07T14:00:00+00:00,0.0,1.1828127225174174,9.876543209876544,169.1016135620915,23.36727644307502,0.0909035274534283,adcp linear at epoch+300s
1738938600.Fri.Feb.07_14_30_00.GMT.2025.CACO04.c2.bright.jpg,c2,1738938600,2025-02-07T14:30:00+00:00,30.0,1.1736102071850956,8.565310492505352,165.74615119485293,87.3819407909845,0.1463550463880933,adcp linear at epoch+300s
1738940400.Fri.Feb.07_15_00_00.GMT.2025.CACO04.c2.bright.jpg,c2,1738940400,2025-02-07T15:00:00+00:00,0.0,1.1626848773977554,8.565310492505352,167.06461588541666,104.44463569197538,0.1531847445594967,adcp linear at epoch+300s
1738942200.Fri.Feb.07_15_30_00.GMT.2025.CACO04.c2.bright.jpg,c2,1738942200,2025-02-07T15:30:00+00:00,30.0,1.1431454753353243,9.876543209876544,175.50542534722223,107.38458617615868,0.1410981371325059,adcp linear at epoch+300s
1738944000.Fri.Feb.07_16_00_00.GMT.2025.CACO04.c2.bright.jpg,c2,1738944000,2025-02-07T16:00:00+00:00,0.0,1.1138714225238966,9.876543209876544,184.24726498672385,87.46876837243853,0.1841325793738219,adcp linear at epoch+300s
1738945800.Fri.Feb.07_16_30_00.GMT.2025.CACO04.c2.bright.jpg,c2,1738945800,2025-02-07T16:30:00+00:00,30.0,1.0359241159674866,10.6951871657754,239.46579478145424,184.8247931618637,0.6169738806883552,adcp linear at epoch+300s
1738947600.Fri.Feb.07_17_00_00.GMT.2025.CACO04.c2.bright.jpg,c2,1738947600,2025-02-07T17:00:00+00:00,0.0,0.9788485770491335,10.6951871657754,176.4015363306781,157.47139317918362,0.1483256223837849,adcp linear at epoch+300s
1738949400.Fri.Feb.07_17_30_00.GMT.2025.CACO04.c2.bright.jpg,c2,1738949400,2025-02-07T17:30:00+00:00,30.0,1.0261318763210645,10.6951871657754,168.114950342116,161.140512923611,0.1007564074318866,adcp linear at epoch+300s
1738951200.Fri.Feb.07_18_00_00.GMT.2025.CACO04.c2.bright.jpg,c2,1738951200,2025-02-07T18:00:00+00:00,0.0,1.0578299174950458,10.6951871657754,164.12930517258988,145.59037343624328,0.1014540647719762,adcp linear at epoch+300s
1738953000.Fri.Feb.07_18_30_00.GMT.2025.CACO04.c2.bright.jpg,c2,1738953000,2025-02-07T18:30:00+00:00,30.0,1.0116016681792797,10.6951871657754,159.7494287428513,156.53768916049398,0.1072984749455337,adcp linear at epoch+300s
1738954800.Fri.Feb.07_19_00_00.GMT.2025.CACO04.c2.bright.jpg,c2,1738954800,2025-02-07T19:00:00+00:00,0.0,0.9693654395078468,10.6951871657754,152.29480698529412,170.53512540046512,0.1187363834422658,adcp linear at epoch+300s
1738956600.Fri.Feb.07_19_30_00.GMT.2025.CACO04.c2.bright.jpg,c2,1738956600,2025-02-07T19:30:00+00:00,30.0,0.9470893140580822,9.876543209876544,147.33116000306373,191.38826768720844,0.1622114513720594,adcp linear at epoch+300s
1738958400.Fri.Feb.07_20_00_00.GMT.2025.CACO04.c2.bright.jpg,c2,1738958400,2025-02-07T20:00:00+00:00,0.0,0.9214076787290711,9.876543209876544,147.51269850388073,225.0082775731787,0.2241377200068541,adcp linear at epoch+300s
1738960200.Fri.Feb.07_20_30_00.GMT.2025.CACO04.c2.bright.jpg,c2,1738960200,2025-02-07T20:30:00+00:00,30.0,0.8786984940038289,10.6951871657754,138.46373953227123,265.73952668616266,0.2438373601625419,adcp linear at epoch+300s
1738962000.Fri.Feb.07_21_00_00.GMT.2025.CACO04.c2.bright.jpg,c2,1738962000,2025-02-07T21:00:00+00:00,0.0,0.8459974567462158,10.6951871657754,128.2556232128268,293.2937536940753,0.1646654916648307,adcp linear at epoch+300s
1738963800.Fri.Feb.07_21_30_00.GMT.2025.CACO04.c2.bright.jpg,c2,1738963800,2025-02-07T21:30:00+00:00,30.0,0.8633371568267489,9.876543209876544,123.99324065563724,215.8736407214663,0.0100119948104085,adcp linear at epoch+300s
1738965600.Fri.Feb.07_22_00_00.GMT.2025.CACO04.c2.bright.jpg,c2,1738965600,2025-02-07T22:00:00+00:00,0.0,0.8803186032306476,9.876543209876544,111.05040466707516,35.30665883414386,0.0,adcp linear at epoch+300s
1738967400.Fri.Feb.07_22_30_00.GMT.2025.CACO04.c2.bright.jpg,c2,1738967400,2025-02-07T22:30:00+00:00,30.0,0.8955087812513738,9.876543209876544,2.313364864174837,0.879509414590313,0.0,adcp linear at epoch+300s
1738969200.Fri.Feb.07_23_00_00.GMT.2025.CACO04.c2.bright.jpg,c2,1738969200,2025-02-07T23:00:00+00:00,0.0,0.9025740607720248,9.876543209876544,1.0007435917075165,0.0535832822712418,0.0,adcp linear at epoch+300s
1738971000.Fri.Feb.07_23_30_00.GMT.2025.CACO04.c2.bright.jpg,c2,1738971000,2025-02-07T23:30:00+00:00,30.0,0.8690148477922996,9.876543209876544,1.0000223396650327,0.0008552900326797,0.0,adcp linear at epoch+300s
1738972800.Sat.Feb.08_00_00_00.GMT.2025.CACO04.c2.bright.jpg,c2,1738972800,2025-02-08T00:00:00+00:00,0.0,0.8540710219154126,9.876543209876544,1.0000287224264706,0.0014680351307189,0.0,adcp linear at epoch+300s
1738974600.Sat.Feb.08_00_30_00.GMT.2025.CACO04.c2.bright.jpg,c2,1738974600,2025-02-08T00:30:00+00:00,30.0,0.9322041315527166,9.876543209876544,1.0000191482843137,0.0004084967320261,0.0,adcp linear at epoch+300s
1738976400.Sat.Feb.08_01_00_00.GMT.2025.CACO04.c2.bright.jpg,c2,1738976400,2025-02-08T01:00:00+00:00,0.0,0.9866441677280704,9.876543209876544,1.000015956903595,0.0015956903594771,0.0,adcp linear at epoch+300s
1738978200.Sat.Feb.08_01_30_00.GMT.2025.CACO04.c2.bright.jpg,c2,1738978200,2025-02-08T01:30:00+00:00,30.0,0.9226188365936728,9.876543209876544,1.000003191380719,6.382761437908497e-05,0.0,adcp linear at epoch+300s
1738980000.Sat.Feb.08_02_00_00.GMT.2025.CACO04.c2.bright.jpg,c2,1738980000,2025-02-08T02:00:00+00:00,0.0,0.8621541346827284,9.876543209876544,1.0000191482843137,0.0005616830065359,0.0,adcp linear at epoch+300s
1738981800.Sat.Feb.08_02_30_00.GMT.2025.CACO04.c2.bright.jpg,c2,1738981800,2025-02-08T02:30:00+00:00,30.0,0.8194925788890504,10.6951871657754,1.0000287224264706,0.0007531658496732,0.0,adcp linear at epoch+300s
1738983600.Sat.Feb.08_03_00_00.GMT.2025.CACO04.c2.bright.jpg,c2,1738983600,2025-02-08T03:00:00+00:00,0.0,0.781267568978352,10.6951871657754,1.0,0.0,0.0,adcp linear at epoch+300s
1739014200.Sat.Feb.08_11_30_00.GMT.2025.CACO04.c2.bright.jpg,c2,1739014200,2025-02-08T11:30:00+00:00,30.0,0.8442581631056675,5.148005148005149,61.991121578839866,18.436883065715705,0.0,adcp linear at epoch+300s
1739016000.Sat.Feb.08_12_00_00.GMT.2025.CACO04.c2.bright.jpg,c2,1739016000,2025-02-08T12:00:00+00:00,0.0,0.850986998171013,5.148005148005149,227.7784511591095,193.1167652715637,0.4221622481701794,adcp linear at epoch+300s
1739017800.Sat.Feb.08_12_30_00.GMT.2025.CACO04.c2.bright.jpg,c2,1739017800,2025-02-08T12:30:00+00:00,30.0,0.781200855411557,9.876543209876544,168.2819935917075,243.7160133976231,0.0416636067660522,adcp linear at epoch+300s
1739019600.Sat.Feb.08_13_00_00.GMT.2025.CACO04.c2.bright.jpg,c2,1739019600,2025-02-08T13:00:00+00:00,0.0,0.7168449220910321,9.876543209876544,183.61881829554736,308.2680956162384,0.0874641991628111,adcp linear at epoch+300s
1739021400.Sat.Feb.08_13_30_00.GMT.2025.CACO04.c2.bright.jpg,c2,1739021400,2025-02-08T13:30:00+00:00,30.0,0.6796400359651619,9.876543209876544,162.81052134395424,271.262408743563,0.0554698783383515,adcp linear at epoch+300s
1739023200.Sat.Feb.08_14_00_00.GMT.2025.CACO04.c2.bright.jpg,c2,1739023200,2025-02-08T14:00:00+00:00,0.0,0.6355411567408463,9.876543209876544,178.39503548815358,224.66422680587505,0.1088896232650363,adcp linear at epoch+300s
1739025000.Sat.Feb.08_14_30_00.GMT.2025.CACO04.c2.bright.jpg,c2,1739025000,2025-02-08T14:30:00+00:00,30.0,0.5569723120243042,8.565310492505352,166.8034428615196,115.51847792614872,0.0370982350493256,adcp linear at epoch+300s
1739026800.Sat.Feb.08_15_00_00.GMT.2025.CACO04.c2.bright.jpg,c2,1739026800,2025-02-08T15:00:00+00:00,0.0,0.4930607841167469,8.565310492505352,194.77588528901143,199.8508600061088,0.0622138992925509,adcp linear at epoch+300s
1739028600.Sat.Feb.08_15_30_00.GMT.2025.CACO04.c2.bright.jpg,c2,1739028600,2025-02-08T15:30:00+00:00,30.0,0.5024358402541143,9.876543209876544,205.08048662173204,186.09401919574003,0.1690962277545225,adcp linear at epoch+300s
1739030400.Sat.Feb.08_16_00_00.GMT.2025.CACO04.c2.bright.jpg,c2,1739030400,2025-02-08T16:00:00+00:00,0.0,0.5057276552045453,9.876543209876544,168.9979766646242,176.25811791887472,0.0150730704266725,adcp linear at epoch+300s
1739032200.Sat.Feb.08_16_30_00.GMT.2025.CACO04.c2.bright.jpg,c2,1739032200,2025-02-08T16:30:00+00:00,30.0,0.47860326422029464,9.174311926605505,181.34609566482845,185.10837524718104,0.0818095028273481,adcp linear at epoch+300s
1739034000.Sat.Feb.08_17_00_00.GMT.2025.CACO04.c2.bright.jpg,c2,1739034000,2025-02-08T17:00:00+00:00,0.0,0.46115586120959484,9.174311926605505,176.35139973958334,182.3468546509778,0.0467920001958336,adcp linear at epoch+300s
1739035800.Sat.Feb.08_17_30_00.GMT.2025.CACO04.c2.bright.jpg,c2,1739035800,2025-02-08T17:30:00+00:00,30.0,0.4920933980666493,9.876543209876544,161.27385237949346,137.94604485522493,0.0009730483953881,adcp linear at epoch+300s
1739037600.Sat.Feb.08_18_00_00.GMT.2025.CACO04.c2.bright.jpg,c2,1739037600,2025-02-08T18:00:00+00:00,0.0,0.5092157747258237,9.876543209876544,172.32794628267973,147.84354465590056,0.0530403172504957,adcp linear at epoch+300s
1739039400.Sat.Feb.08_18_30_00.GMT.2025.CACO04.c2.bright.jpg,c2,1739039400,2025-02-08T18:30:00+00:00,30.0,0.45726235039559754,9.876543209876544,167.5579331341912,188.336757083436,0.061528481554919,adcp linear at epoch+300s
1739041200.Sat.Feb.08_19_00_00.GMT.2025.CACO04.c2.bright.jpg,c2,1739041200,2025-02-08T19:00:00+00:00,0.0,0.4125308594214317,9.876543209876544,155.17888965482027,180.01235641528336,0.064123277275954,adcp linear at epoch+300s
1739043000.Sat.Feb.08_19_30_00.GMT.2025.CACO04.c2.bright.jpg,c2,1739043000,2025-02-08T19:30:00+00:00,30.0,0.40390903522756727,9.174311926605505,145.13603579452615,137.88665639332098,0.0170375266211353,adcp linear at epoch+300s
1739044800.Sat.Feb.08_20_00_00.GMT.2025.CACO04.c2.bright.jpg,c2,1739044800,2025-02-08T20:00:00+00:00,0.0,0.39686658734709696,9.174311926605505,133.67964920343138,47.98861627815231,0.0,adcp linear at epoch+300s
1739046600.Sat.Feb.08_20_30_00.GMT.2025.CACO04.c2.bright.jpg,c2,1739046600,2025-02-08T20:30:00+00:00,30.0,0.3977210210335974,9.174311926605505,135.5097145629085,49.52623861562928,0.0,adcp linear at epoch+300s
1739048400.Sat.Feb.08_21_00_00.GMT.2025.CACO04.c2.bright.jpg,c2,1739048400,2025-02-08T21:00:00+00:00,0.0,0.3973432695911264,9.174311926605505,138.60630489174838,57.108599427662114,0.0,adcp linear at epoch+300s
1739050200.Sat.Feb.08_21_30_00.GMT.2025.CACO04.c2.bright.jpg,c2,1739050200,2025-02-08T21:30:00+00:00,30.0,0.3908045925037985,8.565310492505352,124.7314102073121,39.86336422573573,0.0,adcp linear at epoch+300s
1739052000.Sat.Feb.08_22_00_00.GMT.2025.CACO04.c2.bright.jpg,c2,1739052000,2025-02-08T22:00:00+00:00,0.0,0.39653970031297925,8.565310492505352,93.88924313214868,35.8259963426949,0.0,adcp linear at epoch+300s
1739053800.Sat.Feb.08_22_30_00.GMT.2025.CACO04.c2.bright.jpg,c2,1739053800,2025-02-08T22:30:00+00:00,30.0,0.4636437326047035,8.565310492505352,2.0905745761846406,0.3798987693119307,0.0,adcp linear at epoch+300s
1739055600.Sat.Feb.08_23_00_00.GMT.2025.CACO04.c2.bright.jpg,c2,1739055600,2025-02-08T23:00:00+00:00,0.0,0.5098880483920332,8.565310492505352,1.00006063623366,0.0013276143790849,0.0,adcp linear at epoch+300s
1739057400.Sat.Feb.08_23_30_00.GMT.2025.CACO04.c2.bright.jpg,c2,1739057400,2025-02-08T23:30:00+00:00,30.0,0.4518337816573897,9.876543209876544,1.0006574244281046,0.0070465686274509,0.0,adcp linear at epoch+300s
1739059200.Sun.Feb.09_00_00_00.GMT.2025.CACO04.c2.bright.jpg,c2,1739059200,2025-02-09T00:00:00+00:00,0.0,0.40353825301593327,9.876543209876544,1.0040945414624185,0.2660845588235294,0.0,adcp linear at epoch+300s
1739061000.Sun.Feb.09_00_30_00.GMT.2025.CACO04.c2.bright.jpg,c2,1739061000,2025-02-09T00:30:00+00:00,30.0,0.4040364148404122,9.174311926605505,1.0026456546160132,0.1398654513888889,0.0,adcp linear at epoch+300s
1739062800.Sun.Feb.09_01_00_00.GMT.2025.CACO04.c2.bright.jpg,c2,1739062800,2025-02-09T01:00:00+00:00,0.0,0.40708342619591487,9.174311926605505,1.0078539879493464,0.4627757352941176,0.0,adcp linear at epoch+300s
1739064600.Sun.Feb.09_01_30_00.GMT.2025.CACO04.c2.bright.jpg,c2,1739064600,2025-02-09T01:30:00+00:00,30.0,0.42287468520653637,9.174311926605505,1.0060317095588236,0.2645846098856209,0.0,adcp linear at epoch+300s
1739066400.Sun.Feb.09_02_00_00.GMT.2025.CACO04.c2.bright.jpg,c2,1739066400,2025-02-09T02:00:00+00:00,0.0,0.4324464631475935,9.174311926605505,1.0083933312908495,0.3514348447712418,0.0,adcp linear at epoch+300s
1739068200.Sun.Feb.09_02_30_00.GMT.2025.CACO04.c2.bright.jpg,c2,1739068200,2025-02-09T02:30:00+00:00,30.0,0.4109208357408289,8.565310492505352,1.003711575776144,0.1417100694444444,0.0,adcp linear at epoch+300s
1739070000.Sun.Feb.09_03_00_00.GMT.2025.CACO04.c2.bright.jpg,c2,1739070000,2025-02-09T03:00:00+00:00,0.0,0.40128456837679943,8.565310492505352,1.000012765522876,0.0006382761437908,0.0,adcp linear at epoch+300s
1739100600.Sun.Feb.09_11_30_00.GMT.2025.CACO04.c2.bright.jpg,c2,1739100600,2025-02-09T11:30:00+00:00,30.0,0.7522204224290827,4.597701149425287,32.45477813521242,2.076318660546889,0.0,adcp linear at epoch+300s
1739102400.Sun.Feb.09_12_00_00.GMT.2025.CACO04.c2.bright.jpg,c2,1739102400,2025-02-09T12:00:00+00:00,0.0,0.9930597978336455,4.597701149425287,220.0797206903595,4.713053371473523,0.0805549435754326,adcp linear at epoch+300s
1739104200.Sun.Feb.09_12_30_00.GMT.2025.CACO04.c2.bright.jpg,c2,1739104200,2025-02-09T12:30:00+00:00,30.0,1.0236762486929973,4.950495049504951,203.09321384803923,8.24610319865387,0.1619177009130743,adcp linear at epoch+300s
1739106000.Sun.Feb.09_13_00_00.GMT.2025.CACO04.c2.bright.jpg,c2,1739106000,2025-02-09T13:00:00+00:00,0.0,1.0557867300492718,4.950495049504951,200.65041615604576,9.404571297076153,0.0969682504712246,adcp linear at epoch+300s
1739107800.Sun.Feb.09_13_30_00.GMT.2025.CACO04.c2.bright.jpg,c2,1739107800,2025-02-09T13:30:00+00:00,30.0,1.0953673638901607,5.594405594405594,195.7333792892157,38.814522919790704,0.1096178796112702,adcp linear at epoch+300s
1739109600.Sun.Feb.09_14_00_00.GMT.2025.CACO04.c2.bright.jpg,c2,1739109600,2025-02-09T14:00:00+00:00,0.0,1.125433842719854,5.594405594405594,148.93062895731208,100.78975502879103,0.0,adcp linear at epoch+300s
1739111400.Sun.Feb.09_14_30_00.GMT.2025.CACO04.c2.bright.jpg,c2,1739111400,2025-02-09T14:30:00+00:00,30.0,1.107929546493571,5.594405594405594,140.86087814031862,92.67149505091122,0.0,adcp linear at epoch+300s
1739113200.Sun.Feb.09_15_00_00.GMT.2025.CACO04.c2.bright.jpg,c2,1739113200,2025-02-09T15:00:00+00:00,0.0,1.09684525777818,5.594405594405594,174.2920113357843,90.4198195155048,0.0,adcp linear at epoch+300s
1739115000.Sun.Feb.09_15_30_00.GMT.2025.CACO04.c2.bright.jpg,c2,1739115000,2025-02-09T15:30:00+00:00,30.0,1.1178610066172494,6.125574272588055,243.37857434640523,24.7590018999134,0.5068541773763188,adcp linear at epoch+300s
1739116800.Sun.Feb.09_16_00_00.GMT.2025.CACO04.c2.bright.jpg,c2,1739116800,2025-02-09T16:00:00+00:00,0.0,1.1566494539216194,6.125574272588055,148.7970601000817,29.678573554041566,0.0,adcp linear at epoch+300s
1739118600.Sun.Feb.09_16_30_00.GMT.2025.CACO04.c2.bright.jpg,c2,1739118600,2025-02-09T16:30:00+00:00,30.0,1.284301393552494,6.430868167202571,170.402445874183,7.664761263260174,0.0,adcp linear at epoch+300s
1739120400.Sun.Feb.09_17_00_00.GMT.2025.CACO04.c2.bright.jpg,c2,1739120400,2025-02-09T17:00:00+00:00,0.0,1.4261977361997986,6.430868167202571,183.77278326695264,4.820682063606466,0.0,adcp linear at epoch+300s
1739122200.Sun.Feb.09_17_30_00.GMT.2025.CACO04.c2.bright.jpg,c2,1739122200,2025-02-09T17:30:00+00:00,30.0,1.6393160939292533,6.430868167202571,144.85093698937908,3.5154877375383093,0.0,adcp linear at epoch+300s
1739124000.Sun.Feb.09_18_00_00.GMT.2025.CACO04.c2.bright.jpg,c2,1739124000,2025-02-09T18:00:00+00:00,0.0,1.826621485750628,6.430868167202571,145.2596954146242,62.11538601214957,0.0,adcp linear at epoch+300s
1739125800.Sun.Feb.09_18_30_00.GMT.2025.CACO04.c2.bright.jpg,c2,1739125800,2025-02-09T18:30:00+00:00,30.0,1.8848620480316054,5.847953216374269,172.21629263684642,69.89638693815742,0.0,adcp linear at epoch+300s
1739127600.Sun.Feb.09_19_00_00.GMT.2025.CACO04.c2.bright.jpg,c2,1739127600,2025-02-09T19:00:00+00:00,0.0,1.9245826149910652,5.847953216374269,142.37322240093954,29.626241090943523,0.0,adcp linear at epoch+300s
1739129400.Sun.Feb.09_19_30_00.GMT.2025.CACO04.c2.bright.jpg,c2,1739129400,2025-02-09T19:30:00+00:00,30.0,1.871703205342936,7.142857142857142,132.66509969873366,24.842855981191818,0.0,adcp linear at epoch+300s
1739131200.Sun.Feb.09_20_00_00.GMT.2025.CACO04.c2.bright.jpg,c2,1739131200,2025-02-09T20:00:00+00:00,0.0,1.8374545489147835,7.142857142857142,131.22200839971404,24.363265291864032,0.0,adcp linear at epoch+300s
1739133000.Sun.Feb.09_20_30_00.GMT.2025.CACO04.c2.bright.jpg,c2,1739133000,2025-02-09T20:30:00+00:00,30.0,1.8963596585865128,7.142857142857142,205.4970415900736,50.64703645525498,0.2291253580083719,adcp linear at epoch+300s
1739134800.Sun.Feb.09_21_00_00.GMT.2025.CACO04.c2.bright.jpg,c2,1739134800,2025-02-09T21:00:00+00:00,0.0,1.9539817169960274,7.142857142857142,138.20663871017155,22.26483016058098,0.0,adcp linear at epoch+300s
1739136600.Sun.Feb.09_21_30_00.GMT.2025.CACO04.c2.bright.jpg,c2,1739136600,2025-02-09T21:30:00+00:00,30.0,2.005188519094469,7.142857142857142,141.23732702716504,24.80875324016399,0.0,adcp linear at epoch+300s
1739138400.Sun.Feb.09_22_00_00.GMT.2025.CACO04.c2.bright.jpg,c2,1739138400,2025-02-09T22:00:00+00:00,0.0,2.0290738781383553,7.142857142857142,87.2851913551879,11.470530374856075,0.0,adcp linear at epoch+300s
1739140200.Sun.Feb.09_22_30_00.GMT.2025.CACO04.c2.bright.jpg,c2,1739140200,2025-02-09T22:30:00+00:00,30.0,1.9163520219094614,7.142857142857142,2.772362004697712,1.04923979599191,0.0,adcp linear at epoch+300s
1739142000.Sun.Feb.09_23_00_00.GMT.2025.CACO04.c2.bright.jpg,c2,1739142000,2025-02-09T23:00:00+00:00,0.0,1.8234810920711317,7.142857142857142,1.011792151756536,1.0121783088235294,0.0,adcp linear at epoch+300s
1739143800.Sun.Feb.09_23_30_00.GMT.2025.CACO04.c2.bright.jpg,c2,1739143800,2025-02-09T23:30:00+00:00,30.0,1.8298647941856225,6.768189509306261,1.00579873876634,0.2576465482026144,0.0,adcp linear at epoch+300s
1739145600.Mon.Feb.10_00_00_00.GMT.2025.CACO04.c2.bright.jpg,c2,1739145600,2025-02-10T00:00:00+00:00,0.0,1.8472507909875733,6.768189509306261,1.0247363919526145,3.166475183823529,0.0,adcp linear at epoch+300s
1739147400.Mon.Feb.10_00_30_00.GMT.2025.CACO04.c2.bright.jpg,c2,1739147400,2025-02-10T00:30:00+00:00,30.0,1.9196482612268237,6.768189509306261,1.0006701899509804,0.0075539981515797,0.0,adcp linear at epoch+300s
1739149200.Mon.Feb.10_01_00_00.GMT.2025.CACO04.c2.bright.jpg,c2,1739149200,2025-02-10T01:00:00+00:00,0.0,1.9670026535141243,6.768189509306261,1.0135825163398693,1.7912645526960784,0.0,adcp linear at epoch+300s
1739151000.Mon.Feb.10_01_30_00.GMT.2025.CACO04.c2.bright.jpg,c2,1739151000,2025-02-10T01:30:00+00:00,30.0,1.8891416560416756,6.768189509306261,1.0001755259395424,0.0016914317810457,0.0,adcp linear at epoch+300s
1739152800.Mon.Feb.10_02_00_00.GMT.2025.CACO04.c2.bright.jpg,c2,1739152800,2025-02-10T02:00:00+00:00,0.0,1.8068852481850601,6.768189509306261,1.0114634395424835,2.406192555147059,0.0,adcp linear at epoch+300s
1739154600.Mon.Feb.10_02_30_00.GMT.2025.CACO04.c2.bright.jpg,c2,1739154600,2025-02-10T02:30:00+00:00,30.0,1.7026517884076107,7.142857142857142,1.0000957414215683,0.000906352124183,0.0,adcp linear at epoch+300s
1739156400.Mon.Feb.10_03_00_00.GMT.2025.CACO04.c2.bright.jpg,c2,1739156400,2025-02-10T03:00:00+00:00,0.0,1.6052096402492082,7.142857142857142,1.0078029258578431,1.2788500816993464,0.0,adcp linear at epoch+300s
1739187000.Mon.Feb.10_11_30_00.GMT.2025.CACO04.c2.bright.jpg,c2,1739187000,2025-02-10T11:30:00+00:00,30.0,1.2172934060674412,7.142857142857142,147.20804610906862,31.028495742609724,0.0,adcp linear at epoch+300s
1739188800.Mon.Feb.10_12_00_00.GMT.2025.CACO04.c2.bright.jpg,c2,1739188800,2025-02-10T12:00:00+00:00,0.0,1.228582435133002,7.142857142857142,211.9864972681781,110.16134317326902,0.0618589508212773,adcp linear at epoch+300s
1739190600.Mon.Feb.10_12_30_00.GMT.2025.CACO04.c2.bright.jpg,c2,1739190600,2025-02-10T12:30:00+00:00,30.0,1.1529612122274928,8.032128514056225,165.67963005514707,125.43290571799989,0.0,adcp linear at epoch+300s
1739192400.Mon.Feb.10_13_00_00.GMT.2025.CACO04.c2.bright.jpg,c2,1739192400,2025-02-10T13:00:00+00:00,0.0,1.1004250091644023,8.032128514056225,152.93901909722223,110.8883406861008,0.0,adcp linear at epoch+300s
1739194200.Mon.Feb.10_13_30_00.GMT.2025.CACO04.c2.bright.jpg,c2,1739194200,2025-02-10T13:30:00+00:00,30.0,1.163313905313407,7.561436672967865,148.27031313827615,99.14756201588617,0.0,adcp linear at epoch+300s
1739196000.Mon.Feb.10_14_00_00.GMT.2025.CACO04.c2.bright.jpg,c2,1739196000,2025-02-10T14:00:00+00:00,0.0,1.213974992473091,7.561436672967865,147.2491957720588,96.83577274080476,0.0,adcp linear at epoch+300s
1739197800.Mon.Feb.10_14_30_00.GMT.2025.CACO04.c2.bright.jpg,c2,1739197800,2025-02-10T14:30:00+00:00,30.0,1.203497034686173,7.561436672967865,148.24248748978758,114.78437758462688,0.0,adcp linear at epoch+300s
1739199600.Mon.Feb.10_15_00_00.GMT.2025.CACO04.c2.bright.jpg,c2,1739199600,2025-02-10T15:00:00+00:00,0.0,1.1959673713804535,7.561436672967865,178.83059512867646,141.9931908576867,0.1014234657658319,adcp linear at epoch+300s
1739201400.Mon.Feb.10_15_30_00.GMT.2025.CACO04.c2.bright.jpg,c2,1739201400,2025-02-10T15:30:00+00:00,30.0,1.2031791804807257,8.032128514056225,189.46952869689545,155.25132364152037,0.1711708403711047,adcp linear at epoch+300s
1739203200.Mon.Feb.10_16_00_00.GMT.2025.CACO04.c2.bright.jpg,c2,1739203200,2025-02-10T16:00:00+00:00,0.0,1.2074228110241199,8.032128514056225,161.55826822916666,92.91318675634407,0.0,adcp linear at epoch+300s
1739205000.Mon.Feb.10_16_30_00.GMT.2025.CACO04.c2.bright.jpg,c2,1739205000,2025-02-10T16:30:00+00:00,30.0,1.196825548783124,8.032128514056225,192.0907596762664,139.49084918241007,0.1854789356441702,adcp linear at epoch+300s
1739206800.Mon.Feb.10_17_00_00.GMT.2025.CACO04.c2.bright.jpg,c2,1739206800,2025-02-10T17:00:00+00:00,0.0,1.1820616320845434,8.032128514056225,178.4433083129085,141.49271875773425,0.0995385669873442,adcp linear at epoch+300s
1739208600.Mon.Feb.10_17_30_00.GMT.2025.CACO04.c2.bright.jpg,c2,1739208600,2025-02-10T17:30:00+00:00,30.0,1.146464443098037,8.565310492505352,158.34147454554738,123.99869152803868,5.507821105970478e-05,adcp linear at epoch+300s
1739210400.Mon.Feb.10_18_00_00.GMT.2025.CACO04.c2.bright.jpg,c2,1739210400,2025-02-10T18:00:00+00:00,0.0,1.1179916661943363,8.565310492505352,184.1221437142565,125.87133107357896,0.1321877065432914,adcp linear at epoch+300s
1739212200.Mon.Feb.10_18_30_00.GMT.2025.CACO04.c2.bright.jpg,c2,1739212200,2025-02-10T18:30:00+00:00,30.0,1.1251409497046638,8.565310492505352,140.87941048815358,57.801636099392695,0.0,adcp linear at epoch+300s
1739214000.Mon.Feb.10_19_00_00.GMT.2025.CACO04.c2.bright.jpg,c2,1739214000,2025-02-10T19:00:00+00:00,0.0,1.1290398101966244,8.565310492505352,136.30491727941177,53.86669898652383,0.0,adcp linear at epoch+300s
1739215800.Mon.Feb.10_19_30_00.GMT.2025.CACO04.c2.bright.jpg,c2,1739215800,2025-02-10T19:30:00+00:00,30.0,1.1166865555967516,9.174311926605505,126.79093903186276,58.77281429441793,0.0,adcp linear at epoch+300s
1739217600.Mon.Feb.10_20_00_00.GMT.2025.CACO04.c2.bright.jpg,c2,1739217600,2025-02-10T20:00:00+00:00,0.0,1.0872710773336431,9.174311926605505,172.99468954248366,88.59885259130701,0.0858424518371643,adcp linear at epoch+300s
1739219400.Mon.Feb.10_20_30_00.GMT.2025.CACO04.c2.bright.jpg,c2,1739219400,2025-02-10T20:30:00+00:00,30.0,0.972544480754357,8.565310492505352,168.22901667177288,76.41238144786536,0.002252086852219,adcp linear at epoch+300s
1739221200.Mon.Feb.10_21_00_00.GMT.2025.CACO04.c2.bright.jpg,c2,1739221200,2025-02-10T21:00:00+00:00,0.0,0.8843088714636842,8.565310492505352,167.73891633476308,227.81867977924972,0.130247729553744,adcp linear at epoch+300s
1739223000.Mon.Feb.10_21_30_00.GMT.2025.CACO04.c2.bright.jpg,c2,1739223000,2025-02-10T21:30:00+00:00,30.0,0.9285281986160783,8.565310492505352,153.36458971609477,174.5898631962439,0.0246505593498323,adcp linear at epoch+300s
1739224800.Mon.Feb.10_22_00_00.GMT.2025.CACO04.c2.bright.jpg,c2,1739224800,2025-02-10T22:00:00+00:00,0.0,0.964436083420297,8.565310492505352,142.0042221966912,58.65881544624279,0.0,adcp linear at epoch+300s
1739226600.Mon.Feb.10_22_30_00.GMT.2025.CACO04.c2.bright.jpg,c2,1739226600,2025-02-10T22:30:00+00:00,30.0,0.9587867564836396,9.174311926605505,5.076704835580065,1.3457605665530303,0.0,adcp linear at epoch+300s
1739228400.Mon.Feb.10_23_00_00.GMT.2025.CACO04.c2.bright.jpg,c2,1739228400,2025-02-10T23:00:00+00:00,0.0,0.9519852443429077,9.174311926605505,1.0097400939542485,1.8120468239379084,0.0,adcp linear at epoch+300s
1739230200.Mon.Feb.10_23_30_00.GMT.2025.CACO04.c2.bright.jpg,c2,1739230200,2025-02-10T23:30:00+00:00,30.0,0.9394228061818026,9.174311926605505,1.0090762867647058,0.1683070363562091,0.0,adcp linear at epoch+300s
1739232000.Tue.Feb.11_00_00_00.GMT.2025.CACO04.c2.bright.jpg,c2,1739232000,2025-02-11T00:00:00+00:00,0.0,0.945406495210574,9.174311926605505,1.0059646905637254,0.6272850285947712,0.0,adcp linear at epoch+300s
1739233800.Tue.Feb.11_00_30_00.GMT.2025.CACO04.c2.bright.jpg,c2,1739233800,2025-02-11T00:30:00+00:00,30.0,1.0441208201887275,9.174311926605505,1.00460835375817,0.2890242034313725,0.0,adcp linear at epoch+300s
1739235600.Tue.Feb.11_01_00_00.GMT.2025.CACO04.c2.bright.jpg,c2,1739235600,2025-02-11T01:00:00+00:00,0.0,1.1255496908242346,9.174311926605505,1.0132729524101307,3.134918807200548,0.0,adcp linear at epoch+300s
1739237400.Tue.Feb.11_01_30_00.GMT.2025.CACO04.c2.bright.jpg,c2,1739237400,2025-02-11T01:30:00+00:00,30.0,1.1205512897465097,8.032128514056225,1.0037275326797386,0.2272390727124183,0.0,adcp linear at epoch+300s
1739239200.Tue.Feb.11_02_00_00.GMT.2025.CACO04.c2.bright.jpg,c2,1739239200,2025-02-11T02:00:00+00:00,0.0,1.1275308194060405,8.032128514056225,1.0064242493872548,0.6874042585784313,0.0,adcp linear at epoch+300s
1739241000.Tue.Feb.11_02_30_00.GMT.2025.CACO04.c2.bright.jpg,c2,1739241000,2025-02-11T02:30:00+00:00,30.0,1.1944000027518495,5.847953216374269,1.004659415849673,0.3685023488562091,0.0,adcp linear at epoch+300s
1739242800.Tue.Feb.11_03_00_00.GMT.2025.CACO04.c2.bright.jpg,c2,1739242800,2025-02-11T03:00:00+00:00,0.0,1.2424209769809607,5.847953216374269,1.0063859528186274,0.9659032883986928,0.0,adcp linear at epoch+300s
1739273400.Tue.Feb.11_11_30_00.GMT.2025.CACO04.c2.bright.jpg,c2,1739273400,2025-02-11T11:30:00+00:00,30.0,0.7345369723022932,5.847953216374269,150.19101371017155,55.378810488860445,0.0,adcp linear at epoch+300s
1739275200.Tue.Feb.11_12_00_00.GMT.2025.CACO04.c2.bright.jpg,c2,1739275200,2025-02-11T12:00:00+00:00,0.0,0.7068131344684648,5.847953216374269,205.54240068423204,180.9383880972501,0.093339208342513,adcp linear at epoch+300s
1739277000.Tue.Feb.11_12_30_00.GMT.2025.CACO04.c2.bright.jpg,c2,1739277000,2025-02-11T12:30:00+00:00,30.0,0.7123673347160685,5.594405594405594,175.86231426164215,222.67944190218927,0.0001162762233482,adcp linear at epoch+300s
1739278800.Tue.Feb.11_13_00_00.GMT.2025.CACO04.c2.bright.jpg,c2,1739278800,2025-02-11T13:00:00+00:00,0.0,0.7144654968464401,5.594405594405594,149.40090762867646,155.02747894939597,0.0,adcp linear at epoch+300s
1739280600.Tue.Feb.11_13_30_00.GMT.2025.CACO04.c2.bright.jpg,c2,1739280600,2025-02-11T13:30:00+00:00,30.0,0.699283468390652,5.148005148005149,147.27812244689542,116.62035595928155,0.0,adcp linear at epoch+300s
1739282400.Tue.Feb.11_14_00_00.GMT.2025.CACO04.c2.bright.jpg,c2,1739282400,2025-02-11T14:00:00+00:00,0.0,0.681854200610632,5.148005148005149,146.01188470179738,98.09199444626066,0.0,adcp linear at epoch+300s
1739284200.Tue.Feb.11_14_30_00.GMT.2025.CACO04.c2.bright.jpg,c2,1739284200,2025-02-11T14:30:00+00:00,30.0,0.6531887362094522,5.148005148005149,144.44875280841504,72.34283699118102,0.0,adcp linear at epoch+300s
1739286000.Tue.Feb.11_15_00_00.GMT.2025.CACO04.c2.bright.jpg,c2,1739286000,2025-02-11T15:00:00+00:00,0.0,0.6268408551707964,5.148005148005149,153.68926164215685,93.4199823621164,0.0,adcp linear at epoch+300s
1739287800.Tue.Feb.11_15_30_00.GMT.2025.CACO04.c2.bright.jpg,c2,1739287800,2025-02-11T15:30:00+00:00,30.0,0.6120808909447609,4.597701149425287,148.4771209916258,81.76123023652387,0.0,adcp linear at epoch+300s
1739289600.Tue.Feb.11_16_00_00.GMT.2025.CACO04.c2.bright.jpg,c2,1739289600,2025-02-11T16:00:00+00:00,0.0,0.5967097835203065,4.597701149425287,147.8997491574755,78.208380477972,0.0,adcp linear at epoch+300s
1739291400.Tue.Feb.11_16_30_00.GMT.2025.CACO04.c2.bright.jpg,c2,1739291400,2025-02-11T16:30:00+00:00,30.0,0.5782829601037567,5.847953216374269,142.79809729881535,68.41258682015666,0.0,adcp linear at epoch+300s
1739293200.Tue.Feb.11_17_00_00.GMT.2025.CACO04.c2.bright.jpg,c2,1739293200,2025-02-11T17:00:00+00:00,0.0,0.5545750208523669,5.847953216374269,145.4022735396242,71.103969733012,0.0,adcp linear at epoch+300s
1739295000.Tue.Feb.11_17_30_00.GMT.2025.CACO04.c2.bright.jpg,c2,1739295000,2025-02-11T17:30:00+00:00,30.0,0.5044615024267773,5.594405594405594,152.87815627553104,76.36099147294516,0.0,adcp linear at epoch+300s
1739296800.Tue.Feb.11_18_00_00.GMT.2025.CACO04.c2.bright.jpg,c2,1739296800,2025-02-11T18:00:00+00:00,0.0,0.4610838132828458,5.594405594405594,139.97645399305554,67.83275141963088,0.0,adcp linear at epoch+300s
1739298600.Tue.Feb.11_18_30_00.GMT.2025.CACO04.c2.bright.jpg,c2,1739298600,2025-02-11T18:30:00+00:00,30.0,0.45138527054720456,9.876543209876544,154.79453252655227,79.92827937503083,0.0,adcp linear at epoch+300s
1739300400.Tue.Feb.11_19_00_00.GMT.2025.CACO04.c2.bright.jpg,c2,1739300400,2025-02-11T19:00:00+00:00,0.0,0.4360244427829329,9.876543209876544,144.66894850388073,66.11092557038947,0.0,adcp linear at epoch+300s
1739302200.Tue.Feb.11_19_30_00.GMT.2025.CACO04.c2.bright.jpg,c2,1739302200,2025-02-11T19:30:00+00:00,30.0,0.39235218987550896,9.876543209876544,139.29220601000816,68.70338876873063,0.0,adcp linear at epoch+300s
1739304000.Tue.Feb.11_20_00_00.GMT.2025.CACO04.c2.bright.jpg,c2,1739304000,2025-02-11T20:00:00+00:00,0.0,0.35821014436273096,9.876543209876544,138.4598109426062,57.31111326192799,0.0,adcp linear at epoch+300s
1739305800.Tue.Feb.11_20_30_00.GMT.2025.CACO04.c2.bright.jpg,c2,1739305800,2025-02-11T20:30:00+00:00,30.0,0.37171913582318267,9.174311926605505,135.18093532986111,55.20592780810684,0.0,adcp linear at epoch+300s
1739307600.Tue.Feb.11_21_00_00.GMT.2025.CACO04.c2.bright.jpg,c2,1739307600,2025-02-11T21:00:00+00:00,0.0,0.3757872281287157,9.174311926605505,134.43896165236927,55.83410952457771,0.0,adcp linear at epoch+300s
1739309400.Tue.Feb.11_21_30_00.GMT.2025.CACO04.c2.bright.jpg,c2,1739309400,2025-02-11T21:30:00+00:00,30.0,0.33265082465965534,9.174311926605505,131.78884867749184,53.33316010641335,0.0,adcp linear at epoch+300s
1739311200.Tue.Feb.11_22_00_00.GMT.2025.CACO04.c2.bright.jpg,c2,1739311200,2025-02-11T22:00:00+00:00,0.0,0.2951821844096273,9.174311926605505,87.91367315155229,28.12796650740933,0.0,adcp linear at epoch+300s
1739313000.Tue.Feb.11_22_30_00.GMT.2025.CACO04.c2.bright.jpg,c2,1739313000,2025-02-11T22:30:00+00:00,30.0,0.2860523602547609,9.174311926605505,2.867535360498366,1.550420623887094,0.0,adcp linear at epoch+300s
1739314800.Tue.Feb.11_23_00_00.GMT.2025.CACO04.c2.bright.jpg,c2,1739314800,2025-02-11T23:00:00+00:00,0.0,0.2792655822736043,9.174311926605505,1.001321231617647,0.0259203941993464,0.0,adcp linear at epoch+300s
1739316600.Tue.Feb.11_23_30_00.GMT.2025.CACO04.c2.bright.jpg,c2,1739316600,2025-02-11T23:30:00+00:00,30.0,0.2841940351609967,9.876543209876544,1.0069221047794117,0.3368693831699346,0.0,adcp linear at epoch+300s
1739318400.Wed.Feb.12_00_00_00.GMT.2025.CACO04.c2.bright.jpg,c2,1739318400,2025-02-12T00:00:00+00:00,0.0,0.2888677556793671,9.876543209876544,1.003781786151961,0.2139820772058823,0.0,adcp linear at epoch+300s
1739320200.Wed.Feb.12_00_30_00.GMT.2025.CACO04.c2.bright.jpg,c2,1739320200,2025-02-12T00:30:00+00:00,30.0,0.29226781435262683,9.174311926605505,1.0034083946078431,0.7741587520424836,0.0,adcp linear at epoch+300s
1739322000.Wed.Feb.12_01_00_00.GMT.2025.CACO04.c2.bright.jpg,c2,1739322000,2025-02-12T01:00:00+00:00,0.0,0.3041300824450828,9.174311926605505,1.0113325929330066,1.587067248611549,0.0,adcp linear at epoch+300s
1739323800.Wed.Feb.12_01_30_00.GMT.2025.CACO04.c2.bright.jpg,c2,1739323800,2025-02-12T01:30:00+00:00,30.0,0.35830339763352004,9.174311926605505,1.0364519505718954,8.509181602318236,0.0,adcp linear at epoch+300s
1739325600.Wed.Feb.12_02_00_00.GMT.2025.CACO04.c2.bright.jpg,c2,1739325600,2025-02-12T02:00:00+00:00,0.0,0.4030889511684575,9.174311926605505,1.00216694750817,0.2820733762254901,0.0,adcp linear at epoch+300s
1739327400.Wed.Feb.12_02_30_00.GMT.2025.CACO04.c2.bright.jpg,c2,1739327400,2025-02-12T02:30:00+00:00,30.0,0.4009356964358963,9.174311926605505,1.0021254595588236,0.0581788705065359,0.0,adcp linear at epoch+300s
1739329200.Wed.Feb.12_03_00_00.GMT.2025.CACO04.c2.bright.jpg,c2,1739329200,2025-02-12T03:00:00+00:00,0.0,0.39666484611756214,9.174311926605505,1.0015701593137254,0.402407577614379,0.0,adcp linear at epoch+300s
1739359800.Wed.Feb.12_11_30_00.GMT.2025.CACO04.c2.bright.jpg,c2,1739359800,2025-02-12T11:30:00+00:00,30.0,0.258862020800894,9.876543209876544,58.741427951388886,9.251818727034314,0.0,adcp linear at epoch+300s
1739361600.Wed.Feb.12_12_00_00.GMT.2025.CACO04.c2.bright.jpg,c2,1739361600,2025-02-12T12:00:00+00:00,0.0,0.27393470857568164,9.876543209876544,217.6848734936683,85.05503009529664,0.241750507943502,adcp linear at epoch+300s
1739363400.Wed.Feb.12_12_30_00.GMT.2025.CACO04.c2.bright.jpg,c2,1739363400,2025-02-12T12:30:00+00:00,30.0,0.28375022996385346,9.174311926605505,154.69423062193627,48.78137125617146,0.0,adcp linear at epoch+300s
1739365200.Wed.Feb.12_13_00_00.GMT.2025.CACO04.c2.bright.jpg,c2,1739365200,2025-02-12T13:00:00+00:00,0.0,0.30726237320712857,9.174311926605505,163.68354587928923,58.54053002409263,0.0,adcp linear at epoch+300s
1739367000.Wed.Feb.12_13_30_00.GMT.2025.CACO04.c2.bright.jpg,c2,1739367000,2025-02-12T13:30:00+00:00,30.0,0.39925762572592033,10.6951871657754,150.29342192606208,43.5162969337605,0.0,adcp linear at epoch+300s
1739368800.Wed.Feb.12_14_00_00.GMT.2025.CACO04.c2.bright.jpg,c2,1739368800,2025-02-12T14:00:00+00:00,0.0,0.5188464837294867,10.6951871657754,143.81288296568627,53.7382078477444,0.0,adcp linear at epoch+300s
1739370600.Wed.Feb.12_14_30_00.GMT.2025.CACO04.c2.bright.jpg,c2,1739370600,2025-02-12T14:30:00+00:00,30.0,0.7764033691569265,3.902439024390244,136.3775754442402,66.29950637943472,0.0,adcp linear at epoch+300s
1739372400.Wed.Feb.12_15_00_00.GMT.2025.CACO04.c2.bright.jpg,c2,1739372400,2025-02-12T15:00:00+00:00,0.0,1.0441584763993859,3.902439024390244,146.46084814133988,23.409154128914253,0.0,adcp linear at epoch+300s
1739374200.Wed.Feb.12_15_30_00.GMT.2025.CACO04.c2.bright.jpg,c2,1739374200,2025-02-12T15:30:00+00:00,30.0,1.3629046927169444,5.361930294906166,149.84362553615196,7.477334461776808,0.0,adcp linear at epoch+300s
1739376000.Wed.Feb.12_16_00_00.GMT.2025.CACO04.c2.bright.jpg,c2,1739376000,2025-02-12T16:00:00+00:00,0.0,1.6425275986233596,5.361930294906166,135.13724213643792,4.1313699948965406,0.0,adcp linear at epoch+300s
1739377800.Wed.Feb.12_16_30_00.GMT.2025.CACO04.c2.bright.jpg,c2,1739377800,2025-02-12T16:30:00+00:00,30.0,1.7265339524740593,5.361930294906166,139.37591592626634,3.503558329115297,0.0,adcp linear at epoch+300s
1739379600.Wed.Feb.12_17_00_00.GMT.2025.CACO04.c2.bright.jpg,c2,1739379600,2025-02-12T17:00:00+00:00,0.0,1.8025822042415347,5.361930294906166,156.2784894556781,3.794410909264625,0.0,adcp linear at epoch+300s
1739381400.Wed.Feb.12_17_30_00.GMT.2025.CACO04.c2.bright.jpg,c2,1739381400,2025-02-12T17:30:00+00:00,30.0,1.8388399455928883,6.430868167202571,146.8922909007353,3.5211651811555327,0.0,adcp linear at epoch+300s
1739383200.Wed.Feb.12_18_00_00.GMT.2025.CACO04.c2.bright.jpg,c2,1739383200,2025-02-12T18:00:00+00:00,0.0,1.8665170469723003,6.430868167202571,132.23431755514707,3.2893209710288787,0.0,adcp linear at epoch+300s
1739385000.Wed.Feb.12_18_30_00.GMT.2025.CACO04.c2.bright.jpg,c2,1739385000,2025-02-12T18:30:00+00:00,30.0,1.8512909484920046,6.125574272588055,153.3677076950572,3.621875609666728,0.0,adcp linear at epoch+300s
1739386800.Wed.Feb.12_19_00_00.GMT.2025.CACO04.c2.bright.jpg,c2,1739386800,2025-02-12T19:00:00+00:00,0.0,1.8356836600742583,6.125574272588055,142.41186363868465,14.150833456686048,0.0,adcp linear at epoch+300s
1739388600.Wed.Feb.12_19_30_00.GMT.2025.CACO04.c2.bright.jpg,c2,1739388600,2025-02-12T19:30:00+00:00,30.0,1.81817042196926,6.430868167202571,164.10045828227123,4.241874744037709,0.0321105970478078,adcp linear at epoch+300s
1739390400.Wed.Feb.12_20_00_00.GMT.2025.CACO04.c2.bright.jpg,c2,1739390400,2025-02-12T20:00:00+00:00,0.0,1.7865673096865944,6.430868167202571,141.8643790849673,3.698037929967567,0.0,adcp linear at epoch+300s
1739392200.Wed.Feb.12_20_30_00.GMT.2025.CACO04.c2.bright.jpg,c2,1739392200,2025-02-12T20:30:00+00:00,30.0,1.6845148265155914,6.768189509306261,147.03088937397877,3.697099620404036,0.0,adcp linear at epoch+300s
1739394000.Wed.Feb.12_21_00_00.GMT.2025.CACO04.c2.bright.jpg,c2,1739394000,2025-02-12T21:00:00+00:00,0.0,1.60188753717938,6.768189509306261,134.93272250306373,3.4418879842161343,0.0,adcp linear at epoch+300s
1739395800.Wed.Feb.12_21_30_00.GMT.2025.CACO04.c2.bright.jpg,c2,1739395800,2025-02-12T21:30:00+00:00,30.0,1.6163862170171261,6.430868167202571,126.68571920955884,3.4410327626260564,0.0,adcp linear at epoch+300s
1739397600.Wed.Feb.12_22_00_00.GMT.2025.CACO04.c2.bright.jpg,c2,1739397600,2025-02-12T22:00:00+00:00,0.0,1.6063542591231745,6.430868167202571,83.11615668402777,2.6625433708378967,0.0,adcp linear at epoch+300s
1739399400.Wed.Feb.12_22_30_00.GMT.2025.CACO04.c2.bright.jpg,c2,1739399400,2025-02-12T22:30:00+00:00,30.0,1.4736691125707329,6.430868167202571,2.213168275122549,0.436031964869281,0.0,adcp linear at epoch+300s
1739401200.Wed.Feb.12_23_00_00.GMT.2025.CACO04.c2.bright.jpg,c2,1739401200,2025-02-12T23:00:00+00:00,0.0,1.3842841314091452,6.430868167202571,1.000015956903595,0.0004467933006535,0.0,adcp linear at epoch+300s
1739403000.Wed.Feb.12_23_30_00.GMT.2025.CACO04.c2.bright.jpg,c2,1739403000,2025-02-12T23:30:00+00:00,30.0,1.5113999772018256,6.430868167202571,1.0000063827614378,0.0001276552287581,0.0,adcp linear at epoch+300s
1739404800.Thu.Feb.13_00_00_00.GMT.2025.CACO04.c2.bright.jpg,c2,1739404800,2025-02-13T00:00:00+00:00,0.0,1.6187356714363073,6.430868167202571,1.0000414879493464,0.0043785743464052,0.0,adcp linear at epoch+300s
1739406600.Thu.Feb.13_00_30_00.GMT.2025.CACO04.c2.bright.jpg,c2,1739406600,2025-02-13T00:30:00+00:00,30.0,1.6271706078797932,5.847953216374269,1.0000510620915033,0.0017361111111111,0.0,adcp linear at epoch+300s
1739408400.Thu.Feb.13_01_00_00.GMT.2025.CACO04.c2.bright.jpg,c2,1739408400,2025-02-13T01:00:00+00:00,0.0,1.6284042231725955,5.847953216374269,1.0000191482843137,0.0004595588235294,0.0,adcp linear at epoch+300s
1739410200.Thu.Feb.13_01_30_00.GMT.2025.CACO04.c2.bright.jpg,c2,1739410200,2025-02-13T01:30:00+00:00,30.0,1.5936312327119784,5.361930294906166,1.0001148897058822,0.0078380310457516,0.0,adcp linear at epoch+300s
1739412000.Thu.Feb.13_02_00_00.GMT.2025.CACO04.c2.bright.jpg,c2,1739412000,2025-02-13T02:00:00+00:00,0.0,1.5801574019651778,5.361930294906166,1.0000095741421569,0.0001914828431372,0.0,adcp linear at epoch+300s
1739413800.Thu.Feb.13_02_30_00.GMT.2025.CACO04.c2.bright.jpg,c2,1739413800,2025-02-13T02:30:00+00:00,30.0,1.6731793697874604,5.847953216374269,1.0000191482843137,0.0005361519607843,0.0,adcp linear at epoch+300s
1739415600.Thu.Feb.13_03_00_00.GMT.2025.CACO04.c2.bright.jpg,c2,1739415600,2025-02-13T03:00:00+00:00,0.0,1.7879941968529656,5.847953216374269,1.0002042483660132,0.0216630923202614,0.0,adcp linear at epoch+300s
1739446200.Thu.Feb.13_11_30_00.GMT.2025.CACO04.c2.bright.jpg,c2,1739446200,2025-02-13T11:30:00+00:00,30.0,2.743973378049337,7.561436672967865,31.61569074244281,2.0775505217713874,0.0,adcp linear at epoch+300s
1739448000.Thu.Feb.13_12_00_00.GMT.2025.CACO04.c2.bright.jpg,c2,1739448000,2025-02-13T12:00:00+00:00,0.0,2.8306462052889714,7.561436672967865,199.22214562908496,10.875009058531042,0.1854544564392548,adcp linear at epoch+300s
1739449800.Thu.Feb.13_12_30_00.GMT.2025.CACO04.c2.bright.jpg,c2,1739449800,2025-02-13T12:30:00+00:00,30.0,2.953366811268722,7.561436672967865,145.55840545853758,11.155026790643422,0.0,adcp linear at epoch+300s
1739451600.Thu.Feb.13_13_00_00.GMT.2025.CACO04.c2.bright.jpg,c2,1739451600,2025-02-13T13:00:00+00:00,0.0,3.0485413683574416,7.561436672967865,174.27435342626634,21.15631658258185,0.0,adcp linear at epoch+300s
1739453400.Thu.Feb.13_13_30_00.GMT.2025.CACO04.c2.bright.jpg,c2,1739453400,2025-02-13T13:30:00+00:00,30.0,3.0059856809910075,8.032128514056225,146.87760416666666,14.23238671252196,0.0,adcp linear at epoch+300s
1739455200.Thu.Feb.13_14_00_00.GMT.2025.CACO04.c2.bright.jpg,c2,1739455200,2025-02-13T14:00:00+00:00,0.0,2.9698089335988973,8.032128514056225,135.5166015625,17.56066778749183,0.0,adcp linear at epoch+300s
1739457000.Thu.Feb.13_14_30_00.GMT.2025.CACO04.c2.bright.jpg,c2,1739457000,2025-02-13T14:30:00+00:00,30.0,2.9655268860784076,8.032128514056225,154.12820733762254,20.222713684423592,0.0,adcp linear at epoch+300s
1739458800.Thu.Feb.13_15_00_00.GMT.2025.CACO04.c2.bright.jpg,c2,1739458800,2025-02-13T15:00:00+00:00,0.0,2.952322505918746,8.032128514056225,133.95362285539215,19.11580243583848,0.0,adcp linear at epoch+300s
1739460600.Thu.Feb.13_15_30_00.GMT.2025.CACO04.c2.bright.jpg,c2,1739460600,2025-02-13T15:30:00+00:00,30.0,2.894506462563226,8.565310492505352,170.9841739430147,24.70330361950438,0.0001652346331791,adcp linear at epoch+300s
1739462400.Thu.Feb.13_16_00_00.GMT.2025.CACO04.c2.bright.jpg,c2,1739462400,2025-02-13T16:00:00+00:00,0.0,2.831485757959925,8.565310492505352,147.3823912377451,12.43104383655093,0.0,adcp linear at epoch+300s
1739464200.Thu.Feb.13_16_30_00.GMT.2025.CACO04.c2.bright.jpg,c2,1739464200,2025-02-13T16:30:00+00:00,30.0,2.7424417471177165,9.174311926605505,142.07474213643792,7.5224609348926625,0.0,adcp linear at epoch+300s
1739466000.Thu.Feb.13_17_00_00.GMT.2025.CACO04.c2.bright.jpg,c2,1739466000,2025-02-13T17:00:00+00:00,0.0,2.671982525944279,9.174311926605505,131.42272390727123,6.606521823139477,0.0,adcp linear at epoch+300s
1739467800.Thu.Feb.13_17_30_00.GMT.2025.CACO04.c2.bright.jpg,c2,1739467800,2025-02-13T17:30:00+00:00,30.0,2.694447253114694,8.565310492505352,143.0699071946487,11.50358064666889,0.0,adcp linear at epoch+300s
1739469600.Thu.Feb.13_18_00_00.GMT.2025.CACO04.c2.bright.jpg,c2,1739469600,2025-02-13T18:00:00+00:00,0.0,2.690220058037003,8.565310492505352,135.64282705269608,13.00585612934389,0.0,adcp linear at epoch+300s
1739471400.Thu.Feb.13_18_30_00.GMT.2025.CACO04.c2.bright.jpg,c2,1739471400,2025-02-13T18:30:00+00:00,30.0,2.55253325171878,8.565310492505352,135.0714613970588,14.160676133144293,0.0,adcp linear at epoch+300s
1739473200.Thu.Feb.13_19_00_00.GMT.2025.CACO04.c2.bright.jpg,c2,1739473200,2025-02-13T19:00:00+00:00,0.0,2.412053998166171,8.565310492505352,158.3778786254085,21.510907950917275,0.0032190154463783,adcp linear at epoch+300s
1739475000.Thu.Feb.13_19_30_00.GMT.2025.CACO04.c2.bright.jpg,c2,1739475000,2025-02-13T19:30:00+00:00,30.0,2.2576125084416274,8.565310492505352,125.5389125051062,13.849270664788536,0.0,adcp linear at epoch+300s
1739476800.Thu.Feb.13_20_00_00.GMT.2025.CACO04.c2.bright.jpg,c2,1739476800,2025-02-13T20:00:00+00:00,0.0,2.108220210319274,8.565310492505352,139.1764897365196,22.968380205348826,0.0,adcp linear at epoch+300s
1739478600.Thu.Feb.13_20_30_00.GMT.2025.CACO04.c2.bright.jpg,c2,1739478600,2025-02-13T20:30:00+00:00,30.0,1.9840738702078684,8.565310492505352,116.7868732128268,13.529216832997294,0.0,adcp linear at epoch+300s
1739480400.Thu.Feb.13_21_00_00.GMT.2025.CACO04.c2.bright.jpg,c2,1739480400,2025-02-13T21:00:00+00:00,0.0,1.8745108915462165,8.565310492505352,127.29119434232028,21.480264501633982,0.0,adcp linear at epoch+300s
1739482200.Thu.Feb.13_21_30_00.GMT.2025.CACO04.c2.bright.jpg,c2,1739482200,2025-02-13T21:30:00+00:00,30.0,1.8378647201333331,8.032128514056225,127.75666041156046,20.0225819156234,0.0,adcp linear at epoch+300s
1739484000.Thu.Feb.13_22_00_00.GMT.2025.CACO04.c2.bright.jpg,c2,1739484000,2025-02-13T22:00:00+00:00,0.0,1.7891759978380737,8.032128514056225,44.805804483251634,3.5794558020830505,0.0,adcp linear at epoch+300s
1739485800.Thu.Feb.13_22_30_00.GMT.2025.CACO04.c2.bright.jpg,c2,1739485800,2025-02-13T22:30:00+00:00,30.0,1.680274521130934,9.174311926605505,4.593328737745098,1.082162081118228,0.0,adcp linear at epoch+300s
1739487600.Thu.Feb.13_23_00_00.GMT.2025.CACO04.c2.bright.jpg,c2,1739487600,2025-02-13T23:00:00+00:00,0.0,1.5883643084012846,9.174311926605505,1.0000095741421569,0.0003191380718954,0.0,adcp linear at epoch+300s
1739489400.Thu.Feb.13_23_30_00.GMT.2025.CACO04.c2.bright.jpg,c2,1739489400,2025-02-13T23:30:00+00:00,30.0,1.5814104155590878,8.565310492505352,1.000015956903595,0.0007021037581699,0.0,adcp linear at epoch+300s
1739491200.Fri.Feb.14_00_00_00.GMT.2025.CACO04.c2.bright.jpg,c2,1739491200,2025-02-14T00:00:00+00:00,0.0,1.558312346073697,8.565310492505352,1.000003191380719,6.382761437908497e-05,0.0,adcp linear at epoch+300s
1739493000.Fri.Feb.14_00_30_00.GMT.2025.CACO04.c2.bright.jpg,c2,1739493000,2025-02-14T00:30:00+00:00,30.0,1.4544933933723359,8.565310492505352,1.000207439746732,0.0276373570261437,0.0,adcp linear at epoch+300s
1739494800.Fri.Feb.14_01_00_00.GMT.2025.CACO04.c2.bright.jpg,c2,1739494800,2025-02-14T01:00:00+00:00,0.0,1.3806101496250325,8.565310492505352,1.000003191380719,6.382761437908497e-05,0.0,adcp linear at epoch+300s
1739496600.Fri.Feb.14_01_30_00.GMT.2025.CACO04.c2.bright.jpg,c2,1739496600,2025-02-14T01:30:00+00:00,30.0,1.4564054506480169,8.565310492505352,1.0000829758986929,0.0054125816993464,0.0,adcp linear at epoch+300s
1739498400.Fri.Feb.14_02_00_00.GMT.2025.CACO04.c2.bright.jpg,c2,1739498400,2025-02-14T02:00:00+00:00,0.0,1.495362329942369,8.565310492505352,1.000079784517974,0.0031658496732026,0.0,adcp linear at epoch+300s
1739500200.Fri.Feb.14_02_30_00.GMT.2025.CACO04.c2.bright.jpg,c2,1739500200,2025-02-14T02:30:00+00:00,30.0,1.350127100593562,8.565310492505352,1.0009765625,0.0145143995098039,0.0,adcp linear at epoch+300s
1739502000.Fri.Feb.14_03_00_00.GMT.2025.CACO04.c2.bright.jpg,c2,1739502000,2025-02-14T03:00:00+00:00,0.0,1.2319852285108097,8.565310492505352,1.000070210375817,0.0058849060457516,0.0,adcp linear at epoch+300s
1739532600.Fri.Feb.14_11_30_00.GMT.2025.CACO04.c2.bright.jpg,c2,1739532600,2025-02-14T11:30:00+00:00,30.0,1.1756465778253624,6.768189509306261,148.08042917687908,56.81259478774725,0.0489216910234755,adcp linear at epoch+300s
1739534400.Fri.Feb.14_12_00_00.GMT.2025.CACO04.c2.bright.jpg,c2,1739534400,2025-02-14T12:00:00+00:00,0.0,1.2408223178553264,6.768189509306261,181.23673023897052,269.2203950525385,0.0840309906734229,adcp linear at epoch+300s
1739536200.Fri.Feb.14_12_30_00.GMT.2025.CACO04.c2.bright.jpg,c2,1739536200,2025-02-14T12:30:00+00:00,30.0,1.2719410024352027,7.142857142857142,163.50266799428104,322.53695680323204,0.0003059900614428,adcp linear at epoch+300s
1739538000.Fri.Feb.14_13_00_00.GMT.2025.CACO04.c2.bright.jpg,c2,1739538000,2025-02-14T13:00:00+00:00,0.0,1.3047476766120987,7.142857142857142,163.12903390522877,310.54973414529974,0.0005569019118259,adcp linear at epoch+300s
1739539800.Fri.Feb.14_13_30_00.GMT.2025.CACO04.c2.bright.jpg,c2,1739539800,2025-02-14T13:30:00+00:00,30.0,1.3459942987740938,6.768189509306261,164.66179981107027,273.4930678966936,0.0062850358620352,adcp linear at epoch+300s
1739541600.Fri.Feb.14_14_00_00.GMT.2025.CACO04.c2.bright.jpg,c2,1739541600,2025-02-14T14:00:00+00:00,0.0,1.3870997968395535,6.768189509306261,166.09847005208334,254.5836037661836,0.0408741524075298,adcp linear at epoch+300s
1739543400.Fri.Feb.14_14_30_00.GMT.2025.CACO04.c2.bright.jpg,c2,1739543400,2025-02-14T14:30:00+00:00,30.0,1.4274996744223363,6.768189509306261,168.095010595384,229.47003970197508,0.1063009473452302,adcp linear at epoch+300s
1739545200.Fri.Feb.14_15_00_00.GMT.2025.CACO04.c2.bright.jpg,c2,1739545200,2025-02-14T15:00:00+00:00,0.0,1.4485259673517341,6.768189509306261,167.99187474468954,223.0247444257696,0.1467467136667401,adcp linear at epoch+300s
1739547000.Fri.Feb.14_15_30_00.GMT.2025.CACO04.c2.bright.jpg,c2,1739547000,2025-02-14T15:30:00+00:00,30.0,1.3726843370142081,6.768189509306261,166.27303857741012,231.6640955328336,0.1307250740495948,adcp linear at epoch+300s
1739548800.Fri.Feb.14_16_00_00.GMT.2025.CACO04.c2.bright.jpg,c2,1739548800,2025-02-14T16:00:00+00:00,0.0,1.3069127821045896,6.768189509306261,165.99746285232845,235.9362606628472,0.1510734131355413,adcp linear at epoch+300s
1739550600.Fri.Feb.14_16_30_00.GMT.2025.CACO04.c2.bright.jpg,c2,1739550600,2025-02-14T16:30:00+00:00,30.0,1.2914916043345097,6.768189509306261,164.30185036254085,237.6250802440204,0.1613240801938753,adcp linear at epoch+300s
1739552400.Fri.Feb.14_17_00_00.GMT.2025.CACO04.c2.bright.jpg,c2,1739552400,2025-02-14T17:00:00+00:00,0.0,1.2665004602077727,6.768189509306261,164.36632263582516,198.70451936151852,0.148025752123571,adcp linear at epoch+300s
1739554200.Fri.Feb.14_17_30_00.GMT.2025.CACO04.c2.bright.jpg,c2,1739554200,2025-02-14T17:30:00+00:00,30.0,1.1936594842977508,6.430868167202571,159.7728726256127,217.6470137687428,0.1560120927272282,adcp linear at epoch+300s
1739556000.Fri.Feb.14_18_00_00.GMT.2025.CACO04.c2.bright.jpg,c2,1739556000,2025-02-14T18:00:00+00:00,0.0,1.1266885394644965,6.430868167202571,160.246479907067,226.74440836838187,0.1763971506205478,adcp linear at epoch+300s
1739557800.Fri.Feb.14_18_30_00.GMT.2025.CACO04.c2.bright.jpg,c2,1739557800,2025-02-14T18:30:00+00:00,30.0,1.0890677500150803,6.430868167202571,156.63093277675654,220.38346348886805,0.1547269344691684,adcp linear at epoch+300s
1739559600.Fri.Feb.14_19_00_00.GMT.2025.CACO04.c2.bright.jpg,c2,1739559600,2025-02-14T19:00:00+00:00,0.0,1.0597676159863147,6.430868167202571,151.9086148131127,240.41070157277028,0.1756688942743139,adcp linear at epoch+300s
1739561400.Fri.Feb.14_19_30_00.GMT.2025.CACO04.c2.bright.jpg,c2,1739561400,2025-02-14T19:30:00+00:00,30.0,1.0720707590608032,7.561436672967865,145.24973830678104,335.6707208946933,0.1813664292183789,adcp linear at epoch+300s
1739563200.Fri.Feb.14_20_00_00.GMT.2025.CACO04.c2.bright.jpg,c2,1739563200,2025-02-14T20:00:00+00:00,0.0,1.0715724644693296,7.561436672967865,136.45324946384804,357.8756179596808,0.1858216445129862,adcp linear at epoch+300s
1739565000.Fri.Feb.14_20_30_00.GMT.2025.CACO04.c2.bright.jpg,c2,1739565000,2025-02-14T20:30:00+00:00,30.0,1.0070669815480473,7.142857142857142,128.27743310866012,325.06287909635705,0.2171366674010428,adcp linear at epoch+300s
1739566800.Fri.Feb.14_21_00_00.GMT.2025.CACO04.c2.bright.jpg,c2,1739566800,2025-02-14T21:00:00+00:00,0.0,0.9500465772204463,7.142857142857142,128.65272033292484,352.2085044525063,0.2412548040439646,adcp linear at epoch+300s
1739568600.Fri.Feb.14_21_30_00.GMT.2025.CACO04.c2.bright.jpg,c2,1739568600,2025-02-14T21:30:00+00:00,30.0,0.9304515658612527,7.561436672967865,119.66933466094773,334.885458811502,0.0970049692785978,adcp linear at epoch+300s
1739570400.Fri.Feb.14_22_00_00.GMT.2025.CACO04.c2.bright.jpg,c2,1739570400,2025-02-14T22:00:00+00:00,0.0,0.9114961955911706,7.561436672967865,111.96974571078432,53.442685629853095,0.0133228072752197,adcp linear at epoch+300s
1739572200.Fri.Feb.14_22_30_00.GMT.2025.CACO04.c2.bright.jpg,c2,1739572200,2025-02-14T22:30:00+00:00,30.0,0.8957390307666471,7.142857142857142,7.623879825367647,1.9789049537297243,0.0,adcp linear at epoch+300s
1739574000.Fri.Feb.14_23_00_00.GMT.2025.CACO04.c2.bright.jpg,c2,1739574000,2025-02-14T23:00:00+00:00,0.0,0.8756270841414929,7.142857142857142,1.0001085069444444,0.0100081699346405,0.0,adcp linear at epoch+300s
1739575800.Fri.Feb.14_23_30_00.GMT.2025.CACO04.c2.bright.jpg,c2,1739575800,2025-02-14T23:30:00+00:00,30.0,0.8337412285131856,6.768189509306261,1.000127655228758,0.0097017973856209,0.0,adcp linear at epoch+300s
1739577600.Sat.Feb.15_00_00_00.GMT.2025.CACO04.c2.bright.jpg,c2,1739577600,2025-02-15T00:00:00+00:00,0.0,0.8045283160087694,6.768189509306261,1.000003191380719,6.382761437908497e-05,0.0,adcp linear at epoch+300s
1739579400.Sat.Feb.15_00_30_00.GMT.2025.CACO04.c2.bright.jpg,c2,1739579400,2025-02-15T00:30:00+00:00,30.0,0.8386801191238094,7.142857142857142,1.0,0.0,0.0,adcp linear at epoch+300s
1739581200.Sat.Feb.15_01_00_00.GMT.2025.CACO04.c2.bright.jpg,c2,1739581200,2025-02-15T01:00:00+00:00,0.0,0.8697983492929577,7.142857142857142,1.0,0.0,0.0,adcp linear at epoch+300s
1739583000.Sat.Feb.15_01_30_00.GMT.2025.CACO04.c2.bright.jpg,c2,1739583000,2025-02-15T01:30:00+00:00,30.0,0.8857487147326483,6.125574272588055,1.0000542534722223,0.002438214869281,0.0,adcp linear at epoch+300s
1739584800.Sat.Feb.15_02_00_00.GMT.2025.CACO04.c2.bright.jpg,c2,1739584800,2025-02-15T02:00:00+00:00,0.0,0.924354902201874,6.125574272588055,1.000015956903595,0.0004723243464052,0.0,adcp linear at epoch+300s
1739586600.Sat.Feb.15_02_30_00.GMT.2025.CACO04.c2.bright.jpg,c2,1739586600,2025-02-15T02:30:00+00:00,30.0,1.0762401998187752,7.142857142857142,1.000015956903595,0.0002680759803921,0.0,adcp linear at epoch+300s
1739588400.Sat.Feb.15_03_00_00.GMT.2025.CACO04.c2.bright.jpg,c2,1739588400,2025-02-15T03:00:00+00:00,0.0,1.2003891706801533,7.142857142857142,1.0000414879493464,0.0030509599673202,0.0,adcp linear at epoch+300s
1739619000.Sat.Feb.15_11_30_00.GMT.2025.CACO04.c2.bright.jpg,c2,1739619000,2025-02-15T11:30:00+00:00,30.0,0.724651626060343,6.125574272588055,120.06261169832516,72.71410620738604,0.0,adcp linear at epoch+300s
1739620800.Sat.Feb.15_12_00_00.GMT.2025.CACO04.c2.bright.jpg,c2,1739620800,2025-02-15T12:00:00+00:00,0.0,0.7244404902723497,6.125574272588055,199.80615872651143,322.25301113012137,0.1257496756505348,adcp linear at epoch+300s
1739622600.Sat.Feb.15_12_30_00.GMT.2025.CACO04.c2.bright.jpg,c2,1739622600,2025-02-15T12:30:00+00:00,30.0,0.7311709464011411,5.594405594405594,168.42118885314542,391.0998087500899,0.0006915375388607,adcp linear at epoch+300s
1739624400.Sat.Feb.15_13_00_00.GMT.2025.CACO04.c2.bright.jpg,c2,1739624400,2025-02-15T13:00:00+00:00,0.0,0.7270301352910072,5.594405594405594,175.90083422691993,162.40289723675042,0.0283102004846882,adcp linear at epoch+300s
1739626200.Sat.Feb.15_13_30_00.GMT.2025.CACO04.c2.bright.jpg,c2,1739626200,2025-02-15T13:30:00+00:00,30.0,0.668532987986247,5.361930294906166,148.60743144914215,89.42362981875544,0.0,adcp linear at epoch+300s
1739628000.Sat.Feb.15_14_00_00.GMT.2025.CACO04.c2.bright.jpg,c2,1739628000,2025-02-15T14:00:00+00:00,0.0,0.625382373149468,5.361930294906166,162.57045611213235,124.2847745328616,0.0061748794399157,adcp linear at epoch+300s
1739629800.Sat.Feb.15_14_30_00.GMT.2025.CACO04.c2.bright.jpg,c2,1739629800,2025-02-15T14:30:00+00:00,30.0,0.6589644206525949,5.847953216374269,177.21806704452615,237.08752677409987,0.0383833933073853,adcp linear at epoch+300s
1739631600.Sat.Feb.15_15_00_00.GMT.2025.CACO04.c2.bright.jpg,c2,1739631600,2025-02-15T15:00:00+00:00,0.0,0.6845079576930719,5.847953216374269,181.76540798611111,240.5844066547276,0.120810996058848,adcp linear at epoch+300s
1739633400.Sat.Feb.15_15_30_00.GMT.2025.CACO04.c2.bright.jpg,c2,1739633400,2025-02-15T15:30:00+00:00,30.0,0.6698589424203006,5.594405594405594,161.94647097120097,153.34604470930165,0.0209052409977723,adcp linear at epoch+300s
1739635200.Sat.Feb.15_16_00_00.GMT.2025.CACO04.c2.bright.jpg,c2,1739635200,2025-02-15T16:00:00+00:00,0.0,0.6469877663937147,5.594405594405594,162.90859566482845,177.8096266323582,0.0829355462534576,adcp linear at epoch+300s
1739637000.Sat.Feb.15_16_30_00.GMT.2025.CACO04.c2.bright.jpg,c2,1739637000,2025-02-15T16:30:00+00:00,30.0,0.5830057865980562,5.594405594405594,153.73065704146242,128.4601136660239,0.0221169616410858,adcp linear at epoch+300s
1739638800.Sat.Feb.15_17_00_00.GMT.2025.CACO04.c2.bright.jpg,c2,1739638800,2025-02-15T17:00:00+00:00,0.0,0.5382127704525542,5.594405594405594,150.55089613970588,111.48995196844258,0.003653521333627,adcp linear at epoch+300s
1739640600.Sat.Feb.15_17_30_00.GMT.2025.CACO04.c2.bright.jpg,c2,1739640600,2025-02-15T17:30:00+00:00,30.0,0.589364572557835,4.767580452920143,143.7907475490196,75.66180929900733,0.0,adcp linear at epoch+300s
1739642400.Sat.Feb.15_18_00_00.GMT.2025.CACO04.c2.bright.jpg,c2,1739642400,2025-02-15T18:00:00+00:00,0.0,0.6112850233344244,4.767580452920143,153.6628497753268,102.82036630268804,0.0155442951212944,adcp linear at epoch+300s
1739644200.Sat.Feb.15_18_30_00.GMT.2025.CACO04.c2.bright.jpg,c2,1739644200,2025-02-15T18:30:00+00:00,30.0,0.48704871746755607,5.361930294906166,146.42104204963235,97.38703327967472,3.0599006144280434e-05,adcp linear at epoch+300s
1739646000.Sat.Feb.15_19_00_00.GMT.2025.CACO04.c2.bright.jpg,c2,1739646000,2025-02-15T19:00:00+00:00,0.0,0.38156979009665365,5.361930294906166,142.4091030943627,88.25078277200049,0.0,adcp linear at epoch+300s
1739647800.Sat.Feb.15_19_30_00.GMT.2025.CACO04.c2.bright.jpg,c2,1739647800,2025-02-15T19:30:00+00:00,30.0,0.36987775520558097,5.361930294906166,146.43773935355392,97.46254434030084,0.0,adcp linear at epoch+300s
1739649600.Sat.Feb.15_20_00_00.GMT.2025.CACO04.c2.bright.jpg,c2,1739649600,2025-02-15T20:00:00+00:00,0.0,0.35962761726021375,5.361930294906166,131.77828520731208,64.79912460432381,0.0,adcp linear at epoch+300s
1739651400.Sat.Feb.15_20_30_00.GMT.2025.CACO04.c2.bright.jpg,c2,1739651400,2025-02-15T20:30:00+00:00,30.0,0.3565869640433735,5.594405594405594,132.48091554330065,68.64067234589251,5.507821105970478e-05,adcp linear at epoch+300s
1739653200.Sat.Feb.15_21_00_00.GMT.2025.CACO04.c2.bright.jpg,c2,1739653200,2025-02-15T21:00:00+00:00,0.0,0.3585480353441015,5.594405594405594,140.88457733353758,92.46784167049572,7.343761474627305e-05,adcp linear at epoch+300s
1739655000.Sat.Feb.15_21_30_00.GMT.2025.CACO04.c2.bright.jpg,c2,1739655000,2025-02-15T21:30:00+00:00,30.0,0.38551772923267086,4.439511653718091,141.30073337928923,92.85158798395072,0.0,adcp linear at epoch+300s
1739656800.Sat.Feb.15_22_00_00.GMT.2025.CACO04.c2.bright.jpg,c2,1739656800,2025-02-15T22:00:00+00:00,0.0,0.40621016331807663,4.439511653718091,34.029309640522875,6.592317034603517,0.0,adcp linear at epoch+300s
1739658600.Sat.Feb.15_22_30_00.GMT.2025.CACO04.c2.bright.jpg,c2,1739658600,2025-02-15T22:30:00+00:00,30.0,0.3955162983876644,4.153686396677051,1.9358851613562087,0.5564427590287679,0.0,adcp linear at epoch+300s
1739660400.Sat.Feb.15_23_00_00.GMT.2025.CACO04.c2.bright.jpg,c2,1739660400,2025-02-15T23:00:00+00:00,0.0,0.37998812226407247,4.153686396677051,1.0022946027369282,0.0297564338235294,0.0,adcp linear at epoch+300s
1739662200.Sat.Feb.15_23_30_00.GMT.2025.CACO04.c2.bright.jpg,c2,1739662200,2025-02-15T23:30:00+00:00,30.0,0.34028839017458246,5.594405594405594,1.0000063827614378,0.0002553104575163,0.0,adcp linear at epoch+300s
1739664000.Sun.Feb.16_00_00_00.GMT.2025.CACO04.c2.bright.jpg,c2,1739664000,2025-02-16T00:00:00+00:00,0.0,0.3068812613765671,5.594405594405594,1.0000414879493464,0.001391441993464,0.0,adcp linear at epoch+300s
1739665800.Sun.Feb.16_00_30_00.GMT.2025.CACO04.c2.bright.jpg,c2,1739665800,2025-02-16T00:30:00+00:00,30.0,0.3049371490359256,5.361930294906166,1.0000319138071896,0.0011999591503267,0.0,adcp linear at epoch+300s
1739667600.Sun.Feb.16_01_00_00.GMT.2025.CACO04.c2.bright.jpg,c2,1739667600,2025-02-16T01:00:00+00:00,0.0,0.30243555190321864,5.361930294906166,1.0000478707107845,0.0024892769607843,0.0,adcp linear at epoch+300s
1739669400.Sun.Feb.16_01_30_00.GMT.2025.CACO04.c2.bright.jpg,c2,1739669400,2025-02-16T01:30:00+00:00,30.0,0.2971465308101849,7.142857142857142,1.000194674223856,0.0094975490196078,0.0,adcp linear at epoch+300s
1739671200.Sun.Feb.16_02_00_00.GMT.2025.CACO04.c2.bright.jpg,c2,1739671200,2025-02-16T02:00:00+00:00,0.0,0.2913099991568461,7.142857142857142,1.0010403901143792,0.0073082618464052,0.0,adcp linear at epoch+300s
1739673000.Sun.Feb.16_02_30_00.GMT.2025.CACO04.c2.bright.jpg,c2,1739673000,2025-02-16T02:30:00+00:00,30.0,0.2827359147019824,6.768189509306261,1.0000255310457515,0.0006638071895424,0.0,adcp linear at epoch+300s
1739674800.Sun.Feb.16_03_00_00.GMT.2025.CACO04.c2.bright.jpg,c2,1739674800,2025-02-16T03:00:00+00:00,0.0,0.29051259247620986,6.768189509306261,1.0,0.0,0.0,adcp linear at epoch+300s
1739705400.Sun.Feb.16_11_30_00.GMT.2025.CACO04.c2.bright.jpg,c2,1739705400,2025-02-16T11:30:00+00:00,30.0,1.7864284617815576,6.125574272588055,29.950511259191178,2.6219586129424624,0.0,adcp linear at epoch+300s
1739707200.Sun.Feb.16_12_00_00.GMT.2025.CACO04.c2.bright.jpg,c2,1739707200,2025-02-16T12:00:00+00:00,0.0,1.8445763531300845,6.125574272588055,186.5814089307598,15.868348895288902,0.0068725367800053,adcp linear at epoch+300s
1739709000.Sun.Feb.16_12_30_00.GMT.2025.CACO04.c2.bright.jpg,c2,1739709000,2025-02-16T12:30:00+00:00,30.0,2.2361616692934376,5.847953216374269,151.5811759599673,10.924520581030034,0.0,adcp linear at epoch+300s
1739710800.Sun.Feb.16_13_00_00.GMT.2025.CACO04.c2.bright.jpg,c2,1739710800,2025-02-16T13:00:00+00:00,0.0,2.5805904003436133,5.847953216374269,156.44523909824346,11.99037125579234,0.0,adcp linear at epoch+300s
1739712600.Sun.Feb.16_13_30_00.GMT.2025.CACO04.c2.bright.jpg,c2,1739712600,2025-02-16T13:30:00+00:00,30.0,2.6892362058279033,6.430868167202571,184.05107166564545,13.762414004568557,0.0,adcp linear at epoch+300s
1739714400.Sun.Feb.16_14_00_00.GMT.2025.CACO04.c2.bright.jpg,c2,1739714400,2025-02-16T14:00:00+00:00,0.0,2.7850726524676364,6.430868167202571,152.78705193014707,11.341330157569262,0.0,adcp linear at epoch+300s
1739716200.Sun.Feb.16_14_30_00.GMT.2025.CACO04.c2.bright.jpg,c2,1739716200,2025-02-16T14:30:00+00:00,30.0,2.8168623048845816,6.768189509306261,157.35340392667484,8.268934361983247,0.0,adcp linear at epoch+300s
1739718000.Sun.Feb.16_15_00_00.GMT.2025.CACO04.c2.bright.jpg,c2,1739718000,2025-02-16T15:00:00+00:00,0.0,2.8695546023143206,6.768189509306261,150.7678302440768,9.36459600499207,0.0,adcp linear at epoch+300s
1739719800.Sun.Feb.16_15_30_00.GMT.2025.CACO04.c2.bright.jpg,c2,1739719800,2025-02-16T15:30:00+00:00,30.0,3.02676012480803,7.142857142857142,150.42499617034315,9.662524248626951,0.0,adcp linear at epoch+300s
1739721600.Sun.Feb.16_16_00_00.GMT.2025.CACO04.c2.bright.jpg,c2,1739721600,2025-02-16T16:00:00+00:00,0.0,3.1104662628372353,7.142857142857142,146.23678130106208,11.677281143165336,0.0,adcp linear at epoch+300s
1739723400.Sun.Feb.16_16_30_00.GMT.2025.CACO04.c2.bright.jpg,c2,1739723400,2025-02-16T16:30:00+00:00,30.0,2.82667547854392,7.142857142857142,194.99608736723857,21.11601269643887,0.04435019950552,adcp linear at epoch+300s
1739725200.Sun.Feb.16_17_00_00.GMT.2025.CACO04.c2.bright.jpg,c2,1739725200,2025-02-16T17:00:00+00:00,0.0,2.5768050317426265,7.142857142857142,193.08519071691177,11.183181642177264,0.0538114122053315,adcp linear at epoch+300s
1739727000.Sun.Feb.16_17_30_00.GMT.2025.CACO04.c2.bright.jpg,c2,1739727000,2025-02-16T17:30:00+00:00,30.0,2.496536272401441,7.561436672967865,138.57404003267973,22.19644124458303,0.0,adcp linear at epoch+300s
1739728800.Sun.Feb.16_18_00_00.GMT.2025.CACO04.c2.bright.jpg,c2,1739728800,2025-02-16T18:00:00+00:00,0.0,2.435947111412036,7.561436672967865,210.2356292126225,27.39155348351797,0.4649335389586546,adcp linear at epoch+300s
1739730600.Sun.Feb.16_18_30_00.GMT.2025.CACO04.c2.bright.jpg,c2,1739730600,2025-02-16T18:30:00+00:00,30.0,2.473755942181538,8.032128514056225,162.94073925142973,35.79380155613913,0.0,adcp linear at epoch+300s
1739732400.Sun.Feb.16_19_00_00.GMT.2025.CACO04.c2.bright.jpg,c2,1739732400,2025-02-16T19:00:00+00:00,0.0,2.486237504871159,8.032128514056225,162.37768714256535,28.229804144313444,0.0,adcp linear at epoch+300s
1739734200.Sun.Feb.16_19_30_00.GMT.2025.CACO04.c2.bright.jpg,c2,1739734200,2025-02-16T19:30:00+00:00,30.0,2.3720827271613802,7.561436672967865,149.7752374387255,21.719700615869144,0.0,adcp linear at epoch+300s
1739736000.Sun.Feb.16_20_00_00.GMT.2025.CACO04.c2.bright.jpg,c2,1739736000,2025-02-16T20:00:00+00:00,0.0,2.2489294310003083,7.561436672967865,157.838969311683,66.08906801837009,0.0,adcp linear at epoch+300s
1739737800.Sun.Feb.16_20_30_00.GMT.2025.CACO04.c2.bright.jpg,c2,1739737800,2025-02-16T20:30:00+00:00,30.0,2.0807835425827728,7.561436672967865,130.03300525939542,60.93885298882165,0.0,adcp linear at epoch+300s
1739739600.Sun.Feb.16_21_00_00.GMT.2025.CACO04.c2.bright.jpg,c2,1739739600,2025-02-16T21:00:00+00:00,0.0,1.9606028839901692,7.561436672967865,211.3471488204657,98.23520527001482,0.6010195588847275,adcp linear at epoch+300s
1739741400.Sun.Feb.16_21_30_00.GMT.2025.CACO04.c2.bright.jpg,c2,1739741400,2025-02-16T21:30:00+00:00,30.0,2.0802483745222276,8.032128514056225,140.62766799428104,19.713318118424123,0.0,adcp linear at epoch+300s
1739743200.Sun.Feb.16_22_00_00.GMT.2025.CACO04.c2.bright.jpg,c2,1739743200,2025-02-16T22:00:00+00:00,0.0,2.163121022910193,8.032128514056225,55.923556857638886,7.083266289884265,0.0,adcp linear at epoch+300s
1739745000.Sun.Feb.16_22_30_00.GMT.2025.CACO04.c2.bright.jpg,c2,1739745000,2025-02-16T22:30:00+00:00,30.0,2.0621294605776925,8.032128514056225,2.602456086601307,0.633805017682345,0.0,adcp linear at epoch+300s
1739746800.Sun.Feb.16_23_00_00.GMT.2025.CACO04.c2.bright.jpg,c2,1739746800,2025-02-16T23:00:00+00:00,0.0,1.9491269628786365,8.032128514056225,1.0000255310457515,0.0005361519607843,0.0,adcp linear at epoch+300s
1739748600.Sun.Feb.16_23_30_00.GMT.2025.CACO04.c2.bright.jpg,c2,1739748600,2025-02-16T23:30:00+00:00,30.0,1.7760697883468022,7.142857142857142,1.000015956903595,0.0003191380718954,0.0,adcp linear at epoch+300s
1739750400.Mon.Feb.17_00_00_00.GMT.2025.CACO04.c2.bright.jpg,c2,1739750400,2025-02-17T00:00:00+00:00,0.0,1.6251449595715857,7.142857142857142,1.000015956903595,0.0003191380718954,0.0,adcp linear at epoch+300s
1739752200.Mon.Feb.17_00_30_00.GMT.2025.CACO04.c2.bright.jpg,c2,1739752200,2025-02-17T00:30:00+00:00,30.0,1.5848818595794596,7.561436672967865,1.000015956903595,0.0003191380718954,0.0,adcp linear at epoch+300s
1739754000.Mon.Feb.17_01_00_00.GMT.2025.CACO04.c2.bright.jpg,c2,1739754000,2025-02-17T01:00:00+00:00,0.0,1.5458430033112107,7.561436672967865,1.0000829758986929,0.008782679738562,0.0,adcp linear at epoch+300s
1739755800.Mon.Feb.17_01_30_00.GMT.2025.CACO04.c2.bright.jpg,c2,1739755800,2025-02-17T01:30:00+00:00,30.0,1.5129253656623476,8.032128514056225,1.000067018995098,0.0037785947712418,0.0,adcp linear at epoch+300s
1739757600.Mon.Feb.17_02_00_00.GMT.2025.CACO04.c2.bright.jpg,c2,1739757600,2025-02-17T02:00:00+00:00,0.0,1.4661546207339498,8.032128514056225,1.0000414879493464,0.0010786866830065,0.0,adcp linear at epoch+300s
1739759400.Mon.Feb.17_02_30_00.GMT.2025.CACO04.c2.bright.jpg,c2,1739759400,2025-02-17T02:30:00+00:00,30.0,1.350118339407877,8.032128514056225,1.000015956903595,0.0002680759803921,0.0,adcp linear at epoch+300s
1739761200.Mon.Feb.17_03_00_00.GMT.2025.CACO04.c2.bright.jpg,c2,1739761200,2025-02-17T03:00:00+00:00,0.0,1.2471811799101185,8.032128514056225,1.0000191482843137,0.0003319035947712,0.0,adcp linear at epoch+300s
1739791800.Mon.Feb.17_11_30_00.GMT.2025.CACO04.c2.bright.jpg,c2,1739791800,2025-02-17T11:30:00+00:00,30.0,1.064872808383345,12.82051282051282,96.2753236060049,29.811752809515337,0.0,adcp linear at epoch+300s
1739793600.Mon.Feb.17_12_00_00.GMT.2025.CACO04.c2.bright.jpg,c2,1739793600,2025-02-17T12:00:00+00:00,0.0,1.0921161300854685,12.82051282051282,241.8675257863562,93.64524928417082,0.6829698171403393,adcp linear at epoch+300s
1739795400.Mon.Feb.17_12_30_00.GMT.2025.CACO04.c2.bright.jpg,c2,1739795400,2025-02-17T12:30:00+00:00,30.0,1.1461814936380421,12.82051282051282,244.1234138837827,146.1577926564692,0.7216530807079387,adcp linear at epoch+300s
1739797200.Mon.Feb.17_13_00_00.GMT.2025.CACO04.c2.bright.jpg,c2,1739797200,2025-02-17T13:00:00+00:00,0.0,1.1842417300619892,12.82051282051282,178.22003293504903,228.304310256268,0.0120988470294484,adcp linear at epoch+300s
1739799000.Mon.Feb.17_13_30_00.GMT.2025.CACO04.c2.bright.jpg,c2,1739799000,2025-02-17T13:30:00+00:00,30.0,1.1422763308428032,12.82051282051282,187.11274509803923,182.10753916947536,0.0398399059998531,adcp linear at epoch+300s
1739800800.Mon.Feb.17_14_00_00.GMT.2025.CACO04.c2.bright.jpg,c2,1739800800,2025-02-17T14:00:00+00:00,0.0,1.0897920962840495,12.82051282051282,227.6472279667075,124.83152676398642,0.2324116912682676,adcp linear at epoch+300s
1739802600.Mon.Feb.17_14_30_00.GMT.2025.CACO04.c2.bright.jpg,c2,1739802600,2025-02-17T14:30:00+00:00,30.0,0.9847136850274554,11.661807580174926,175.98065065870097,163.51611642553573,0.0097243641526523,adcp linear at epoch+300s
1739804400.Mon.Feb.17_15_00_00.GMT.2025.CACO04.c2.bright.jpg,c2,1739804400,2025-02-17T15:00:00+00:00,0.0,0.9057827104251326,11.661807580174926,180.37588720383988,145.45919819725356,0.0482729920932168,adcp linear at epoch+300s
1739806200.Mon.Feb.17_15_30_00.GMT.2025.CACO04.c2.bright.jpg,c2,1739806200,2025-02-17T15:30:00+00:00,30.0,0.9575889190941668,11.661807580174926,183.4764922896242,124.84183197968883,0.0880272208758659,adcp linear at epoch+300s
1739808000.Mon.Feb.17_16_00_00.GMT.2025.CACO04.c2.bright.jpg,c2,1739808000,2025-02-17T16:00:00+00:00,0.0,1.0110109203115483,11.661807580174926,239.3638365502451,78.85462085078035,0.5536461775721525,adcp linear at epoch+300s
1739809800.Mon.Feb.17_16_30_00.GMT.2025.CACO04.c2.bright.jpg,c2,1739809800,2025-02-17T16:30:00+00:00,30.0,1.0725118842706671,11.661807580174926,206.2361653645833,102.86941042939031,0.2475643191109152,adcp linear at epoch+300s
1739811600.Mon.Feb.17_17_00_00.GMT.2025.CACO04.c2.bright.jpg,c2,1739811600,2025-02-17T17:00:00+00:00,0.0,1.1197214356107486,11.661807580174926,206.90614468443627,102.33255143258066,0.2574477980955179,adcp linear at epoch+300s
1739813400.Mon.Feb.17_17_30_00.GMT.2025.CACO04.c2.bright.jpg,c2,1739813400,2025-02-17T17:30:00+00:00,30.0,1.0954739238556421,11.661807580174926,187.65961052389707,148.9611884486167,0.2525458373112041,adcp linear at epoch+300s
1739815200.Mon.Feb.17_18_00_00.GMT.2025.CACO04.c2.bright.jpg,c2,1739815200,2025-02-17T18:00:00+00:00,0.0,1.0670587367258992,11.661807580174926,179.8426234426062,122.37179885397832,0.2250985287997846,adcp linear at epoch+300s
1739817000.Mon.Feb.17_18_30_00.GMT.2025.CACO04.c2.bright.jpg,c2,1739817000,2025-02-17T18:30:00+00:00,30.0,1.0178051727229733,12.82051282051282,178.8526571435866,153.46232461812198,0.2208942253555604,adcp linear at epoch+300s
1739818800.Mon.Feb.17_19_00_00.GMT.2025.CACO04.c2.bright.jpg,c2,1739818800,2025-02-17T19:00:00+00:00,0.0,0.9814421749858717,12.82051282051282,167.38849315767973,188.16626120942777,0.2052948520232063,adcp linear at epoch+300s
1739820600.Mon.Feb.17_19_30_00.GMT.2025.CACO04.c2.bright.jpg,c2,1739820600,2025-02-17T19:30:00+00:00,30.0,1.009532008577892,11.661807580174926,170.71714473549838,217.53054801878665,0.250764975153607,adcp linear at epoch+300s
1739822400.Mon.Feb.17_20_00_00.GMT.2025.CACO04.c2.bright.jpg,c2,1739822400,2025-02-17T20:00:00+00:00,0.0,1.0435862150740098,11.661807580174926,152.8613983353758,251.21259353913425,0.2069716775599128,adcp linear at epoch+300s
1739824200.Mon.Feb.17_20_30_00.GMT.2025.CACO04.c2.bright.jpg,c2,1739824200,2025-02-17T20:30:00+00:00,30.0,1.107462286090615,12.82051282051282,147.7661643433415,236.76063888594123,0.2424787642897358,adcp linear at epoch+300s
1739826000.Mon.Feb.17_21_00_00.GMT.2025.CACO04.c2.bright.jpg,c2,1739826000,2025-02-17T21:00:00+00:00,0.0,1.1518145997766251,12.82051282051282,140.23197508169935,247.12712462977385,0.2129446035592763,adcp linear at epoch+300s
1739827800.Mon.Feb.17_21_30_00.GMT.2025.CACO04.c2.bright.jpg,c2,1739827800,2025-02-17T21:30:00+00:00,30.0,1.0985481268096602,11.661807580174926,138.5441782832925,250.3954282157103,0.0401091772539227,adcp linear at epoch+300s
1739829600.Mon.Feb.17_22_00_00.GMT.2025.CACO04.c2.bright.jpg,c2,1739829600,2025-02-17T22:00:00+00:00,0.0,1.0555503231676004,11.661807580174926,131.78735191993465,154.32792852655052,0.0024295610878558,adcp linear at epoch+300s
1739831400.Mon.Feb.17_22_30_00.GMT.2025.CACO04.c2.bright.jpg,c2,1739831400,2025-02-17T22:30:00+00:00,30.0,1.063895866150067,11.661807580174926,13.489701414419937,2.329915318863269,0.0,adcp linear at epoch+300s
1739833200.Mon.Feb.17_23_00_00.GMT.2025.CACO04.c2.bright.jpg,c2,1739833200,2025-02-17T23:00:00+00:00,0.0,1.070123289022052,11.661807580174926,1.0000095741421569,0.0005744485294117,0.0,adcp linear at epoch+300s
1739835000.Mon.Feb.17_23_30_00.GMT.2025.CACO04.c2.bright.jpg,c2,1739835000,2025-02-17T23:30:00+00:00,30.0,1.0657601113416282,12.82051282051282,1.000015956903595,0.0004723243464052,0.0,adcp linear at epoch+300s
1739836800.Tue.Feb.18_00_00_00.GMT.2025.CACO04.c2.bright.jpg,c2,1739836800,2025-02-18T00:00:00+00:00,0.0,1.0613410978534976,12.82051282051282,1.0000095741421569,0.0005744485294117,0.0,adcp linear at epoch+300s
1739838600.Tue.Feb.18_00_30_00.GMT.2025.CACO04.c2.bright.jpg,c2,1739838600,2025-02-18T00:30:00+00:00,30.0,1.0566429053268331,12.82051282051282,1.0000351051879084,0.0015190972222222,0.0,adcp linear at epoch+300s
1739840400.Tue.Feb.18_01_00_00.GMT.2025.CACO04.c2.bright.jpg,c2,1739840400,2025-02-18T01:00:00+00:00,0.0,1.0479051884970843,12.82051282051282,1.000003191380719,6.382761437908497e-05,0.0,adcp linear at epoch+300s
1739842200.Tue.Feb.18_01_30_00.GMT.2025.CACO04.c2.bright.jpg,c2,1739842200,2025-02-18T01:30:00+00:00,30.0,1.0189698501519127,11.661807580174926,1.0000223396650327,0.0005361519607843,0.0,adcp linear at epoch+300s
1739844000.Tue.Feb.18_02_00_00.GMT.2025.CACO04.c2.bright.jpg,c2,1739844000,2025-02-18T02:00:00+00:00,0.0,1.0073376200208637,11.661807580174926,1.0,0.0,0.0,adcp linear at epoch+300s
1739845800.Tue.Feb.18_02_30_00.GMT.2025.CACO04.c2.bright.jpg,c2,1739845800,2025-02-18T02:30:00+00:00,30.0,1.0822209309604283,5.148005148005149,1.0,0.0,0.0,adcp linear at epoch+300s
1739847600.Tue.Feb.18_03_00_00.GMT.2025.CACO04.c2.bright.jpg,c2,1739847600,2025-02-18T03:00:00+00:00,0.0,1.146465017657226,5.148005148005149,1.000015956903595,0.0005361519607843,0.0,adcp linear at epoch+300s
1739878200.Tue.Feb.18_11_30_00.GMT.2025.CACO04.c2.bright.jpg,c2,1739878200,2025-02-18T11:30:00+00:00,30.0,0.9644296107221476,6.430868167202571,180.19820069955065,85.51909320545633,0.0930944162933588,adcp linear at epoch+300s
1739880000.Tue.Feb.18_12_00_00.GMT.2025.CACO04.c2.bright.jpg,c2,1739880000,2025-02-18T12:00:00+00:00,0.0,0.950084412450777,6.430868167202571,197.14054521548204,306.9558387749564,0.058597096766297,adcp linear at epoch+300s
1739881800.Tue.Feb.18_12_30_00.GMT.2025.CACO04.c2.bright.jpg,c2,1739881800,2025-02-18T12:30:00+00:00,30.0,0.9697402541563321,6.768189509306261,172.25929968341504,295.6525508836698,0.0004283860860199,adcp linear at epoch+300s
1739883600.Tue.Feb.18_13_00_00.GMT.2025.CACO04.c2.bright.jpg,c2,1739883600,2025-02-18T13:00:00+00:00,0.0,0.993106202749752,6.768189509306261,169.2502648845997,251.13135868133452,0.0001835940368656,adcp linear at epoch+300s
1739885400.Tue.Feb.18_13_30_00.GMT.2025.CACO04.c2.bright.jpg,c2,1739885400,2025-02-18T13:30:00+00:00,30.0,1.0350226857824953,4.950495049504951,165.40282883986927,231.8511470141376,6.119801228856087e-06,adcp linear at epoch+300s
1739887200.Tue.Feb.18_14_00_00.GMT.2025.CACO04.c2.bright.jpg,c2,1739887200,2025-02-18T14:00:00+00:00,0.0,1.066152444389818,4.950495049504951,167.01113472732845,224.7246195786511,3.0599006144280434e-05,adcp linear at epoch+300s
1739889000.Tue.Feb.18_14_30_00.GMT.2025.CACO04.c2.bright.jpg,c2,1739889000,2025-02-18T14:30:00+00:00,30.0,1.0433485808700373,4.291845493562232,167.0432240604575,199.52363403940697,0.0011382830285672,adcp linear at epoch+300s
1739890800.Tue.Feb.18_15_00_00.GMT.2025.CACO04.c2.bright.jpg,c2,1739890800,2025-02-18T15:00:00+00:00,0.0,1.0250164388990373,4.291845493562232,166.42853541156046,192.6006235612127,0.0009240899855572,adcp linear at epoch+300s
1739892600.Tue.Feb.18_15_30_00.GMT.2025.CACO04.c2.bright.jpg,c2,1739892600,2025-02-18T15:30:00+00:00,30.0,1.0290429046719411,5.361930294906166,165.7391876021242,176.85775930915418,0.0016462265305622,adcp linear at epoch+300s
1739894400.Tue.Feb.18_16_00_00.GMT.2025.CACO04.c2.bright.jpg,c2,1739894400,2025-02-18T16:00:00+00:00,0.0,1.029637573222678,5.361930294906166,164.98445478451796,157.27079509753804,0.0070010526058113,adcp linear at epoch+300s
1739896200.Tue.Feb.18_16_30_00.GMT.2025.CACO04.c2.bright.jpg,c2,1739896200,2025-02-18T16:30:00+00:00,30.0,1.013073255662579,6.768189509306261,167.83836933210785,156.78145583814913,0.0337935423857433,adcp linear at epoch+300s
1739898000.Tue.Feb.18_17_00_00.GMT.2025.CACO04.c2.bright.jpg,c2,1739898000,2025-02-18T17:00:00+00:00,0.0,0.9978889380750426,6.768189509306261,165.57047206903596,161.06807863272832,0.0526302905681623,adcp linear at epoch+300s
1739899800.Tue.Feb.18_17_30_00.GMT.2025.CACO04.c2.bright.jpg,c2,1739899800,2025-02-18T17:30:00+00:00,30.0,0.9896046203503187,6.125574272588055,165.2140873927696,158.3035321947175,0.0890553474823137,adcp linear at epoch+300s
1739901600.Tue.Feb.18_18_00_00.GMT.2025.CACO04.c2.bright.jpg,c2,1739901600,2025-02-18T18:00:00+00:00,0.0,0.979241956167661,6.125574272588055,174.92029526654412,154.59258045022332,0.1235159482020024,adcp linear at epoch+300s
1739903400.Tue.Feb.18_18_30_00.GMT.2025.CACO04.c2.bright.jpg,c2,1739903400,2025-02-18T18:30:00+00:00,30.0,0.958487559695335,6.430868167202571,157.73519199346404,158.23625272446483,0.102947296271817,adcp linear at epoch+300s
1739905200.Tue.Feb.18_19_00_00.GMT.2025.CACO04.c2.bright.jpg,c2,1739905200,2025-02-18T19:00:00+00:00,0.0,0.9367622774920907,6.430868167202571,151.98788551879085,178.77174513931436,0.0986756750140755,adcp linear at epoch+300s
1739907000.Tue.Feb.18_19_30_00.GMT.2025.CACO04.c2.bright.jpg,c2,1739907000,2025-02-18T19:30:00+00:00,30.0,0.9101825666342555,6.430868167202571,143.75374348958334,207.8418714239849,0.093253531125309,adcp linear at epoch+300s
1739908800.Tue.Feb.18_20_00_00.GMT.2025.CACO04.c2.bright.jpg,c2,1739908800,2025-02-18T20:00:00+00:00,0.0,0.8853984190181559,6.430868167202571,140.2332484426062,225.96352496076472,0.1201072189175295,adcp linear at epoch+300s
1739910600.Tue.Feb.18_20_30_00.GMT.2025.CACO04.c2.bright.jpg,c2,1739910600,2025-02-18T20:30:00+00:00,30.0,0.869592087610735,6.430868167202571,152.86718111723857,272.04338366465186,0.1839122665295831,adcp linear at epoch+300s
1739912400.Tue.Feb.18_21_00_00.GMT.2025.CACO04.c2.bright.jpg,c2,1739912400,2025-02-18T21:00:00+00:00,0.0,0.8517685485152241,6.430868167202571,139.48783126531862,316.83776925988053,0.1681966169738807,adcp linear at epoch+300s
1739914200.Tue.Feb.18_21_30_00.GMT.2025.CACO04.c2.bright.jpg,c2,1739914200,2025-02-18T21:30:00+00:00,30.0,0.8238589709792639,6.430868167202571,131.24412466809642,254.4426360051479,0.0371594330616141,adcp linear at epoch+300s
1739916000.Tue.Feb.18_22_00_00.GMT.2025.CACO04.c2.bright.jpg,c2,1739916000,2025-02-18T22:00:00+00:00,0.0,0.8022638950773766,6.430868167202571,136.4003236060049,205.6614251952184,0.0,adcp linear at epoch+300s
1739917800.Tue.Feb.18_22_30_00.GMT.2025.CACO04.c2.bright.jpg,c2,1739917800,2025-02-18T22:30:00+00:00,30.0,0.8122413273458544,6.430868167202571,16.656473396650327,2.841404132685354,0.0,adcp linear at epoch+300s
1739919600.Tue.Feb.18_23_00_00.GMT.2025.CACO04.c2.bright.jpg,c2,1739919600,2025-02-18T23:00:00+00:00,0.0,0.8297530780191265,6.430868167202571,1.0000287224264706,0.0026679942810457,0.0,adcp linear at epoch+300s
1739921400.Tue.Feb.18_23_30_00.GMT.2025.CACO04.c2.bright.jpg,c2,1739921400,2025-02-18T23:30:00+00:00,30.0,0.8849364207163691,6.125574272588055,1.0000255310457515,0.0016595179738562,0.0,adcp linear at epoch+300s
1739923200.Wed.Feb.19_00_00_00.GMT.2025.CACO04.c2.bright.jpg,c2,1739923200,2025-02-19T00:00:00+00:00,0.0,0.93243912245159,6.125574272588055,1.0000063827614378,0.0001276552287581,0.0,adcp linear at epoch+300s
1739925000.Wed.Feb.19_00_30_00.GMT.2025.CACO04.c2.bright.jpg,c2,1739925000,2025-02-19T00:30:00+00:00,30.0,0.9415386193767022,6.430868167202571,1.000079784517974,0.0036317912581699,0.0,adcp linear at epoch+300s
1739926800.Wed.Feb.19_01_00_00.GMT.2025.CACO04.c2.bright.jpg,c2,1739926800,2025-02-19T01:00:00+00:00,0.0,0.9523272697483266,6.430868167202571,1.0000861672794117,0.0043530433006535,0.0,adcp linear at epoch+300s
1739928600.Wed.Feb.19_01_30_00.GMT.2025.CACO04.c2.bright.jpg,c2,1739928600,2025-02-19T01:30:00+00:00,30.0,0.9715616873525118,5.594405594405594,1.000079784517974,0.0027637357026143,0.0,adcp linear at epoch+300s
1739930400.Wed.Feb.19_02_00_00.GMT.2025.CACO04.c2.bright.jpg,c2,1739930400,2025-02-19T02:00:00+00:00,0.0,0.9840669151161793,5.594405594405594,1.000070210375817,0.0068678513071895,0.0,adcp linear at epoch+300s
1739932200.Wed.Feb.19_02_30_00.GMT.2025.CACO04.c2.bright.jpg,c2,1739932200,2025-02-19T02:30:00+00:00,30.0,0.9629261936772581,6.125574272588055,1.0,0.0,0.0,adcp linear at epoch+300s
1739934000.Wed.Feb.19_03_00_00.GMT.2025.CACO04.c2.bright.jpg,c2,1739934000,2025-02-19T03:00:00+00:00,0.0,0.9490995902589308,6.125574272588055,1.0000191482843137,0.0003574346405228,0.0,adcp linear at epoch+300s
1739964600.Wed.Feb.19_11_30_00.GMT.2025.CACO04.c2.bright.jpg,c2,1739964600,2025-02-19T11:30:00+00:00,30.0,0.9348185304634271,7.561436672967865,104.45357179330064,43.069723016912526,0.0,adcp linear at epoch+300s
1739966400.Wed.Feb.19_12_00_00.GMT.2025.CACO04.c2.bright.jpg,c2,1739966400,2025-02-19T12:00:00+00:00,0.0,0.9405671443218556,7.561436672967865,179.65909352022058,75.6315800904912,0.176770458495508,adcp linear at epoch+300s
1739968200.Wed.Feb.19_12_30_00.GMT.2025.CACO04.c2.bright.jpg,c2,1739968200,2025-02-19T12:30:00+00:00,30.0,0.9699030190094825,7.142857142857142,169.37154054330065,83.69759442521168,0.0710937308756211,adcp linear at epoch+300s
1739970000.Wed.Feb.19_13_00_00.GMT.2025.CACO04.c2.bright.jpg,c2,1739970000,2025-02-19T13:00:00+00:00,0.0,0.9922489309390599,7.142857142857142,221.8086416207108,242.85035493879136,0.3288230398276664,adcp linear at epoch+300s
1739971800.Wed.Feb.19_13_30_00.GMT.2025.CACO04.c2.bright.jpg,c2,1739971800,2025-02-19T13:30:00+00:00,30.0,0.9796450290783892,6.125574272588055,201.4138869740605,264.2838183569986,0.1358351080756897,adcp linear at epoch+300s
1739973600.Wed.Feb.19_14_00_00.GMT.2025.CACO04.c2.bright.jpg,c2,1739973600,2025-02-19T14:00:00+00:00,0.0,0.9593742744040401,6.125574272588055,179.59864557802288,265.39612517779955,0.0456659567697241,adcp linear at epoch+300s
1739975400.Wed.Feb.19_14_30_00.GMT.2025.CACO04.c2.bright.jpg,c2,1739975400,2025-02-19T14:30:00+00:00,30.0,0.9007692556612986,5.847953216374269,172.54710477941177,243.2421864569734,0.0152138258549362,adcp linear at epoch+300s
1739977200.Wed.Feb.19_15_00_00.GMT.2025.CACO04.c2.bright.jpg,c2,1739977200,2025-02-19T15:00:00+00:00,0.0,0.8472797765897295,5.847953216374269,171.29341235191993,249.3007770778939,0.015305622873369,adcp linear at epoch+300s
1739979000.Wed.Feb.19_15_30_00.GMT.2025.CACO04.c2.bright.jpg,c2,1739979000,2025-02-19T15:30:00+00:00,30.0,0.8193679958740231,5.847953216374269,170.31015752655227,222.4458584918884,0.0192651342684389,adcp linear at epoch+300s
1739980800.Wed.Feb.19_16_00_00.GMT.2025.CACO04.c2.bright.jpg,c2,1739980800,2025-02-19T16:00:00+00:00,0.0,0.7924272953404722,5.847953216374269,168.04591120302288,209.0195431775492,0.0116949401483439,adcp linear at epoch+300s
1739982600.Wed.Feb.19_16_30_00.GMT.2025.CACO04.c2.bright.jpg,c2,1739982600,2025-02-19T16:30:00+00:00,30.0,0.7703419957176985,5.361930294906166,168.79330065359477,220.2957092775397,0.0304643705172456,adcp linear at epoch+300s
1739984400.Wed.Feb.19_17_00_00.GMT.2025.CACO04.c2.bright.jpg,c2,1739984400,2025-02-19T17:00:00+00:00,0.0,0.7502597715540793,5.361930294906166,167.18368949142155,189.30110530677285,0.0336711463611661,adcp linear at epoch+300s
1739986200.Wed.Feb.19_17_30_00.GMT.2025.CACO04.c2.bright.jpg,c2,1739986200,2025-02-19T17:30:00+00:00,30.0,0.7401929246862328,5.361930294906166,165.45419411254085,184.5302494162553,0.0493929157180974,adcp linear at epoch+300s
1739988000.Wed.Feb.19_18_00_00.GMT.2025.CACO04.c2.bright.jpg,c2,1739988000,2025-02-19T18:00:00+00:00,0.0,0.7320985775596657,5.361930294906166,163.7149937448938,193.11315493745823,0.0506841937773861,adcp linear at epoch+300s
1739989800.Wed.Feb.19_18_30_00.GMT.2025.CACO04.c2.bright.jpg,c2,1739989800,2025-02-19T18:30:00+00:00,30.0,0.7338667291394966,4.767580452920143,161.6256606158088,207.83958051645584,0.0715771951727008,adcp linear at epoch+300s
1739991600.Wed.Feb.19_19_00_00.GMT.2025.CACO04.c2.bright.jpg,c2,1739991600,2025-02-19T19:00:00+00:00,0.0,0.721454090686718,4.767580452920143,153.47501787173204,224.3043719052993,0.0603718391226653,adcp linear at epoch+300s
1739993400.Wed.Feb.19_19_30_00.GMT.2025.CACO04.c2.bright.jpg,c2,1739993400,2025-02-19T19:30:00+00:00,30.0,0.6381375020708919,5.361930294906166,144.53665619893792,262.1162029111282,0.0553903209223764,adcp linear at epoch+300s
1739995200.Wed.Feb.19_20_00_00.GMT.2025.CACO04.c2.bright.jpg,c2,1739995200,2025-02-19T20:00:00+00:00,0.0,0.5572785640329944,5.361930294906166,137.23251123366012,295.8655758196461,0.062721842794546,adcp linear at epoch+300s
1739997000.Wed.Feb.19_20_30_00.GMT.2025.CACO04.c2.bright.jpg,c2,1739997000,2025-02-19T20:30:00+00:00,30.0,0.4887078788847396,5.361930294906166,130.9611385569853,329.051586071915,0.072715478201268,adcp linear at epoch+300s
1739998800.Wed.Feb.19_21_00_00.GMT.2025.CACO04.c2.bright.jpg,c2,1739998800,2025-02-19T21:00:00+00:00,0.0,0.4221814482922936,5.361930294906166,118.10583575878267,352.92146858945347,0.0663508849232576,adcp linear at epoch+300s
1740000600.Wed.Feb.19_21_30_00.GMT.2025.CACO04.c2.bright.jpg,c2,1740000600,2025-02-19T21:30:00+00:00,30.0,0.36587629047889186,5.361930294906166,113.67443129595588,220.0366617044017,0.0303786933000416,adcp linear at epoch+300s
1740002400.Wed.Feb.19_22_00_00.GMT.2025.CACO04.c2.bright.jpg,c2,1740002400,2025-02-19T22:00:00+00:00,0.0,0.31792070634142144,5.361930294906166,118.22261795343135,133.64308930763323,6.119801228856087e-05,adcp linear at epoch+300s
1740004200.Wed.Feb.19_22_30_00.GMT.2025.CACO04.c2.bright.jpg,c2,1740004200,2025-02-19T22:30:00+00:00,30.0,0.3117129905836078,8.032128514056225,20.23320695465686,20.87784981106321,0.0,adcp linear at epoch+300s
1740006000.Wed.Feb.19_23_00_00.GMT.2025.CACO04.c2.bright.jpg,c2,1740006000,2025-02-19T23:00:00+00:00,0.0,0.3144569447357007,8.032128514056225,1.0088145935457515,2.985983455882353,0.0,adcp linear at epoch+300s
1740007800.Wed.Feb.19_23_30_00.GMT.2025.CACO04.c2.bright.jpg,c2,1740007800,2025-02-19T23:30:00+00:00,30.0,0.36195924843732613,4.291845493562232,1.000003191380719,6.382761437908497e-05,0.0,adcp linear at epoch+300s
1740009600.Thu.Feb.20_00_00_00.GMT.2025.CACO04.c2.bright.jpg,c2,1740009600,2025-02-20T00:00:00+00:00,0.0,0.39940222790850005,4.291845493562232,1.000003191380719,6.382761437908497e-05,0.0,adcp linear at epoch+300s
1740011400.Thu.Feb.20_00_30_00.GMT.2025.CACO04.c2.bright.jpg,c2,1740011400,2025-02-20T00:30:00+00:00,30.0,0.38654858622741656,4.291845493562232,0.1647677951388889,1.970077528173999,0.0,adcp linear at epoch+300s
1740013200.Thu.Feb.20_01_00_00.GMT.2025.CACO04.c2.bright.jpg,c2,1740013200,2025-02-20T01:00:00+00:00,0.0,0.3717421136589635,4.291845493562232,1.004803027982026,0.0345466962724948,0.0,adcp linear at epoch+300s
1740015000.Thu.Feb.20_01_30_00.GMT.2025.CACO04.c2.bright.jpg,c2,1740015000,2025-02-20T01:30:00+00:00,30.0,0.3471714866536622,4.291845493562232,1.0270820567810457,5.514054840686274,0.0,adcp linear at epoch+300s
1740016800.Thu.Feb.20_02_00_00.GMT.2025.CACO04.c2.bright.jpg,c2,1740016800,2025-02-20T02:00:00+00:00,0.0,0.3270699874532334,4.291845493562232,1.0021350337009804,0.0248800040849673,0.0,adcp linear at epoch+300s
1740018600.Thu.Feb.20_02_30_00.GMT.2025.CACO04.c2.bright.jpg,c2,1740018600,2025-02-20T02:30:00+00:00,30.0,0.3293141272771669,4.153686396677051,1.0000255310457515,0.0009829452614379,0.0,adcp linear at epoch+300s
1740020400.Thu.Feb.20_03_00_00.GMT.2025.CACO04.c2.bright.jpg,c2,1740020400,2025-02-20T03:00:00+00:00,0.0,0.33082860937934805,4.153686396677051,1.0003893484477124,0.0055402368873649,0.0,adcp linear at epoch+300s
1740051000.Thu.Feb.20_11_30_00.GMT.2025.CACO04.c2.bright.jpg,c2,1740051000,2025-02-20T11:30:00+00:00,30.0,0.22199787456500628,16.0,179.4351926317402,79.37914427624612,0.1136569484223152,adcp linear at epoch+300s
1740052800.Thu.Feb.20_12_00_00.GMT.2025.CACO04.c2.bright.jpg,c2,1740052800,2025-02-20T12:00:00+00:00,0.0,0.22511708981346384,16.0,185.95658764808007,112.9928522326313,0.0510391422486597,adcp linear at epoch+300s
1740054600.Thu.Feb.20_12_30_00.GMT.2025.CACO04.c2.bright.jpg,c2,1740054600,2025-02-20T12:30:00+00:00,30.0,0.2321115053173277,16.0,220.17760671977123,280.96631124634894,0.4439365009424494,adcp linear at epoch+300s
1740056400.Thu.Feb.20_13_00_00.GMT.2025.CACO04.c2.bright.jpg,c2,1740056400,2025-02-20T13:00:00+00:00,0.0,0.24685668835722477,16.0,152.15589894812092,266.06444842396087,0.000636459327801,adcp linear at epoch+300s
1740058200.Thu.Feb.20_13_30_00.GMT.2025.CACO04.c2.bright.jpg,c2,1740058200,2025-02-20T13:30:00+00:00,30.0,0.30035570907728787,3.902439024390244,173.26900467218138,264.83533152182804,0.0014748720961543,adcp linear at epoch+300s
1740060000.Thu.Feb.20_14_00_00.GMT.2025.CACO04.c2.bright.jpg,c2,1740060000,2025-02-20T14:00:00+00:00,0.0,0.3366867538650798,3.902439024390244,214.111612157884,269.8117749415609,0.2425644415069398,adcp linear at epoch+300s
1740061800.Thu.Feb.20_14_30_00.GMT.2025.CACO04.c2.bright.jpg,c2,1740061800,2025-02-20T14:30:00+00:00,30.0,0.28717791899151573,16.0,153.0343137254902,90.84011950816333,0.0,adcp linear at epoch+300s
1740063600.Thu.Feb.20_15_00_00.GMT.2025.CACO04.c2.bright.jpg,c2,1740063600,2025-02-20T15:00:00+00:00,0.0,0.24630750342371763,16.0,159.15559895833334,111.20096313614752,0.0001162762233482,adcp linear at epoch+300s
1740065400.Thu.Feb.20_15_30_00.GMT.2025.CACO04.c2.bright.jpg,c2,1740065400,2025-02-20T15:30:00+00:00,30.0,0.24862918438474943,16.0,157.13916653901143,106.93977396399276,2.4479204915424348e-05,adcp linear at epoch+300s
1740067200.Thu.Feb.20_16_00_00.GMT.2025.CACO04.c2.bright.jpg,c2,1740067200,2025-02-20T16:00:00+00:00,0.0,0.2551914084844748,16.0,202.2531818065768,142.9503051987156,0.0845572935791045,adcp linear at epoch+300s
1740069000.Thu.Feb.20_16_30_00.GMT.2025.CACO04.c2.bright.jpg,c2,1740069000,2025-02-20T16:30:00+00:00,30.0,0.28295634827766786,5.148005148005149,161.27942133884804,101.08053951831948,0.0089471493965876,adcp linear at epoch+300s
1740070800.Thu.Feb.20_17_00_00.GMT.2025.CACO04.c2.bright.jpg,c2,1740070800,2025-02-20T17:00:00+00:00,0.0,0.31590922499478574,5.148005148005149,190.73847273284315,193.2217475512724,0.0378693300041614,adcp linear at epoch+300s
1740072600.Thu.Feb.20_17_30_00.GMT.2025.CACO04.c2.bright.jpg,c2,1740072600,2025-02-20T17:30:00+00:00,30.0,0.37480178633152755,4.597701149425287,160.74815538194446,103.18514794498532,0.0102261878534185,adcp linear at epoch+300s
1740074400.Thu.Feb.20_18_00_00.GMT.2025.CACO04.c2.bright.jpg,c2,1740074400,2025-02-20T18:00:00+00:00,0.0,0.4079938931707805,4.597701149425287,152.43329695159315,88.18189593399087,2.4479204915424348e-05,adcp linear at epoch+300s
1740076200.Thu.Feb.20_18_30_00.GMT.2025.CACO04.c2.bright.jpg,c2,1740076200,2025-02-20T18:30:00+00:00,30.0,0.31268372752258916,16.0,175.34970192504085,98.58547629525415,0.0571161048689138,adcp linear at epoch+300s
1740078000.Thu.Feb.20_19_00_00.GMT.2025.CACO04.c2.bright.jpg,c2,1740078000,2025-02-20T19:00:00+00:00,0.0,0.2685879728166959,16.0,142.1083314185049,59.9469523214969,0.0,adcp linear at epoch+300s
1740079800.Thu.Feb.20_19_30_00.GMT.2025.CACO04.c2.bright.jpg,c2,1740079800,2025-02-20T19:30:00+00:00,30.0,0.4805642728222932,2.9962546816479403,150.9882493361928,56.76475996104191,0.0,adcp linear at epoch+300s
1740081600.Thu.Feb.20_20_00_00.GMT.2025.CACO04.c2.bright.jpg,c2,1740081600,2025-02-20T20:00:00+00:00,0.0,0.670399730478016,2.9962546816479403,153.5857523999183,75.5215066227462,0.0043695380774032,adcp linear at epoch+300s
1740083400.Thu.Feb.20_20_30_00.GMT.2025.CACO04.c2.bright.jpg,c2,1740083400,2025-02-20T20:30:00+00:00,30.0,0.7495309763843666,3.577817531305903,179.52713311887254,81.0697312109585,0.0776357983892683,adcp linear at epoch+300s
1740085200.Thu.Feb.20_21_00_00.GMT.2025.CACO04.c2.bright.jpg,c2,1740085200,2025-02-20T21:00:00+00:00,0.0,0.8263473731258872,3.577817531305903,140.84602864583334,54.55987664838333,0.0,adcp linear at epoch+300s
1740087000.Thu.Feb.20_21_30_00.GMT.2025.CACO04.c2.bright.jpg,c2,1740087000,2025-02-20T21:30:00+00:00,30.0,0.8915895240432582,4.291845493562232,140.65361072814542,49.09875406150128,0.0,adcp linear at epoch+300s
1740088800.Thu.Feb.20_22_00_00.GMT.2025.CACO04.c2.bright.jpg,c2,1740088800,2025-02-20T22:00:00+00:00,0.0,0.9464515790828132,4.291845493562232,65.8280069189134,23.119182111716967,0.0,adcp linear at epoch+300s
1740090600.Thu.Feb.20_22_30_00.GMT.2025.CACO04.c2.bright.jpg,c2,1740090600,2025-02-20T22:30:00+00:00,30.0,0.9494131547332884,4.597701149425287,7.623531964869281,1.536276423399979,0.0,adcp linear at epoch+300s
1740092400.Thu.Feb.20_23_00_00.GMT.2025.CACO04.c2.bright.jpg,c2,1740092400,2025-02-20T23:00:00+00:00,0.0,0.9488337749038827,4.597701149425287,1.0025307649101307,0.13420075060256,0.0,adcp linear at epoch+300s
1740094200.Thu.Feb.20_23_30_00.GMT.2025.CACO04.c2.bright.jpg,c2,1740094200,2025-02-20T23:30:00+00:00,30.0,0.9305496176750727,4.597701149425287,1.0000446793300657,0.0080422794117647,0.0,adcp linear at epoch+300s
1740096000.Fri.Feb.21_00_00_00.GMT.2025.CACO04.c2.bright.jpg,c2,1740096000,2025-02-21T00:00:00+00:00,0.0,0.911764788460861,4.597701149425287,1.0035839205473855,0.3609611108295026,0.0,adcp linear at epoch+300s
1740097800.Fri.Feb.21_00_30_00.GMT.2025.CACO04.c2.bright.jpg,c2,1740097800,2025-02-21T00:30:00+00:00,30.0,0.8904765993196393,4.597701149425287,1.0224992340686274,6.811612796160131,0.0,adcp linear at epoch+300s
1740099600.Fri.Feb.21_01_00_00.GMT.2025.CACO04.c2.bright.jpg,c2,1740099600,2025-02-21T01:00:00+00:00,0.0,0.8220301283100732,4.597701149425287,1.0537332771650327,15.71377782883987,0.0,adcp linear at epoch+300s
1740101400.Fri.Feb.21_01_30_00.GMT.2025.CACO04.c2.bright.jpg,c2,1740101400,2025-02-21T01:30:00+00:00,30.0,0.5177922479587853,16.0,1.0060221354166667,1.520871629901961,0.0,adcp linear at epoch+300s
1740103200.Fri.Feb.21_02_00_00.GMT.2025.CACO04.c2.bright.jpg,c2,1740103200,2025-02-21T02:00:00+00:00,0.0,0.26478206281981465,16.0,1.0029679840686274,0.0817759395424836,0.0,adcp linear at epoch+300s
1740105000.Fri.Feb.21_02_30_00.GMT.2025.CACO04.c2.bright.jpg,c2,1740105000,2025-02-21T02:30:00+00:00,30.0,0.267910353742431,16.0,1.0000191482843137,0.0006127450980392,0.0,adcp linear at epoch+300s
1740106800.Fri.Feb.21_03_00_00.GMT.2025.CACO04.c2.bright.jpg,c2,1740106800,2025-02-21T03:00:00+00:00,0.0,0.29745557149651725,16.0,1.000003191380719,6.382761437908497e-05,0.0,adcp linear at epoch+300s
1740137400.Fri.Feb.21_11_30_00.GMT.2025.CACO04.c2.bright.jpg,c2,1740137400,2025-02-21T11:30:00+00:00,30.0,1.1354702328652273,5.847953216374269,170.7869593801062,204.1197705465836,0.0303419744926684,adcp linear at epoch+300s
1740139200.Fri.Feb.21_12_00_00.GMT.2025.CACO04.c2.bright.jpg,c2,1740139200,2025-02-21T12:00:00+00:00,0.0,1.2124136000691093,5.847953216374269,195.0228662428513,270.8394686043596,0.120596803015838,adcp linear at epoch+300s
1740141000.Fri.Feb.21_12_30_00.GMT.2025.CACO04.c2.bright.jpg,c2,1740141000,2025-02-21T12:30:00+00:00,30.0,1.3044244760148016,6.768189509306261,209.9062180861928,339.6355014169296,0.2065922498837237,adcp linear at epoch+300s
1740142800.Fri.Feb.21_13_00_00.GMT.2025.CACO04.c2.bright.jpg,c2,1740142800,2025-02-21T13:00:00+00:00,0.0,1.3889786211286594,6.768189509306261,231.46168428308823,264.4015547309724,0.3991089569410785,adcp linear at epoch+300s
1740144600.Fri.Feb.21_13_30_00.GMT.2025.CACO04.c2.bright.jpg,c2,1740144600,2025-02-21T13:30:00+00:00,30.0,1.4362491120833445,7.142857142857142,185.53143190870097,293.5174675702774,0.1859501603387922,adcp linear at epoch+300s
1740146400.Fri.Feb.21_14_00_00.GMT.2025.CACO04.c2.bright.jpg,c2,1740146400,2025-02-21T14:00:00+00:00,0.0,1.4816357014197659,7.142857142857142,186.6813534007353,247.73240254383543,0.1645920540500844,adcp linear at epoch+300s
1740148200.Fri.Feb.21_14_30_00.GMT.2025.CACO04.c2.bright.jpg,c2,1740148200,2025-02-21T14:30:00+00:00,30.0,1.5176027826648675,7.142857142857142,207.2274624693628,247.1345612747849,0.2600487136177817,adcp linear at epoch+300s
1740150000.Fri.Feb.21_15_00_00.GMT.2025.CACO04.c2.bright.jpg,c2,1740150000,2025-02-21T15:00:00+00:00,0.0,1.5494715861059691,7.142857142857142,173.79297194138073,102.86715076522636,0.1379403196984162,adcp linear at epoch+300s
1740151800.Fri.Feb.21_15_30_00.GMT.2025.CACO04.c2.bright.jpg,c2,1740151800,2025-02-21T15:30:00+00:00,30.0,1.5608490005270717,7.142857142857142,177.61241319444446,111.78836617915276,0.1843467724168319,adcp linear at epoch+300s
1740153600.Fri.Feb.21_16_00_00.GMT.2025.CACO04.c2.bright.jpg,c2,1740153600,2025-02-21T16:00:00+00:00,0.0,1.5535049524462852,7.142857142857142,198.2763512305964,170.23013135672807,0.209431837653913,adcp linear at epoch+300s
1740155400.Fri.Feb.21_16_30_00.GMT.2025.CACO04.c2.bright.jpg,c2,1740155400,2025-02-21T16:30:00+00:00,30.0,1.4525535918560548,7.142857142857142,176.4578227124183,144.12404812360563,0.1649347629189003,adcp linear at epoch+300s
1740157200.Fri.Feb.21_17_00_00.GMT.2025.CACO04.c2.bright.jpg,c2,1740157200,2025-02-21T17:00:00+00:00,0.0,1.3730134617475809,7.142857142857142,177.06868808721404,142.16669027373183,0.1593841032043279,adcp linear at epoch+300s
1740159000.Fri.Feb.21_17_30_00.GMT.2025.CACO04.c2.bright.jpg,c2,1740159000,2025-02-21T17:30:00+00:00,30.0,1.4005294840478888,6.430868167202571,176.4861940870098,137.41914176215752,0.1627255146752833,adcp linear at epoch+300s
1740160800.Fri.Feb.21_18_00_00.GMT.2025.CACO04.c2.bright.jpg,c2,1740160800,2025-02-21T18:00:00+00:00,0.0,1.4244978323569737,6.430868167202571,176.14210580065358,135.91670141692063,0.1851790653839563,adcp linear at epoch+300s
1740162600.Fri.Feb.21_18_30_00.GMT.2025.CACO04.c2.bright.jpg,c2,1740162600,2025-02-21T18:30:00+00:00,30.0,1.4307278107099415,6.768189509306261,172.1355411305147,157.90011065564082,0.1929389733421458,adcp linear at epoch+300s
1740164400.Fri.Feb.21_19_00_00.GMT.2025.CACO04.c2.bright.jpg,c2,1740164400,2025-02-21T19:00:00+00:00,0.0,1.427952124112121,6.768189509306261,167.52344069138073,167.29452617531314,0.2367812293456708,adcp linear at epoch+300s
1740166200.Fri.Feb.21_19_30_00.GMT.2025.CACO04.c2.bright.jpg,c2,1740166200,2025-02-21T19:30:00+00:00,30.0,1.3801481127603559,6.430868167202571,160.46974890216504,177.9446785620477,0.2524295610878558,adcp linear at epoch+300s
1740168000.Fri.Feb.21_20_00_00.GMT.2025.CACO04.c2.bright.jpg,c2,1740168000,2025-02-21T20:00:00+00:00,0.0,1.3398426128515815,6.430868167202571,149.72638059129903,209.2994424073576,0.2639225477956476,adcp linear at epoch+300s
1740169800.Fri.Feb.21_20_30_00.GMT.2025.CACO04.c2.bright.jpg,c2,1740169800,2025-02-21T20:30:00+00:00,30.0,1.3370296701577582,5.594405594405594,141.45296543096404,248.4029845692345,0.2841974492668478,adcp linear at epoch+300s
1740171600.Fri.Feb.21_21_00_00.GMT.2025.CACO04.c2.bright.jpg,c2,1740171600,2025-02-21T21:00:00+00:00,0.0,1.333118910561692,5.594405594405594,133.11072814542484,359.9854215554483,0.2717681329710411,adcp linear at epoch+300s
1740173400.Fri.Feb.21_21_30_00.GMT.2025.CACO04.c2.bright.jpg,c2,1740173400,2025-02-21T21:30:00+00:00,30.0,1.3237190664544112,6.125574272588055,126.01833129084967,335.89146424301305,0.1101625419206384,adcp linear at epoch+300s
1740175200.Fri.Feb.21_22_00_00.GMT.2025.CACO04.c2.bright.jpg,c2,1740175200,2025-02-21T22:00:00+00:00,0.0,1.3078508013327812,6.125574272588055,118.8496955422794,184.06925964232232,0.0332060414677731,adcp linear at epoch+300s
1740177000.Fri.Feb.21_22_30_00.GMT.2025.CACO04.c2.bright.jpg,c2,1740177000,2025-02-21T22:30:00+00:00,30.0,1.2596404311394052,6.430868167202571,32.377122268178105,6.311561498756447,0.0,adcp linear at epoch+300s
1740178800.Fri.Feb.21_23_00_00.GMT.2025.CACO04.c2.bright.jpg,c2,1740178800,2025-02-21T23:00:00+00:00,0.0,1.2192320942386274,6.430868167202571,1.0001180810866013,0.0390369689542483,0.0,adcp linear at epoch+300s
1740180600.Fri.Feb.21_23_30_00.GMT.2025.CACO04.c2.bright.jpg,c2,1740180600,2025-02-21T23:30:00+00:00,30.0,1.2178339238008413,6.125574272588055,1.0000255310457515,0.000485089869281,0.0,adcp linear at epoch+300s
1740182400.Sat.Feb.22_00_00_00.GMT.2025.CACO04.c2.bright.jpg,c2,1740182400,2025-02-22T00:00:00+00:00,0.0,1.2122668603101343,6.125574272588055,1.0000063827614378,7.659313725490196e-05,0.0,adcp linear at epoch+300s
1740184200.Sat.Feb.22_00_30_00.GMT.2025.CACO04.c2.bright.jpg,c2,1740184200,2025-02-22T00:30:00+00:00,30.0,1.1858553315548221,6.125574272588055,1.000015956903595,0.0005489174836601,0.0,adcp linear at epoch+300s
1740186000.Sat.Feb.22_01_00_00.GMT.2025.CACO04.c2.bright.jpg,c2,1740186000,2025-02-22T01:00:00+00:00,0.0,1.1684561577640307,6.125574272588055,1.0000191482843137,0.0005233864379084,0.0,adcp linear at epoch+300s
1740187800.Sat.Feb.22_01_30_00.GMT.2025.CACO04.c2.bright.jpg,c2,1740187800,2025-02-22T01:30:00+00:00,30.0,1.1961187587958424,6.125574272588055,1.0000829758986929,0.003836039624183,0.0,adcp linear at epoch+300s
1740189600.Sat.Feb.22_02_00_00.GMT.2025.CACO04.c2.bright.jpg,c2,1740189600,2025-02-22T02:00:00+00:00,0.0,1.2229239405297112,6.125574272588055,1.0000223396650327,0.0011361315359477,0.0,adcp linear at epoch+300s
1740191400.Sat.Feb.22_02_30_00.GMT.2025.CACO04.c2.bright.jpg,c2,1740191400,2025-02-22T02:30:00+00:00,30.0,1.2454420257738645,6.125574272588055,1.0000510620915033,0.0031020220588235,0.0,adcp linear at epoch+300s
1740193200.Sat.Feb.22_03_00_00.GMT.2025.CACO04.c2.bright.jpg,c2,1740193200,2025-02-22T03:00:00+00:00,0.0,1.2857489054761138,6.125574272588055,1.000012765522876,0.0003829656862745,0.0,adcp linear at epoch+300s
1740223800.Sat.Feb.22_11_30_00.GMT.2025.CACO04.c2.bright.jpg,c2,1740223800,2025-02-22T11:30:00+00:00,30.0,1.1140122729686202,6.430868167202571,184.9532462724673,95.86272910568196,0.1574196470098651,adcp linear at epoch+300s
1740225600.Sat.Feb.22_12_00_00.GMT.2025.CACO04.c2.bright.jpg,c2,1740225600,2025-02-22T12:00:00+00:00,0.0,1.0645023905312472,6.430868167202571,228.9512229370915,176.1836382464498,0.4853124770507453,adcp linear at epoch+300s
1740227400.Sat.Feb.22_12_30_00.GMT.2025.CACO04.c2.bright.jpg,c2,1740227400,2025-02-22T12:30:00+00:00,30.0,1.0538667469863208,6.125574272588055,210.78147977941177,281.58349813357376,0.2328706763604318,adcp linear at epoch+300s
1740229200.Sat.Feb.22_13_00_00.GMT.2025.CACO04.c2.bright.jpg,c2,1740229200,2025-02-22T13:00:00+00:00,0.0,1.0310110905806118,6.125574272588055,236.6500299989788,189.70752428091188,0.5753653521333627,adcp linear at epoch+300s
1740231000.Sat.Feb.22_13_30_00.GMT.2025.CACO04.c2.bright.jpg,c2,1740231000,2025-02-22T13:30:00+00:00,30.0,0.9470553698709895,6.125574272588055,190.93143318525327,226.1990758511272,0.1374874544074808,adcp linear at epoch+300s
1740232800.Sat.Feb.22_14_00_00.GMT.2025.CACO04.c2.bright.jpg,c2,1740232800,2025-02-22T14:00:00+00:00,0.0,0.8706743589184909,6.125574272588055,228.83955014297385,249.24726284095664,0.5387628209835744,adcp linear at epoch+300s
1740234600.Sat.Feb.22_14_30_00.GMT.2025.CACO04.c2.bright.jpg,c2,1740234600,2025-02-22T14:30:00+00:00,30.0,0.832166896751611,6.125574272588055,205.17307815053104,272.4417294579624,0.1711218819612739,adcp linear at epoch+300s
1740236400.Sat.Feb.22_15_00_00.GMT.2025.CACO04.c2.bright.jpg,c2,1740236400,2025-02-22T15:00:00+00:00,0.0,0.8001011594294625,6.125574272588055,174.47409875408496,259.75586403690875,0.0907076938141049,adcp linear at epoch+300s
1740238200.Sat.Feb.22_15_30_00.GMT.2025.CACO04.c2.bright.jpg,c2,1740238200,2025-02-22T15:30:00+00:00,30.0,0.800244046330971,5.361930294906166,173.10083486519608,220.44834756098533,0.0587194927908741,adcp linear at epoch+300s
1740240000.Sat.Feb.22_16_00_00.GMT.2025.CACO04.c2.bright.jpg,c2,1740240000,2025-02-22T16:00:00+00:00,0.0,0.7916361617011247,5.361930294906166,175.74912237030227,198.3757458700212,0.083131379892781,adcp linear at epoch+300s
1740241800.Sat.Feb.22_16_30_00.GMT.2025.CACO04.c2.bright.jpg,c2,1740241800,2025-02-22T16:30:00+00:00,30.0,0.7392744194145048,5.594405594405594,171.20997689440358,203.3932144719994,0.016113436635578,adcp linear at epoch+300s
1740243600.Sat.Feb.22_17_00_00.GMT.2025.CACO04.c2.bright.jpg,c2,1740243600,2025-02-22T17:00:00+00:00,0.0,0.6900898768371277,5.594405594405594,179.84316278594773,186.06482524021183,0.0956953318156226,adcp linear at epoch+300s
1740245400.Sat.Feb.22_17_30_00.GMT.2025.CACO04.c2.bright.jpg,c2,1740245400,2025-02-22T17:30:00+00:00,30.0,0.6567913328059651,9.876543209876544,199.90811695772052,178.25522882989614,0.150320677584392,adcp linear at epoch+300s
1740247200.Sat.Feb.22_18_00_00.GMT.2025.CACO04.c2.bright.jpg,c2,1740247200,2025-02-22T18:00:00+00:00,0.0,0.6249213734089077,9.876543209876544,188.1609700520833,198.7475437558727,0.1290054099042863,adcp linear at epoch+300s
1740249000.Sat.Feb.22_18_30_00.GMT.2025.CACO04.c2.bright.jpg,c2,1740249000,2025-02-22T18:30:00+00:00,30.0,0.6001943371823759,9.876543209876544,167.3069980596405,205.0316968739652,0.0782783775182982,adcp linear at epoch+300s
1740250800.Sat.Feb.22_19_00_00.GMT.2025.CACO04.c2.bright.jpg,c2,1740250800,2025-02-22T19:00:00+00:00,0.0,0.5828887789538492,9.876543209876544,161.05143548304738,229.05872190518568,0.104777116839245,adcp linear at epoch+300s
1740252600.Sat.Feb.22_19_30_00.GMT.2025.CACO04.c2.bright.jpg,c2,1740252600,2025-02-22T19:30:00+00:00,30.0,0.6026906107153477,9.876543209876544,152.4614066329657,241.4387056055733,0.1296663484370027,adcp linear at epoch+300s
1740254400.Sat.Feb.22_20_00_00.GMT.2025.CACO04.c2.bright.jpg,c2,1740254400,2025-02-22T20:00:00+00:00,0.0,0.6246179144312969,9.876543209876544,142.17748544730392,283.811545058752,0.1476769234535262,adcp linear at epoch+300s
1740256200.Sat.Feb.22_20_30_00.GMT.2025.CACO04.c2.bright.jpg,c2,1740256200,2025-02-22T20:30:00+00:00,30.0,0.6571725779194991,5.594405594405594,129.61973741319446,314.11397024698977,0.1957418423049619,adcp linear at epoch+300s
1740258000.Sat.Feb.22_21_00_00.GMT.2025.CACO04.c2.bright.jpg,c2,1740258000,2025-02-22T21:00:00+00:00,0.0,0.6819385098605479,5.594405594405594,121.14304087520424,313.9256781087925,0.1981714033928178,adcp linear at epoch+300s
1740259800.Sat.Feb.22_21_30_00.GMT.2025.CACO04.c2.bright.jpg,c2,1740259800,2025-02-22T21:30:00+00:00,30.0,0.6677607840658298,9.174311926605505,113.00956775939542,294.2575728345332,0.0697963330151036,adcp linear at epoch+300s
1740261600.Sat.Feb.22_22_00_00.GMT.2025.CACO04.c2.bright.jpg,c2,1740261600,2025-02-22T22:00:00+00:00,0.0,0.6548873582506997,9.174311926605505,113.24150135314542,195.90027573464224,0.0328082543878974,adcp linear at epoch+300s
1740263400.Sat.Feb.22_22_30_00.GMT.2025.CACO04.c2.bright.jpg,c2,1740263400,2025-02-22T22:30:00+00:00,30.0,0.6485354323335096,9.876543209876544,33.77194393382353,6.006226323396342,0.0,adcp linear at epoch+300s
1740265200.Sat.Feb.22_23_00_00.GMT.2025.CACO04.c2.bright.jpg,c2,1740265200,2025-02-22T23:00:00+00:00,0.0,0.6383563102348072,9.876543209876544,1.0191419015522876,0.5058338439542484,0.0,adcp linear at epoch+300s
1740267000.Sat.Feb.22_23_30_00.GMT.2025.CACO04.c2.bright.jpg,c2,1740267000,2025-02-22T23:30:00+00:00,30.0,0.6090412072285426,9.174311926605505,1.0151813980800657,1.077710120506536,0.0,adcp linear at epoch+300s
1740268800.Sun.Feb.23_00_00_00.GMT.2025.CACO04.c2.bright.jpg,c2,1740268800,2025-02-23T00:00:00+00:00,0.0,0.5805126600702052,9.174311926605505,1.001448886846405,0.0333977992136713,0.0,adcp linear at epoch+300s
1740270600.Sun.Feb.23_00_30_00.GMT.2025.CACO04.c2.bright.jpg,c2,1740270600,2025-02-23T00:30:00+00:00,30.0,0.555916892151503,9.876543209876544,1.0002521190767977,0.001876531862745,0.0,adcp linear at epoch+300s
1740272400.Sun.Feb.23_01_00_00.GMT.2025.CACO04.c2.bright.jpg,c2,1740272400,2025-02-23T01:00:00+00:00,0.0,0.5341497695551719,9.876543209876544,1.0035296670751634,0.060546875,0.0,adcp linear at epoch+300s
1740274200.Sun.Feb.23_01_30_00.GMT.2025.CACO04.c2.bright.jpg,c2,1740274200,2025-02-23T01:30:00+00:00,30.0,0.526525873570696,9.174311926605505,1.0039956086601307,0.044854855994717,0.0,adcp linear at epoch+300s
1740276000.Sun.Feb.23_02_00_00.GMT.2025.CACO04.c2.bright.jpg,c2,1740276000,2025-02-23T02:00:00+00:00,0.0,0.5102590770790248,9.174311926605505,1.06109579248366,18.68127680759804,0.0,adcp linear at epoch+300s
1740277800.Sun.Feb.23_02_30_00.GMT.2025.CACO04.c2.bright.jpg,c2,1740277800,2025-02-23T02:30:00+00:00,30.0,0.45077777805137764,8.565310492505352,1.005785973243464,1.651016135620915,0.0,adcp linear at epoch+300s
1740279600.Sun.Feb.23_03_00_00.GMT.2025.CACO04.c2.bright.jpg,c2,1740279600,2025-02-23T03:00:00+00:00,0.0,0.39923968206412863,8.565310492505352,1.00698912377451,1.1932955473856208,0.0,adcp linear at epoch+300s
1740310200.Sun.Feb.23_11_30_00.GMT.2025.CACO04.c2.bright.jpg,c2,1740310200,2025-02-23T11:30:00+00:00,30.0,0.37920706284914796,10.6951871657754,209.58202167585785,98.96452654851764,0.5877457100193386,adcp linear at epoch+300s
1740312000.Sun.Feb.23_12_00_00.GMT.2025.CACO04.c2.bright.jpg,c2,1740312000,2025-02-23T12:00:00+00:00,0.0,0.3822592515243727,10.6951871657754,173.56114047181373,273.4111071984981,0.0248157939830114,adcp linear at epoch+300s
1740313800.Sun.Feb.23_12_30_00.GMT.2025.CACO04.c2.bright.jpg,c2,1740313800,2025-02-23T12:30:00+00:00,30.0,0.39895494525483904,9.876543209876544,158.66657730800654,241.58554304622308,0.0032618540549802,adcp linear at epoch+300s
1740315600.Sun.Feb.23_13_00_00.GMT.2025.CACO04.c2.bright.jpg,c2,1740315600,2025-02-23T13:00:00+00:00,0.0,0.40483579618233706,9.876543209876544,162.2754416870915,258.9460916968523,0.0024846392989155,adcp linear at epoch+300s
1740317400.Sun.Feb.23_13_30_00.GMT.2025.CACO04.c2.bright.jpg,c2,1740317400,2025-02-23T13:30:00+00:00,30.0,0.35664243309499355,9.174311926605505,166.8723032832925,233.402203691984,0.0111135590316026,adcp linear at epoch+300s
1740319200.Sun.Feb.23_14_00_00.GMT.2025.CACO04.c2.bright.jpg,c2,1740319200,2025-02-23T14:00:00+00:00,0.0,0.3286309763612042,9.174311926605505,162.712686376634,215.8278070000206,0.0031394580304031,adcp linear at epoch+300s
1740321000.Sun.Feb.23_14_30_00.GMT.2025.CACO04.c2.bright.jpg,c2,1740321000,2025-02-23T14:30:00+00:00,30.0,0.4015290513951858,9.876543209876544,154.39958001429738,196.1899440494381,0.000550782110597,adcp linear at epoch+300s
1740322800.Sun.Feb.23_15_00_00.GMT.2025.CACO04.c2.bright.jpg,c2,1740322800,2025-02-23T15:00:00+00:00,0.0,0.4601722795261297,9.876543209876544,158.20835567299838,173.6063322273872,0.0073927198844581,adcp linear at epoch+300s
1740324600.Sun.Feb.23_15_30_00.GMT.2025.CACO04.c2.bright.jpg,c2,1740324600,2025-02-23T15:30:00+00:00,30.0,0.44754127314188524,9.876543209876544,176.71952869689542,203.0997795838865,0.0374409439181415,adcp linear at epoch+300s
1740326400.Sun.Feb.23_16_00_00.GMT.2025.CACO04.c2.bright.jpg,c2,1740326400,2025-02-23T16:00:00+00:00,0.0,0.42441655107126675,9.876543209876544,160.96381293402777,156.3149001255738,0.0205013341166678,adcp linear at epoch+300s
1740328200.Sun.Feb.23_16_30_00.GMT.2025.CACO04.c2.bright.jpg,c2,1740328200,2025-02-23T16:30:00+00:00,30.0,0.34882325056877833,9.876543209876544,160.94589971405227,151.34488569932907,0.0102323076546473,adcp linear at epoch+300s
1740330000.Sun.Feb.23_17_00_00.GMT.2025.CACO04.c2.bright.jpg,c2,1740330000,2025-02-23T17:00:00+00:00,0.0,0.28826397820340804,9.876543209876544,181.8959450316585,202.1077653759389,0.0697228954003574,adcp linear at epoch+300s
1740331800.Sun.Feb.23_17_30_00.GMT.2025.CACO04.c2.bright.jpg,c2,1740331800,2025-02-23T17:30:00+00:00,30.0,0.3028748465236287,9.174311926605505,159.87768395118465,175.4734072537866,0.0417737631881716,adcp linear at epoch+300s
1740333600.Sun.Feb.23_18_00_00.GMT.2025.CACO04.c2.bright.jpg,c2,1740333600,2025-02-23T18:00:00+00:00,0.0,0.3164334430970599,9.174311926605505,159.90566916870915,191.1529338723637,0.0469388754253261,adcp linear at epoch+300s
1740335400.Sun.Feb.23_18_30_00.GMT.2025.CACO04.c2.bright.jpg,c2,1740335400,2025-02-23T18:30:00+00:00,30.0,0.32473068093654356,9.174311926605505,157.87958282271242,216.38743295847377,0.053236150889819,adcp linear at epoch+300s
1740337200.Sun.Feb.23_19_00_00.GMT.2025.CACO04.c2.bright.jpg,c2,1740337200,2025-02-23T19:00:00+00:00,0.0,0.3318600145815205,9.174311926605505,152.95039317810458,221.8081690190802,0.0637989278108247,adcp linear at epoch+300s
1740339000.Sun.Feb.23_19_30_00.GMT.2025.CACO04.c2.bright.jpg,c2,1740339000,2025-02-23T19:30:00+00:00,30.0,0.3331498272539633,9.174311926605505,147.0993540645425,241.9165529091562,0.0920540500844532,adcp linear at epoch+300s
1740340800.Sun.Feb.23_20_00_00.GMT.2025.CACO04.c2.bright.jpg,c2,1740340800,2025-02-23T20:00:00+00:00,0.0,0.33592551018458744,9.174311926605505,139.419047436683,289.72251069286546,0.1129164524736236,adcp linear at epoch+300s
1740342600.Sun.Feb.23_20_30_00.GMT.2025.CACO04.c2.bright.jpg,c2,1740342600,2025-02-23T20:30:00+00:00,30.0,0.34613054440611807,9.174311926605505,131.79746859681373,302.9280113266413,0.1077023818266382,adcp linear at epoch+300s
1740344400.Sun.Feb.23_21_00_00.GMT.2025.CACO04.c2.bright.jpg,c2,1740344400,2025-02-23T21:00:00+00:00,0.0,0.3525812835808435,9.174311926605505,128.90407986111111,336.13556975109213,0.1368632346821375,adcp linear at epoch+300s
1740346200.Sun.Feb.23_21_30_00.GMT.2025.CACO04.c2.bright.jpg,c2,1740346200,2025-02-23T21:30:00+00:00,30.0,0.340260547521543,9.876543209876544,119.13736979166669,292.69806616188873,0.0262723066754791,adcp linear at epoch+300s
1740348000.Sun.Feb.23_22_00_00.GMT.2025.CACO04.c2.bright.jpg,c2,1740348000,2025-02-23T22:00:00+00:00,0.0,0.3307055135511669,9.876543209876544,111.80713848039215,26.068218538663263,0.0,adcp linear at epoch+300s
1740349800.Sun.Feb.23_22_30_00.GMT.2025.CACO04.c2.bright.jpg,c2,1740349800,2025-02-23T22:30:00+00:00,30.0,0.33497899002541226,9.876543209876544,33.713158700980394,5.632534757958631,0.0,adcp linear at epoch+300s
1740351600.Sun.Feb.23_23_00_00.GMT.2025.CACO04.c2.bright.jpg,c2,1740351600,2025-02-23T23:00:00+00:00,0.0,0.34074079286237163,9.876543209876544,1.0012797436683007,0.0469260620915032,0.0,adcp linear at epoch+300s
1740353400.Sun.Feb.23_23_30_00.GMT.2025.CACO04.c2.bright.jpg,c2,1740353400,2025-02-23T23:30:00+00:00,30.0,0.35394422751290117,9.876543209876544,1.0002553104575165,0.0172015420751634,0.0,adcp linear at epoch+300s
1740355200.Mon.Feb.24_00_00_00.GMT.2025.CACO04.c2.bright.jpg,c2,1740355200,2025-02-24T00:00:00+00:00,0.0,0.3629220286188217,9.876543209876544,1.038165722017974,10.217294728925522,0.0,adcp linear at epoch+300s
1740357000.Mon.Feb.24_00_30_00.GMT.2025.CACO04.c2.bright.jpg,c2,1740357000,2025-02-24T00:30:00+00:00,30.0,0.35077166200169757,9.876543209876544,1.0445995455473855,8.692070057189543,0.0,adcp linear at epoch+300s
1740358800.Mon.Feb.24_01_00_00.GMT.2025.CACO04.c2.bright.jpg,c2,1740358800,2025-02-24T01:00:00+00:00,0.0,0.33914045955643496,9.876543209876544,1.0032711652369282,0.0329286662581699,0.0,adcp linear at epoch+300s
1740360600.Mon.Feb.24_01_30_00.GMT.2025.CACO04.c2.bright.jpg,c2,1740360600,2025-02-24T01:30:00+00:00,30.0,0.33010507797048017,9.174311926605505,1.0510301776960784,1.296849468913511,0.0,adcp linear at epoch+300s
1740362400.Mon.Feb.24_02_00_00.GMT.2025.CACO04.c2.bright.jpg,c2,1740362400,2025-02-24T02:00:00+00:00,0.0,0.3305678702604149,9.174311926605505,1.0006382761437909,0.0413571027267432,0.0,adcp linear at epoch+300s
1740364200.Mon.Feb.24_02_30_00.GMT.2025.CACO04.c2.bright.jpg,c2,1740364200,2025-02-24T02:30:00+00:00,30.0,0.37852153192979704,9.876543209876544,1.0002872242647058,0.0024892769607843,0.0,adcp linear at epoch+300s
1740366000.Mon.Feb.24_03_00_00.GMT.2025.CACO04.c2.bright.jpg,c2,1740366000,2025-02-24T03:00:00+00:00,0.0,0.4121020879180736,9.876543209876544,1.001688240400327,0.0546045241013071,0.0,adcp linear at epoch+300s
1740396600.Mon.Feb.24_11_30_00.GMT.2025.CACO04.c2.bright.jpg,c2,1740396600,2025-02-24T11:30:00+00:00,30.0,0.33724030607779154,9.876543209876544,209.0167196435866,94.60623940179356,0.4779013977626006,adcp linear at epoch+300s
1740398400.Mon.Feb.24_12_00_00.GMT.2025.CACO04.c2.bright.jpg,c2,1740398400,2025-02-24T12:00:00+00:00,0.0,0.32813155436561975,9.876543209876544,150.77317580678104,47.59503881585731,0.029252649873932,adcp linear at epoch+300s
1740400200.Mon.Feb.24_12_30_00.GMT.2025.CACO04.c2.bright.jpg,c2,1740400200,2025-02-24T12:30:00+00:00,30.0,0.3273963822807635,9.876543209876544,230.1953603707108,170.3561037633465,0.3167792710092776,adcp linear at epoch+300s
1740402000.Mon.Feb.24_13_00_00.GMT.2025.CACO04.c2.bright.jpg,c2,1740402000,2025-02-24T13:00:00+00:00,0.0,0.3265737418158316,9.876543209876544,177.08093979779412,238.96216819475688,0.0134452032997968,adcp linear at epoch+300s
1740403800.Mon.Feb.24_13_30_00.GMT.2025.CACO04.c2.bright.jpg,c2,1740403800,2025-02-24T13:30:00+00:00,30.0,0.3253137594505209,10.6951871657754,172.33483328227123,261.3910058027371,0.003653521333627,adcp linear at epoch+300s
1740405600.Mon.Feb.24_14_00_00.GMT.2025.CACO04.c2.bright.jpg,c2,1740405600,2025-02-24T14:00:00+00:00,0.0,0.32268625740445545,10.6951871657754,162.5405975541258,220.3160169330746,0.0041492252331644,adcp linear at epoch+300s
1740407400.Mon.Feb.24_14_30_00.GMT.2025.CACO04.c2.bright.jpg,c2,1740407400,2025-02-24T14:30:00+00:00,30.0,0.3132211569546161,10.6951871657754,166.3294207005719,200.9397330744273,0.0029252649873932,adcp linear at epoch+300s
1740409200.Mon.Feb.24_15_00_00.GMT.2025.CACO04.c2.bright.jpg,c2,1740409200,2025-02-24T15:00:00+00:00,0.0,0.30612919092824437,10.6951871657754,165.37386386846404,198.24460716634383,0.0015238305059851,adcp linear at epoch+300s
1740411000.Mon.Feb.24_15_30_00.GMT.2025.CACO04.c2.bright.jpg,c2,1740411000,2025-02-24T15:30:00+00:00,30.0,0.3109028970192105,10.6951871657754,166.6165811376634,184.2637668185357,0.0017257839465374,adcp linear at epoch+300s
1740412800.Mon.Feb.24_16_00_00.GMT.2025.CACO04.c2.bright.jpg,c2,1740412800,2025-02-24T16:00:00+00:00,0.0,0.32273278178342674,10.6951871657754,168.99590545853758,158.2045009445923,0.0073192822697118,adcp linear at epoch+300s
1740414600.Mon.Feb.24_16_30_00.GMT.2025.CACO04.c2.bright.jpg,c2,1740414600,2025-02-24T16:30:00+00:00,30.0,0.3698435599138936,11.661807580174926,167.7008335886438,109.9860333679752,0.0212234706616729,adcp linear at epoch+300s
1740416400.Mon.Feb.24_17_00_00.GMT.2025.CACO04.c2.bright.jpg,c2,1740416400,2025-02-24T17:00:00+00:00,0.0,0.40001665598078096,11.661807580174926,166.3830454707925,158.20875730468288,0.0264681403148025,adcp linear at epoch+300s
1740418200.Mon.Feb.24_17_30_00.GMT.2025.CACO04.c2.bright.jpg,c2,1740418200,2025-02-24T17:30:00+00:00,30.0,0.34550134172977054,10.6951871657754,168.14562270220588,124.33302311886276,0.0273371520893001,adcp linear at epoch+300s
1740420000.Mon.Feb.24_18_00_00.GMT.2025.CACO04.c2.bright.jpg,c2,1740420000,2025-02-24T18:00:00+00:00,0.0,0.2990914646569358,10.6951871657754,165.82249221303104,173.65083033412478,0.0230104526204988,adcp linear at epoch+300s
1740421800.Mon.Feb.24_18_30_00.GMT.2025.CACO04.c2.bright.jpg,c2,1740421800,2025-02-24T18:30:00+00:00,30.0,0.29320877347497915,9.876543209876544,165.61291743259804,205.0465810028409,0.0444603559276394,adcp linear at epoch+300s
1740423600.Mon.Feb.24_19_00_00.GMT.2025.CACO04.c2.bright.jpg,c2,1740423600,2025-02-24T19:00:00+00:00,0.0,0.2883368323324033,9.876543209876544,161.8160679636438,218.73100813619965,0.0749553254510293,adcp linear at epoch+300s
1740425400.Mon.Feb.24_19_30_00.GMT.2025.CACO04.c2.bright.jpg,c2,1740425400,2025-02-24T19:30:00+00:00,30.0,0.28851864138673156,11.661807580174926,149.91910488153596,99.79349212600854,0.0005324227069104,adcp linear at epoch+300s
1740427200.Mon.Feb.24_20_00_00.GMT.2025.CACO04.c2.bright.jpg,c2,1740427200,2025-02-24T20:00:00+00:00,0.0,0.29028010560605183,11.661807580174926,179.72784543504903,210.97158706604264,0.1081307679126582,adcp linear at epoch+300s
1740429000.Mon.Feb.24_20_30_00.GMT.2025.CACO04.c2.bright.jpg,c2,1740429000,2025-02-24T20:30:00+00:00,30.0,0.2999398456503323,10.6951871657754,142.33744064031862,274.80321381810006,0.1016437786100707,adcp linear at epoch+300s
1740430800.Mon.Feb.24_21_00_00.GMT.2025.CACO04.c2.bright.jpg,c2,1740430800,2025-02-24T21:00:00+00:00,0.0,0.3089342727665909,10.6951871657754,148.61360677083334,260.190817858572,0.1121392377175589,adcp linear at epoch+300s
1740432600.Mon.Feb.24_21_30_00.GMT.2025.CACO04.c2.bright.jpg,c2,1740432600,2025-02-24T21:30:00+00:00,30.0,0.3146021352427397,11.661807580174926,131.57878880718954,163.99758079160034,0.0215111013194291,adcp linear at epoch+300s
1740434400.Mon.Feb.24_22_00_00.GMT.2025.CACO04.c2.bright.jpg,c2,1740434400,2025-02-24T22:00:00+00:00,0.0,0.31693886467874705,11.661807580174926,132.76507927389707,55.99151045210038,0.0,adcp linear at epoch+300s
1740436200.Mon.Feb.24_22_30_00.GMT.2025.CACO04.c2.bright.jpg,c2,1740436200,2025-02-24T22:30:00+00:00,30.0,0.30261992891404693,11.661807580174926,33.761859170751634,9.582854625573658,0.0,adcp linear at epoch+300s
1740438000.Mon.Feb.24_23_00_00.GMT.2025.CACO04.c2.bright.jpg,c2,1740438000,2025-02-24T23:00:00+00:00,0.0,0.3154712846797587,11.661807580174926,1.0085401348039216,1.0391071793300657,0.0,adcp linear at epoch+300s
1740439800.Mon.Feb.24_23_30_00.GMT.2025.CACO04.c2.bright.jpg,c2,1740439800,2025-02-24T23:30:00+00:00,30.0,0.4641740980975301,3.679852805887765,1.0000351051879084,0.0012127246732026,0.0,adcp linear at epoch+300s
1740441600.Tue.Feb.25_00_00_00.GMT.2025.CACO04.c2.bright.jpg,c2,1740441600,2025-02-25T00:00:00+00:00,0.0,0.5920902836263651,3.679852805887765,1.0000063827614378,0.0001276552287581,0.0,adcp linear at epoch+300s
1740443400.Tue.Feb.25_00_30_00.GMT.2025.CACO04.c2.bright.jpg,c2,1740443400,2025-02-25T00:30:00+00:00,30.0,0.6160733297105183,3.4812880765883376,1.0004818984885622,0.00320414624183,0.0,adcp linear at epoch+300s
1740445200.Tue.Feb.25_01_00_00.GMT.2025.CACO04.c2.bright.jpg,c2,1740445200,2025-02-25T01:00:00+00:00,0.0,0.6368368884948657,3.4812880765883376,1.0093411713643792,1.004314746732026,0.0,adcp linear at epoch+300s
1740447000.Tue.Feb.25_01_30_00.GMT.2025.CACO04.c2.bright.jpg,c2,1740447000,2025-02-25T01:30:00+00:00,30.0,0.6415030107801837,3.902439024390244,1.0000063827614378,0.0001276552287581,0.0,adcp linear at epoch+300s
1740448800.Tue.Feb.25_02_00_00.GMT.2025.CACO04.c2.bright.jpg,c2,1740448800,2025-02-25T02:00:00+00:00,0.0,0.6508823674897671,3.902439024390244,1.0000223396650327,0.0005999795751633,0.0,adcp linear at epoch+300s
1740450600.Tue.Feb.25_02_30_00.GMT.2025.CACO04.c2.bright.jpg,c2,1740450600,2025-02-25T02:30:00+00:00,30.0,0.683827896320678,3.902439024390244,1.000421262254902,0.0032807393790849,0.0,adcp linear at epoch+300s
1740452400.Tue.Feb.25_03_00_00.GMT.2025.CACO04.c2.bright.jpg,c2,1740452400,2025-02-25T03:00:00+00:00,0.0,0.7210054924822334,3.902439024390244,1.122137331495098,14.92111545138889,0.0,adcp linear at epoch+300s
1740483000.Tue.Feb.25_11_30_00.GMT.2025.CACO04.c2.bright.jpg,c2,1740483000,2025-02-25T11:30:00+00:00,30.0,0.6765717378155541,4.767580452920143,241.697549657884,104.67867363007974,0.8504565371716727,adcp linear at epoch+300s
1740484800.Tue.Feb.25_12_00_00.GMT.2025.CACO04.c2.bright.jpg,c2,1740484800,2025-02-25T12:00:00+00:00,0.0,0.6624336435499851,4.767580452920143,195.29441125408496,105.36147533402529,0.1126533010207828,adcp linear at epoch+300s
1740486600.Tue.Feb.25_12_30_00.GMT.2025.CACO04.c2.bright.jpg,c2,1740486600,2025-02-25T12:30:00+00:00,30.0,0.6695470699634882,4.950495049504951,168.1277445874183,136.02405341585433,0.0092347800543438,adcp linear at epoch+300s
1740488400.Tue.Feb.25_13_00_00.GMT.2025.CACO04.c2.bright.jpg,c2,1740488400,2025-02-25T13:00:00+00:00,0.0,0.6789415486987228,4.950495049504951,157.69671989889707,55.64439076076502,0.0,adcp linear at epoch+300s
1740490200.Tue.Feb.25_13_30_00.GMT.2025.CACO04.c2.bright.jpg,c2,1740490200,2025-02-25T13:30:00+00:00,30.0,0.6997412890426137,4.950495049504951,162.65795419730392,77.74924044095954,0.0003549484712736,adcp linear at epoch+300s
1740492000.Tue.Feb.25_14_00_00.GMT.2025.CACO04.c2.bright.jpg,c2,1740492000,2025-02-25T14:00:00+00:00,0.0,0.7092773626678962,4.950495049504951,173.43094171262254,83.47748798863472,0.0044674548970649,adcp linear at epoch+300s
1740493800.Tue.Feb.25_14_30_00.GMT.2025.CACO04.c2.bright.jpg,c2,1740493800,2025-02-25T14:30:00+00:00,30.0,0.6624951027001365,5.148005148005149,197.1578552645016,115.89886373558764,0.0633644219235759,adcp linear at epoch+300s
1740495600.Tue.Feb.25_15_00_00.GMT.2025.CACO04.c2.bright.jpg,c2,1740495600,2025-02-25T15:00:00+00:00,0.0,0.6247021950627812,5.148005148005149,211.06604243259804,163.5733169668676,0.230141245012362,adcp linear at epoch+300s
1740497400.Tue.Feb.25_15_30_00.GMT.2025.CACO04.c2.bright.jpg,c2,1740497400,2025-02-25T15:30:00+00:00,30.0,0.6318560490774481,4.950495049504951,176.737020654616,120.60353583755656,0.004846882573254,adcp linear at epoch+300s
1740499200.Tue.Feb.25_16_00_00.GMT.2025.CACO04.c2.bright.jpg,c2,1740499200,2025-02-25T16:00:00+00:00,0.0,0.6294863676671207,4.950495049504951,198.19776348039213,177.4399567727445,0.059362071919904,adcp linear at epoch+300s
1740501000.Tue.Feb.25_16_30_00.GMT.2025.CACO04.c2.bright.jpg,c2,1740501000,2025-02-25T16:30:00+00:00,30.0,0.5794990091318221,5.361930294906166,162.6375102124183,116.47864161788834,0.001487111698612,adcp linear at epoch+300s
1740502800.Tue.Feb.25_17_00_00.GMT.2025.CACO04.c2.bright.jpg,c2,1740502800,2025-02-25T17:00:00+00:00,0.0,0.5368534316969563,5.361930294906166,214.17559934129903,179.14032369757092,0.2915228513377885,adcp linear at epoch+300s
1740504600.Tue.Feb.25_17_30_00.GMT.2025.CACO04.c2.bright.jpg,c2,1740504600,2025-02-25T17:30:00+00:00,30.0,0.5309167597642553,5.148005148005149,215.5365381178513,216.91154331150403,0.3419377738611049,adcp linear at epoch+300s
1740506400.Tue.Feb.25_18_00_00.GMT.2025.CACO04.c2.bright.jpg,c2,1740506400,2025-02-25T18:00:00+00:00,0.0,0.5201555707521165,5.148005148005149,153.49470230800654,57.60208215158016,0.0,adcp linear at epoch+300s
1740508200.Tue.Feb.25_18_30_00.GMT.2025.CACO04.c2.bright.jpg,c2,1740508200,2025-02-25T18:30:00+00:00,30.0,0.4852717963427878,11.661807580174926,184.201047411152,186.1306152809404,0.1203642505691415,adcp linear at epoch+300s
1740510000.Tue.Feb.25_19_00_00.GMT.2025.CACO04.c2.bright.jpg,c2,1740510000,2025-02-25T19:00:00+00:00,0.0,0.452833304627841,11.661807580174926,173.13347949857027,224.43770808489973,0.0992325769259014,adcp linear at epoch+300s
1740511800.Tue.Feb.25_19_30_00.GMT.2025.CACO04.c2.bright.jpg,c2,1740511800,2025-02-25T19:30:00+00:00,30.0,0.4326212263848034,9.876543209876544,157.08755872140523,229.7845516771828,0.1081062887077427,adcp linear at epoch+300s
1740513600.Tue.Feb.25_20_00_00.GMT.2025.CACO04.c2.bright.jpg,c2,1740513600,2025-02-25T20:00:00+00:00,0.0,0.4127889351469454,9.876543209876544,148.63173700469773,157.08693604600887,0.0633032239112873,adcp linear at epoch+300s
1740515400.Tue.Feb.25_20_30_00.GMT.2025.CACO04.c2.bright.jpg,c2,1740515400,2025-02-25T20:30:00+00:00,30.0,0.39485557893498574,11.661807580174926,147.3182923560049,282.68907631898486,0.1177878142517931,adcp linear at epoch+300s
1740517200.Tue.Feb.25_21_00_00.GMT.2025.CACO04.c2.bright.jpg,c2,1740517200,2025-02-25T21:00:00+00:00,0.0,0.3779506194571303,11.661807580174926,139.5905171313317,284.98346828790034,0.1682761743898558,adcp linear at epoch+300s
1740519000.Tue.Feb.25_21_30_00.GMT.2025.CACO04.c2.bright.jpg,c2,1740519000,2025-02-25T21:30:00+00:00,30.0,0.36618764364979595,11.661807580174926,127.84825622957516,236.7861285716559,0.07398839685687,adcp linear at epoch+300s
1740520800.Tue.Feb.25_22_00_00.GMT.2025.CACO04.c2.bright.jpg,c2,1740520800,2025-02-25T22:00:00+00:00,0.0,0.3552445522959477,11.661807580174926,141.6411834916258,127.99151738679232,0.0,adcp linear at epoch+300s
1740522600.Tue.Feb.25_22_30_00.GMT.2025.CACO04.c2.bright.jpg,c2,1740522600,2025-02-25T22:30:00+00:00,30.0,0.34840088320953,11.661807580174926,38.489452486723856,9.01867276849494,0.0,adcp linear at epoch+300s
1740524400.Tue.Feb.25_23_00_00.GMT.2025.CACO04.c2.bright.jpg,c2,1740524400,2025-02-25T23:00:00+00:00,0.0,0.3441291537706797,11.661807580174926,1.0000414879493464,0.0014935661764705,0.0,adcp linear at epoch+300s
1740526200.Tue.Feb.25_23_30_00.GMT.2025.CACO04.c2.bright.jpg,c2,1740526200,2025-02-25T23:30:00+00:00,30.0,0.3527171225696664,10.6951871657754,1.0001468035130718,0.0015286713541941,0.0,adcp linear at epoch+300s
1740528000.Wed.Feb.26_00_00_00.GMT.2025.CACO04.c2.bright.jpg,c2,1740528000,2025-02-26T00:00:00+00:00,0.0,0.3584398207027907,10.6951871657754,1.000073401756536,0.0006701899509803,0.0,adcp linear at epoch+300s
1740529800.Wed.Feb.26_00_30_00.GMT.2025.CACO04.c2.bright.jpg,c2,1740529800,2025-02-26T00:30:00+00:00,30.0,0.3498361655066028,10.6951871657754,1.000012765522876,0.0002553104575163,0.0,adcp linear at epoch+300s
1740531600.Wed.Feb.26_01_00_00.GMT.2025.CACO04.c2.bright.jpg,c2,1740531600,2025-02-26T01:00:00+00:00,0.0,0.34347204782295154,10.6951871657754,1.0000957414215683,0.0076401654411764,0.0,adcp linear at epoch+300s
1740533400.Wed.Feb.26_01_30_00.GMT.2025.CACO04.c2.bright.jpg,c2,1740533400,2025-02-26T01:30:00+00:00,30.0,0.3483056177019838,12.82051282051282,1.0000893586601307,0.0121400122549019,0.0,adcp linear at epoch+300s
1740535200.Wed.Feb.26_02_00_00.GMT.2025.CACO04.c2.bright.jpg,c2,1740535200,2025-02-26T02:00:00+00:00,0.0,0.3666550794769426,12.82051282051282,1.0000351051879084,0.001110600490196,0.0,adcp linear at epoch+300s
1740537000.Wed.Feb.26_02_30_00.GMT.2025.CACO04.c2.bright.jpg,c2,1740537000,2025-02-26T02:30:00+00:00,30.0,0.4525840007315335,11.661807580174926,1.000127655228758,0.0048508986928104,0.0,adcp linear at epoch+300s
1740538800.Wed.Feb.26_03_00_00.GMT.2025.CACO04.c2.bright.jpg,c2,1740538800,2025-02-26T03:00:00+00:00,0.0,0.5205901488868554,11.661807580174926,1.0001914828431373,0.0029807495915032,0.0,adcp linear at epoch+300s
1740569400.Wed.Feb.26_11_30_00.GMT.2025.CACO04.c2.bright.jpg,c2,1740569400,2025-02-26T11:30:00+00:00,30.0,0.47381282316093565,11.661807580174926,212.6472917943219,270.3355924396188,0.3861288585346747,adcp linear at epoch+300s
1740571200.Wed.Feb.26_12_00_00.GMT.2025.CACO04.c2.bright.jpg,c2,1740571200,2025-02-26T12:00:00+00:00,0.0,0.5572282692346021,11.661807580174926,159.95066763684642,325.8312501276292,0.0163582286847323,adcp linear at epoch+300s
1740573000.Wed.Feb.26_12_30_00.GMT.2025.CACO04.c2.bright.jpg,c2,1740573000,2025-02-26T12:30:00+00:00,30.0,0.63886107380168,3.389830508474576,155.63482945261438,326.28479460050727,0.0060463636141098,adcp linear at epoch+300s
1740574800.Wed.Feb.26_13_00_00.GMT.2025.CACO04.c2.bright.jpg,c2,1740574800,2025-02-26T13:00:00+00:00,0.0,0.707769141204366,3.389830508474576,154.90634255004085,248.47391001504664,0.0036596411348559,adcp linear at epoch+300s
1740576600.Wed.Feb.26_13_30_00.GMT.2025.CACO04.c2.bright.jpg,c2,1740576600,2025-02-26T13:30:00+00:00,30.0,0.7130535227850918,3.902439024390244,153.39955448325162,237.93256853552512,0.004081907419647,adcp linear at epoch+300s
1740578400.Wed.Feb.26_14_00_00.GMT.2025.CACO04.c2.bright.jpg,c2,1740578400,2025-02-26T14:00:00+00:00,0.0,0.7171350879165876,3.902439024390244,155.05262905943627,202.99873210618017,0.010672933343125,adcp linear at epoch+300s
1740580200.Wed.Feb.26_14_30_00.GMT.2025.CACO04.c2.bright.jpg,c2,1740580200,2025-02-26T14:30:00+00:00,30.0,0.7152025708019326,11.661807580174926,153.50335414113562,192.5665724480991,0.0132371300580157,adcp linear at epoch+300s
1740582000.Wed.Feb.26_15_00_00.GMT.2025.CACO04.c2.bright.jpg,c2,1740582000,2025-02-26T15:00:00+00:00,0.0,0.7148924436199164,11.661807580174926,153.9315576491013,188.2407319629669,0.0112359550561797,adcp linear at epoch+300s
1740583800.Wed.Feb.26_15_30_00.GMT.2025.CACO04.c2.bright.jpg,c2,1740583800,2025-02-26T15:30:00+00:00,30.0,0.7226942661010946,4.950495049504951,153.83106107026143,172.0967007961352,0.0175515899243592,adcp linear at epoch+300s
1740585600.Wed.Feb.26_16_00_00.GMT.2025.CACO04.c2.bright.jpg,c2,1740585600,2025-02-26T16:00:00+00:00,0.0,0.723581699760958,4.950495049504951,152.8659428615196,168.74932239331545,0.0157156495557024,adcp linear at epoch+300s
1740587400.Wed.Feb.26_16_30_00.GMT.2025.CACO04.c2.bright.jpg,c2,1740587400,2025-02-26T16:30:00+00:00,30.0,0.6898971893142486,4.950495049504951,152.6695165696487,144.15900337931856,0.0100670730214682,adcp linear at epoch+300s
1740589200.Wed.Feb.26_17_00_00.GMT.2025.CACO04.c2.bright.jpg,c2,1740589200,2025-02-26T17:00:00+00:00,0.0,0.6483646059563671,4.950495049504951,152.73394735498366,149.9826068488601,0.0068541773763188,adcp linear at epoch+300s
1740591000.Wed.Feb.26_17_30_00.GMT.2025.CACO04.c2.bright.jpg,c2,1740591000,2025-02-26T17:30:00+00:00,30.0,0.567591658042626,5.148005148005149,155.26411866830065,150.9857600701401,0.0631135100731928,adcp linear at epoch+300s
1740592800.Wed.Feb.26_18_00_00.GMT.2025.CACO04.c2.bright.jpg,c2,1740592800,2025-02-26T18:00:00+00:00,0.0,0.4903259186031729,5.148005148005149,155.68397033292484,172.17915305515248,0.0573180583094661,adcp linear at epoch+300s
1740594600.Wed.Feb.26_18_30_00.GMT.2025.CACO04.c2.bright.jpg,c2,1740594600,2025-02-26T18:30:00+00:00,30.0,0.4305962215351594,11.661807580174926,155.7841094771242,170.99983364928005,0.0788169200264375,adcp linear at epoch+300s
1740596400.Wed.Feb.26_19_00_00.GMT.2025.CACO04.c2.bright.jpg,c2,1740596400,2025-02-26T19:00:00+00:00,0.0,0.3760591047973325,11.661807580174926,151.60245289522058,225.6709605530309,0.0826601551981591,adcp linear at epoch+300s
1740598200.Wed.Feb.26_19_30_00.GMT.2025.CACO04.c2.bright.jpg,c2,1740598200,2025-02-26T19:30:00+00:00,30.0,0.3474848897104387,10.6951871657754,145.14110689848857,236.7307463365584,0.0904751413674083,adcp linear at epoch+300s
1740600000.Wed.Feb.26_20_00_00.GMT.2025.CACO04.c2.bright.jpg,c2,1740600000,2025-02-26T20:00:00+00:00,0.0,0.32158354618147084,10.6951871657754,136.10678679023692,277.88588475016894,0.1065763384005287,adcp linear at epoch+300s
1740601800.Wed.Feb.26_20_30_00.GMT.2025.CACO04.c2.bright.jpg,c2,1740601800,2025-02-26T20:30:00+00:00,30.0,0.3090465604421323,11.661807580174926,131.41777088439542,286.78604986812354,0.1265207706053707,adcp linear at epoch+300s
1740603600.Wed.Feb.26_21_00_00.GMT.2025.CACO04.c2.bright.jpg,c2,1740603600,2025-02-26T21:00:00+00:00,0.0,0.29791373889614575,11.661807580174926,125.46722771139706,334.33783569092105,0.1650082005336466,adcp linear at epoch+300s
1740605400.Wed.Feb.26_21_30_00.GMT.2025.CACO04.c2.bright.jpg,c2,1740605400,2025-02-26T21:30:00+00:00,30.0,0.2938017383169189,11.661807580174926,120.10844311683006,316.4306519618074,0.1337849746640229,adcp linear at epoch+300s
1740607200.Wed.Feb.26_22_00_00.GMT.2025.CACO04.c2.bright.jpg,c2,1740607200,2025-02-26T22:00:00+00:00,0.0,0.2915813138433278,11.661807580174926,116.27775224673202,179.87622935026718,0.0350175026315145,adcp linear at epoch+300s
1740609000.Wed.Feb.26_22_30_00.GMT.2025.CACO04.c2.bright.jpg,c2,1740609000,2025-02-26T22:30:00+00:00,30.0,0.2988187698979154,11.661807580174926,60.913765701593135,12.99181821255739,0.0,adcp linear at epoch+300s
1740610800.Wed.Feb.26_23_00_00.GMT.2025.CACO04.c2.bright.jpg,c2,1740610800,2025-02-26T23:00:00+00:00,0.0,0.3171969901736639,11.661807580174926,1.0188099979575165,0.1664177363632512,0.0,adcp linear at epoch+300s
1740612600.Wed.Feb.26_23_30_00.GMT.2025.CACO04.c2.bright.jpg,c2,1740612600,2025-02-26T23:30:00+00:00,30.0,0.3912790315552168,9.876543209876544,1.0000063827614378,0.0001276552287581,0.0,adcp linear at epoch+300s
1740614400.Thu.Feb.27_00_00_00.GMT.2025.CACO04.c2.bright.jpg,c2,1740614400,2025-02-27T00:00:00+00:00,0.0,0.44686598506871744,9.876543209876544,1.0000191482843137,0.0004084967320261,0.0,adcp linear at epoch+300s
1740616200.Thu.Feb.27_00_30_00.GMT.2025.CACO04.c2.bright.jpg,c2,1740616200,2025-02-27T00:30:00+00:00,30.0,0.40997749924195653,9.876543209876544,1.001592498978758,0.0316967933006535,0.0,adcp linear at epoch+300s
1740618000.Thu.Feb.27_01_00_00.GMT.2025.CACO04.c2.bright.jpg,c2,1740618000,2025-02-27T01:00:00+00:00,0.0,0.3876181969918773,9.876543209876544,1.0039349724264706,0.0993795955882353,0.0,adcp linear at epoch+300s
1740619800.Thu.Feb.27_01_30_00.GMT.2025.CACO04.c2.bright.jpg,c2,1740619800,2025-02-27T01:30:00+00:00,30.0,0.4379048126252066,8.032128514056225,1.000280841503268,0.0022020526960784,0.0,adcp linear at epoch+300s
1740621600.Thu.Feb.27_02_00_00.GMT.2025.CACO04.c2.bright.jpg,c2,1740621600,2025-02-27T02:00:00+00:00,0.0,0.48207077046963687,8.032128514056225,1.0000542534722223,0.0022594975490196,0.0,adcp linear at epoch+300s
1740623400.Thu.Feb.27_02_30_00.GMT.2025.CACO04.c2.bright.jpg,c2,1740623400,2025-02-27T02:30:00+00:00,30.0,0.4956334393695721,8.032128514056225,1.0000191482843137,0.0003191380718954,0.0,adcp linear at epoch+300s
1740625200.Thu.Feb.27_03_00_00.GMT.2025.CACO04.c2.bright.jpg,c2,1740625200,2025-02-27T03:00:00+00:00,0.0,0.5158459702398477,8.032128514056225,1.0000063827614378,0.0001276552287581,0.0,adcp linear at epoch+300s
1740655800.Thu.Feb.27_11_30_00.GMT.2025.CACO04.c2.bright.jpg,c2,1740655800,2025-02-27T11:30:00+00:00,30.0,0.9105148506643665,10.6951871657754,101.79538143382354,22.71368845046175,0.0,adcp linear at epoch+300s
1740657600.Thu.Feb.27_12_00_00.GMT.2025.CACO04.c2.bright.jpg,c2,1740657600,2025-02-27T12:00:00+00:00,0.0,0.9555937920443993,10.6951871657754,176.61520565257354,69.45237794297839,0.2728390981860909,adcp linear at epoch+300s
1740659400.Thu.Feb.27_12_30_00.GMT.2025.CACO04.c2.bright.jpg,c2,1740659400,2025-02-27T12:30:00+00:00,30.0,0.9807784776396772,10.6951871657754,123.6722292432598,22.114777993614048,0.0,adcp linear at epoch+300s
1740661200.Thu.Feb.27_13_00_00.GMT.2025.CACO04.c2.bright.jpg,c2,1740661200,2025-02-27T13:00:00+00:00,0.0,1.018339313722018,10.6951871657754,189.76852915645424,82.33840526247724,0.2855560451396539,adcp linear at epoch+300s
1740663000.Thu.Feb.27_13_30_00.GMT.2025.CACO04.c2.bright.jpg,c2,1740663000,2025-02-27T13:30:00+00:00,30.0,1.1177809022396743,10.6951871657754,163.37066610498366,72.6105137411444,0.0720300604636361,adcp linear at epoch+300s
1740664800.Thu.Feb.27_14_00_00.GMT.2025.CACO04.c2.bright.jpg,c2,1740664800,2025-02-27T14:00:00+00:00,0.0,1.19456422655795,10.6951871657754,170.8400639552696,65.78240798272246,0.2035262294680668,adcp linear at epoch+300s
1740666600.Thu.Feb.27_14_30_00.GMT.2025.CACO04.c2.bright.jpg,c2,1740666600,2025-02-27T14:30:00+00:00,30.0,1.1580562298793242,10.6951871657754,190.2047653696896,96.5856031109203,0.3925424102225159,adcp linear at epoch+300s
1740668400.Thu.Feb.27_15_00_00.GMT.2025.CACO04.c2.bright.jpg,c2,1740668400,2025-02-27T15:00:00+00:00,0.0,1.137737986992761,10.6951871657754,178.6012082567402,66.18253409716365,0.3168159898166507,adcp linear at epoch+300s
1740670200.Thu.Feb.27_15_30_00.GMT.2025.CACO04.c2.bright.jpg,c2,1740670200,2025-02-27T15:30:00+00:00,30.0,1.198368513066513,10.6951871657754,188.3890931372549,74.9781068476126,0.3700215417003256,adcp linear at epoch+300s
1740672000.Thu.Feb.27_16_00_00.GMT.2025.CACO04.c2.bright.jpg,c2,1740672000,2025-02-27T16:00:00+00:00,0.0,1.270390516832838,10.6951871657754,178.78923802593954,74.81482323895831,0.2773616312942155,adcp linear at epoch+300s
1740673800.Thu.Feb.27_16_30_00.GMT.2025.CACO04.c2.bright.jpg,c2,1740673800,2025-02-27T16:30:00+00:00,30.0,1.3993699090620295,11.661807580174926,184.1833129084968,78.98584541081212,0.3445937675944285,adcp linear at epoch+300s
1740675600.Thu.Feb.27_17_00_00.GMT.2025.CACO04.c2.bright.jpg,c2,1740675600,2025-02-27T17:00:00+00:00,0.0,1.5123774549957016,11.661807580174926,204.68528837316177,128.752685275549,0.3194291449413723,adcp linear at epoch+300s
1740677400.Thu.Feb.27_17_30_00.GMT.2025.CACO04.c2.bright.jpg,c2,1740677400,2025-02-27T17:30:00+00:00,30.0,1.5455257694517752,5.847953216374269,177.87794245302288,93.67478825979887,0.2584330860933637,adcp linear at epoch+300s
1740679200.Thu.Feb.27_18_00_00.GMT.2025.CACO04.c2.bright.jpg,c2,1740679200,2025-02-27T18:00:00+00:00,0.0,1.5792943987644752,5.847953216374269,179.2857753778595,45.85404514633937,0.2320751022006805,adcp linear at epoch+300s
1740681000.Thu.Feb.27_18_30_00.GMT.2025.CACO04.c2.bright.jpg,c2,1740681000,2025-02-27T18:30:00+00:00,30.0,1.6161646023603056,5.847953216374269,239.8002642463236,113.64868891459666,0.7068309221316491,adcp linear at epoch+300s
1740682800.Thu.Feb.27_19_00_00.GMT.2025.CACO04.c2.bright.jpg,c2,1740682800,2025-02-27T19:00:00+00:00,0.0,1.6403929400293942,5.847953216374269,212.6224277471405,59.8609639083088,0.2975386159457541,adcp linear at epoch+300s
1740684600.Thu.Feb.27_19_30_00.GMT.2025.CACO04.c2.bright.jpg,c2,1740684600,2025-02-27T19:30:00+00:00,30.0,1.6014119480647717,6.125574272588055,169.26174108966504,44.501483448557295,0.0058260507698709,adcp linear at epoch+300s
1740686400.Thu.Feb.27_20_00_00.GMT.2025.CACO04.c2.bright.jpg,c2,1740686400,2025-02-27T20:00:00+00:00,0.0,1.5757920084340453,6.125574272588055,184.0690231821896,62.90590532501584,0.1976756994932804,adcp linear at epoch+300s
1740688200.Thu.Feb.27_20_30_00.GMT.2025.CACO04.c2.bright.jpg,c2,1740688200,2025-02-27T20:30:00+00:00,30.0,1.6169773304727986,6.430868167202571,170.52190882863562,41.66857496567389,0.0096264473329906,adcp linear at epoch+300s
1740690000.Thu.Feb.27_21_00_00.GMT.2025.CACO04.c2.bright.jpg,c2,1740690000,2025-02-27T21:00:00+00:00,0.0,1.6291806618476339,6.430868167202571,172.3034747753268,50.286464709209774,0.0475630951506695,adcp linear at epoch+300s
1740691800.Thu.Feb.27_21_30_00.GMT.2025.CACO04.c2.bright.jpg,c2,1740691800,2025-02-27T21:30:00+00:00,30.0,1.4964740399028809,6.768189509306261,159.29738881229576,48.62147352201397,0.0,adcp linear at epoch+300s
1740693600.Thu.Feb.27_22_00_00.GMT.2025.CACO04.c2.bright.jpg,c2,1740693600,2025-02-27T22:00:00+00:00,0.0,1.3800711636025758,6.768189509306261,106.53624131944444,21.30058303957508,0.0,adcp linear at epoch+300s
1740695400.Thu.Feb.27_22_30_00.GMT.2025.CACO04.c2.bright.jpg,c2,1740695400,2025-02-27T22:30:00+00:00,30.0,1.3451870155245096,9.876543209876544,22.36091643688725,2.591950008475932,0.0,adcp linear at epoch+300s
1740697200.Thu.Feb.27_23_00_00.GMT.2025.CACO04.c2.bright.jpg,c2,1740697200,2025-02-27T23:00:00+00:00,0.0,1.3046784782121523,9.876543209876544,1.000012765522876,0.0002553104575163,0.0,adcp linear at epoch+300s
1740699000.Thu.Feb.27_23_30_00.GMT.2025.CACO04.c2.bright.jpg,c2,1740699000,2025-02-27T23:30:00+00:00,30.0,1.2360479947283403,8.032128514056225,1.0000351051879084,0.0008042279411764,0.0,adcp linear at epoch+300s
1740700800.Fri.Feb.28_00_00_00.GMT.2025.CACO04.c2.bright.jpg,c2,1740700800,2025-02-28T00:00:00+00:00,0.0,1.177853642212406,8.032128514056225,1.0000957414215683,0.0054317299836601,0.0,adcp linear at epoch+300s
1740702600.Fri.Feb.28_00_30_00.GMT.2025.CACO04.c2.bright.jpg,c2,1740702600,2025-02-28T00:30:00+00:00,30.0,1.1718399445358603,9.174311926605505,1.0000287224264706,0.0009318831699346,0.0,adcp linear at epoch+300s
1740704400.Fri.Feb.28_01_00_00.GMT.2025.CACO04.c2.bright.jpg,c2,1740704400,2025-02-28T01:00:00+00:00,0.0,1.1661257405853844,9.174311926605505,1.0000095741421569,0.0001914828431372,0.0,adcp linear at epoch+300s
1740706200.Fri.Feb.28_01_30_00.GMT.2025.CACO04.c2.bright.jpg,c2,1740706200,2025-02-28T01:30:00+00:00,30.0,1.1619090052652579,9.174311926605505,1.0000542534722223,0.0016339869281045,0.0,adcp linear at epoch+300s
1740708000.Fri.Feb.28_02_00_00.GMT.2025.CACO04.c2.bright.jpg,c2,1740708000,2025-02-28T02:00:00+00:00,0.0,1.1645625659893348,9.174311926605505,1.000012765522876,0.0003829656862745,0.0,adcp linear at epoch+300s
1740709800.Fri.Feb.28_02_30_00.GMT.2025.CACO04.c2.bright.jpg,c2,1740709800,2025-02-28T02:30:00+00:00,30.0,1.2015676069344294,8.032128514056225,1.0000638276143792,0.0018510008169934,0.0,adcp linear at epoch+300s
1740711600.Fri.Feb.28_03_00_00.GMT.2025.CACO04.c2.bright.jpg,c2,1740711600,2025-02-28T03:00:00+00:00,0.0,1.22996412506303,8.032128514056225,1.0000446793300657,0.0016850490196078,0.0,adcp linear at epoch+300s
1740742200.Fri.Feb.28_11_30_00.GMT.2025.CACO04.c2.bright.jpg,c2,1740742200,2025-02-28T11:30:00+00:00,30.0,0.8780020064380675,9.876543209876544,224.91522097120097,257.64568674781805,0.6095995202075837,adcp linear at epoch+300s
1740744000.Fri.Feb.28_12_00_00.GMT.2025.CACO04.c2.bright.jpg,c2,1740744000,2025-02-28T12:00:00+00:00,0.0,0.8287603622112254,9.876543209876544,155.55770335477942,280.01842064885795,0.0004712246946219,adcp linear at epoch+300s
1740745800.Fri.Feb.28_12_30_00.GMT.2025.CACO04.c2.bright.jpg,c2,1740745800,2025-02-28T12:30:00+00:00,30.0,0.8225895267400877,9.876543209876544,163.55519173815358,267.4693035036268,0.0040145896061295,adcp linear at epoch+300s
1740747600.Fri.Feb.28_13_00_00.GMT.2025.CACO04.c2.bright.jpg,c2,1740747600,2025-02-28T13:00:00+00:00,0.0,0.8212148737352626,9.876543209876544,167.90614468443627,210.0677221257295,0.0525323737485006,adcp linear at epoch+300s
1740749400.Fri.Feb.28_13_30_00.GMT.2025.CACO04.c2.bright.jpg,c2,1740749400,2025-02-28T13:30:00+00:00,30.0,0.8438211330620013,9.876543209876544,165.1739589716095,180.6729419946905,0.0860444052777165,adcp linear at epoch+300s
1740751200.Fri.Feb.28_14_00_00.GMT.2025.CACO04.c2.bright.jpg,c2,1740751200,2025-02-28T14:00:00+00:00,0.0,0.8572646189379511,9.876543209876544,165.7969962724673,160.41125888666392,0.1058174830481506,adcp linear at epoch+300s
1740753000.Fri.Feb.28_14_30_00.GMT.2025.CACO04.c2.bright.jpg,c2,1740753000,2025-02-28T14:30:00+00:00,30.0,0.8248942375599565,8.565310492505352,164.5164005055147,171.8559233633466,0.1034858387799564,adcp linear at epoch+300s
1740754800.Fri.Feb.28_15_00_00.GMT.2025.CACO04.c2.bright.jpg,c2,1740754800,2025-02-28T15:00:00+00:00,0.0,0.8034971047689855,8.565310492505352,167.5761910232843,184.5496739154339,0.1305292404102714,adcp linear at epoch+300s
1740756600.Fri.Feb.28_15_30_00.GMT.2025.CACO04.c2.bright.jpg,c2,1740756600,2025-02-28T15:30:00+00:00,30.0,0.8369662149131334,9.876543209876544,172.61362591911765,196.3335386428856,0.1924432694426085,adcp linear at epoch+300s
1740758400.Fri.Feb.28_16_00_00.GMT.2025.CACO04.c2.bright.jpg,c2,1740758400,2025-02-28T16:00:00+00:00,0.0,0.8671609230621377,9.876543209876544,169.38868464052288,193.74917126467813,0.142964676507307,adcp linear at epoch+300s
1740760200.Fri.Feb.28_16_30_00.GMT.2025.CACO04.c2.bright.jpg,c2,1740760200,2025-02-28T16:30:00+00:00,30.0,0.8809836212354243,9.174311926605505,170.21197150735293,188.44956876790687,0.1688942743139702,adcp linear at epoch+300s
1740762000.Fri.Feb.28_17_00_00.GMT.2025.CACO04.c2.bright.jpg,c2,1740762000,2025-02-28T17:00:00+00:00,0.0,0.8931955365247728,9.174311926605505,154.81480417687908,148.22873147071016,0.1031064111037673,adcp linear at epoch+300s
1740763800.Fri.Feb.28_17_30_00.GMT.2025.CACO04.c2.bright.jpg,c2,1740763800,2025-02-28T17:30:00+00:00,30.0,0.8973535373944298,9.174311926605505,165.61197278390523,150.10963093361113,0.1537967246823823,adcp linear at epoch+300s
1740765600.Fri.Feb.28_18_00_00.GMT.2025.CACO04.c2.bright.jpg,c2,1740765600,2025-02-28T18:00:00+00:00,0.0,0.9058060409847719,9.174311926605505,161.64496527777777,149.6529045723306,0.1561773273604073,adcp linear at epoch+300s
1740767400.Fri.Feb.28_18_30_00.GMT.2025.CACO04.c2.bright.jpg,c2,1740767400,2025-02-28T18:30:00+00:00,30.0,0.9357310581785391,10.6951871657754,158.6231968698938,151.50451201248606,0.1397028224523267,adcp linear at epoch+300s
1740769200.Fri.Feb.28_19_00_00.GMT.2025.CACO04.c2.bright.jpg,c2,1740769200,2025-02-28T19:00:00+00:00,0.0,0.9511781905261791,10.6951871657754,156.25692210477942,174.4473479900383,0.1841081001689065,adcp linear at epoch+300s
1740771000.Fri.Feb.28_19_30_00.GMT.2025.CACO04.c2.bright.jpg,c2,1740771000,2025-02-28T19:30:00+00:00,30.0,0.8942358986431838,9.174311926605505,154.62380642361111,213.38296636189057,0.2341129960098896,adcp linear at epoch+300s
1740772800.Fri.Feb.28_20_00_00.GMT.2025.CACO04.c2.bright.jpg,c2,1740772800,2025-02-28T20:00:00+00:00,0.0,0.8301889685592939,9.174311926605505,144.44255833843954,209.39427099406552,0.2331889060243323,adcp linear at epoch+300s
1740774600.Fri.Feb.28_20_30_00.GMT.2025.CACO04.c2.bright.jpg,c2,1740774600,2025-02-28T20:30:00+00:00,30.0,0.7306188474709315,9.876543209876544,137.09180006638073,236.990608708078,0.2180668771878289,adcp linear at epoch+300s
1740776400.Fri.Feb.28_21_00_00.GMT.2025.CACO04.c2.bright.jpg,c2,1740776400,2025-02-28T21:00:00+00:00,0.0,0.6540313648968559,9.876543209876544,131.97040951797385,289.7881266729779,0.238855841962253,adcp linear at epoch+300s
1740778200.Fri.Feb.28_21_30_00.GMT.2025.CACO04.c2.bright.jpg,c2,1740778200,2025-02-28T21:30:00+00:00,30.0,0.6923570748942133,9.174311926605505,122.61620136335785,298.362903633103,0.152829796088223,adcp linear at epoch+300s
1740780000.Fri.Feb.28_22_00_00.GMT.2025.CACO04.c2.bright.jpg,c2,1740780000,2025-02-28T22:00:00+00:00,0.0,0.729063603545764,9.174311926605505,123.146484375,139.92593153198607,0.0135737191256028,adcp linear at epoch+300s
1740781800.Fri.Feb.28_22_30_00.GMT.2025.CACO04.c2.bright.jpg,c2,1740781800,2025-02-28T22:30:00+00:00,30.0,0.757674225468282,9.876543209876544,59.27771714154412,13.028394559033789,0.0,adcp linear at epoch+300s
1740783600.Fri.Feb.28_23_00_00.GMT.2025.CACO04.c2.bright.jpg,c2,1740783600,2025-02-28T23:00:00+00:00,0.0,0.7934753733696719,9.876543209876544,1.0501365910947713,0.6949646350100888,0.0,adcp linear at epoch+300s
1740785400.Fri.Feb.28_23_30_00.GMT.2025.CACO04.c2.bright.jpg,c2,1740785400,2025-02-28T23:30:00+00:00,30.0,0.8652291511654221,9.174311926605505,1.0043019812091505,0.3063023386437908,0.0,adcp linear at epoch+300s
1740787200.Sat.Mar.01_00_00_00.GMT.2025.CACO04.c2.bright.jpg,c2,1740787200,2025-03-01T00:00:00+00:00,0.0,0.9219449475466267,9.174311926605505,1.0104198580473855,1.1228809232026145,0.0,adcp linear at epoch+300s
1740789000.Sat.Mar.01_00_30_00.GMT.2025.CACO04.c2.bright.jpg,c2,1740789000,2025-03-01T00:30:00+00:00,30.0,0.9034708368551034,6.125574272588055,1.006979549632353,0.8814657373366013,0.0,adcp linear at epoch+300s
1740790800.Sat.Mar.01_01_00_00.GMT.2025.CACO04.c2.bright.jpg,c2,1740790800,2025-03-01T01:00:00+00:00,0.0,0.892847186622377,6.125574272588055,1.0017169628267977,0.1910488153594771,0.0,adcp linear at epoch+300s
1740792600.Sat.Mar.01_01_30_00.GMT.2025.CACO04.c2.bright.jpg,c2,1740792600,2025-03-01T01:30:00+00:00,30.0,0.9214758386836351,8.032128514056225,1.0036030688316993,0.2580678104575163,0.0,adcp linear at epoch+300s
1740794400.Sat.Mar.01_02_00_00.GMT.2025.CACO04.c2.bright.jpg,c2,1740794400,2025-03-01T02:00:00+00:00,0.0,0.9454485517996227,8.032128514056225,1.0020456750408495,0.0881267871732026,0.0,adcp linear at epoch+300s
1740796200.Sat.Mar.01_02_30_00.GMT.2025.CACO04.c2.bright.jpg,c2,1740796200,2025-03-01T02:30:00+00:00,30.0,0.9461415701892574,8.565310492505352,1.0040530535130718,0.2983302696078431,0.0,adcp linear at epoch+300s
1740798000.Sat.Mar.01_03_00_00.GMT.2025.CACO04.c2.bright.jpg,c2,1740798000,2025-03-01T03:00:00+00:00,0.0,0.9585807737141009,8.565310492505352,1.0076146343954249,0.4773858762254901,0.0,adcp linear at epoch+300s
1740828600.Sat.Mar.01_11_30_00.GMT.2025.CACO04.c2.bright.jpg,c2,1740828600,2025-03-01T11:30:00+00:00,30.0,0.9925731653113932,4.439511653718091,173.36375676572712,74.44769253849529,0.1516303150473672,adcp linear at epoch+300s
1740830400.Sat.Mar.01_12_00_00.GMT.2025.CACO04.c2.bright.jpg,c2,1740830400,2025-03-01T12:00:00+00:00,0.0,1.091196185126047,4.439511653718091,183.51834086499184,67.8285294309869,0.0879843822672639,adcp linear at epoch+300s
1740832200.Sat.Mar.01_12_30_00.GMT.2025.CACO04.c2.bright.jpg,c2,1740832200,2025-03-01T12:30:00+00:00,30.0,1.0513917387141616,4.950495049504951,183.4361085580065,83.9904687405549,0.0613816063254265,adcp linear at epoch+300s
1740834000.Sat.Mar.01_13_00_00.GMT.2025.CACO04.c2.bright.jpg,c2,1740834000,2025-03-01T13:00:00+00:00,0.0,1.0273564329029252,4.950495049504951,185.5897097120098,231.1361126729122,0.0419022790139776,adcp linear at epoch+300s
1740835800.Sat.Mar.01_13_30_00.GMT.2025.CACO04.c2.bright.jpg,c2,1740835800,2025-03-01T13:30:00+00:00,30.0,1.0821668300949352,4.767580452920143,168.72459980085785,192.3417083581432,0.0063278744706371,adcp linear at epoch+300s
1740837600.Sat.Mar.01_14_00_00.GMT.2025.CACO04.c2.bright.jpg,c2,1740837600,2025-03-01T14:00:00+00:00,0.0,1.1464938557958595,4.767580452920143,173.56852213541666,144.26580392777103,0.0257460037697975,adcp linear at epoch+300s
1740839400.Sat.Mar.01_14_30_00.GMT.2025.CACO04.c2.bright.jpg,c2,1740839400,2025-03-01T14:30:00+00:00,30.0,1.2584040240413545,5.361930294906166,173.75472643484477,207.87201940485247,0.118724143839808,adcp linear at epoch+300s
1740841200.Sat.Mar.01_15_00_00.GMT.2025.CACO04.c2.bright.jpg,c2,1740841200,2025-03-01T15:00:00+00:00,0.0,1.3610061373508262,5.361930294906166,170.25256906147877,177.62571566491607,0.1204376881838877,adcp linear at epoch+300s
1740843000.Sat.Mar.01_15_30_00.GMT.2025.CACO04.c2.bright.jpg,c2,1740843000,2025-03-01T15:30:00+00:00,30.0,1.4170679759801816,5.594405594405594,171.29357192095588,210.85072078099444,0.1282465545519081,adcp linear at epoch+300s
1740844800.Sat.Mar.01_16_00_00.GMT.2025.CACO04.c2.bright.jpg,c2,1740844800,2025-03-01T16:00:00+00:00,0.0,1.4626746195375309,5.594405594405594,174.0910851970997,165.05712596923746,0.2044931580622261,adcp linear at epoch+300s
1740846600.Sat.Mar.01_16_30_00.GMT.2025.CACO04.c2.bright.jpg,c2,1740846600,2025-03-01T16:30:00+00:00,30.0,1.4560052877348497,6.125574272588055,182.50352647569449,197.60813403248747,0.2297801767398594,adcp linear at epoch+300s
1740848400.Sat.Mar.01_17_00_00.GMT.2025.CACO04.c2.bright.jpg,c2,1740848400,2025-03-01T17:00:00+00:00,0.0,1.4532736538651045,6.125574272588055,166.32602826286765,183.3691682621224,0.1605835842451837,adcp linear at epoch+300s
1740850200.Sat.Mar.01_17_30_00.GMT.2025.CACO04.c2.bright.jpg,c2,1740850200,2025-03-01T17:30:00+00:00,30.0,1.4702305096600388,6.768189509306261,169.09277662888073,131.41157856286577,0.24004920320188,adcp linear at epoch+300s
1740852000.Sat.Mar.01_18_00_00.GMT.2025.CACO04.c2.bright.jpg,c2,1740852000,2025-03-01T18:00:00+00:00,0.0,1.4858889387769791,6.768189509306261,168.0894735498366,143.13173937460422,0.2389292795769993,adcp linear at epoch+300s
1740853800.Sat.Mar.01_18_30_00.GMT.2025.CACO04.c2.bright.jpg,c2,1740853800,2025-03-01T18:30:00+00:00,30.0,1.4950552345039512,6.768189509306261,158.81601690155227,130.90292138818887,0.2105640008812513,adcp linear at epoch+300s
1740855600.Sat.Mar.01_19_00_00.GMT.2025.CACO04.c2.bright.jpg,c2,1740855600,2025-03-01T19:00:00+00:00,0.0,1.4950681473447773,6.768189509306261,167.981161279616,85.9808804002147,0.2154047636532765,adcp linear at epoch+300s
1740857400.Sat.Mar.01_19_30_00.GMT.2025.CACO04.c2.bright.jpg,c2,1740857400,2025-03-01T19:30:00+00:00,30.0,1.4493141457548755,7.142857142857142,179.58349928513073,76.28362009344924,0.2944664757288683,adcp linear at epoch+300s
1740859200.Sat.Mar.01_20_00_00.GMT.2025.CACO04.c2.bright.jpg,c2,1740859200,2025-03-01T20:00:00+00:00,0.0,1.3936501314126402,7.142857142857142,167.9324671926062,89.75125024539604,0.1830738537612298,adcp linear at epoch+300s
1740861000.Sat.Mar.01_20_30_00.GMT.2025.CACO04.c2.bright.jpg,c2,1740861000,2025-03-01T20:30:00+00:00,30.0,1.2884360533087382,7.142857142857142,156.57688674428104,51.83986483487382,0.0008751315757264,adcp linear at epoch+300s
1740862800.Sat.Mar.01_21_00_00.GMT.2025.CACO04.c2.bright.jpg,c2,1740862800,2025-03-01T21:00:00+00:00,0.0,1.2064565295178613,7.142857142857142,160.37804138582516,96.49803254442298,0.1678233090989204,adcp linear at epoch+300s
1740864600.Sat.Mar.01_21_30_00.GMT.2025.CACO04.c2.bright.jpg,c2,1740864600,2025-03-01T21:30:00+00:00,30.0,1.2406497772921095,6.768189509306261,144.43223422181373,162.48689842361614,0.1486010134390835,adcp linear at epoch+300s
1740866400.Sat.Mar.01_22_00_00.GMT.2025.CACO04.c2.bright.jpg,c2,1740866400,2025-03-01T22:00:00+00:00,0.0,1.2564047491492425,6.768189509306261,132.97939963745915,61.165607250812826,6.119801228856087e-06,adcp linear at epoch+300s
1740868200.Sat.Mar.01_22_30_00.GMT.2025.CACO04.c2.bright.jpg,c2,1740868200,2025-03-01T22:30:00+00:00,30.0,1.1799683414207984,7.142857142857142,61.883259293300654,11.777579908099236,0.0,adcp linear at epoch+300s
1740870000.Sat.Mar.01_23_00_00.GMT.2025.CACO04.c2.bright.jpg,c2,1740870000,2025-03-01T23:00:00+00:00,0.0,1.098529247834187,7.142857142857142,1.2345760569852942,0.4901641644612249,0.0,adcp linear at epoch+300s
1740871800.Sat.Mar.01_23_30_00.GMT.2025.CACO04.c2.bright.jpg,c2,1740871800,2025-03-01T23:30:00+00:00,30.0,0.9920767249567402,7.561436672967865,1.000012765522876,0.0003829656862745,0.0,adcp linear at epoch+300s
1740873600.Sun.Mar.02_00_00_00.GMT.2025.CACO04.c2.bright.jpg,c2,1740873600,2025-03-02T00:00:00+00:00,0.0,0.9136058707546637,7.561436672967865,1.0001882914624185,0.0289968852124183,0.0,adcp linear at epoch+300s
1740875400.Sun.Mar.02_00_30_00.GMT.2025.CACO04.c2.bright.jpg,c2,1740875400,2025-03-02T00:30:00+00:00,30.0,0.9750433599294398,4.291845493562232,1.000003191380719,6.382761437908497e-05,0.0,adcp linear at epoch+300s
1740877200.Sun.Mar.02_01_00_00.GMT.2025.CACO04.c2.bright.jpg,c2,1740877200,2025-03-02T01:00:00+00:00,0.0,1.0217775889050196,4.291845493562232,1.000194674223856,0.0025211907679738,0.0,adcp linear at epoch+300s
1740879000.Sun.Mar.02_01_30_00.GMT.2025.CACO04.c2.bright.jpg,c2,1740879000,2025-03-02T01:30:00+00:00,30.0,0.9949955168846188,6.430868167202571,1.0000542534722223,0.0023616217320261,0.0,adcp linear at epoch+300s
1740880800.Sun.Mar.02_02_00_00.GMT.2025.CACO04.c2.bright.jpg,c2,1740880800,2025-03-02T02:00:00+00:00,0.0,0.9829932543507542,6.430868167202571,1.0000191482843137,0.0004084967320261,0.0,adcp linear at epoch+300s
1740882600.Sun.Mar.02_02_30_00.GMT.2025.CACO04.c2.bright.jpg,c2,1740882600,2025-03-02T02:30:00+00:00,30.0,1.044890039249571,4.439511653718091,1.0000223396650327,0.0004723243464052,0.0,adcp linear at epoch+300s
1740884400.Sun.Mar.02_03_00_00.GMT.2025.CACO04.c2.bright.jpg,c2,1740884400,2025-03-02T03:00:00+00:00,0.0,1.0921180931705674,4.439511653718091,1.000003191380719,6.382761437908497e-05,0.0,adcp linear at epoch+300s
1740915000.Sun.Mar.02_11_30_00.GMT.2025.CACO04.c2.bright.jpg,c2,1740915000,2025-03-02T11:30:00+00:00,30.0,1.0146179703390017,7.142857142857142,196.40644467422385,70.56261242820644,0.3388044356319307,adcp linear at epoch+300s
1740916800.Sun.Mar.02_12_00_00.GMT.2025.CACO04.c2.bright.jpg,c2,1740916800,2025-03-02T12:00:00+00:00,0.0,1.1045850138491553,7.142857142857142,166.30244395935458,76.85066810079559,0.0348522679983354,adcp linear at epoch+300s
1740918600.Sun.Mar.02_12_30_00.GMT.2025.CACO04.c2.bright.jpg,c2,1740918600,2025-03-02T12:30:00+00:00,30.0,1.1549697629925517,6.430868167202571,236.3977641186683,213.38340443853704,0.6125676238035789,adcp linear at epoch+300s
1740920400.Sun.Mar.02_13_00_00.GMT.2025.CACO04.c2.bright.jpg,c2,1740920400,2025-03-02T13:00:00+00:00,0.0,1.2045274543310591,6.430868167202571,187.74581929125816,272.6398342606188,0.0359905510269026,adcp linear at epoch+300s
1740922200.Sun.Mar.02_13_30_00.GMT.2025.CACO04.c2.bright.jpg,c2,1740922200,2025-03-02T13:30:00+00:00,30.0,1.2499498566451215,7.142857142857142,169.31023411968954,216.7356584138111,0.0015238305059851,adcp linear at epoch+300s
1740924000.Sun.Mar.02_14_00_00.GMT.2025.CACO04.c2.bright.jpg,c2,1740924000,2025-03-02T14:00:00+00:00,0.0,1.2843201183902822,7.142857142857142,180.77826605902777,231.14984338077497,0.0265538175320065,adcp linear at epoch+300s
1740925800.Sun.Mar.02_14_30_00.GMT.2025.CACO04.c2.bright.jpg,c2,1740925800,2025-03-02T14:30:00+00:00,30.0,1.2634296772909352,7.142857142857142,167.787007250817,197.6689800498904,0.0151526278426476,adcp linear at epoch+300s
1740927600.Sun.Mar.02_15_00_00.GMT.2025.CACO04.c2.bright.jpg,c2,1740927600,2025-03-02T15:00:00+00:00,0.0,1.245218886736052,7.142857142857142,166.0955850439134,181.90113893288148,0.0522631024944309,adcp linear at epoch+300s
1740929400.Sun.Mar.02_15_30_00.GMT.2025.CACO04.c2.bright.jpg,c2,1740929400,2025-03-02T15:30:00+00:00,30.0,1.240406348903486,6.768189509306261,165.4973575367647,145.80858970194606,0.1125798634060365,adcp linear at epoch+300s
1740931200.Sun.Mar.02_16_00_00.GMT.2025.CACO04.c2.bright.jpg,c2,1740931200,2025-03-02T16:00:00+00:00,0.0,1.2256355425081757,6.768189509306261,161.81428717320262,139.45443520672654,0.1005054955815035,adcp linear at epoch+300s
1740933000.Sun.Mar.02_16_30_00.GMT.2025.CACO04.c2.bright.jpg,c2,1740933000,2025-03-02T16:30:00+00:00,30.0,1.161073393299146,6.430868167202571,162.36362591911765,130.95303952199458,0.1137120266333749,adcp linear at epoch+300s
1740934800.Sun.Mar.02_17_00_00.GMT.2025.CACO04.c2.bright.jpg,c2,1740934800,2025-03-02T17:00:00+00:00,0.0,1.1052051203586675,6.430868167202571,158.13376034007354,132.5131526757826,0.0688906024332329,adcp linear at epoch+300s
1740936600.Sun.Mar.02_17_30_00.GMT.2025.CACO04.c2.bright.jpg,c2,1740936600,2025-03-02T17:30:00+00:00,30.0,1.0928062287609461,9.876543209876544,160.33067810457516,129.33454377445784,0.1020354458887175,adcp linear at epoch+300s
1740938400.Sun.Mar.02_18_00_00.GMT.2025.CACO04.c2.bright.jpg,c2,1740938400,2025-03-02T18:00:00+00:00,0.0,1.0730024222632693,9.876543209876544,158.62017144097223,144.5207969551131,0.0935289221806075,adcp linear at epoch+300s
1740940200.Sun.Mar.02_18_30_00.GMT.2025.CACO04.c2.bright.jpg,c2,1740940200,2025-03-02T18:30:00+00:00,30.0,1.0161740412658153,5.594405594405594,161.1698006025327,152.12394918060818,0.1488396856870089,adcp linear at epoch+300s
1740942000.Sun.Mar.02_19_00_00.GMT.2025.CACO04.c2.bright.jpg,c2,1740942000,2025-03-02T19:00:00+00:00,0.0,0.963763102459816,5.594405594405594,156.13018280228758,173.0563665717704,0.139054123522068,adcp linear at epoch+300s
1740943800.Sun.Mar.02_19_30_00.GMT.2025.CACO04.c2.bright.jpg,c2,1740943800,2025-03-02T19:30:00+00:00,30.0,0.9334393746110898,9.876543209876544,149.71359272875816,223.82077639022165,0.1687596386869354,adcp linear at epoch+300s
1740945600.Sun.Mar.02_20_00_00.GMT.2025.CACO04.c2.bright.jpg,c2,1740945600,2025-03-02T20:00:00+00:00,0.0,0.9020791250090522,9.876543209876544,143.05910756229576,215.448034704722,0.1691696653692688,adcp linear at epoch+300s
1740947400.Sun.Mar.02_20_30_00.GMT.2025.CACO04.c2.bright.jpg,c2,1740947400,2025-03-02T20:30:00+00:00,30.0,0.8655362666404575,5.361930294906166,135.14902152267155,277.9042264167642,0.1975410638662456,adcp linear at epoch+300s
1740949200.Sun.Mar.02_21_00_00.GMT.2025.CACO04.c2.bright.jpg,c2,1740949200,2025-03-02T21:00:00+00:00,0.0,0.828026664461307,5.361930294906166,134.29853132659315,294.6787929346288,0.252252086852219,adcp linear at epoch+300s
1740951000.Sun.Mar.02_21_30_00.GMT.2025.CACO04.c2.bright.jpg,c2,1740951000,2025-03-02T21:30:00+00:00,30.0,0.7856833432293776,5.361930294906166,124.52951388888889,271.1111624928358,0.1906318082788671,adcp linear at epoch+300s
1740952800.Sun.Mar.02_22_00_00.GMT.2025.CACO04.c2.bright.jpg,c2,1740952800,2025-03-02T22:00:00+00:00,0.0,0.7403206600110803,5.361930294906166,116.6511310253268,192.5424963426975,0.0332733592812905,adcp linear at epoch+300s
1740954600.Sun.Mar.02_22_30_00.GMT.2025.CACO04.c2.bright.jpg,c2,1740954600,2025-03-02T22:30:00+00:00,30.0,0.6798611668609434,9.876543209876544,103.03539560355392,34.62212102223433,0.0,adcp linear at epoch+300s
1740956400.Sun.Mar.02_23_00_00.GMT.2025.CACO04.c2.bright.jpg,c2,1740956400,2025-03-02T23:00:00+00:00,0.0,0.6264666442145372,9.876543209876544,1.6462450214460784,0.8538762497888678,0.0,adcp linear at epoch+300s
1740958200.Sun.Mar.02_23_30_00.GMT.2025.CACO04.c2.bright.jpg,c2,1740958200,2025-03-02T23:30:00+00:00,30.0,0.6083969740867851,5.594405594405594,1.000015956903595,0.0008808210784313,0.0,adcp linear at epoch+300s
1740960000.Mon.Mar.03_00_00_00.GMT.2025.CACO04.c2.bright.jpg,c2,1740960000,2025-03-03T00:00:00+00:00,0.0,0.600583748947018,5.594405594405594,1.000015956903595,0.0007021037581699,0.0,adcp linear at epoch+300s
1740961800.Mon.Mar.03_00_30_00.GMT.2025.CACO04.c2.bright.jpg,c2,1740961800,2025-03-03T00:30:00+00:00,30.0,0.6440527487471764,5.361930294906166,1.000073401756536,0.0088848039215686,0.0,adcp linear at epoch+300s
1740963600.Mon.Mar.03_01_00_00.GMT.2025.CACO04.c2.bright.jpg,c2,1740963600,2025-03-03T01:00:00+00:00,0.0,0.6866515680290282,5.361930294906166,1.0,0.0,0.0,adcp linear at epoch+300s
1740965400.Mon.Mar.03_01_30_00.GMT.2025.CACO04.c2.bright.jpg,c2,1740965400,2025-03-03T01:30:00+00:00,30.0,0.7248994847193462,5.594405594405594,1.0000287224264706,0.0026679942810457,0.0,adcp linear at epoch+300s
1740967200.Mon.Mar.03_02_00_00.GMT.2025.CACO04.c2.bright.jpg,c2,1740967200,2025-03-03T02:00:00+00:00,0.0,0.7689008102583247,5.594405594405594,1.0000255310457515,0.0014042075163398,0.0,adcp linear at epoch+300s
1740969000.Mon.Mar.03_02_30_00.GMT.2025.CACO04.c2.bright.jpg,c2,1740969000,2025-03-03T02:30:00+00:00,30.0,0.8416691800406059,5.847953216374269,1.0,0.0,0.0,adcp linear at epoch+300s
1740970800.Mon.Mar.03_03_00_00.GMT.2025.CACO04.c2.bright.jpg,c2,1740970800,2025-03-03T03:00:00+00:00,0.0,0.9162049291710234,5.847953216374269,1.0000287224264706,0.0012318727945577,0.0,adcp linear at epoch+300s
1741001400.Mon.Mar.03_11_30_00.GMT.2025.CACO04.c2.bright.jpg,c2,1741001400,2025-03-03T11:30:00+00:00,30.0,0.7019155453449211,5.847953216374269,220.2483340992647,127.2711223956078,0.4934273334802085,adcp linear at epoch+300s
1741003200.Mon.Mar.03_12_00_00.GMT.2025.CACO04.c2.bright.jpg,c2,1741003200,2025-03-03T12:00:00+00:00,0.0,0.6178710455086104,5.847953216374269,187.2974526399101,173.55464786365724,0.0018787789772588,adcp linear at epoch+300s
1741005000.Mon.Mar.03_12_30_00.GMT.2025.CACO04.c2.bright.jpg,c2,1741005000,2025-03-03T12:30:00+00:00,30.0,0.5643564764851564,5.361930294906166,165.67877476511438,237.02860218087656,1.835940368656826e-05,adcp linear at epoch+300s
1741006800.Mon.Mar.03_13_00_00.GMT.2025.CACO04.c2.bright.jpg,c2,1741006800,2025-03-03T13:00:00+00:00,0.0,0.5192476741356449,5.361930294906166,171.6595849928513,217.4468269153816,3.671880737313652e-05,adcp linear at epoch+300s
1741008600.Mon.Mar.03_13_30_00.GMT.2025.CACO04.c2.bright.jpg,c2,1741008600,2025-03-03T13:30:00+00:00,30.0,0.5161677051558455,5.148005148005149,174.77787351919935,189.4010050031772,0.0001468752294925,adcp linear at epoch+300s
1741010400.Mon.Mar.03_14_00_00.GMT.2025.CACO04.c2.bright.jpg,c2,1741010400,2025-03-03T14:00:00+00:00,0.0,0.5201791980861594,5.148005148005149,202.34345958435452,204.4612672779224,0.0429977234339428,adcp linear at epoch+300s
1741012200.Mon.Mar.03_14_30_00.GMT.2025.CACO04.c2.bright.jpg,c2,1741012200,2025-03-03T14:30:00+00:00,30.0,0.5596480005670388,5.847953216374269,180.67814925449343,158.44246713108572,0.0043695380774032,adcp linear at epoch+300s
1741014000.Mon.Mar.03_15_00_00.GMT.2025.CACO04.c2.bright.jpg,c2,1741014000,2025-03-03T15:00:00+00:00,0.0,0.6250479295398703,5.847953216374269,185.20654296875,125.04628615260376,0.0021602898337861,adcp linear at epoch+300s
1741015800.Mon.Mar.03_15_30_00.GMT.2025.CACO04.c2.bright.jpg,c2,1741015800,2025-03-03T15:30:00+00:00,30.0,0.8201034909724623,4.950495049504951,230.3721883935866,157.35783850401674,0.5105321779148613,adcp linear at epoch+300s
1741017600.Mon.Mar.03_16_00_00.GMT.2025.CACO04.c2.bright.jpg,c2,1741017600,2025-03-03T16:00:00+00:00,0.0,0.9903169053758819,4.950495049504951,152.34127348856208,52.28744511512848,0.0,adcp linear at epoch+300s
1741019400.Mon.Mar.03_16_30_00.GMT.2025.CACO04.c2.bright.jpg,c2,1741019400,2025-03-03T16:30:00+00:00,30.0,1.0363195846334405,4.767580452920143,153.28834443933823,57.46677669677677,0.0,adcp linear at epoch+300s
1741021200.Mon.Mar.03_17_00_00.GMT.2025.CACO04.c2.bright.jpg,c2,1741021200,2025-03-03T17:00:00+00:00,0.0,1.0687529592248566,4.767580452920143,184.1452971813725,111.574510194077,0.0428386086019926,adcp linear at epoch+300s
1741023000.Mon.Mar.03_17_30_00.GMT.2025.CACO04.c2.bright.jpg,c2,1741023000,2025-03-03T17:30:00+00:00,30.0,1.0333398104855591,5.594405594405594,231.5663296568628,150.29560332864764,0.5449560598271768,adcp linear at epoch+300s
1741024800.Mon.Mar.03_18_00_00.GMT.2025.CACO04.c2.bright.jpg,c2,1741024800,2025-03-03T18:00:00+00:00,0.0,0.9936404754797973,5.594405594405594,219.85813674428104,191.61138857667288,0.4462865046143301,adcp linear at epoch+300s
1741026600.Mon.Mar.03_18_30_00.GMT.2025.CACO04.c2.bright.jpg,c2,1741026600,2025-03-03T18:30:00+00:00,30.0,0.9325102091417132,5.148005148005149,196.03095639297385,332.1379971017475,0.162694915669139,adcp linear at epoch+300s
1741028400.Mon.Mar.03_19_00_00.GMT.2025.CACO04.c2.bright.jpg,c2,1741028400,2025-03-03T19:00:00+00:00,0.0,0.89001406124044,5.148005148005149,151.96535437091504,236.67910640210889,0.0904384225600352,adcp linear at epoch+300s
1741030200.Mon.Mar.03_19_30_00.GMT.2025.CACO04.c2.bright.jpg,c2,1741030200,2025-03-03T19:30:00+00:00,30.0,0.9406885055232206,5.361930294906166,154.42483340992646,238.82436535404165,0.1557611808768451,adcp linear at epoch+300s
1741032000.Mon.Mar.03_20_00_00.GMT.2025.CACO04.c2.bright.jpg,c2,1741032000,2025-03-03T20:00:00+00:00,0.0,0.9656080962680804,5.361930294906166,144.23194316789215,235.83340567250832,0.1344091943893662,adcp linear at epoch+300s
1741033800.Mon.Mar.03_20_30_00.GMT.2025.CACO04.c2.bright.jpg,c2,1741033800,2025-03-03T20:30:00+00:00,30.0,0.8617534193233364,5.594405594405594,135.7466139450572,267.4356225636764,0.1452351227632126,adcp linear at epoch+300s
1741035600.Mon.Mar.03_21_00_00.GMT.2025.CACO04.c2.bright.jpg,c2,1741035600,2025-03-03T21:00:00+00:00,0.0,0.7623562556487655,5.594405594405594,126.68660322201798,306.51200511771367,0.1692614623877016,adcp linear at epoch+300s
1741037400.Mon.Mar.03_21_30_00.GMT.2025.CACO04.c2.bright.jpg,c2,1741037400,2025-03-03T21:30:00+00:00,30.0,0.6852466583250599,5.361930294906166,118.92757799734476,261.8080288658251,0.0888839930479058,adcp linear at epoch+300s
1741039200.Mon.Mar.03_22_00_00.GMT.2025.CACO04.c2.bright.jpg,c2,1741039200,2025-03-03T22:00:00+00:00,0.0,0.6186210309856014,5.361930294906166,113.9129997702206,159.45673730560884,0.0294301241095689,adcp linear at epoch+300s
1741041000.Mon.Mar.03_22_30_00.GMT.2025.CACO04.c2.bright.jpg,c2,1741041000,2025-03-03T22:30:00+00:00,30.0,0.6044152535673775,5.148005148005149,119.21210554534314,33.99659159068515,0.0,adcp linear at epoch+300s
1741042800.Mon.Mar.03_23_00_00.GMT.2025.CACO04.c2.bright.jpg,c2,1741042800,2025-03-03T23:00:00+00:00,0.0,0.5849244507026906,5.148005148005149,2.217419194240196,0.8414553967640112,0.0,adcp linear at epoch+300s
1741044600.Mon.Mar.03_23_30_00.GMT.2025.CACO04.c2.bright.jpg,c2,1741044600,2025-03-03T23:30:00+00:00,30.0,0.5390085206056892,4.950495049504951,1.0000255310457515,0.0005233864379084,0.0,adcp linear at epoch+300s
1741046400.Tue.Mar.04_00_00_00.GMT.2025.CACO04.c2.bright.jpg,c2,1741046400,2025-03-04T00:00:00+00:00,0.0,0.49501116776143167,4.950495049504951,1.000003191380719,6.382761437908497e-05,0.0,adcp linear at epoch+300s
1741048200.Tue.Mar.04_00_30_00.GMT.2025.CACO04.c2.bright.jpg,c2,1741048200,2025-03-04T00:30:00+00:00,30.0,0.4606067011808943,5.148005148005149,1.0002425449346406,0.0154526654411764,0.0,adcp linear at epoch+300s
1741050000.Tue.Mar.04_01_00_00.GMT.2025.CACO04.c2.bright.jpg,c2,1741050000,2025-03-04T01:00:00+00:00,0.0,0.42979624046273407,5.148005148005149,1.0000223396650327,0.001672283496732,0.0,adcp linear at epoch+300s
1741051800.Tue.Mar.04_01_30_00.GMT.2025.CACO04.c2.bright.jpg,c2,1741051800,2025-03-04T01:30:00+00:00,30.0,0.41695580905645907,4.950495049504951,1.0000446793300657,0.0027318218954248,0.0,adcp linear at epoch+300s
1741053600.Tue.Mar.04_02_00_00.GMT.2025.CACO04.c2.bright.jpg,c2,1741053600,2025-03-04T02:00:00+00:00,0.0,0.40222861559539486,4.950495049504951,1.0000095741421569,0.0001914828431372,0.0,adcp linear at epoch+300s
1741055400.Tue.Mar.04_02_30_00.GMT.2025.CACO04.c2.bright.jpg,c2,1741055400,2025-03-04T02:30:00+00:00,30.0,0.3780676118603846,4.597701149425287,1.0000287224264706,0.0005744485294117,0.0,adcp linear at epoch+300s
1741057200.Tue.Mar.04_03_00_00.GMT.2025.CACO04.c2.bright.jpg,c2,1741057200,2025-03-04T03:00:00+00:00,0.0,0.3521573638712525,4.597701149425287,1.0000765931372548,0.0092613868464052,0.0,adcp linear at epoch+300s
1741087800.Tue.Mar.04_11_30_00.GMT.2025.CACO04.c2.bright.jpg,c2,1741087800,2025-03-04T11:30:00+00:00,30.0,0.2618028187902155,9.174311926605505,156.20038679534315,170.71253585750244,0.0455558003476047,adcp linear at epoch+300s
1741089600.Tue.Mar.04_12_00_00.GMT.2025.CACO04.c2.bright.jpg,c2,1741089600,2025-03-04T12:00:00+00:00,0.0,0.2802311511584912,9.174311926605505,159.7756555095997,252.9268715240052,0.0,adcp linear at epoch+300s
1741091400.Tue.Mar.04_12_30_00.GMT.2025.CACO04.c2.bright.jpg,c2,1741091400,2025-03-04T12:30:00+00:00,30.0,0.23439477866874953,9.876543209876544,156.60454963235293,208.605784147806,0.0,adcp linear at epoch+300s
1741093200.Tue.Mar.04_13_00_00.GMT.2025.CACO04.c2.bright.jpg,c2,1741093200,2025-03-04T13:00:00+00:00,0.0,0.19481816659947992,9.876543209876544,158.89124093647877,192.71813682663665,0.0,adcp linear at epoch+300s
1741095000.Tue.Mar.04_13_30_00.GMT.2025.CACO04.c2.bright.jpg,c2,1741095000,2025-03-04T13:30:00+00:00,30.0,0.18654035663257068,9.174311926605505,154.03705512152777,162.9462490377455,0.0,adcp linear at epoch+300s
1741096800.Tue.Mar.04_14_00_00.GMT.2025.CACO04.c2.bright.jpg,c2,1741096800,2025-03-04T14:00:00+00:00,0.0,0.17911694174611634,9.174311926605505,158.4787007250817,168.42119112909614,0.0,adcp linear at epoch+300s
1741098600.Tue.Mar.04_14_30_00.GMT.2025.CACO04.c2.bright.jpg,c2,1741098600,2025-03-04T14:30:00+00:00,30.0,0.1759655022619364,9.174311926605505,156.0953329248366,143.6947673986395,0.0,adcp linear at epoch+300s
1741100400.Tue.Mar.04_15_00_00.GMT.2025.CACO04.c2.bright.jpg,c2,1741100400,2025-03-04T15:00:00+00:00,0.0,0.1919971176330656,9.174311926605505,156.83114723754085,142.13719496521662,0.0,adcp linear at epoch+300s
1741102200.Tue.Mar.04_15_30_00.GMT.2025.CACO04.c2.bright.jpg,c2,1741102200,2025-03-04T15:30:00+00:00,30.0,0.30394400728074034,9.174311926605505,155.83019301470588,110.476021911492,0.0,adcp linear at epoch+300s
1741104000.Tue.Mar.04_16_00_00.GMT.2025.CACO04.c2.bright.jpg,c2,1741104000,2025-03-04T16:00:00+00:00,0.0,0.4049868108200241,9.174311926605505,165.21433951184642,163.05843300276342,7.955741597512912e-05,adcp linear at epoch+300s
1741105800.Tue.Mar.04_16_30_00.GMT.2025.CACO04.c2.bright.jpg,c2,1741105800,2025-03-04T16:30:00+00:00,30.0,0.4515091838173533,3.2206119162640903,160.04778773488562,108.31657387505602,1.2239602457712174e-05,adcp linear at epoch+300s
1741107600.Tue.Mar.04_17_00_00.GMT.2025.CACO04.c2.bright.jpg,c2,1741107600,2025-03-04T17:00:00+00:00,0.0,0.4961406902799452,3.2206119162640903,154.77166628370097,117.5577844455326,0.0004834642970796,adcp linear at epoch+300s
1741109400.Tue.Mar.04_17_30_00.GMT.2025.CACO04.c2.bright.jpg,c2,1741109400,2025-03-04T17:30:00+00:00,30.0,0.5313178640688508,3.4812880765883376,147.39110689848857,112.6521268128544,4.2838608601992606e-05,adcp linear at epoch+300s
1741111200.Tue.Mar.04_18_00_00.GMT.2025.CACO04.c2.bright.jpg,c2,1741111200,2025-03-04T18:00:00+00:00,0.0,0.5677241972325069,3.4812880765883376,149.9817133884804,98.81028545798564,0.0012423196494577,adcp linear at epoch+300s
1741113000.Tue.Mar.04_18_30_00.GMT.2025.CACO04.c2.bright.jpg,c2,1741113000,2025-03-04T18:30:00+00:00,30.0,0.6102763272699141,4.291845493562232,216.9569642310049,133.35490273261115,0.4278965019216176,adcp linear at epoch+300s
1741114800.Tue.Mar.04_19_00_00.GMT.2025.CACO04.c2.bright.jpg,c2,1741114800,2025-03-04T19:00:00+00:00,0.0,0.6531982892493023,4.291845493562232,150.78419245302288,103.36688112158448,0.0182920858730508,adcp linear at epoch+300s
1741116600.Tue.Mar.04_19_30_00.GMT.2025.CACO04.c2.bright.jpg,c2,1741116600,2025-03-04T19:30:00+00:00,30.0,0.6979694109385963,4.950495049504951,153.5008584814134,121.28754975127718,0.0277716579765489,adcp linear at epoch+300s
1741118400.Tue.Mar.04_20_00_00.GMT.2025.CACO04.c2.bright.jpg,c2,1741118400,2025-03-04T20:00:00+00:00,0.0,0.7392945501823959,4.950495049504951,172.24820963541666,123.78393713079164,0.039503316932266,adcp linear at epoch+300s
1741120200.Tue.Mar.04_20_30_00.GMT.2025.CACO04.c2.bright.jpg,c2,1741120200,2025-03-04T20:30:00+00:00,30.0,0.7633897771987237,4.950495049504951,152.48761106004903,52.290966806837886,0.0,adcp linear at epoch+300s
1741122000.Tue.Mar.04_21_00_00.GMT.2025.CACO04.c2.bright.jpg,c2,1741122000,2025-03-04T21:00:00+00:00,0.0,0.7846642738117111,4.950495049504951,149.83188763786765,38.00816337441721,0.0,adcp linear at epoch+300s
1741123800.Tue.Mar.04_21_30_00.GMT.2025.CACO04.c2.bright.jpg,c2,1741123800,2025-03-04T21:30:00+00:00,30.0,0.7918351184079963,4.024144869215292,163.443075342116,123.31241381877746,0.0007098969425473,adcp linear at epoch+300s
1741125600.Tue.Mar.04_22_00_00.GMT.2025.CACO04.c2.bright.jpg,c2,1741125600,2025-03-04T22:00:00+00:00,0.0,0.790857954373038,4.024144869215292,149.69047436683007,56.135119801436616,0.0,adcp linear at epoch+300s
1741127400.Tue.Mar.04_22_30_00.GMT.2025.CACO04.c2.bright.jpg,c2,1741127400,2025-03-04T22:30:00+00:00,30.0,0.7491407471818621,4.950495049504951,46.16652943729575,7.282590379861224,0.0,adcp linear at epoch+300s
1741129200.Tue.Mar.04_23_00_00.GMT.2025.CACO04.c2.bright.jpg,c2,1741129200,2025-03-04T23:00:00+00:00,0.0,0.7173631050612852,4.950495049504951,1.0038583792892155,0.0591618143013467,0.0,adcp linear at epoch+300s
1741131000.Tue.Mar.04_23_30_00.GMT.2025.CACO04.c2.bright.jpg,c2,1741131000,2025-03-04T23:30:00+00:00,30.0,0.735283288293703,5.361930294906166,1.000067018995098,0.0178334354575163,0.0,adcp linear at epoch+300s
1741132800.Wed.Mar.05_00_00_00.GMT.2025.CACO04.c2.bright.jpg,c2,1741132800,2025-03-05T00:00:00+00:00,0.0,0.7436655631365633,5.361930294906166,1.000012765522876,0.000204248366013,0.0,adcp linear at epoch+300s
1741134600.Wed.Mar.05_00_30_00.GMT.2025.CACO04.c2.bright.jpg,c2,1741134600,2025-03-05T00:30:00+00:00,30.0,0.7043582960316357,5.847953216374269,1.0000446793300657,0.0008169934640522,0.0,adcp linear at epoch+300s
1741136400.Wed.Mar.05_01_00_00.GMT.2025.CACO04.c2.bright.jpg,c2,1741136400,2025-03-05T01:00:00+00:00,0.0,0.6689504073639957,5.847953216374269,1.0000446793300657,0.0017871732026143,0.0,adcp linear at epoch+300s
1741138200.Wed.Mar.05_01_30_00.GMT.2025.CACO04.c2.bright.jpg,c2,1741138200,2025-03-05T01:30:00+00:00,30.0,0.6530394108827939,5.361930294906166,1.0000095741421569,0.0001914828431372,0.0,adcp linear at epoch+300s
1741140000.Wed.Mar.05_02_00_00.GMT.2025.CACO04.c2.bright.jpg,c2,1741140000,2025-03-05T02:00:00+00:00,0.0,0.6340659622917777,5.361930294906166,1.0000382965686274,0.0013467626633986,0.0,adcp linear at epoch+300s
1741141800.Wed.Mar.05_02_30_00.GMT.2025.CACO04.c2.bright.jpg,c2,1741141800,2025-03-05T02:30:00+00:00,30.0,0.5997802531516888,5.594405594405594,1.0000095741421569,0.0001914828431372,0.0,adcp linear at epoch+300s
1741143600.Wed.Mar.05_03_00_00.GMT.2025.CACO04.c2.bright.jpg,c2,1741143600,2025-03-05T03:00:00+00:00,0.0,0.5768160011721459,5.594405594405594,1.000012765522876,0.0002553104575163,0.0,adcp linear at epoch+300s
1741174200.Wed.Mar.05_11_30_00.GMT.2025.CACO04.c2.bright.jpg,c2,1741174200,2025-03-05T11:30:00+00:00,30.0,0.7607322667532573,5.594405594405594,200.75277011846404,140.6341270308324,0.1002423441286627,adcp linear at epoch+300s
1741176000.Wed.Mar.05_12_00_00.GMT.2025.CACO04.c2.bright.jpg,c2,1741176000,2025-03-05T12:00:00+00:00,0.0,0.744016924706899,5.594405594405594,181.4839345894608,166.24132049005794,0.0299870260213948,adcp linear at epoch+300s
1741177800.Wed.Mar.05_12_30_00.GMT.2025.CACO04.c2.bright.jpg,c2,1741177800,2025-03-05T12:30:00+00:00,30.0,0.7434070166748193,5.594405594405594,150.7053653492647,107.4672714801859,0.0,adcp linear at epoch+300s
1741179600.Wed.Mar.05_13_00_00.GMT.2025.CACO04.c2.bright.jpg,c2,1741179600,2025-03-05T13:00:00+00:00,0.0,0.7419485027995153,5.594405594405594,159.67765459048204,72.92987526664415,0.0,adcp linear at epoch+300s
1741181400.Wed.Mar.05_13_30_00.GMT.2025.CACO04.c2.bright.jpg,c2,1741181400,2025-03-05T13:30:00+00:00,30.0,0.736246959708089,5.148005148005149,191.87532871221404,138.97440262452727,0.0,adcp linear at epoch+300s
1741183200.Wed.Mar.05_14_00_00.GMT.2025.CACO04.c2.bright.jpg,c2,1741183200,2025-03-05T14:00:00+00:00,0.0,0.7306372479188911,5.148005148005149,187.8120883118873,107.48564515632653,0.0004039068811045,adcp linear at epoch+300s
1741185000.Wed.Mar.05_14_30_00.GMT.2025.CACO04.c2.bright.jpg,c2,1741185000,2025-03-05T14:30:00+00:00,30.0,0.7254866926408349,5.148005148005149,174.37390854779412,76.66629630990009,0.0001468752294925,adcp linear at epoch+300s
1741186800.Wed.Mar.05_15_00_00.GMT.2025.CACO04.c2.bright.jpg,c2,1741186800,2025-03-05T15:00:00+00:00,0.0,0.7202043531087683,5.148005148005149,215.2395131229575,127.37929159136766,0.0300359844312256,adcp linear at epoch+300s
1741188600.Wed.Mar.05_15_30_00.GMT.2025.CACO04.c2.bright.jpg,c2,1741188600,2025-03-05T15:30:00+00:00,30.0,0.7142630923066502,5.361930294906166,167.24391084558823,68.20609455400134,0.0,adcp linear at epoch+300s
1741190400.Wed.Mar.05_16_00_00.GMT.2025.CACO04.c2.bright.jpg,c2,1741190400,2025-03-05T16:00:00+00:00,0.0,0.7093233004488526,5.361930294906166,168.65824142156862,62.052392717102194,0.0001958336393233,adcp linear at epoch+300s
1741192200.Wed.Mar.05_16_30_00.GMT.2025.CACO04.c2.bright.jpg,c2,1741192200,2025-03-05T16:30:00+00:00,30.0,0.7093908533126582,5.148005148005149,189.1018624897876,92.4203556674656,0.0497417443881422,adcp linear at epoch+300s
1741194000.Wed.Mar.05_17_00_00.GMT.2025.CACO04.c2.bright.jpg,c2,1741194000,2025-03-05T17:00:00+00:00,0.0,0.7130902261194882,5.148005148005149,167.8555900224673,75.4225866492909,9.17970184328413e-05,adcp linear at epoch+300s
1741195800.Wed.Mar.05_17_30_00.GMT.2025.CACO04.c2.bright.jpg,c2,1741195800,2025-03-05T17:30:00+00:00,30.0,0.7349486986414417,4.439511653718091,161.77027803308823,53.03496108729763,0.0,adcp linear at epoch+300s
1741197600.Wed.Mar.05_18_00_00.GMT.2025.CACO04.c2.bright.jpg,c2,1741197600,2025-03-05T18:00:00+00:00,0.0,0.7575394710747614,4.439511653718091,166.44492315155227,57.23900909525473,0.0003977870798756,adcp linear at epoch+300s
1741199400.Wed.Mar.05_18_30_00.GMT.2025.CACO04.c2.bright.jpg,c2,1741199400,2025-03-05T18:30:00+00:00,30.0,0.7837917430649122,4.767580452920143,170.91397314133988,68.96137144528001,0.0225820665344789,adcp linear at epoch+300s
1741201200.Wed.Mar.05_19_00_00.GMT.2025.CACO04.c2.bright.jpg,c2,1741201200,2025-03-05T19:00:00+00:00,0.0,0.8174837756039784,4.767580452920143,170.70360051572712,78.41982688953304,0.0314618981175491,adcp linear at epoch+300s
1741203000.Wed.Mar.05_19_30_00.GMT.2025.CACO04.c2.bright.jpg,c2,1741203000,2025-03-05T19:30:00+00:00,30.0,0.8883746108876222,4.950495049504951,163.28122766033496,83.21354483554893,0.0146446843406526,adcp linear at epoch+300s
1741204800.Wed.Mar.05_20_00_00.GMT.2025.CACO04.c2.bright.jpg,c2,1741204800,2025-03-05T20:00:00+00:00,0.0,0.9500202028474807,4.950495049504951,174.9045202716503,89.73198077596079,0.0628258794154365,adcp linear at epoch+300s
1741206600.Wed.Mar.05_20_30_00.GMT.2025.CACO04.c2.bright.jpg,c2,1741206600,2025-03-05T20:30:00+00:00,30.0,0.9654395781884134,5.361930294906166,166.23755361519608,80.99618070302492,0.0350419818364299,adcp linear at epoch+300s
1741208400.Wed.Mar.05_21_00_00.GMT.2025.CACO04.c2.bright.jpg,c2,1741208400,2025-03-05T21:00:00+00:00,0.0,0.9867629924274746,5.361930294906166,159.14170687806373,52.72979371454709,0.0,adcp linear at epoch+300s
1741210200.Wed.Mar.05_21_30_00.GMT.2025.CACO04.c2.bright.jpg,c2,1741210200,2025-03-05T21:30:00+00:00,30.0,1.0376066011571783,5.847953216374269,166.36039305044935,75.51559608079087,0.0120009302097867,adcp linear at epoch+300s
1741212000.Wed.Mar.05_22_00_00.GMT.2025.CACO04.c2.bright.jpg,c2,1741212000,2025-03-05T22:00:00+00:00,0.0,1.093228922211642,5.847953216374269,177.0896714154412,115.88373912016816,0.0408986316124452,adcp linear at epoch+300s
1741213800.Wed.Mar.05_22_30_00.GMT.2025.CACO04.c2.bright.jpg,c2,1741213800,2025-03-05T22:30:00+00:00,30.0,1.1727448048899047,5.594405594405594,93.24915109272877,21.17944479846217,0.0,adcp linear at epoch+300s
1741215600.Wed.Mar.05_23_00_00.GMT.2025.CACO04.c2.bright.jpg,c2,1741215600,2025-03-05T23:00:00+00:00,0.0,1.2297759466305762,5.594405594405594,1.848498774509804,0.4680542731367593,0.0,adcp linear at epoch+300s
1741217400.Wed.Mar.05_23_30_00.GMT.2025.CACO04.c2.bright.jpg,c2,1741217400,2025-03-05T23:30:00+00:00,30.0,1.1743833836832915,5.361930294906166,1.0000255310457515,0.0012254900331198,0.0,adcp linear at epoch+300s
1741219200.Thu.Mar.06_00_00_00.GMT.2025.CACO04.c2.bright.jpg,c2,1741219200,2025-03-06T00:00:00+00:00,0.0,1.116957694791115,5.361930294906166,1.0000095741421569,0.0001914828431372,0.0,adcp linear at epoch+300s
1741221000.Thu.Mar.06_00_30_00.GMT.2025.CACO04.c2.bright.jpg,c2,1741221000,2025-03-06T00:30:00+00:00,30.0,1.0493663761744816,5.594405594405594,1.0000095741421569,0.0001914828431372,0.0,adcp linear at epoch+300s
1741222800.Thu.Mar.06_01_00_00.GMT.2025.CACO04.c2.bright.jpg,c2,1741222800,2025-03-06T01:00:00+00:00,0.0,0.9867047860864555,5.594405594405594,1.000073401756536,0.0191738153594771,0.0,adcp linear at epoch+300s
1741224600.Thu.Mar.06_01_30_00.GMT.2025.CACO04.c2.bright.jpg,c2,1741224600,2025-03-06T01:30:00+00:00,30.0,0.948691838641468,5.847953216374269,1.000015956903595,0.0002680759803921,0.0,adcp linear at epoch+300s
1741226400.Thu.Mar.06_02_00_00.GMT.2025.CACO04.c2.bright.jpg,c2,1741226400,2025-03-06T02:00:00+00:00,0.0,0.9305101218598792,5.847953216374269,1.0000223396650327,0.0003574346405228,0.0,adcp linear at epoch+300s
1741228200.Thu.Mar.06_02_30_00.GMT.2025.CACO04.c2.bright.jpg,c2,1741228200,2025-03-06T02:30:00+00:00,30.0,1.0114845583952852,5.361930294906166,1.0000382965686274,0.0039317810457516,0.0,adcp linear at epoch+300s
1741230000.Thu.Mar.06_03_00_00.GMT.2025.CACO04.c2.bright.jpg,c2,1741230000,2025-03-06T03:00:00+00:00,0.0,1.0982690070544663,5.361930294906166,1.0000319138071896,0.0010467728758169,0.0,adcp linear at epoch+300s
1741260600.Thu.Mar.06_11_30_00.GMT.2025.CACO04.c2.bright.jpg,c2,1741260600,2025-03-06T11:30:00+00:00,30.0,1.9930241966991122,7.561436672967865,91.00714550142972,6.293488929565941,0.0,adcp linear at epoch+300s
1741262400.Thu.Mar.06_12_00_00.GMT.2025.CACO04.c2.bright.jpg,c2,1741262400,2025-03-06T12:00:00+00:00,0.0,1.9876281080332128,7.561436672967865,220.1268861060049,30.832004689015324,0.7400981616117108,adcp linear at epoch+300s
1741264200.Thu.Mar.06_12_30_00.GMT.2025.CACO04.c2.bright.jpg,c2,1741264200,2025-03-06T12:30:00+00:00,30.0,1.9113781747941228,7.561436672967865,157.94277216094773,19.754139201960587,0.0,adcp linear at epoch+300s
1741266000.Thu.Mar.06_13_00_00.GMT.2025.CACO04.c2.bright.jpg,c2,1741266000,2025-03-06T13:00:00+00:00,0.0,1.83600894333222,7.561436672967865,143.3375363817402,13.10066567629791,0.0,adcp linear at epoch+300s
1741267800.Thu.Mar.06_13_30_00.GMT.2025.CACO04.c2.bright.jpg,c2,1741267800,2025-03-06T13:30:00+00:00,30.0,1.7650432207562514,6.768189509306261,139.84078201593138,11.23788863308198,0.0,adcp linear at epoch+300s
1741269600.Thu.Mar.06_14_00_00.GMT.2025.CACO04.c2.bright.jpg,c2,1741269600,2025-03-06T14:00:00+00:00,0.0,1.6881096353568457,6.768189509306261,138.37588720383988,11.54558878165144,0.0,adcp linear at epoch+300s
1741271400.Thu.Mar.06_14_30_00.GMT.2025.CACO04.c2.bright.jpg,c2,1741271400,2025-03-06T14:30:00+00:00,30.0,1.5813367358402524,7.142857142857142,147.91367953431373,13.337067121014986,0.0,adcp linear at epoch+300s
1741273200.Thu.Mar.06_15_00_00.GMT.2025.CACO04.c2.bright.jpg,c2,1741273200,2025-03-06T15:00:00+00:00,0.0,1.4925551365578988,7.142857142857142,151.20146229064542,15.617254374766578,0.0,adcp linear at epoch+300s
1741275000.Thu.Mar.06_15_30_00.GMT.2025.CACO04.c2.bright.jpg,c2,1741275000,2025-03-06T15:30:00+00:00,30.0,1.4937300384467456,7.561436672967865,137.56013837826796,17.07526509902057,0.0,adcp linear at epoch+300s
1741276800.Thu.Mar.06_16_00_00.GMT.2025.CACO04.c2.bright.jpg,c2,1741276800,2025-03-06T16:00:00+00:00,0.0,1.4951794570471504,7.561436672967865,141.5217715992647,17.08031713747144,0.0,adcp linear at epoch+300s
1741278600.Thu.Mar.06_16_30_00.GMT.2025.CACO04.c2.bright.jpg,c2,1741278600,2025-03-06T16:30:00+00:00,30.0,1.4980014592053466,6.768189509306261,134.20885991115196,12.193630478088684,0.0,adcp linear at epoch+300s
1741280400.Thu.Mar.06_17_00_00.GMT.2025.CACO04.c2.bright.jpg,c2,1741280400,2025-03-06T17:00:00+00:00,0.0,1.5050024000315856,6.768189509306261,136.18079171772877,14.40497280092984,0.0,adcp linear at epoch+300s
1741282200.Thu.Mar.06_17_30_00.GMT.2025.CACO04.c2.bright.jpg,c2,1741282200,2025-03-06T17:30:00+00:00,30.0,1.5328980341980372,11.661807580174926,143.64333767361111,14.997714588085922,0.0,adcp linear at epoch+300s
1741284000.Thu.Mar.06_18_00_00.GMT.2025.CACO04.c2.bright.jpg,c2,1741284000,2025-03-06T18:00:00+00:00,0.0,1.5548033436218764,11.661807580174926,165.3090309691585,20.545597518807813,0.0017625027539105,adcp linear at epoch+300s
1741285800.Thu.Mar.06_18_30_00.GMT.2025.CACO04.c2.bright.jpg,c2,1741285800,2025-03-06T18:30:00+00:00,30.0,1.5467570293326538,11.661807580174926,134.63254123263889,16.965911988176433,0.0,adcp linear at epoch+300s
1741287600.Thu.Mar.06_19_00_00.GMT.2025.CACO04.c2.bright.jpg,c2,1741287600,2025-03-06T19:00:00+00:00,0.0,1.5344073437224912,11.661807580174926,166.55442580678104,19.19772153900039,0.0007404959486915,adcp linear at epoch+300s
1741289400.Thu.Mar.06_19_30_00.GMT.2025.CACO04.c2.bright.jpg,c2,1741289400,2025-03-06T19:30:00+00:00,30.0,1.5005408015076291,11.661807580174926,150.69829963235293,13.506561295877908,0.0,adcp linear at epoch+300s
1741291200.Thu.Mar.06_20_00_00.GMT.2025.CACO04.c2.bright.jpg,c2,1741291200,2025-03-06T20:00:00+00:00,0.0,1.469878707228354,11.661807580174926,130.83963311887254,9.552632164611907,0.0,adcp linear at epoch+300s
1741293000.Thu.Mar.06_20_30_00.GMT.2025.CACO04.c2.bright.jpg,c2,1741293000,2025-03-06T20:30:00+00:00,30.0,1.4552388526270124,11.661807580174926,135.58701937806373,9.539346169068786,0.0,adcp linear at epoch+300s
1741294800.Thu.Mar.06_21_00_00.GMT.2025.CACO04.c2.bright.jpg,c2,1741294800,2025-03-06T21:00:00+00:00,0.0,1.4441726886358635,11.661807580174926,139.20075699550654,12.69978654183461,0.0,adcp linear at epoch+300s
1741296600.Thu.Mar.06_21_30_00.GMT.2025.CACO04.c2.bright.jpg,c2,1741296600,2025-03-06T21:30:00+00:00,30.0,1.4509749776956786,7.142857142857142,135.99697457107845,12.092900466316,0.0,adcp linear at epoch+300s
1741298400.Thu.Mar.06_22_00_00.GMT.2025.CACO04.c2.bright.jpg,c2,1741298400,2025-03-06T22:00:00+00:00,0.0,1.4521995271272752,7.142857142857142,141.36143344056373,9.321684683549154,0.0,adcp linear at epoch+300s
1741300200.Thu.Mar.06_22_30_00.GMT.2025.CACO04.c2.bright.jpg,c2,1741300200,2025-03-06T22:30:00+00:00,30.0,1.42553537841778,8.032128514056225,40.48306653390523,2.9225611445629696,0.0,adcp linear at epoch+300s
1741302000.Thu.Mar.06_23_00_00.GMT.2025.CACO04.c2.bright.jpg,c2,1741302000,2025-03-06T23:00:00+00:00,0.0,1.4146745803133163,8.032128514056225,1.1545011233660132,1.0887203839869282,0.0,adcp linear at epoch+300s
1741303800.Thu.Mar.06_23_30_00.GMT.2025.CACO04.c2.bright.jpg,c2,1741303800,2025-03-06T23:30:00+00:00,30.0,1.4828305352340097,11.661807580174926,1.0001499948937909,0.0088401245915032,0.0,adcp linear at epoch+300s
1741305600.Fri.Mar.07_00_00_00.GMT.2025.CACO04.c2.bright.jpg,c2,1741305600,2025-03-07T00:00:00+00:00,0.0,1.5399156753569274,11.661807580174926,1.0000095741421569,0.0001914828431372,0.0,adcp linear at epoch+300s
1741307400.Fri.Mar.07_00_30_00.GMT.2025.CACO04.c2.bright.jpg,c2,1741307400,2025-03-07T00:30:00+00:00,30.0,1.5416467414909665,11.661807580174926,1.000012765522876,0.0002553104575163,0.0,adcp linear at epoch+300s
1741309200.Fri.Mar.07_01_00_00.GMT.2025.CACO04.c2.bright.jpg,c2,1741309200,2025-03-07T01:00:00+00:00,0.0,1.5431124822414626,11.661807580174926,1.0000414879493464,0.001110600490196,0.0,adcp linear at epoch+300s
1741311000.Fri.Mar.07_01_30_00.GMT.2025.CACO04.c2.bright.jpg,c2,1741311000,2025-03-07T01:30:00+00:00,30.0,1.543251596074244,12.82051282051282,1.000012765522876,0.0002553104575163,0.0,adcp linear at epoch+300s
1741312800.Fri.Mar.07_02_00_00.GMT.2025.CACO04.c2.bright.jpg,c2,1741312800,2025-03-07T02:00:00+00:00,0.0,1.5376536187803682,12.82051282051282,1.000207439746732,0.0233864379084967,0.0,adcp linear at epoch+300s
1741314600.Fri.Mar.07_02_30_00.GMT.2025.CACO04.c2.bright.jpg,c2,1741314600,2025-03-07T02:30:00+00:00,30.0,1.5033701858532074,11.661807580174926,1.000003191380719,6.382761437908497e-05,0.0,adcp linear at epoch+300s
1741316400.Fri.Mar.07_03_00_00.GMT.2025.CACO04.c2.bright.jpg,c2,1741316400,2025-03-07T03:00:00+00:00,0.0,1.4699474462169027,11.661807580174926,1.0000063827614378,0.0001276552287581,0.0,adcp linear at epoch+300s
1741347000.Fri.Mar.07_11_30_00.GMT.2025.CACO04.c2.bright.jpg,c2,1741347000,2025-03-07T11:30:00+00:00,30.0,1.43427000225263,12.82051282051282,206.5736155790441,56.11892319552602,0.4452950968152554,adcp linear at epoch+300s
1741348800.Fri.Mar.07_12_00_00.GMT.2025.CACO04.c2.bright.jpg,c2,1741348800,2025-03-07T12:00:00+00:00,0.0,1.4000815005157745,12.82051282051282,198.8188795700572,208.282193838748,0.3165467185625811,adcp linear at epoch+300s
1741350600.Fri.Mar.07_12_30_00.GMT.2025.CACO04.c2.bright.jpg,c2,1741350600,2025-03-07T12:30:00+00:00,30.0,1.4410026432941712,11.661807580174926,186.0156090430964,194.40988488281656,0.2208024283371276,adcp linear at epoch+300s
1741352400.Fri.Mar.07_13_00_00.GMT.2025.CACO04.c2.bright.jpg,c2,1741352400,2025-03-07T13:00:00+00:00,0.0,1.4685257502939193,11.661807580174926,184.88719745710785,182.5535097264272,0.1470159849208097,adcp linear at epoch+300s
1741354200.Fri.Mar.07_13_30_00.GMT.2025.CACO04.c2.bright.jpg,c2,1741354200,2025-03-07T13:30:00+00:00,30.0,1.4290586784004247,11.661807580174926,183.7149139603758,166.65703128686735,0.0927700668282294,adcp linear at epoch+300s
1741356000.Fri.Mar.07_14_00_00.GMT.2025.CACO04.c2.bright.jpg,c2,1741356000,2025-03-07T14:00:00+00:00,0.0,1.3992341632147287,11.661807580174926,182.5506184895833,152.9673153328271,0.0830946610854079,adcp linear at epoch+300s
1741357800.Fri.Mar.07_14_30_00.GMT.2025.CACO04.c2.bright.jpg,c2,1741357800,2025-03-07T14:30:00+00:00,30.0,1.4176224315680255,11.661807580174926,179.90128102022058,145.6664228163931,0.0525507331521872,adcp linear at epoch+300s
1741359600.Fri.Mar.07_15_00_00.GMT.2025.CACO04.c2.bright.jpg,c2,1741359600,2025-03-07T15:00:00+00:00,0.0,1.426301177128393,11.661807580174926,178.9505495557598,149.38067971633936,0.0525323737485006,adcp linear at epoch+300s
1741361400.Fri.Mar.07_15_30_00.GMT.2025.CACO04.c2.bright.jpg,c2,1741361400,2025-03-07T15:30:00+00:00,30.0,1.386432308724116,11.661807580174926,177.32720907373366,131.08309106962446,0.051620523365401,adcp linear at epoch+300s
1741363200.Fri.Mar.07_16_00_00.GMT.2025.CACO04.c2.bright.jpg,c2,1741363200,2025-03-07T16:00:00+00:00,0.0,1.3618574677975324,11.661807580174926,176.3723894505719,122.93118785445012,0.0523243005067195,adcp linear at epoch+300s
1741365000.Fri.Mar.07_16_30_00.GMT.2025.CACO04.c2.bright.jpg,c2,1741365000,2025-03-07T16:30:00+00:00,30.0,1.4137527642594157,7.561436672967865,175.65574895322712,117.49613073392716,0.0596313431739737,adcp linear at epoch+300s
1741366800.Fri.Mar.07_17_00_00.GMT.2025.CACO04.c2.bright.jpg,c2,1741366800,2025-03-07T17:00:00+00:00,0.0,1.4510854187111928,7.561436672967865,175.59382340175654,121.97112909829563,0.0683704193287802,adcp linear at epoch+300s
1741368600.Fri.Mar.07_17_30_00.GMT.2025.CACO04.c2.bright.jpg,c2,1741368600,2025-03-07T17:30:00+00:00,30.0,1.4156048631124392,11.661807580174926,176.05418964460785,127.9058711362153,0.0924457173631,adcp linear at epoch+300s
1741370400.Fri.Mar.07_18_00_00.GMT.2025.CACO04.c2.bright.jpg,c2,1741370400,2025-03-07T18:00:00+00:00,0.0,1.3814165208877547,11.661807580174926,173.8989576950572,117.75784548733756,0.1069068076668869,adcp linear at epoch+300s
1741372200.Fri.Mar.07_18_30_00.GMT.2025.CACO04.c2.bright.jpg,c2,1741372200,2025-03-07T18:30:00+00:00,30.0,1.353689245533417,10.6951871657754,225.54327831392973,112.5976577376386,0.2363528432596509,adcp linear at epoch+300s
1741374000.Fri.Mar.07_19_00_00.GMT.2025.CACO04.c2.bright.jpg,c2,1741374000,2025-03-07T19:00:00+00:00,0.0,1.3266275013170588,10.6951871657754,173.2092364940768,135.09423435834825,0.1876453452791853,adcp linear at epoch+300s
1741375800.Fri.Mar.07_19_30_00.GMT.2025.CACO04.c2.bright.jpg,c2,1741375800,2025-03-07T19:30:00+00:00,30.0,1.3028934127905965,9.174311926605505,212.89300896139707,117.91048468492988,0.273812146581479,adcp linear at epoch+300s
1741377600.Fri.Mar.07_20_00_00.GMT.2025.CACO04.c2.bright.jpg,c2,1741377600,2025-03-07T20:00:00+00:00,0.0,1.2767966736345053,9.174311926605505,157.16440397773692,178.7271109510555,0.2246150645027049,adcp linear at epoch+300s
1741379400.Fri.Mar.07_20_30_00.GMT.2025.CACO04.c2.bright.jpg,c2,1741379400,2025-03-07T20:30:00+00:00,30.0,1.2388866813302697,10.6951871657754,188.6942689185049,271.16401680110937,0.4135210888350346,adcp linear at epoch+300s
1741381200.Fri.Mar.07_21_00_00.GMT.2025.CACO04.c2.bright.jpg,c2,1741381200,2025-03-07T21:00:00+00:00,0.0,1.1992300493421193,10.6951871657754,150.1548521752451,231.16694739801,0.2732552446696531,adcp linear at epoch+300s
1741383000.Fri.Mar.07_21_30_00.GMT.2025.CACO04.c2.bright.jpg,c2,1741383000,2025-03-07T21:30:00+00:00,30.0,1.1508402189343965,10.6951871657754,139.34790517769608,218.67541855235768,0.2365486768989743,adcp linear at epoch+300s
1741384800.Fri.Mar.07_22_00_00.GMT.2025.CACO04.c2.bright.jpg,c2,1741384800,2025-03-07T22:00:00+00:00,0.0,1.1052354481032607,10.6951871657754,124.36494076797386,200.9664863045973,0.0444970747350126,adcp linear at epoch+300s
1741386600.Fri.Mar.07_22_30_00.GMT.2025.CACO04.c2.bright.jpg,c2,1741386600,2025-03-07T22:30:00+00:00,30.0,1.0735559751550614,11.661807580174926,123.83965545853758,28.90321801085511,0.0004039068811045,adcp linear at epoch+300s
1741388400.Fri.Mar.07_23_00_00.GMT.2025.CACO04.c2.bright.jpg,c2,1741388400,2025-03-07T23:00:00+00:00,0.0,1.0423674460494166,11.661807580174926,3.9634586907679736,0.9046096198811088,0.0,adcp linear at epoch+300s
1741390200.Fri.Mar.07_23_30_00.GMT.2025.CACO04.c2.bright.jpg,c2,1741390200,2025-03-07T23:30:00+00:00,30.0,1.0136336361565443,11.661807580174926,1.0000095741421569,0.0001404207516339,0.0,adcp linear at epoch+300s
1741392000.Sat.Mar.08_00_00_00.GMT.2025.CACO04.c2.bright.jpg,c2,1741392000,2025-03-08T00:00:00+00:00,0.0,0.9801699315740107,11.661807580174926,1.0001148897058822,0.0074486825980392,0.0,adcp linear at epoch+300s
1741393800.Sat.Mar.08_00_30_00.GMT.2025.CACO04.c2.bright.jpg,c2,1741393800,2025-03-08T00:30:00+00:00,30.0,0.9230567535431701,11.661807580174926,1.0000478707107845,0.0040339052287581,0.0,adcp linear at epoch+300s
1741395600.Sat.Mar.08_01_00_00.GMT.2025.CACO04.c2.bright.jpg,c2,1741395600,2025-03-08T01:00:00+00:00,0.0,0.8718103132120592,11.661807580174926,1.0000191482843137,0.0003319035947712,0.0,adcp linear at epoch+300s
1741397400.Sat.Mar.08_01_30_00.GMT.2025.CACO04.c2.bright.jpg,c2,1741397400,2025-03-08T01:30:00+00:00,30.0,0.8498975613795966,11.661807580174926,1.000012765522876,0.0006382761437908,0.0,adcp linear at epoch+300s
1741399200.Sat.Mar.08_02_00_00.GMT.2025.CACO04.c2.bright.jpg,c2,1741399200,2025-03-08T02:00:00+00:00,0.0,0.83221599088019,11.661807580174926,1.0000287224264706,0.0008042279411764,0.0,adcp linear at epoch+300s
1741401000.Sat.Mar.08_02_30_00.GMT.2025.CACO04.c2.bright.jpg,c2,1741401000,2025-03-08T02:30:00+00:00,30.0,0.8356903270460633,11.661807580174926,1.0000191482843137,0.0011488970588235,0.0,adcp linear at epoch+300s
1741402800.Sat.Mar.08_03_00_00.GMT.2025.CACO04.c2.bright.jpg,c2,1741402800,2025-03-08T03:00:00+00:00,0.0,0.8486383176855282,11.661807580174926,1.000015956903595,0.0005744485294117,0.0,adcp linear at epoch+300s
1741433400.Sat.Mar.08_11_30_00.GMT.2025.CACO04.c2.bright.jpg,c2,1741433400,2025-03-08T11:30:00+00:00,30.0,0.6265055243007113,9.876543209876544,151.48631216809642,52.125381416561325,0.0699860468531982,adcp linear at epoch+300s
1741435200.Sat.Mar.08_12_00_00.GMT.2025.CACO04.c2.bright.jpg,c2,1741435200,2025-03-08T12:00:00+00:00,0.0,0.6016638787449539,9.876543209876544,137.6389048457925,35.965988290809484,0.0535115419451176,adcp linear at epoch+300s
1741437000.Sat.Mar.08_12_30_00.GMT.2025.CACO04.c2.bright.jpg,c2,1741437000,2025-03-08T12:30:00+00:00,30.0,0.576112712276139,10.6951871657754,161.4934289470997,99.5598471882434,0.0001162762233482,adcp linear at epoch+300s
1741438800.Sat.Mar.08_13_00_00.GMT.2025.CACO04.c2.bright.jpg,c2,1741438800,2025-03-08T13:00:00+00:00,0.0,0.5557190682464371,10.6951871657754,153.64285258374184,50.632656108401626,0.0217191745612102,adcp linear at epoch+300s
1741440600.Sat.Mar.08_13_30_00.GMT.2025.CACO04.c2.bright.jpg,c2,1741440600,2025-03-08T13:30:00+00:00,30.0,0.5611130364122997,11.661807580174926,167.6486928104575,86.35242965109474,0.0027539105529852,adcp linear at epoch+300s
1741442400.Sat.Mar.08_14_00_00.GMT.2025.CACO04.c2.bright.jpg,c2,1741442400,2025-03-08T14:00:00+00:00,0.0,0.5630949684328959,11.661807580174926,211.62156926572712,231.05872311234205,0.2437945215539399,adcp linear at epoch+300s
1741444200.Sat.Mar.08_14_30_00.GMT.2025.CACO04.c2.bright.jpg,c2,1741444200,2025-03-08T14:30:00+00:00,30.0,0.54801671972716,10.6951871657754,215.7405215992647,206.40861877731427,0.2850909402462608,adcp linear at epoch+300s
1741446000.Sat.Mar.08_15_00_00.GMT.2025.CACO04.c2.bright.jpg,c2,1741446000,2025-03-08T15:00:00+00:00,0.0,0.533363399384152,10.6951871657754,150.64611098345588,54.9554448953641,9.79168196616974e-05,adcp linear at epoch+300s
1741447800.Sat.Mar.08_15_30_00.GMT.2025.CACO04.c2.bright.jpg,c2,1741447800,2025-03-08T15:30:00+00:00,30.0,0.5208347208547831,9.876543209876544,228.43553410947712,167.7261126640896,0.4424187902376931,adcp linear at epoch+300s
1741449600.Sat.Mar.08_16_00_00.GMT.2025.CACO04.c2.bright.jpg,c2,1741449600,2025-03-08T16:00:00+00:00,0.0,0.5136811062137814,9.876543209876544,171.73996310763889,160.75036772204217,0.0347788303835891,adcp linear at epoch+300s
1741451400.Sat.Mar.08_16_30_00.GMT.2025.CACO04.c2.bright.jpg,c2,1741451400,2025-03-08T16:30:00+00:00,30.0,0.5334028110146154,12.82051282051282,217.87176393995097,167.88947598414435,0.2993500771094954,adcp linear at epoch+300s
1741453200.Sat.Mar.08_17_00_00.GMT.2025.CACO04.c2.bright.jpg,c2,1741453200,2025-03-08T17:00:00+00:00,0.0,0.5602675765552356,12.82051282051282,164.17291219873366,126.83007476934684,0.0103975422878264,adcp linear at epoch+300s
1741455000.Sat.Mar.08_17_30_00.GMT.2025.CACO04.c2.bright.jpg,c2,1741455000,2025-03-08T17:30:00+00:00,30.0,0.6228476457947868,11.661807580174926,161.77373748978758,130.5202614139108,0.0108993659885926,adcp linear at epoch+300s
1741456800.Sat.Mar.08_18_00_00.GMT.2025.CACO04.c2.bright.jpg,c2,1741456800,2025-03-08T18:00:00+00:00,0.0,0.695184873858939,11.661807580174926,174.28594132965685,147.40797260310825,0.0376490171599226,adcp linear at epoch+300s
1741458600.Sat.Mar.08_18_30_00.GMT.2025.CACO04.c2.bright.jpg,c2,1741458600,2025-03-08T18:30:00+00:00,30.0,0.8163078960460959,4.439511653718091,168.51078686683007,164.25138119604435,0.0246995177596631,adcp linear at epoch+300s
1741460400.Sat.Mar.08_19_00_00.GMT.2025.CACO04.c2.bright.jpg,c2,1741460400,2025-03-08T19:00:00+00:00,0.0,0.9186344996052169,4.439511653718091,165.4502144607843,185.85245354640304,0.0516450025703165,adcp linear at epoch+300s
1741462200.Sat.Mar.08_19_30_00.GMT.2025.CACO04.c2.bright.jpg,c2,1741462200,2025-03-08T19:30:00+00:00,30.0,0.926979010024158,5.148005148005149,159.74693308312908,188.61646584056103,0.079263665516144,adcp linear at epoch+300s
1741464000.Sat.Mar.08_20_00_00.GMT.2025.CACO04.c2.bright.jpg,c2,1741464000,2025-03-08T20:00:00+00:00,0.0,0.939143017809559,5.148005148005149,150.87932112949346,222.06097445805133,0.1161232283175442,adcp linear at epoch+300s
1741465800.Sat.Mar.08_20_30_00.GMT.2025.CACO04.c2.bright.jpg,c2,1741465800,2025-03-08T20:30:00+00:00,30.0,0.9704045124272604,4.950495049504951,142.73343673406862,225.708597773046,0.158827201292502,adcp linear at epoch+300s
1741467600.Sat.Mar.08_21_00_00.GMT.2025.CACO04.c2.bright.jpg,c2,1741467600,2025-03-08T21:00:00+00:00,0.0,0.9876374454057602,4.950495049504951,135.20010595383988,238.01716195991617,0.1567464688746909,adcp linear at epoch+300s
1741469400.Sat.Mar.08_21_30_00.GMT.2025.CACO04.c2.bright.jpg,c2,1741469400,2025-03-08T21:30:00+00:00,30.0,0.9347275701882515,6.768189509306261,130.55320669934642,278.61110341570816,0.1474137720006854,adcp linear at epoch+300s
1741471200.Sat.Mar.08_22_00_00.GMT.2025.CACO04.c2.bright.jpg,c2,1741471200,2025-03-08T22:00:00+00:00,0.0,0.8838144457802328,6.768189509306261,129.03501263786765,203.7370867815351,0.0449193410198036,adcp linear at epoch+300s
1741473000.Sat.Mar.08_22_30_00.GMT.2025.CACO04.c2.bright.jpg,c2,1741473000,2025-03-08T22:30:00+00:00,30.0,0.8428850754196645,4.439511653718091,125.89032501021242,38.53013803517988,0.0056852953416073,adcp linear at epoch+300s
1741474800.Sat.Mar.08_23_00_00.GMT.2025.CACO04.c2.bright.jpg,c2,1741474800,2025-03-08T23:00:00+00:00,0.0,0.8377316225029526,4.439511653718091,4.15728719873366,0.9511271809629236,0.0,adcp linear at epoch+300s
1741476600.Sat.Mar.08_23_30_00.GMT.2025.CACO04.c2.bright.jpg,c2,1741476600,2025-03-08T23:30:00+00:00,30.0,1.0114577568055239,6.768189509306261,1.0000191482843137,0.0006127450980392,0.0,adcp linear at epoch+300s
1741478400.Sun.Mar.09_00_00_00.GMT.2025.CACO04.c2.bright.jpg,c2,1741478400,2025-03-09T00:00:00+00:00,0.0,1.1826987192450262,6.768189509306261,1.0000063827614378,0.0001276552287581,0.0,adcp linear at epoch+300s
1741480200.Sun.Mar.09_00_30_00.GMT.2025.CACO04.c2.bright.jpg,c2,1741480200,2025-03-09T00:30:00+00:00,30.0,1.3415138223691847,7.142857142857142,1.0000063827614378,0.0002553104575163,0.0,adcp linear at epoch+300s
1741482000.Sun.Mar.09_01_00_00.GMT.2025.CACO04.c2.bright.jpg,c2,1741482000,2025-03-09T01:00:00+00:00,0.0,1.4636685933146136,7.142857142857142,1.0002393535539216,0.0022531147875816,0.0,adcp linear at epoch+300s
1741483800.Sun.Mar.09_01_30_00.GMT.2025.CACO04.c2.bright.jpg,c2,1741483800,2025-03-09T01:30:00+00:00,30.0,1.4025217033663937,7.142857142857142,1.0732358047385622,4.724858302696078,0.0,adcp linear at epoch+300s
1741485600.Sun.Mar.09_02_00_00.GMT.2025.CACO04.c2.bright.jpg,c2,1741485600,2025-03-09T02:00:00+00:00,0.0,1.3443181484005347,7.142857142857142,1.0294819750816993,4.684704350490196,0.0,adcp linear at epoch+300s
1741487400.Sun.Mar.09_02_30_00.GMT.2025.CACO04.c2.bright.jpg,c2,1741487400,2025-03-09T02:30:00+00:00,30.0,1.3008312683464802,6.768189509306261,1.000012765522876,0.0003829656862745,0.0,adcp linear at epoch+300s
1741489200.Sun.Mar.09_03_00_00.GMT.2025.CACO04.c2.bright.jpg,c2,1741489200,2025-03-09T03:00:00+00:00,0.0,1.268319526170813,6.768189509306261,1.000003191380719,6.382761437908497e-05,0.0,adcp linear at epoch+300s
1741516200.Sun.Mar.09_10_30_00.GMT.2025.CACO04.c2.bright.jpg,c2,1741516200,2025-03-09T10:30:00+00:00,30.0,0.9638685750617023,5.847953216374269,7.868173636642157,1.5436931880353848,0.0,adcp linear at epoch+300s
1741518000.Sun.Mar.09_11_00_00.GMT.2025.CACO04.c2.bright.jpg,c2,1741518000,2025-03-09T11:00:00+00:00,0.0,0.9370315078436474,5.847953216374269,219.3482849520016,120.76032537189572,0.5560512594550929,adcp linear at epoch+300s
1741519800.Sun.Mar.09_11_30_00.GMT.2025.CACO04.c2.bright.jpg,c2,1741519800,2025-03-09T11:30:00+00:00,30.0,0.8757487032181476,5.594405594405594,174.6493630004085,292.19160293740384,0.1016560182125284,adcp linear at epoch+300s
1741521600.Sun.Mar.09_12_00_00.GMT.2025.CACO04.c2.bright.jpg,c2,1741521600,2025-03-09T12:00:00+00:00,0.0,0.8149790723365159,5.594405594405594,164.65810419219773,263.59185360698046,0.0278695747962106,adcp linear at epoch+300s
1741523400.Sun.Mar.09_12_30_00.GMT.2025.CACO04.c2.bright.jpg,c2,1741523400,2025-03-09T12:30:00+00:00,30.0,0.7567753101742245,5.594405594405594,162.36218022365196,246.33649704245408,0.0179677364079214,adcp linear at epoch+300s
1741525200.Sun.Mar.09_13_00_00.GMT.2025.CACO04.c2.bright.jpg,c2,1741525200,2025-03-09T13:00:00+00:00,0.0,0.7001100468263545,5.594405594405594,161.9665319904003,220.4673635623727,0.0126312697363589,adcp linear at epoch+300s
1741527000.Sun.Mar.09_13_30_00.GMT.2025.CACO04.c2.bright.jpg,c2,1741527000,2025-03-09T13:30:00+00:00,30.0,0.6511372775505906,5.361930294906166,161.66358060151143,196.164006990932,0.0104403808964284,adcp linear at epoch+300s
1741528800.Sun.Mar.09_14_00_00.GMT.2025.CACO04.c2.bright.jpg,c2,1741528800,2025-03-09T14:00:00+00:00,0.0,0.6081824181273872,5.361930294906166,160.16808363970588,170.56166826317462,0.0047734449585077,adcp linear at epoch+300s
1741530600.Sun.Mar.09_14_30_00.GMT.2025.CACO04.c2.bright.jpg,c2,1741530600,2025-03-09T14:30:00+00:00,30.0,0.595317107966986,4.950495049504951,163.8578335631127,163.96948776250622,0.0048162835671097,adcp linear at epoch+300s
1741532400.Sun.Mar.09_15_00_00.GMT.2025.CACO04.c2.bright.jpg,c2,1741532400,2025-03-09T15:00:00+00:00,0.0,0.5766876757113739,4.950495049504951,162.37607230392155,157.94534318949945,0.0009730483953881,adcp linear at epoch+300s
1741534200.Sun.Mar.09_15_30_00.GMT.2025.CACO04.c2.bright.jpg,c2,1741534200,2025-03-09T15:30:00+00:00,30.0,0.5292376329797069,4.767580452920143,164.5100337009804,139.63576204498003,0.0031272184279454,adcp linear at epoch+300s
1741536000.Sun.Mar.09_16_00_00.GMT.2025.CACO04.c2.bright.jpg,c2,1741536000,2025-03-09T16:00:00+00:00,0.0,0.48799203149844644,4.767580452920143,159.87955090890523,130.48237998583647,3.671880737313652e-05,adcp linear at epoch+300s
1741537800.Sun.Mar.09_16_30_00.GMT.2025.CACO04.c2.bright.jpg,c2,1741537800,2025-03-09T16:30:00+00:00,30.0,0.47776863626921834,5.148005148005149,167.38194125306373,155.34224338263425,0.0005997405204278,adcp linear at epoch+300s
1741539600.Sun.Mar.09_17_00_00.GMT.2025.CACO04.c2.bright.jpg,c2,1741539600,2025-03-09T17:00:00+00:00,0.0,0.46662604727955814,5.148005148005149,163.90091720281862,149.92928023571346,0.0027294313480698,adcp linear at epoch+300s
1741541400.Sun.Mar.09_17_30_00.GMT.2025.CACO04.c2.bright.jpg,c2,1741541400,2025-03-09T17:30:00+00:00,30.0,0.4508874894877377,4.767580452920143,163.72977302900327,149.44516405287658,0.0043205796675723,adcp linear at epoch+300s
1741543200.Sun.Mar.09_18_00_00.GMT.2025.CACO04.c2.bright.jpg,c2,1741543200,2025-03-09T18:00:00+00:00,0.0,0.43634612650207055,4.767580452920143,162.16257531658496,167.34832765953303,0.0019032581821742,adcp linear at epoch+300s
1741545000.Sun.Mar.09_18_30_00.GMT.2025.CACO04.c2.bright.jpg,c2,1741545000,2025-03-09T18:30:00+00:00,30.0,0.42779073754717,11.661807580174926,161.37351919934642,161.83544113224647,0.0018604195735722,adcp linear at epoch+300s
1741546800.Sun.Mar.09_19_00_00.GMT.2025.CACO04.c2.bright.jpg,c2,1741546800,2025-03-09T19:00:00+00:00,0.0,0.4220489493454181,11.661807580174926,159.59048840890523,176.57725322824547,0.0144916893099312,adcp linear at epoch+300s
1741548600.Sun.Mar.09_19_30_00.GMT.2025.CACO04.c2.bright.jpg,c2,1741548600,2025-03-09T19:30:00+00:00,30.0,0.43037516490940914,9.876543209876544,151.24772135416666,189.7440846510825,0.0206543291473892,adcp linear at epoch+300s
1741550400.Sun.Mar.09_20_00_00.GMT.2025.CACO04.c2.bright.jpg,c2,1741550400,2025-03-09T20:00:00+00:00,0.0,0.4378172512130621,9.876543209876544,149.09359362234477,198.8162177673769,0.0322391128736138,adcp linear at epoch+300s
1741552200.Sun.Mar.09_20_30_00.GMT.2025.CACO04.c2.bright.jpg,c2,1741552200,2025-03-09T20:30:00+00:00,30.0,0.4408386912150247,4.291845493562232,160.4219930810866,69.08839918113823,4.2838608601992606e-05,adcp linear at epoch+300s
1741554000.Sun.Mar.09_21_00_00.GMT.2025.CACO04.c2.bright.jpg,c2,1741554000,2025-03-09T21:00:00+00:00,0.0,0.44355083447173316,4.291845493562232,142.36875765931373,112.87709015758828,0.0020684928153533,adcp linear at epoch+300s
1741555800.Sun.Mar.09_21_30_00.GMT.2025.CACO04.c2.bright.jpg,c2,1741555800,2025-03-09T21:30:00+00:00,30.0,0.4447164940021708,4.024144869215292,151.48386118770424,43.7568710341224,0.0053487062740202,adcp linear at epoch+300s
1741557600.Sun.Mar.09_22_00_00.GMT.2025.CACO04.c2.bright.jpg,c2,1741557600,2025-03-09T22:00:00+00:00,0.0,0.44857379464214564,4.024144869215292,145.06225745506535,271.68232411236045,0.0,adcp linear at epoch+300s
1741559400.Sun.Mar.09_22_30_00.GMT.2025.CACO04.c2.bright.jpg,c2,1741559400,2025-03-09T22:30:00+00:00,30.0,0.4658893008298069,11.661807580174926,113.80407156352123,38.18741969066375,0.0,adcp linear at epoch+300s
1741561200.Sun.Mar.09_23_00_00.GMT.2025.CACO04.c2.bright.jpg,c2,1741561200,2025-03-09T23:00:00+00:00,0.0,0.46895735080990464,11.661807580174926,2.84060648999183,0.8432681006864603,0.0,adcp linear at epoch+300s
1741563000.Sun.Mar.09_23_30_00.GMT.2025.CACO04.c2.bright.jpg,c2,1741563000,2025-03-09T23:30:00+00:00,30.0,0.4007881197521847,10.6951871657754,1.0000095741421569,0.0001914828431372,0.0,adcp linear at epoch+300s
1741564800.Mon.Mar.10_00_00_00.GMT.2025.CACO04.c2.bright.jpg,c2,1741564800,2025-03-10T00:00:00+00:00,0.0,0.347510333522438,10.6951871657754,1.000070210375817,0.0183312908496732,0.0,adcp linear at epoch+300s
1741566600.Mon.Mar.10_00_30_00.GMT.2025.CACO04.c2.bright.jpg,c2,1741566600,2025-03-10T00:30:00+00:00,30.0,0.3686897714325573,5.594405594405594,1.000003191380719,6.382761437908497e-05,0.0,adcp linear at epoch+300s
1741568400.Mon.Mar.10_01_00_00.GMT.2025.CACO04.c2.bright.jpg,c2,1741568400,2025-03-10T01:00:00+00:00,0.0,0.38367251568735194,5.594405594405594,1.0000574448529411,0.0017616421568627,0.0,adcp linear at epoch+300s
1741570200.Mon.Mar.10_01_30_00.GMT.2025.CACO04.c2.bright.jpg,c2,1741570200,2025-03-10T01:30:00+00:00,30.0,0.3676717916655231,9.174311926605505,1.0000255310457515,0.0006127450980392,0.0,adcp linear at epoch+300s
1741572000.Mon.Mar.10_02_00_00.GMT.2025.CACO04.c2.bright.jpg,c2,1741572000,2025-03-10T02:00:00+00:00,0.0,0.3576172502756101,9.174311926605505,1.0000319138071896,0.0010212418300653,0.0,adcp linear at epoch+300s
1741602600.Mon.Mar.10_10_30_00.GMT.2025.CACO04.c2.bright.jpg,c2,1741602600,2025-03-10T10:30:00+00:00,30.0,0.476874967700726,10.6951871657754,1.581332337622549,1.5606425888815698,0.0,adcp linear at epoch+300s
1741604400.Mon.Mar.10_11_00_00.GMT.2025.CACO04.c2.bright.jpg,c2,1741604400,2025-03-10T11:00:00+00:00,0.0,0.4851914661063447,10.6951871657754,42.85536981719771,30.483797157603668,0.0,adcp linear at epoch+300s
1741606200.Mon.Mar.10_11_30_00.GMT.2025.CACO04.c2.bright.jpg,c2,1741606200,2025-03-10T11:30:00+00:00,30.0,0.4725597682316771,9.876543209876544,196.9664490145016,69.15336150955811,0.3827629678588039,adcp linear at epoch+300s
1741608000.Mon.Mar.10_12_00_00.GMT.2025.CACO04.c2.bright.jpg,c2,1741608000,2025-03-10T12:00:00+00:00,0.0,0.46217126167582107,9.876543209876544,173.90405433006535,233.506754136115,0.0125394727179261,adcp linear at epoch+300s
1741609800.Mon.Mar.10_12_30_00.GMT.2025.CACO04.c2.bright.jpg,c2,1741609800,2025-03-10T12:30:00+00:00,30.0,0.4629987117140229,9.174311926605505,176.22695503982845,201.6809342004665,0.0103608234804533,adcp linear at epoch+300s
1741611600.Mon.Mar.10_13_00_00.GMT.2025.CACO04.c2.bright.jpg,c2,1741611600,2025-03-10T13:00:00+00:00,0.0,0.4604797344701473,9.174311926605505,164.20532386131535,208.3523822340606,0.0013769552764926,adcp linear at epoch+300s
1741613400.Mon.Mar.10_13_30_00.GMT.2025.CACO04.c2.bright.jpg,c2,1741613400,2025-03-10T13:30:00+00:00,30.0,0.44122862081588476,7.561436672967865,160.94078073937908,197.6898933829183,0.0002325524466965,adcp linear at epoch+300s
1741615200.Mon.Mar.10_14_00_00.GMT.2025.CACO04.c2.bright.jpg,c2,1741615200,2025-03-10T14:00:00+00:00,0.0,0.4262963062105824,7.561436672967865,161.70102826286765,164.1652344426197,0.0001652346331791,adcp linear at epoch+300s
1741617000.Mon.Mar.10_14_30_00.GMT.2025.CACO04.c2.bright.jpg,c2,1741617000,2025-03-10T14:30:00+00:00,30.0,0.4329579868500811,11.661807580174926,156.75629340277777,165.6100559400735,1.835940368656826e-05,adcp linear at epoch+300s
