filename,camera,epoch,time_utc,gap_minutes,wave_height_m,wave_period_s
1734714000.Fri.Dec.20_17_00_00.GMT.2024.CACO03.c2.bright.jpg,c2,1734714000,2024-12-20T17:00:00+00:00,0.0,1.7056960429168415,5.361930294906166
1734715800.Fri.Dec.20_17_30_00.GMT.2024.CACO03.c2.bright.jpg,c2,1734715800,2024-12-20T17:30:00+00:00,30.0,1.7056960429168415,5.361930294906166
1734717600.Fri.Dec.20_18_00_00.GMT.2024.CACO03.c2.bright.jpg,c2,1734717600,2024-12-20T18:00:00+00:00,0.0,1.867654657554693,5.594405594405594
1734721200.Fri.Dec.20_19_00_00.GMT.2024.CACO03.c2.bright.jpg,c2,1734721200,2024-12-20T19:00:00+00:00,0.0,1.8045321694752685,5.847953216374269
1734723000.Fri.Dec.20_19_30_00.GMT.2024.CACO03.c2.bright.jpg,c2,1734723000,2024-12-20T19:30:00+00:00,30.0,1.8045321694752685,5.847953216374269
1734795000.Sat.Dec.21_15_30_00.GMT.2024.CACO03.c2.bright.jpg,c2,1734795000,2024-12-21T15:30:00+00:00,30.0,2.2499796689970992,9.174311926605505
1734796800.Sat.Dec.21_16_00_00.GMT.2024.CACO03.c2.bright.jpg,c2,1734796800,2024-12-21T16:00:00+00:00,0.0,2.60409210140278,9.876543209876544
1734798600.Sat.Dec.21_16_30_00.GMT.2024.CACO03.c2.bright.jpg,c2,1734798600,2024-12-21T16:30:00+00:00,30.0,2.60409210140278,9.876543209876544
1734800400.Sat.Dec.21_17_00_00.GMT.2024.CACO03.c2.bright.jpg,c2,1734800400,2024-12-21T17:00:00+00:00,0.0,2.536700469448663,9.876543209876544
1734802200.Sat.Dec.21_17_30_00.GMT.2024.CACO03.c2.bright.jpg,c2,1734802200,2024-12-21T17:30:00+00:00,30.0,2.536700469448663,9.876543209876544
1734804000.Sat.Dec.21_18_00_00.GMT.2024.CACO03.c2.bright.jpg,c2,1734804000,2024-12-21T18:00:00+00:00,0.0,2.3530167969135083,9.174311926605505
1734805800.Sat.Dec.21_18_30_00.GMT.2024.CACO03.c2.bright.jpg,c2,1734805800,2024-12-21T18:30:00+00:00,30.0,2.3530167969135083,9.174311926605505
1734807600.Sat.Dec.21_19_00_00.GMT.2024.CACO03.c2.bright.jpg,c2,1734807600,2024-12-21T19:00:00+00:00,0.0,2.494646921430264,9.876543209876544
1734809400.Sat.Dec.21_19_30_00.GMT.2024.CACO03.c2.bright.jpg,c2,1734809400,2024-12-21T19:30:00+00:00,30.0,2.494646921430264,9.876543209876544
1734811200.Sat.Dec.21_20_00_00.GMT.2024.CACO03.c2.bright.jpg,c2,1734811200,2024-12-21T20:00:00+00:00,0.0,2.47646714932627,9.876543209876544
1734813000.Sat.Dec.21_20_30_00.GMT.2024.CACO03.c2.bright.jpg,c2,1734813000,2024-12-21T20:30:00+00:00,30.0,2.47646714932627,9.876543209876544
1734814800.Sat.Dec.21_21_00_00.GMT.2024.CACO03.c2.bright.jpg,c2,1734814800,2024-12-21T21:00:00+00:00,0.0,2.276186061832987,9.876543209876544
1734868800.Sun.Dec.22_12_00_00.GMT.2024.CACO03.c2.bright.jpg,c2,1734868800,2024-12-22T12:00:00+00:00,0.0,1.4543482187286665,6.430868167202571
1734870600.Sun.Dec.22_12_30_00.GMT.2024.CACO03.c2.bright.jpg,c2,1734870600,2024-12-22T12:30:00+00:00,30.0,1.4543482187286665,6.430868167202571
1734872400.Sun.Dec.22_13_00_00.GMT.2024.CACO03.c2.bright.jpg,c2,1734872400,2024-12-22T13:00:00+00:00,0.0,1.196132628489984,6.125574272588055
1734874200.Sun.Dec.22_13_30_00.GMT.2024.CACO03.c2.bright.jpg,c2,1734874200,2024-12-22T13:30:00+00:00,30.0,1.196132628489984,6.125574272588055
1734876000.Sun.Dec.22_14_00_00.GMT.2024.CACO03.c2.bright.jpg,c2,1734876000,2024-12-22T14:00:00+00:00,0.0,1.2513644956699397,6.430868167202571
1734877800.Sun.Dec.22_14_30_00.GMT.2024.CACO03.c2.bright.jpg,c2,1734877800,2024-12-22T14:30:00+00:00,30.0,1.2513644956699397,6.430868167202571
1734879600.Sun.Dec.22_15_00_00.GMT.2024.CACO03.c2.bright.jpg,c2,1734879600,2024-12-22T15:00:00+00:00,0.0,1.1499970566520037,5.847953216374269
1734881400.Sun.Dec.22_15_30_00.GMT.2024.CACO03.c2.bright.jpg,c2,1734881400,2024-12-22T15:30:00+00:00,30.0,1.1499970566520037,5.847953216374269
1734883200.Sun.Dec.22_16_00_00.GMT.2024.CACO03.c2.bright.jpg,c2,1734883200,2024-12-22T16:00:00+00:00,0.0,1.1739225686127075,6.430868167202571
1734885000.Sun.Dec.22_16_30_00.GMT.2024.CACO03.c2.bright.jpg,c2,1734885000,2024-12-22T16:30:00+00:00,30.0,1.1739225686127075,6.430868167202571
1734886800.Sun.Dec.22_17_00_00.GMT.2024.CACO03.c2.bright.jpg,c2,1734886800,2024-12-22T17:00:00+00:00,0.0,1.3470535327253024,5.847953216374269
1734888600.Sun.Dec.22_17_30_00.GMT.2024.CACO03.c2.bright.jpg,c2,1734888600,2024-12-22T17:30:00+00:00,30.0,1.3470535327253024,5.847953216374269
1734890400.Sun.Dec.22_18_00_00.GMT.2024.CACO03.c2.bright.jpg,c2,1734890400,2024-12-22T18:00:00+00:00,0.0,1.3101636524460094,6.125574272588055
1734892200.Sun.Dec.22_18_30_00.GMT.2024.CACO03.c2.bright.jpg,c2,1734892200,2024-12-22T18:30:00+00:00,30.0,1.3101636524460094,6.125574272588055
1734894000.Sun.Dec.22_19_00_00.GMT.2024.CACO03.c2.bright.jpg,c2,1734894000,2024-12-22T19:00:00+00:00,0.0,1.4991309714061316,6.430868167202571
1734895800.Sun.Dec.22_19_30_00.GMT.2024.CACO03.c2.bright.jpg,c2,1734895800,2024-12-22T19:30:00+00:00,30.0,1.4991309714061316,6.430868167202571
1734897600.Sun.Dec.22_20_00_00.GMT.2024.CACO03.c2.bright.jpg,c2,1734897600,2024-12-22T20:00:00+00:00,0.0,1.526734125417642,6.430868167202571
1734899400.Sun.Dec.22_20_30_00.GMT.2024.CACO03.c2.bright.jpg,c2,1734899400,2024-12-22T20:30:00+00:00,30.0,1.526734125417642,6.430868167202571
1734901200.Sun.Dec.22_21_00_00.GMT.2024.CACO03.c2.bright.jpg,c2,1734901200,2024-12-22T21:00:00+00:00,0.0,1.3069023254798438,6.125574272588055
1734955200.Mon.Dec.23_12_00_00.GMT.2024.CACO03.c2.bright.jpg,c2,1734955200,2024-12-23T12:00:00+00:00,0.0,1.1807897801603335,6.125574272588055
1734957000.Mon.Dec.23_12_30_00.GMT.2024.CACO03.c2.bright.jpg,c2,1734957000,2024-12-23T12:30:00+00:00,30.0,1.1807897801603335,6.125574272588055
1734958800.Mon.Dec.23_13_00_00.GMT.2024.CACO03.c2.bright.jpg,c2,1734958800,2024-12-23T13:00:00+00:00,0.0,1.0288294069655486,6.430868167202571
1734960600.Mon.Dec.23_13_30_00.GMT.2024.CACO03.c2.bright.jpg,c2,1734960600,2024-12-23T13:30:00+00:00,30.0,1.0288294069655486,6.430868167202571
1734962400.Mon.Dec.23_14_00_00.GMT.2024.CACO03.c2.bright.jpg,c2,1734962400,2024-12-23T14:00:00+00:00,0.0,0.9977376151909526,6.430868167202571
1734964200.Mon.Dec.23_14_30_00.GMT.2024.CACO03.c2.bright.jpg,c2,1734964200,2024-12-23T14:30:00+00:00,30.0,0.9977376151909526,6.430868167202571
1734966000.Mon.Dec.23_15_00_00.GMT.2024.CACO03.c2.bright.jpg,c2,1734966000,2024-12-23T15:00:00+00:00,0.0,0.8884556046118245,6.125574272588055
1734967800.Mon.Dec.23_15_30_00.GMT.2024.CACO03.c2.bright.jpg,c2,1734967800,2024-12-23T15:30:00+00:00,30.0,0.8884556046118245,6.125574272588055
1734969600.Mon.Dec.23_16_00_00.GMT.2024.CACO03.c2.bright.jpg,c2,1734969600,2024-12-23T16:00:00+00:00,0.0,0.8817621200020599,6.125574272588055
1734971400.Mon.Dec.23_16_30_00.GMT.2024.CACO03.c2.bright.jpg,c2,1734971400,2024-12-23T16:30:00+00:00,30.0,0.8817621200020599,6.125574272588055
1734973200.Mon.Dec.23_17_00_00.GMT.2024.CACO03.c2.bright.jpg,c2,1734973200,2024-12-23T17:00:00+00:00,0.0,0.823166767157438,6.125574272588055
1734975000.Mon.Dec.23_17_30_00.GMT.2024.CACO03.c2.bright.jpg,c2,1734975000,2024-12-23T17:30:00+00:00,30.0,0.823166767157438,6.125574272588055
1734976800.Mon.Dec.23_18_00_00.GMT.2024.CACO03.c2.bright.jpg,c2,1734976800,2024-12-23T18:00:00+00:00,0.0,0.9154864579447448,6.768189509306261
1734978600.Mon.Dec.23_18_30_00.GMT.2024.CACO03.c2.bright.jpg,c2,1734978600,2024-12-23T18:30:00+00:00,30.0,0.9154864579447448,6.768189509306261
1734980400.Mon.Dec.23_19_00_00.GMT.2024.CACO03.c2.bright.jpg,c2,1734980400,2024-12-23T19:00:00+00:00,0.0,0.8442606445450306,6.125574272588055
1734982200.Mon.Dec.23_19_30_00.GMT.2024.CACO03.c2.bright.jpg,c2,1734982200,2024-12-23T19:30:00+00:00,30.0,0.8442606445450306,6.125574272588055
1734984000.Mon.Dec.23_20_00_00.GMT.2024.CACO03.c2.bright.jpg,c2,1734984000,2024-12-23T20:00:00+00:00,0.0,0.8197315637883013,6.430868167202571
1734985800.Mon.Dec.23_20_30_00.GMT.2024.CACO03.c2.bright.jpg,c2,1734985800,2024-12-23T20:30:00+00:00,30.0,0.8197315637883013,6.430868167202571
1734987600.Mon.Dec.23_21_00_00.GMT.2024.CACO03.c2.bright.jpg,c2,1734987600,2024-12-23T21:00:00+00:00,0.0,0.8383313010987854,5.847953216374269
1735041600.Tue.Dec.24_12_00_00.GMT.2024.CACO03.c2.bright.jpg,c2,1735041600,2024-12-24T12:00:00+00:00,0.0,0.8372879736740644,4.597701149425287
1735043400.Tue.Dec.24_12_30_00.GMT.2024.CACO03.c2.bright.jpg,c2,1735043400,2024-12-24T12:30:00+00:00,30.0,0.8372879736740644,4.597701149425287
1735045200.Tue.Dec.24_13_00_00.GMT.2024.CACO03.c2.bright.jpg,c2,1735045200,2024-12-24T13:00:00+00:00,0.0,0.5469082282251064,5.361930294906166
1735047000.Tue.Dec.24_13_30_00.GMT.2024.CACO03.c2.bright.jpg,c2,1735047000,2024-12-24T13:30:00+00:00,30.0,0.5469082282251064,5.361930294906166
1735048800.Tue.Dec.24_14_00_00.GMT.2024.CACO03.c2.bright.jpg,c2,1735048800,2024-12-24T14:00:00+00:00,0.0,0.6315541649168956,5.361930294906166
1735660800.Tue.Dec.31_16_00_00.GMT.2024.CACO03.c2.bright.jpg,c2,1735660800,2024-12-31T16:00:00+00:00,0.0,0.8142612810572183,9.876543209876544
1735662600.Tue.Dec.31_16_30_00.GMT.2024.CACO03.c2.bright.jpg,c2,1735662600,2024-12-31T16:30:00+00:00,30.0,0.8142612810572183,9.876543209876544
1735664400.Tue.Dec.31_17_00_00.GMT.2024.CACO03.c2.bright.jpg,c2,1735664400,2024-12-31T17:00:00+00:00,0.0,0.7926451682731401,9.876543209876544
1735666200.Tue.Dec.31_17_30_00.GMT.2024.CACO03.c2.bright.jpg,c2,1735666200,2024-12-31T17:30:00+00:00,30.0,0.7926451682731401,9.876543209876544
1735668000.Tue.Dec.31_18_00_00.GMT.2024.CACO03.c2.bright.jpg,c2,1735668000,2024-12-31T18:00:00+00:00,0.0,0.8416890390159183,9.876543209876544
1735669800.Tue.Dec.31_18_30_00.GMT.2024.CACO03.c2.bright.jpg,c2,1735669800,2024-12-31T18:30:00+00:00,30.0,0.8416890390159183,9.876543209876544
1735671600.Tue.Dec.31_19_00_00.GMT.2024.CACO03.c2.bright.jpg,c2,1735671600,2024-12-31T19:00:00+00:00,0.0,0.7478846545440628,9.876543209876544
1735673400.Tue.Dec.31_19_30_00.GMT.2024.CACO03.c2.bright.jpg,c2,1735673400,2024-12-31T19:30:00+00:00,30.0,0.7478846545440628,9.876543209876544
1735675200.Tue.Dec.31_20_00_00.GMT.2024.CACO03.c2.bright.jpg,c2,1735675200,2024-12-31T20:00:00+00:00,0.0,0.8801290242218033,9.876543209876544
1735677000.Tue.Dec.31_20_30_00.GMT.2024.CACO03.c2.bright.jpg,c2,1735677000,2024-12-31T20:30:00+00:00,30.0,0.8801290242218033,9.876543209876544
1735678800.Tue.Dec.31_21_00_00.GMT.2024.CACO03.c2.bright.jpg,c2,1735678800,2024-12-31T21:00:00+00:00,0.0,0.7960746696927848,9.174311926605505
1735736400.Wed.Jan.01_13_00_00.GMT.2025.CACO03.c2.bright.jpg,c2,1735736400,2025-01-01T13:00:00+00:00,0.0,2.012314154841864,6.768189509306261
1735738200.Wed.Jan.01_13_30_00.GMT.2025.CACO03.c2.bright.jpg,c2,1735738200,2025-01-01T13:30:00+00:00,30.0,2.012314154841864,6.768189509306261
1735740000.Wed.Jan.01_14_00_00.GMT.2025.CACO03.c2.bright.jpg,c2,1735740000,2025-01-01T14:00:00+00:00,0.0,2.113361324064179,7.142857142857142
1735741800.Wed.Jan.01_14_30_00.GMT.2025.CACO03.c2.bright.jpg,c2,1735741800,2025-01-01T14:30:00+00:00,30.0,2.113361324064179,7.142857142857142
1735743600.Wed.Jan.01_15_00_00.GMT.2025.CACO03.c2.bright.jpg,c2,1735743600,2025-01-01T15:00:00+00:00,0.0,1.966992216351746,7.561436672967865
1735745400.Wed.Jan.01_15_30_00.GMT.2025.CACO03.c2.bright.jpg,c2,1735745400,2025-01-01T15:30:00+00:00,30.0,1.966992216351746,7.561436672967865
1735747200.Wed.Jan.01_16_00_00.GMT.2025.CACO03.c2.bright.jpg,c2,1735747200,2025-01-01T16:00:00+00:00,0.0,1.6738122102836994,6.768189509306261
1735749000.Wed.Jan.01_16_30_00.GMT.2025.CACO03.c2.bright.jpg,c2,1735749000,2025-01-01T16:30:00+00:00,30.0,1.6738122102836994,6.768189509306261
1735750800.Wed.Jan.01_17_00_00.GMT.2025.CACO03.c2.bright.jpg,c2,1735750800,2025-01-01T17:00:00+00:00,0.0,1.5320573296144864,8.565310492505352
1735752600.Wed.Jan.01_17_30_00.GMT.2025.CACO03.c2.bright.jpg,c2,1735752600,2025-01-01T17:30:00+00:00,30.0,1.5320573296144864,8.565310492505352
1735754400.Wed.Jan.01_18_00_00.GMT.2025.CACO03.c2.bright.jpg,c2,1735754400,2025-01-01T18:00:00+00:00,0.0,1.5849394965894823,8.565310492505352
1735756200.Wed.Jan.01_18_30_00.GMT.2025.CACO03.c2.bright.jpg,c2,1735756200,2025-01-01T18:30:00+00:00,30.0,1.5849394965894823,8.565310492505352
1735761600.Wed.Jan.01_20_00_00.GMT.2025.CACO03.c2.bright.jpg,c2,1735761600,2025-01-01T20:00:00+00:00,0.0,1.314015567527394,8.565310492505352
1735819200.Thu.Jan.02_12_00_00.GMT.2025.CACO03.c2.bright.jpg,c2,1735819200,2025-01-02T12:00:00+00:00,0.0,0.8402413037592642,10.6951871657754
1735821000.Thu.Jan.02_12_30_00.GMT.2025.CACO03.c2.bright.jpg,c2,1735821000,2025-01-02T12:30:00+00:00,30.0,0.8402413037592642,10.6951871657754
1735822800.Thu.Jan.02_13_00_00.GMT.2025.CACO03.c2.bright.jpg,c2,1735822800,2025-01-02T13:00:00+00:00,0.0,0.9658502840317984,6.125574272588055
1735824600.Thu.Jan.02_13_30_00.GMT.2025.CACO03.c2.bright.jpg,c2,1735824600,2025-01-02T13:30:00+00:00,30.0,0.9658502840317984,6.125574272588055
1735826400.Thu.Jan.02_14_00_00.GMT.2025.CACO03.c2.bright.jpg,c2,1735826400,2025-01-02T14:00:00+00:00,0.0,1.0480745309591517,6.768189509306261
1735828200.Thu.Jan.02_14_30_00.GMT.2025.CACO03.c2.bright.jpg,c2,1735828200,2025-01-02T14:30:00+00:00,30.0,1.0480745309591517,6.768189509306261
1735830000.Thu.Jan.02_15_00_00.GMT.2025.CACO03.c2.bright.jpg,c2,1735830000,2025-01-02T15:00:00+00:00,0.0,1.1310669237517266,6.768189509306261
1735831800.Thu.Jan.02_15_30_00.GMT.2025.CACO03.c2.bright.jpg,c2,1735831800,2025-01-02T15:30:00+00:00,30.0,1.1310669237517266,6.768189509306261
1735833600.Thu.Jan.02_16_00_00.GMT.2025.CACO03.c2.bright.jpg,c2,1735833600,2025-01-02T16:00:00+00:00,0.0,1.066436651775929,9.876543209876544
1735835400.Thu.Jan.02_16_30_00.GMT.2025.CACO03.c2.bright.jpg,c2,1735835400,2025-01-02T16:30:00+00:00,30.0,1.066436651775929,9.876543209876544
1735837200.Thu.Jan.02_17_00_00.GMT.2025.CACO03.c2.bright.jpg,c2,1735837200,2025-01-02T17:00:00+00:00,0.0,0.9794304707028192,9.876543209876544
1735839000.Thu.Jan.02_17_30_00.GMT.2025.CACO03.c2.bright.jpg,c2,1735839000,2025-01-02T17:30:00+00:00,30.0,0.9794304707028192,9.876543209876544
1735840800.Thu.Jan.02_18_00_00.GMT.2025.CACO03.c2.bright.jpg,c2,1735840800,2025-01-02T18:00:00+00:00,0.0,0.9299311496731524,9.876543209876544
1735842600.Thu.Jan.02_18_30_00.GMT.2025.CACO03.c2.bright.jpg,c2,1735842600,2025-01-02T18:30:00+00:00,30.0,0.9299311496731524,9.876543209876544
1735844400.Thu.Jan.02_19_00_00.GMT.2025.CACO03.c2.bright.jpg,c2,1735844400,2025-01-02T19:00:00+00:00,0.0,0.8292871036916283,10.6951871657754
1735846200.Thu.Jan.02_19_30_00.GMT.2025.CACO03.c2.bright.jpg,c2,1735846200,2025-01-02T19:30:00+00:00,30.0,0.8292871036916283,10.6951871657754
1735848000.Thu.Jan.02_20_00_00.GMT.2025.CACO03.c2.bright.jpg,c2,1735848000,2025-01-02T20:00:00+00:00,0.0,0.7950612010239378,10.6951871657754
1735849800.Thu.Jan.02_20_30_00.GMT.2025.CACO03.c2.bright.jpg,c2,1735849800,2025-01-02T20:30:00+00:00,30.0,0.7950612010239378,10.6951871657754
1735851600.Thu.Jan.02_21_00_00.GMT.2025.CACO03.c2.bright.jpg,c2,1735851600,2025-01-02T21:00:00+00:00,0.0,0.7007899992678751,11.661807580174926
1735905600.Fri.Jan.03_12_00_00.GMT.2025.CACO03.c2.bright.jpg,c2,1735905600,2025-01-03T12:00:00+00:00,0.0,0.6149359841198092,12.82051282051282
1735907400.Fri.Jan.03_12_30_00.GMT.2025.CACO03.c2.bright.jpg,c2,1735907400,2025-01-03T12:30:00+00:00,30.0,0.6149359841198092,12.82051282051282
1735909200.Fri.Jan.03_13_00_00.GMT.2025.CACO03.c2.bright.jpg,c2,1735909200,2025-01-03T13:00:00+00:00,0.0,0.6316737339150257,6.125574272588055
1735911000.Fri.Jan.03_13_30_00.GMT.2025.CACO03.c2.bright.jpg,c2,1735911000,2025-01-03T13:30:00+00:00,30.0,0.6316737339150257,6.125574272588055
1735912800.Fri.Jan.03_14_00_00.GMT.2025.CACO03.c2.bright.jpg,c2,1735912800,2025-01-03T14:00:00+00:00,0.0,0.7237605877718912,6.768189509306261
1735914600.Fri.Jan.03_14_30_00.GMT.2025.CACO03.c2.bright.jpg,c2,1735914600,2025-01-03T14:30:00+00:00,30.0,0.7237605877718912,6.768189509306261
1735916400.Fri.Jan.03_15_00_00.GMT.2025.CACO03.c2.bright.jpg,c2,1735916400,2025-01-03T15:00:00+00:00,0.0,0.8184167894477185,6.430868167202571
1735918200.Fri.Jan.03_15_30_00.GMT.2025.CACO03.c2.bright.jpg,c2,1735918200,2025-01-03T15:30:00+00:00,30.0,0.8184167894477185,6.430868167202571
1735920000.Fri.Jan.03_16_00_00.GMT.2025.CACO03.c2.bright.jpg,c2,1735920000,2025-01-03T16:00:00+00:00,0.0,0.7703843263055851,5.847953216374269
1735921800.Fri.Jan.03_16_30_00.GMT.2025.CACO03.c2.bright.jpg,c2,1735921800,2025-01-03T16:30:00+00:00,30.0,0.7703843263055851,5.847953216374269
1735923600.Fri.Jan.03_17_00_00.GMT.2025.CACO03.c2.bright.jpg,c2,1735923600,2025-01-03T17:00:00+00:00,0.0,0.7505848649993951,6.125574272588055
1735925400.Fri.Jan.03_17_30_00.GMT.2025.CACO03.c2.bright.jpg,c2,1735925400,2025-01-03T17:30:00+00:00,30.0,0.7505848649993951,6.125574272588055
1735927200.Fri.Jan.03_18_00_00.GMT.2025.CACO03.c2.bright.jpg,c2,1735927200,2025-01-03T18:00:00+00:00,0.0,0.7385943721253674,6.430868167202571
1735929000.Fri.Jan.03_18_30_00.GMT.2025.CACO03.c2.bright.jpg,c2,1735929000,2025-01-03T18:30:00+00:00,30.0,0.7385943721253674,6.430868167202571
1735930800.Fri.Jan.03_19_00_00.GMT.2025.CACO03.c2.bright.jpg,c2,1735930800,2025-01-03T19:00:00+00:00,0.0,0.6984737342009845,6.125574272588055
1735932600.Fri.Jan.03_19_30_00.GMT.2025.CACO03.c2.bright.jpg,c2,1735932600,2025-01-03T19:30:00+00:00,30.0,0.6984737342009845,6.125574272588055
1735934400.Fri.Jan.03_20_00_00.GMT.2025.CACO03.c2.bright.jpg,c2,1735934400,2025-01-03T20:00:00+00:00,0.0,0.5055698258486284,6.125574272588055
1735936200.Fri.Jan.03_20_30_00.GMT.2025.CACO03.c2.bright.jpg,c2,1735936200,2025-01-03T20:30:00+00:00,30.0,0.5055698258486284,6.125574272588055
1735938000.Fri.Jan.03_21_00_00.GMT.2025.CACO03.c2.bright.jpg,c2,1735938000,2025-01-03T21:00:00+00:00,0.0,0.5233675804622396,5.361930294906166
1735992000.Sat.Jan.04_12_00_00.GMT.2025.CACO03.c2.bright.jpg,c2,1735992000,2025-01-04T12:00:00+00:00,0.0,0.670637840181641,16.0
1735993800.Sat.Jan.04_12_30_00.GMT.2025.CACO03.c2.bright.jpg,c2,1735993800,2025-01-04T12:30:00+00:00,30.0,0.670637840181641,16.0
1735995600.Sat.Jan.04_13_00_00.GMT.2025.CACO03.c2.bright.jpg,c2,1735995600,2025-01-04T13:00:00+00:00,0.0,0.6384893970957962,16.0
1735997400.Sat.Jan.04_13_30_00.GMT.2025.CACO03.c2.bright.jpg,c2,1735997400,2025-01-04T13:30:00+00:00,30.0,0.6384893970957962,16.0
1735999200.Sat.Jan.04_14_00_00.GMT.2025.CACO03.c2.bright.jpg,c2,1735999200,2025-01-04T14:00:00+00:00,0.0,0.6030792510782474,14.234875444839856
1736001000.Sat.Jan.04_14_30_00.GMT.2025.CACO03.c2.bright.jpg,c2,1736001000,2025-01-04T14:30:00+00:00,30.0,0.6030792510782474,14.234875444839856
1736002800.Sat.Jan.04_15_00_00.GMT.2025.CACO03.c2.bright.jpg,c2,1736002800,2025-01-04T15:00:00+00:00,0.0,0.6128819312166128,14.234875444839856
1736004600.Sat.Jan.04_15_30_00.GMT.2025.CACO03.c2.bright.jpg,c2,1736004600,2025-01-04T15:30:00+00:00,30.0,0.6128819312166128,14.234875444839856
1736006400.Sat.Jan.04_16_00_00.GMT.2025.CACO03.c2.bright.jpg,c2,1736006400,2025-01-04T16:00:00+00:00,0.0,0.8243020802160858,16.0
1736008200.Sat.Jan.04_16_30_00.GMT.2025.CACO03.c2.bright.jpg,c2,1736008200,2025-01-04T16:30:00+00:00,30.0,0.8243020802160858,16.0
1736010000.Sat.Jan.04_17_00_00.GMT.2025.CACO03.c2.bright.jpg,c2,1736010000,2025-01-04T17:00:00+00:00,0.0,0.8910583637886821,14.234875444839856
1736011800.Sat.Jan.04_17_30_00.GMT.2025.CACO03.c2.bright.jpg,c2,1736011800,2025-01-04T17:30:00+00:00,30.0,0.8910583637886821,14.234875444839856
1736013600.Sat.Jan.04_18_00_00.GMT.2025.CACO03.c2.bright.jpg,c2,1736013600,2025-01-04T18:00:00+00:00,0.0,1.0424057023028648,14.234875444839856
1736015400.Sat.Jan.04_18_30_00.GMT.2025.CACO03.c2.bright.jpg,c2,1736015400,2025-01-04T18:30:00+00:00,30.0,1.0424057023028648,14.234875444839856
1736017200.Sat.Jan.04_19_00_00.GMT.2025.CACO03.c2.bright.jpg,c2,1736017200,2025-01-04T19:00:00+00:00,0.0,0.9632641410694622,14.234875444839856
1736019000.Sat.Jan.04_19_30_00.GMT.2025.CACO03.c2.bright.jpg,c2,1736019000,2025-01-04T19:30:00+00:00,30.0,0.9632641410694622,14.234875444839856
1736020800.Sat.Jan.04_20_00_00.GMT.2025.CACO03.c2.bright.jpg,c2,1736020800,2025-01-04T20:00:00+00:00,0.0,1.0510443390204207,6.125574272588055
1736022600.Sat.Jan.04_20_30_00.GMT.2025.CACO03.c2.bright.jpg,c2,1736022600,2025-01-04T20:30:00+00:00,30.0,1.0510443390204207,6.125574272588055
1736024400.Sat.Jan.04_21_00_00.GMT.2025.CACO03.c2.bright.jpg,c2,1736024400,2025-01-04T21:00:00+00:00,0.0,1.1133325718407554,14.234875444839856
1736078400.Sun.Jan.05_12_00_00.GMT.2025.CACO03.c2.bright.jpg,c2,1736078400,2025-01-05T12:00:00+00:00,0.0,0.880277947175354,12.82051282051282
1736080200.Sun.Jan.05_12_30_00.GMT.2025.CACO03.c2.bright.jpg,c2,1736080200,2025-01-05T12:30:00+00:00,30.0,0.880277947175354,12.82051282051282
1736082000.Sun.Jan.05_13_00_00.GMT.2025.CACO03.c2.bright.jpg,c2,1736082000,2025-01-05T13:00:00+00:00,0.0,0.8024125961663054,14.234875444839856
1736083800.Sun.Jan.05_13_30_00.GMT.2025.CACO03.c2.bright.jpg,c2,1736083800,2025-01-05T13:30:00+00:00,30.0,0.8024125961663054,14.234875444839856
1736085600.Sun.Jan.05_14_00_00.GMT.2025.CACO03.c2.bright.jpg,c2,1736085600,2025-01-05T14:00:00+00:00,0.0,0.7520365516938635,12.82051282051282
1736087400.Sun.Jan.05_14_30_00.GMT.2025.CACO03.c2.bright.jpg,c2,1736087400,2025-01-05T14:30:00+00:00,30.0,0.7520365516938635,12.82051282051282
1736089200.Sun.Jan.05_15_00_00.GMT.2025.CACO03.c2.bright.jpg,c2,1736089200,2025-01-05T15:00:00+00:00,0.0,0.7097897546061975,12.82051282051282
1736091000.Sun.Jan.05_15_30_00.GMT.2025.CACO03.c2.bright.jpg,c2,1736091000,2025-01-05T15:30:00+00:00,30.0,0.7097897546061975,12.82051282051282
1736092800.Sun.Jan.05_16_00_00.GMT.2025.CACO03.c2.bright.jpg,c2,1736092800,2025-01-05T16:00:00+00:00,0.0,0.8446601742752434,12.82051282051282
1736094600.Sun.Jan.05_16_30_00.GMT.2025.CACO03.c2.bright.jpg,c2,1736094600,2025-01-05T16:30:00+00:00,30.0,0.8446601742752434,12.82051282051282
1736096400.Sun.Jan.05_17_00_00.GMT.2025.CACO03.c2.bright.jpg,c2,1736096400,2025-01-05T17:00:00+00:00,0.0,0.947736121894833,12.82051282051282
1736098200.Sun.Jan.05_17_30_00.GMT.2025.CACO03.c2.bright.jpg,c2,1736098200,2025-01-05T17:30:00+00:00,30.0,0.947736121894833,12.82051282051282
1736100000.Sun.Jan.05_18_00_00.GMT.2025.CACO03.c2.bright.jpg,c2,1736100000,2025-01-05T18:00:00+00:00,0.0,0.971929310167826,12.82051282051282
1736101800.Sun.Jan.05_18_30_00.GMT.2025.CACO03.c2.bright.jpg,c2,1736101800,2025-01-05T18:30:00+00:00,30.0,0.971929310167826,12.82051282051282
1736103600.Sun.Jan.05_19_00_00.GMT.2025.CACO03.c2.bright.jpg,c2,1736103600,2025-01-05T19:00:00+00:00,0.0,0.9095667378647376,12.82051282051282
1736105400.Sun.Jan.05_19_30_00.GMT.2025.CACO03.c2.bright.jpg,c2,1736105400,2025-01-05T19:30:00+00:00,30.0,0.9095667378647376,12.82051282051282
1736107200.Sun.Jan.05_20_00_00.GMT.2025.CACO03.c2.bright.jpg,c2,1736107200,2025-01-05T20:00:00+00:00,0.0,0.8549062759553212,12.82051282051282
1736109000.Sun.Jan.05_20_30_00.GMT.2025.CACO03.c2.bright.jpg,c2,1736109000,2025-01-05T20:30:00+00:00,30.0,0.8549062759553212,12.82051282051282
1736110800.Sun.Jan.05_21_00_00.GMT.2025.CACO03.c2.bright.jpg,c2,1736110800,2025-01-05T21:00:00+00:00,0.0,0.7650441764570308,4.950495049504951
1736166600.Mon.Jan.06_12_30_00.GMT.2025.CACO03.c2.bright.jpg,c2,1736166600,2025-01-06T12:30:00+00:00,30.0,1.01606402062324,6.125574272588055
1736168400.Mon.Jan.06_13_00_00.GMT.2025.CACO03.c2.bright.jpg,c2,1736168400,2025-01-06T13:00:00+00:00,0.0,0.8101814202575665,6.125574272588055
1736170200.Mon.Jan.06_13_30_00.GMT.2025.CACO03.c2.bright.jpg,c2,1736170200,2025-01-06T13:30:00+00:00,30.0,0.8101814202575665,6.125574272588055
1736172000.Mon.Jan.06_14_00_00.GMT.2025.CACO03.c2.bright.jpg,c2,1736172000,2025-01-06T14:00:00+00:00,0.0,0.7910256699211027,5.594405594405594
1736173800.Mon.Jan.06_14_30_00.GMT.2025.CACO03.c2.bright.jpg,c2,1736173800,2025-01-06T14:30:00+00:00,30.0,0.7910256699211027,5.594405594405594
1736175600.Mon.Jan.06_15_00_00.GMT.2025.CACO03.c2.bright.jpg,c2,1736175600,2025-01-06T15:00:00+00:00,0.0,0.7975997599777421,5.847953216374269
1736177400.Mon.Jan.06_15_30_00.GMT.2025.CACO03.c2.bright.jpg,c2,1736177400,2025-01-06T15:30:00+00:00,30.0,0.7975997599777421,5.847953216374269
1736179200.Mon.Jan.06_16_00_00.GMT.2025.CACO03.c2.bright.jpg,c2,1736179200,2025-01-06T16:00:00+00:00,0.0,0.7640725822446086,5.847953216374269
1736181000.Mon.Jan.06_16_30_00.GMT.2025.CACO03.c2.bright.jpg,c2,1736181000,2025-01-06T16:30:00+00:00,30.0,0.7640725822446086,5.847953216374269
1736182800.Mon.Jan.06_17_00_00.GMT.2025.CACO03.c2.bright.jpg,c2,1736182800,2025-01-06T17:00:00+00:00,0.0,0.6928261037030463,5.594405594405594
1736184600.Mon.Jan.06_17_30_00.GMT.2025.CACO03.c2.bright.jpg,c2,1736184600,2025-01-06T17:30:00+00:00,30.0,0.6928261037030463,5.594405594405594
1736186400.Mon.Jan.06_18_00_00.GMT.2025.CACO03.c2.bright.jpg,c2,1736186400,2025-01-06T18:00:00+00:00,0.0,0.5843547652393304,5.361930294906166
1736188200.Mon.Jan.06_18_30_00.GMT.2025.CACO03.c2.bright.jpg,c2,1736188200,2025-01-06T18:30:00+00:00,30.0,0.5843547652393304,5.361930294906166
1736190000.Mon.Jan.06_19_00_00.GMT.2025.CACO03.c2.bright.jpg,c2,1736190000,2025-01-06T19:00:00+00:00,0.0,0.5347564292377827,5.361930294906166
1736191800.Mon.Jan.06_19_30_00.GMT.2025.CACO03.c2.bright.jpg,c2,1736191800,2025-01-06T19:30:00+00:00,30.0,0.5347564292377827,5.361930294906166
1736193600.Mon.Jan.06_20_00_00.GMT.2025.CACO03.c2.bright.jpg,c2,1736193600,2025-01-06T20:00:00+00:00,0.0,0.5110392838285421,5.361930294906166
1736195400.Mon.Jan.06_20_30_00.GMT.2025.CACO03.c2.bright.jpg,c2,1736195400,2025-01-06T20:30:00+00:00,30.0,0.5110392838285421,5.361930294906166
1736197200.Mon.Jan.06_21_00_00.GMT.2025.CACO03.c2.bright.jpg,c2,1736197200,2025-01-06T21:00:00+00:00,0.0,0.4619484100282072,6.125574272588055
1736253000.Tue.Jan.07_12_30_00.GMT.2025.CACO03.c2.bright.jpg,c2,1736253000,2025-01-07T12:30:00+00:00,30.0,1.3218142894979663,5.847953216374269
1736254800.Tue.Jan.07_13_00_00.GMT.2025.CACO03.c2.bright.jpg,c2,1736254800,2025-01-07T13:00:00+00:00,0.0,1.258596733344968,6.430868167202571
1736256600.Tue.Jan.07_13_30_00.GMT.2025.CACO03.c2.bright.jpg,c2,1736256600,2025-01-07T13:30:00+00:00,30.0,1.258596733344968,6.430868167202571
1736258400.Tue.Jan.07_14_00_00.GMT.2025.CACO03.c2.bright.jpg,c2,1736258400,2025-01-07T14:00:00+00:00,0.0,1.2832162063491586,6.125574272588055
1736260200.Tue.Jan.07_14_30_00.GMT.2025.CACO03.c2.bright.jpg,c2,1736260200,2025-01-07T14:30:00+00:00,30.0,1.2832162063491586,6.125574272588055
1736262000.Tue.Jan.07_15_00_00.GMT.2025.CACO03.c2.bright.jpg,c2,1736262000,2025-01-07T15:00:00+00:00,0.0,1.391984856555319,6.430868167202571
1736263800.Tue.Jan.07_15_30_00.GMT.2025.CACO03.c2.bright.jpg,c2,1736263800,2025-01-07T15:30:00+00:00,30.0,1.391984856555319,6.430868167202571
1736265600.Tue.Jan.07_16_00_00.GMT.2025.CACO03.c2.bright.jpg,c2,1736265600,2025-01-07T16:00:00+00:00,0.0,1.3343138748889856,6.768189509306261
1736267400.Tue.Jan.07_16_30_00.GMT.2025.CACO03.c2.bright.jpg,c2,1736267400,2025-01-07T16:30:00+00:00,30.0,1.3343138748889856,6.768189509306261
1736269200.Tue.Jan.07_17_00_00.GMT.2025.CACO03.c2.bright.jpg,c2,1736269200,2025-01-07T17:00:00+00:00,0.0,1.342808322470445,6.768189509306261
1736271000.Tue.Jan.07_17_30_00.GMT.2025.CACO03.c2.bright.jpg,c2,1736271000,2025-01-07T17:30:00+00:00,30.0,1.342808322470445,6.768189509306261
1736272800.Tue.Jan.07_18_00_00.GMT.2025.CACO03.c2.bright.jpg,c2,1736272800,2025-01-07T18:00:00+00:00,0.0,1.3400395349655545,6.768189509306261
1736274600.Tue.Jan.07_18_30_00.GMT.2025.CACO03.c2.bright.jpg,c2,1736274600,2025-01-07T18:30:00+00:00,30.0,1.3400395349655545,6.768189509306261
1736276400.Tue.Jan.07_19_00_00.GMT.2025.CACO03.c2.bright.jpg,c2,1736276400,2025-01-07T19:00:00+00:00,0.0,1.393981166764861,7.142857142857142
1736278200.Tue.Jan.07_19_30_00.GMT.2025.CACO03.c2.bright.jpg,c2,1736278200,2025-01-07T19:30:00+00:00,30.0,1.393981166764861,7.142857142857142
1736280000.Tue.Jan.07_20_00_00.GMT.2025.CACO03.c2.bright.jpg,c2,1736280000,2025-01-07T20:00:00+00:00,0.0,1.3678907908775195,6.768189509306261
1736281800.Tue.Jan.07_20_30_00.GMT.2025.CACO03.c2.bright.jpg,c2,1736281800,2025-01-07T20:30:00+00:00,30.0,1.3678907908775195,6.768189509306261
1736283600.Tue.Jan.07_21_00_00.GMT.2025.CACO03.c2.bright.jpg,c2,1736283600,2025-01-07T21:00:00+00:00,0.0,1.3058582370396783,5.594405594405594
1736285400.Tue.Jan.07_21_30_00.GMT.2025.CACO03.c2.bright.jpg,c2,1736285400,2025-01-07T21:30:00+00:00,30.0,1.3058582370396783,5.594405594405594
1736337600.Wed.Jan.08_12_00_00.GMT.2025.CACO03.c2.bright.jpg,c2,1736337600,2025-01-08T12:00:00+00:00,0.0,1.1836029753999082,6.430868167202571
1736339400.Wed.Jan.08_12_30_00.GMT.2025.CACO03.c2.bright.jpg,c2,1736339400,2025-01-08T12:30:00+00:00,30.0,1.1836029753999082,6.430868167202571
1736341200.Wed.Jan.08_13_00_00.GMT.2025.CACO03.c2.bright.jpg,c2,1736341200,2025-01-08T13:00:00+00:00,0.0,1.1954538771540135,6.768189509306261
1736343000.Wed.Jan.08_13_30_00.GMT.2025.CACO03.c2.bright.jpg,c2,1736343000,2025-01-08T13:30:00+00:00,30.0,1.1954538771540135,6.768189509306261
1736344800.Wed.Jan.08_14_00_00.GMT.2025.CACO03.c2.bright.jpg,c2,1736344800,2025-01-08T14:00:00+00:00,0.0,1.09706322517913,6.768189509306261
1736346600.Wed.Jan.08_14_30_00.GMT.2025.CACO03.c2.bright.jpg,c2,1736346600,2025-01-08T14:30:00+00:00,30.0,1.09706322517913,6.768189509306261
1736348400.Wed.Jan.08_15_00_00.GMT.2025.CACO03.c2.bright.jpg,c2,1736348400,2025-01-08T15:00:00+00:00,0.0,1.1189952748881011,6.430868167202571
1736350200.Wed.Jan.08_15_30_00.GMT.2025.CACO03.c2.bright.jpg,c2,1736350200,2025-01-08T15:30:00+00:00,30.0,1.1189952748881011,6.430868167202571
1736352000.Wed.Jan.08_16_00_00.GMT.2025.CACO03.c2.bright.jpg,c2,1736352000,2025-01-08T16:00:00+00:00,0.0,1.2084196054868968,6.768189509306261
1736353800.Wed.Jan.08_16_30_00.GMT.2025.CACO03.c2.bright.jpg,c2,1736353800,2025-01-08T16:30:00+00:00,30.0,1.2084196054868968,6.768189509306261
1736355600.Wed.Jan.08_17_00_00.GMT.2025.CACO03.c2.bright.jpg,c2,1736355600,2025-01-08T17:00:00+00:00,0.0,1.220373309753674,7.142857142857142
1736357400.Wed.Jan.08_17_30_00.GMT.2025.CACO03.c2.bright.jpg,c2,1736357400,2025-01-08T17:30:00+00:00,30.0,1.220373309753674,7.142857142857142
1736359200.Wed.Jan.08_18_00_00.GMT.2025.CACO03.c2.bright.jpg,c2,1736359200,2025-01-08T18:00:00+00:00,0.0,1.2294949036853302,7.561436672967865
1736361000.Wed.Jan.08_18_30_00.GMT.2025.CACO03.c2.bright.jpg,c2,1736361000,2025-01-08T18:30:00+00:00,30.0,1.2294949036853302,7.561436672967865
1736362800.Wed.Jan.08_19_00_00.GMT.2025.CACO03.c2.bright.jpg,c2,1736362800,2025-01-08T19:00:00+00:00,0.0,1.2455173610923465,7.142857142857142
1736364600.Wed.Jan.08_19_30_00.GMT.2025.CACO03.c2.bright.jpg,c2,1736364600,2025-01-08T19:30:00+00:00,30.0,1.2455173610923465,7.142857142857142
1736366400.Wed.Jan.08_20_00_00.GMT.2025.CACO03.c2.bright.jpg,c2,1736366400,2025-01-08T20:00:00+00:00,0.0,1.217440899388887,6.125574272588055
1736368200.Wed.Jan.08_20_30_00.GMT.2025.CACO03.c2.bright.jpg,c2,1736368200,2025-01-08T20:30:00+00:00,30.0,1.217440899388887,6.125574272588055
1736370000.Wed.Jan.08_21_00_00.GMT.2025.CACO03.c2.bright.jpg,c2,1736370000,2025-01-08T21:00:00+00:00,0.0,1.2989298313871274,7.142857142857142
1736371800.Wed.Jan.08_21_30_00.GMT.2025.CACO03.c2.bright.jpg,c2,1736371800,2025-01-08T21:30:00+00:00,30.0,1.2989298313871274,7.142857142857142
1736424000.Thu.Jan.09_12_00_00.GMT.2025.CACO03.c2.bright.jpg,c2,1736424000,2025-01-09T12:00:00+00:00,0.0,1.265911013501678,6.768189509306261
1736425800.Thu.Jan.09_12_30_00.GMT.2025.CACO03.c2.bright.jpg,c2,1736425800,2025-01-09T12:30:00+00:00,30.0,1.265911013501678,6.768189509306261
1736427600.Thu.Jan.09_13_00_00.GMT.2025.CACO03.c2.bright.jpg,c2,1736427600,2025-01-09T13:00:00+00:00,0.0,1.2834359032053864,6.430868167202571
1736429400.Thu.Jan.09_13_30_00.GMT.2025.CACO03.c2.bright.jpg,c2,1736429400,2025-01-09T13:30:00+00:00,30.0,1.2834359032053864,6.430868167202571
1736431200.Thu.Jan.09_14_00_00.GMT.2025.CACO03.c2.bright.jpg,c2,1736431200,2025-01-09T14:00:00+00:00,0.0,1.2439936778662448,4.291845493562232
1736433000.Thu.Jan.09_14_30_00.GMT.2025.CACO03.c2.bright.jpg,c2,1736433000,2025-01-09T14:30:00+00:00,30.0,1.2439936778662448,4.291845493562232
1736434800.Thu.Jan.09_15_00_00.GMT.2025.CACO03.c2.bright.jpg,c2,1736434800,2025-01-09T15:00:00+00:00,0.0,1.373898892103978,6.430868167202571
1736436600.Thu.Jan.09_15_30_00.GMT.2025.CACO03.c2.bright.jpg,c2,1736436600,2025-01-09T15:30:00+00:00,30.0,1.373898892103978,6.430868167202571
1736438400.Thu.Jan.09_16_00_00.GMT.2025.CACO03.c2.bright.jpg,c2,1736438400,2025-01-09T16:00:00+00:00,0.0,1.2840413841490896,7.142857142857142
1736440200.Thu.Jan.09_16_30_00.GMT.2025.CACO03.c2.bright.jpg,c2,1736440200,2025-01-09T16:30:00+00:00,30.0,1.2840413841490896,7.142857142857142
1736442000.Thu.Jan.09_17_00_00.GMT.2025.CACO03.c2.bright.jpg,c2,1736442000,2025-01-09T17:00:00+00:00,0.0,1.4678268239119432,6.430868167202571
1736443800.Thu.Jan.09_17_30_00.GMT.2025.CACO03.c2.bright.jpg,c2,1736443800,2025-01-09T17:30:00+00:00,30.0,1.4678268239119432,6.430868167202571
1736445600.Thu.Jan.09_18_00_00.GMT.2025.CACO03.c2.bright.jpg,c2,1736445600,2025-01-09T18:00:00+00:00,0.0,1.5594097833171687,7.142857142857142
1736447400.Thu.Jan.09_18_30_00.GMT.2025.CACO03.c2.bright.jpg,c2,1736447400,2025-01-09T18:30:00+00:00,30.0,1.5594097833171687,7.142857142857142
1736449200.Thu.Jan.09_19_00_00.GMT.2025.CACO03.c2.bright.jpg,c2,1736449200,2025-01-09T19:00:00+00:00,0.0,1.6929473736802314,7.142857142857142
1736451000.Thu.Jan.09_19_30_00.GMT.2025.CACO03.c2.bright.jpg,c2,1736451000,2025-01-09T19:30:00+00:00,30.0,1.6929473736802314,7.142857142857142
1736452800.Thu.Jan.09_20_00_00.GMT.2025.CACO03.c2.bright.jpg,c2,1736452800,2025-01-09T20:00:00+00:00,0.0,1.5673529770332513,6.768189509306261
1736454600.Thu.Jan.09_20_30_00.GMT.2025.CACO03.c2.bright.jpg,c2,1736454600,2025-01-09T20:30:00+00:00,30.0,1.5673529770332513,6.768189509306261
1736456400.Thu.Jan.09_21_00_00.GMT.2025.CACO03.c2.bright.jpg,c2,1736456400,2025-01-09T21:00:00+00:00,0.0,1.6664513987840377,7.142857142857142
1736458200.Thu.Jan.09_21_30_00.GMT.2025.CACO03.c2.bright.jpg,c2,1736458200,2025-01-09T21:30:00+00:00,30.0,1.6664513987840377,7.142857142857142
1736510400.Fri.Jan.10_12_00_00.GMT.2025.CACO03.c2.bright.jpg,c2,1736510400,2025-01-10T12:00:00+00:00,0.0,1.8919215970463523,7.142857142857142
1736512200.Fri.Jan.10_12_30_00.GMT.2025.CACO03.c2.bright.jpg,c2,1736512200,2025-01-10T12:30:00+00:00,30.0,1.8919215970463523,7.142857142857142
1736514000.Fri.Jan.10_13_00_00.GMT.2025.CACO03.c2.bright.jpg,c2,1736514000,2025-01-10T13:00:00+00:00,0.0,1.590880358223346,7.142857142857142
1736515800.Fri.Jan.10_13_30_00.GMT.2025.CACO03.c2.bright.jpg,c2,1736515800,2025-01-10T13:30:00+00:00,30.0,1.590880358223346,7.142857142857142
1736517600.Fri.Jan.10_14_00_00.GMT.2025.CACO03.c2.bright.jpg,c2,1736517600,2025-01-10T14:00:00+00:00,0.0,1.6853945745418162,7.142857142857142
1736519400.Fri.Jan.10_14_30_00.GMT.2025.CACO03.c2.bright.jpg,c2,1736519400,2025-01-10T14:30:00+00:00,30.0,1.6853945745418162,7.142857142857142
1736521200.Fri.Jan.10_15_00_00.GMT.2025.CACO03.c2.bright.jpg,c2,1736521200,2025-01-10T15:00:00+00:00,0.0,1.6899172651526908,7.561436672967865
1736523000.Fri.Jan.10_15_30_00.GMT.2025.CACO03.c2.bright.jpg,c2,1736523000,2025-01-10T15:30:00+00:00,30.0,1.6899172651526908,7.561436672967865
1736524800.Fri.Jan.10_16_00_00.GMT.2025.CACO03.c2.bright.jpg,c2,1736524800,2025-01-10T16:00:00+00:00,0.0,1.5143897186450284,6.768189509306261
1736526600.Fri.Jan.10_16_30_00.GMT.2025.CACO03.c2.bright.jpg,c2,1736526600,2025-01-10T16:30:00+00:00,30.0,1.5143897186450284,6.768189509306261
1736528400.Fri.Jan.10_17_00_00.GMT.2025.CACO03.c2.bright.jpg,c2,1736528400,2025-01-10T17:00:00+00:00,0.0,1.6425065589154366,7.561436672967865
1736530200.Fri.Jan.10_17_30_00.GMT.2025.CACO03.c2.bright.jpg,c2,1736530200,2025-01-10T17:30:00+00:00,30.0,1.6425065589154366,7.561436672967865
1736532000.Fri.Jan.10_18_00_00.GMT.2025.CACO03.c2.bright.jpg,c2,1736532000,2025-01-10T18:00:00+00:00,0.0,1.2380194997755296,6.768189509306261
1736533800.Fri.Jan.10_18_30_00.GMT.2025.CACO03.c2.bright.jpg,c2,1736533800,2025-01-10T18:30:00+00:00,30.0,1.2380194997755296,6.768189509306261
1736535600.Fri.Jan.10_19_00_00.GMT.2025.CACO03.c2.bright.jpg,c2,1736535600,2025-01-10T19:00:00+00:00,0.0,1.1877265221796764,6.430868167202571
1736537400.Fri.Jan.10_19_30_00.GMT.2025.CACO03.c2.bright.jpg,c2,1736537400,2025-01-10T19:30:00+00:00,30.0,1.1877265221796764,6.430868167202571
1736539200.Fri.Jan.10_20_00_00.GMT.2025.CACO03.c2.bright.jpg,c2,1736539200,2025-01-10T20:00:00+00:00,0.0,1.08236870866382,6.768189509306261
1736541000.Fri.Jan.10_20_30_00.GMT.2025.CACO03.c2.bright.jpg,c2,1736541000,2025-01-10T20:30:00+00:00,30.0,1.08236870866382,6.768189509306261
1736542800.Fri.Jan.10_21_00_00.GMT.2025.CACO03.c2.bright.jpg,c2,1736542800,2025-01-10T21:00:00+00:00,0.0,0.9557191128569504,6.430868167202571
1736544600.Fri.Jan.10_21_30_00.GMT.2025.CACO03.c2.bright.jpg,c2,1736544600,2025-01-10T21:30:00+00:00,30.0,0.9557191128569504,6.430868167202571
1736596800.Sat.Jan.11_12_00_00.GMT.2025.CACO03.c2.bright.jpg,c2,1736596800,2025-01-11T12:00:00+00:00,0.0,0.6475198179113699,5.847953216374269
1736598600.Sat.Jan.11_12_30_00.GMT.2025.CACO03.c2.bright.jpg,c2,1736598600,2025-01-11T12:30:00+00:00,30.0,0.6475198179113699,5.847953216374269
1736600400.Sat.Jan.11_13_00_00.GMT.2025.CACO03.c2.bright.jpg,c2,1736600400,2025-01-11T13:00:00+00:00,0.0,0.6429322424518374,6.125574272588055
1736602200.Sat.Jan.11_13_30_00.GMT.2025.CACO03.c2.bright.jpg,c2,1736602200,2025-01-11T13:30:00+00:00,30.0,0.6429322424518374,6.125574272588055
1736604000.Sat.Jan.11_14_00_00.GMT.2025.CACO03.c2.bright.jpg,c2,1736604000,2025-01-11T14:00:00+00:00,0.0,0.6430375015127543,5.594405594405594
1736605800.Sat.Jan.11_14_30_00.GMT.2025.CACO03.c2.bright.jpg,c2,1736605800,2025-01-11T14:30:00+00:00,30.0,0.6430375015127543,5.594405594405594
1736607600.Sat.Jan.11_15_00_00.GMT.2025.CACO03.c2.bright.jpg,c2,1736607600,2025-01-11T15:00:00+00:00,0.0,0.6730697549369143,5.847953216374269
1736609400.Sat.Jan.11_15_30_00.GMT.2025.CACO03.c2.bright.jpg,c2,1736609400,2025-01-11T15:30:00+00:00,30.0,0.6730697549369143,5.847953216374269
1736611200.Sat.Jan.11_16_00_00.GMT.2025.CACO03.c2.bright.jpg,c2,1736611200,2025-01-11T16:00:00+00:00,0.0,0.5365475927437731,6.125574272588055
1736613000.Sat.Jan.11_16_30_00.GMT.2025.CACO03.c2.bright.jpg,c2,1736613000,2025-01-11T16:30:00+00:00,30.0,0.5365475927437731,6.125574272588055
1736614800.Sat.Jan.11_17_00_00.GMT.2025.CACO03.c2.bright.jpg,c2,1736614800,2025-01-11T17:00:00+00:00,0.0,0.5695199088507932,5.594405594405594
1736616600.Sat.Jan.11_17_30_00.GMT.2025.CACO03.c2.bright.jpg,c2,1736616600,2025-01-11T17:30:00+00:00,30.0,0.5695199088507932,5.594405594405594
1736618400.Sat.Jan.11_18_00_00.GMT.2025.CACO03.c2.bright.jpg,c2,1736618400,2025-01-11T18:00:00+00:00,0.0,0.5606847447592292,5.594405594405594
1736622000.Sat.Jan.11_19_00_00.GMT.2025.CACO03.c2.bright.jpg,c2,1736622000,2025-01-11T19:00:00+00:00,0.0,0.573135138829951,5.847953216374269
1736623800.Sat.Jan.11_19_30_00.GMT.2025.CACO03.c2.bright.jpg,c2,1736623800,2025-01-11T19:30:00+00:00,30.0,0.573135138829951,5.847953216374269
1736625600.Sat.Jan.11_20_00_00.GMT.2025.CACO03.c2.bright.jpg,c2,1736625600,2025-01-11T20:00:00+00:00,0.0,0.5656955683893021,5.847953216374269
1736627400.Sat.Jan.11_20_30_00.GMT.2025.CACO03.c2.bright.jpg,c2,1736627400,2025-01-11T20:30:00+00:00,30.0,0.5656955683893021,5.847953216374269
1736629200.Sat.Jan.11_21_00_00.GMT.2025.CACO03.c2.bright.jpg,c2,1736629200,2025-01-11T21:00:00+00:00,0.0,0.4659268542962919,14.234875444839856
1736685000.Sun.Jan.12_12_30_00.GMT.2025.CACO03.c2.bright.jpg,c2,1736685000,2025-01-12T12:30:00+00:00,30.0,1.8032973801028924,7.142857142857142
1736686800.Sun.Jan.12_13_00_00.GMT.2025.CACO03.c2.bright.jpg,c2,1736686800,2025-01-12T13:00:00+00:00,0.0,1.809447270139784,6.768189509306261
1736688600.Sun.Jan.12_13_30_00.GMT.2025.CACO03.c2.bright.jpg,c2,1736688600,2025-01-12T13:30:00+00:00,30.0,1.809447270139784,6.768189509306261
1736690400.Sun.Jan.12_14_00_00.GMT.2025.CACO03.c2.bright.jpg,c2,1736690400,2025-01-12T14:00:00+00:00,0.0,1.6227027017293256,6.768189509306261
1736692200.Sun.Jan.12_14_30_00.GMT.2025.CACO03.c2.bright.jpg,c2,1736692200,2025-01-12T14:30:00+00:00,30.0,1.6227027017293256,6.768189509306261
1736694000.Sun.Jan.12_15_00_00.GMT.2025.CACO03.c2.bright.jpg,c2,1736694000,2025-01-12T15:00:00+00:00,0.0,1.5503008991187173,7.142857142857142
1736695800.Sun.Jan.12_15_30_00.GMT.2025.CACO03.c2.bright.jpg,c2,1736695800,2025-01-12T15:30:00+00:00,30.0,1.5503008991187173,7.142857142857142
1736697600.Sun.Jan.12_16_00_00.GMT.2025.CACO03.c2.bright.jpg,c2,1736697600,2025-01-12T16:00:00+00:00,0.0,1.540514602315918,6.768189509306261
1736699400.Sun.Jan.12_16_30_00.GMT.2025.CACO03.c2.bright.jpg,c2,1736699400,2025-01-12T16:30:00+00:00,30.0,1.540514602315918,6.768189509306261
1736701200.Sun.Jan.12_17_00_00.GMT.2025.CACO03.c2.bright.jpg,c2,1736701200,2025-01-12T17:00:00+00:00,0.0,1.5358772636167697,6.430868167202571
1736703000.Sun.Jan.12_17_30_00.GMT.2025.CACO03.c2.bright.jpg,c2,1736703000,2025-01-12T17:30:00+00:00,30.0,1.5358772636167697,6.430868167202571
1736704800.Sun.Jan.12_18_00_00.GMT.2025.CACO03.c2.bright.jpg,c2,1736704800,2025-01-12T18:00:00+00:00,0.0,1.3089473611479978,6.430868167202571
1736706600.Sun.Jan.12_18_30_00.GMT.2025.CACO03.c2.bright.jpg,c2,1736706600,2025-01-12T18:30:00+00:00,30.0,1.3089473611479978,6.430868167202571
1736708400.Sun.Jan.12_19_00_00.GMT.2025.CACO03.c2.bright.jpg,c2,1736708400,2025-01-12T19:00:00+00:00,0.0,1.3274176990480302,6.430868167202571
1736710200.Sun.Jan.12_19_30_00.GMT.2025.CACO03.c2.bright.jpg,c2,1736710200,2025-01-12T19:30:00+00:00,30.0,1.3274176990480302,6.430868167202571
1736712000.Sun.Jan.12_20_00_00.GMT.2025.CACO03.c2.bright.jpg,c2,1736712000,2025-01-12T20:00:00+00:00,0.0,1.3137909156543792,6.768189509306261
1736713800.Sun.Jan.12_20_30_00.GMT.2025.CACO03.c2.bright.jpg,c2,1736713800,2025-01-12T20:30:00+00:00,30.0,1.3137909156543792,6.768189509306261
1736715600.Sun.Jan.12_21_00_00.GMT.2025.CACO03.c2.bright.jpg,c2,1736715600,2025-01-12T21:00:00+00:00,0.0,1.2699261525117411,6.430868167202571
1736717400.Sun.Jan.12_21_30_00.GMT.2025.CACO03.c2.bright.jpg,c2,1736717400,2025-01-12T21:30:00+00:00,30.0,1.2699261525117411,6.430868167202571
1736769600.Mon.Jan.13_12_00_00.GMT.2025.CACO03.c2.bright.jpg,c2,1736769600,2025-01-13T12:00:00+00:00,0.0,1.2808188151763429,9.876543209876544
1736771400.Mon.Jan.13_12_30_00.GMT.2025.CACO03.c2.bright.jpg,c2,1736771400,2025-01-13T12:30:00+00:00,30.0,1.2808188151763429,9.876543209876544
1736773200.Mon.Jan.13_13_00_00.GMT.2025.CACO03.c2.bright.jpg,c2,1736773200,2025-01-13T13:00:00+00:00,0.0,1.28542406916629,9.876543209876544
1736775000.Mon.Jan.13_13_30_00.GMT.2025.CACO03.c2.bright.jpg,c2,1736775000,2025-01-13T13:30:00+00:00,30.0,1.28542406916629,9.876543209876544
1736776800.Mon.Jan.13_14_00_00.GMT.2025.CACO03.c2.bright.jpg,c2,1736776800,2025-01-13T14:00:00+00:00,0.0,1.2012688255972674,9.876543209876544
1736778600.Mon.Jan.13_14_30_00.GMT.2025.CACO03.c2.bright.jpg,c2,1736778600,2025-01-13T14:30:00+00:00,30.0,1.2012688255972674,9.876543209876544
1736780400.Mon.Jan.13_15_00_00.GMT.2025.CACO03.c2.bright.jpg,c2,1736780400,2025-01-13T15:00:00+00:00,0.0,1.1050192426587844,10.6951871657754
1736782200.Mon.Jan.13_15_30_00.GMT.2025.CACO03.c2.bright.jpg,c2,1736782200,2025-01-13T15:30:00+00:00,30.0,1.1050192426587844,10.6951871657754
1736784000.Mon.Jan.13_16_00_00.GMT.2025.CACO03.c2.bright.jpg,c2,1736784000,2025-01-13T16:00:00+00:00,0.0,1.2168501731763397,11.661807580174926
1736785800.Mon.Jan.13_16_30_00.GMT.2025.CACO03.c2.bright.jpg,c2,1736785800,2025-01-13T16:30:00+00:00,30.0,1.2168501731763397,11.661807580174926
1736787600.Mon.Jan.13_17_00_00.GMT.2025.CACO03.c2.bright.jpg,c2,1736787600,2025-01-13T17:00:00+00:00,0.0,1.0708211917128885,11.661807580174926
1736789400.Mon.Jan.13_17_30_00.GMT.2025.CACO03.c2.bright.jpg,c2,1736789400,2025-01-13T17:30:00+00:00,30.0,1.0708211917128885,11.661807580174926
1736791200.Mon.Jan.13_18_00_00.GMT.2025.CACO03.c2.bright.jpg,c2,1736791200,2025-01-13T18:00:00+00:00,0.0,0.9974410449549324,9.174311926605505
1736793000.Mon.Jan.13_18_30_00.GMT.2025.CACO03.c2.bright.jpg,c2,1736793000,2025-01-13T18:30:00+00:00,30.0,0.9974410449549324,9.174311926605505
1736794800.Mon.Jan.13_19_00_00.GMT.2025.CACO03.c2.bright.jpg,c2,1736794800,2025-01-13T19:00:00+00:00,0.0,1.0790528904520709,11.661807580174926
1736796600.Mon.Jan.13_19_30_00.GMT.2025.CACO03.c2.bright.jpg,c2,1736796600,2025-01-13T19:30:00+00:00,30.0,1.0790528904520709,11.661807580174926
1736798400.Mon.Jan.13_20_00_00.GMT.2025.CACO03.c2.bright.jpg,c2,1736798400,2025-01-13T20:00:00+00:00,0.0,0.9471696085767431,11.661807580174926
1736800200.Mon.Jan.13_20_30_00.GMT.2025.CACO03.c2.bright.jpg,c2,1736800200,2025-01-13T20:30:00+00:00,30.0,0.9471696085767431,11.661807580174926
1736802000.Mon.Jan.13_21_00_00.GMT.2025.CACO03.c2.bright.jpg,c2,1736802000,2025-01-13T21:00:00+00:00,0.0,0.9673947493811866,11.661807580174926
1736856000.Tue.Jan.14_12_00_00.GMT.2025.CACO03.c2.bright.jpg,c2,1736856000,2025-01-14T12:00:00+00:00,0.0,0.8769497421573347,11.661807580174926
1736857800.Tue.Jan.14_12_30_00.GMT.2025.CACO03.c2.bright.jpg,c2,1736857800,2025-01-14T12:30:00+00:00,30.0,0.8769497421573347,11.661807580174926
1736859600.Tue.Jan.14_13_00_00.GMT.2025.CACO03.c2.bright.jpg,c2,1736859600,2025-01-14T13:00:00+00:00,0.0,1.0296664971676446,11.661807580174926
1736861400.Tue.Jan.14_13_30_00.GMT.2025.CACO03.c2.bright.jpg,c2,1736861400,2025-01-14T13:30:00+00:00,30.0,1.0296664971676446,11.661807580174926
1736863200.Tue.Jan.14_14_00_00.GMT.2025.CACO03.c2.bright.jpg,c2,1736863200,2025-01-14T14:00:00+00:00,0.0,1.0355240830089725,11.661807580174926
1736865000.Tue.Jan.14_14_30_00.GMT.2025.CACO03.c2.bright.jpg,c2,1736865000,2025-01-14T14:30:00+00:00,30.0,1.0355240830089725,11.661807580174926
1736866800.Tue.Jan.14_15_00_00.GMT.2025.CACO03.c2.bright.jpg,c2,1736866800,2025-01-14T15:00:00+00:00,0.0,1.080346699407411,11.661807580174926
1736868600.Tue.Jan.14_15_30_00.GMT.2025.CACO03.c2.bright.jpg,c2,1736868600,2025-01-14T15:30:00+00:00,30.0,1.080346699407411,11.661807580174926
1736870400.Tue.Jan.14_16_00_00.GMT.2025.CACO03.c2.bright.jpg,c2,1736870400,2025-01-14T16:00:00+00:00,0.0,0.9404722108961986,9.876543209876544
1736872200.Tue.Jan.14_16_30_00.GMT.2025.CACO03.c2.bright.jpg,c2,1736872200,2025-01-14T16:30:00+00:00,30.0,0.9404722108961986,9.876543209876544
1736874000.Tue.Jan.14_17_00_00.GMT.2025.CACO03.c2.bright.jpg,c2,1736874000,2025-01-14T17:00:00+00:00,0.0,0.9342572700802412,11.661807580174926
1736875800.Tue.Jan.14_17_30_00.GMT.2025.CACO03.c2.bright.jpg,c2,1736875800,2025-01-14T17:30:00+00:00,30.0,0.9342572700802412,11.661807580174926
1736877600.Tue.Jan.14_18_00_00.GMT.2025.CACO03.c2.bright.jpg,c2,1736877600,2025-01-14T18:00:00+00:00,0.0,0.8018538327395826,9.876543209876544
1736879400.Tue.Jan.14_18_30_00.GMT.2025.CACO03.c2.bright.jpg,c2,1736879400,2025-01-14T18:30:00+00:00,30.0,0.8018538327395826,9.876543209876544
1736881200.Tue.Jan.14_19_00_00.GMT.2025.CACO03.c2.bright.jpg,c2,1736881200,2025-01-14T19:00:00+00:00,0.0,0.7655116491008588,9.876543209876544
1736883000.Tue.Jan.14_19_30_00.GMT.2025.CACO03.c2.bright.jpg,c2,1736883000,2025-01-14T19:30:00+00:00,30.0,0.7655116491008588,9.876543209876544
1736884800.Tue.Jan.14_20_00_00.GMT.2025.CACO03.c2.bright.jpg,c2,1736884800,2025-01-14T20:00:00+00:00,0.0,0.7841811736628912,11.661807580174926
1736886600.Tue.Jan.14_20_30_00.GMT.2025.CACO03.c2.bright.jpg,c2,1736886600,2025-01-14T20:30:00+00:00,30.0,0.7841811736628912,11.661807580174926
1736888400.Tue.Jan.14_21_00_00.GMT.2025.CACO03.c2.bright.jpg,c2,1736888400,2025-01-14T21:00:00+00:00,0.0,0.6433321544073706,10.6951871657754
1736890200.Tue.Jan.14_21_30_00.GMT.2025.CACO03.c2.bright.jpg,c2,1736890200,2025-01-14T21:30:00+00:00,30.0,0.6433321544073706,10.6951871657754
1736942400.Wed.Jan.15_12_00_00.GMT.2025.CACO03.c2.bright.jpg,c2,1736942400,2025-01-15T12:00:00+00:00,0.0,0.8572351881841249,6.125574272588055
1736944200.Wed.Jan.15_12_30_00.GMT.2025.CACO03.c2.bright.jpg,c2,1736944200,2025-01-15T12:30:00+00:00,30.0,0.8572351881841249,6.125574272588055
1736946000.Wed.Jan.15_13_00_00.GMT.2025.CACO03.c2.bright.jpg,c2,1736946000,2025-01-15T13:00:00+00:00,0.0,1.20049930981591,6.125574272588055
1736947800.Wed.Jan.15_13_30_00.GMT.2025.CACO03.c2.bright.jpg,c2,1736947800,2025-01-15T13:30:00+00:00,30.0,1.20049930981591,6.125574272588055
1736949600.Wed.Jan.15_14_00_00.GMT.2025.CACO03.c2.bright.jpg,c2,1736949600,2025-01-15T14:00:00+00:00,0.0,1.222594710197097,6.430868167202571
1736951400.Wed.Jan.15_14_30_00.GMT.2025.CACO03.c2.bright.jpg,c2,1736951400,2025-01-15T14:30:00+00:00,30.0,1.222594710197097,6.430868167202571
1736953200.Wed.Jan.15_15_00_00.GMT.2025.CACO03.c2.bright.jpg,c2,1736953200,2025-01-15T15:00:00+00:00,0.0,1.1721259003638795,5.847953216374269
1736955000.Wed.Jan.15_15_30_00.GMT.2025.CACO03.c2.bright.jpg,c2,1736955000,2025-01-15T15:30:00+00:00,30.0,1.1721259003638795,5.847953216374269
1736956800.Wed.Jan.15_16_00_00.GMT.2025.CACO03.c2.bright.jpg,c2,1736956800,2025-01-15T16:00:00+00:00,0.0,1.2036738559773248,6.125574272588055
1736958600.Wed.Jan.15_16_30_00.GMT.2025.CACO03.c2.bright.jpg,c2,1736958600,2025-01-15T16:30:00+00:00,30.0,1.2036738559773248,6.125574272588055
1736960400.Wed.Jan.15_17_00_00.GMT.2025.CACO03.c2.bright.jpg,c2,1736960400,2025-01-15T17:00:00+00:00,0.0,1.1432329156337662,6.430868167202571
1736962200.Wed.Jan.15_17_30_00.GMT.2025.CACO03.c2.bright.jpg,c2,1736962200,2025-01-15T17:30:00+00:00,30.0,1.1432329156337662,6.430868167202571
1736964000.Wed.Jan.15_18_00_00.GMT.2025.CACO03.c2.bright.jpg,c2,1736964000,2025-01-15T18:00:00+00:00,0.0,1.031626146262783,5.847953216374269
1736965800.Wed.Jan.15_18_30_00.GMT.2025.CACO03.c2.bright.jpg,c2,1736965800,2025-01-15T18:30:00+00:00,30.0,1.031626146262783,5.847953216374269
1736967600.Wed.Jan.15_19_00_00.GMT.2025.CACO03.c2.bright.jpg,c2,1736967600,2025-01-15T19:00:00+00:00,0.0,1.0947393196895745,5.594405594405594
1736969400.Wed.Jan.15_19_30_00.GMT.2025.CACO03.c2.bright.jpg,c2,1736969400,2025-01-15T19:30:00+00:00,30.0,1.0947393196895745,5.594405594405594
1736971200.Wed.Jan.15_20_00_00.GMT.2025.CACO03.c2.bright.jpg,c2,1736971200,2025-01-15T20:00:00+00:00,0.0,1.1096021281093502,6.125574272588055
1736973000.Wed.Jan.15_20_30_00.GMT.2025.CACO03.c2.bright.jpg,c2,1736973000,2025-01-15T20:30:00+00:00,30.0,1.1096021281093502,6.125574272588055
1736974800.Wed.Jan.15_21_00_00.GMT.2025.CACO03.c2.bright.jpg,c2,1736974800,2025-01-15T21:00:00+00:00,0.0,1.1673489476601144,6.125574272588055
1736976600.Wed.Jan.15_21_30_00.GMT.2025.CACO03.c2.bright.jpg,c2,1736976600,2025-01-15T21:30:00+00:00,30.0,1.1673489476601144,6.125574272588055
1737028800.Thu.Jan.16_12_00_00.GMT.2025.CACO03.c2.bright.jpg,c2,1737028800,2025-01-16T12:00:00+00:00,0.0,0.6753482780929155,5.594405594405594
1737030600.Thu.Jan.16_12_30_00.GMT.2025.CACO03.c2.bright.jpg,c2,1737030600,2025-01-16T12:30:00+00:00,30.0,0.6753482780929155,5.594405594405594
1737032400.Thu.Jan.16_13_00_00.GMT.2025.CACO03.c2.bright.jpg,c2,1737032400,2025-01-16T13:00:00+00:00,0.0,0.6362738683974585,5.361930294906166
1737034200.Thu.Jan.16_13_30_00.GMT.2025.CACO03.c2.bright.jpg,c2,1737034200,2025-01-16T13:30:00+00:00,30.0,0.6362738683974585,5.361930294906166
1737036000.Thu.Jan.16_14_00_00.GMT.2025.CACO03.c2.bright.jpg,c2,1737036000,2025-01-16T14:00:00+00:00,0.0,0.5226707725054065,6.125574272588055
1737037800.Thu.Jan.16_14_30_00.GMT.2025.CACO03.c2.bright.jpg,c2,1737037800,2025-01-16T14:30:00+00:00,30.0,0.5226707725054065,6.125574272588055
1737039600.Thu.Jan.16_15_00_00.GMT.2025.CACO03.c2.bright.jpg,c2,1737039600,2025-01-16T15:00:00+00:00,0.0,0.5698515392804339,5.594405594405594
1737041400.Thu.Jan.16_15_30_00.GMT.2025.CACO03.c2.bright.jpg,c2,1737041400,2025-01-16T15:30:00+00:00,30.0,0.5698515392804339,5.594405594405594
1737043200.Thu.Jan.16_16_00_00.GMT.2025.CACO03.c2.bright.jpg,c2,1737043200,2025-01-16T16:00:00+00:00,0.0,0.4927602366181722,5.361930294906166
1737045000.Thu.Jan.16_16_30_00.GMT.2025.CACO03.c2.bright.jpg,c2,1737045000,2025-01-16T16:30:00+00:00,30.0,0.4927602366181722,5.361930294906166
1737046800.Thu.Jan.16_17_00_00.GMT.2025.CACO03.c2.bright.jpg,c2,1737046800,2025-01-16T17:00:00+00:00,0.0,0.422840591440401,5.361930294906166
1737048600.Thu.Jan.16_17_30_00.GMT.2025.CACO03.c2.bright.jpg,c2,1737048600,2025-01-16T17:30:00+00:00,30.0,0.422840591440401,5.361930294906166
1737050400.Thu.Jan.16_18_00_00.GMT.2025.CACO03.c2.bright.jpg,c2,1737050400,2025-01-16T18:00:00+00:00,0.0,0.4431245576660917,5.361930294906166
1737052200.Thu.Jan.16_18_30_00.GMT.2025.CACO03.c2.bright.jpg,c2,1737052200,2025-01-16T18:30:00+00:00,30.0,0.4431245576660917,5.361930294906166
1737054000.Thu.Jan.16_19_00_00.GMT.2025.CACO03.c2.bright.jpg,c2,1737054000,2025-01-16T19:00:00+00:00,0.0,0.4960265182981856,4.153686396677051
1737055800.Thu.Jan.16_19_30_00.GMT.2025.CACO03.c2.bright.jpg,c2,1737055800,2025-01-16T19:30:00+00:00,30.0,0.4960265182981856,4.153686396677051
1737057600.Thu.Jan.16_20_00_00.GMT.2025.CACO03.c2.bright.jpg,c2,1737057600,2025-01-16T20:00:00+00:00,0.0,0.4667344266743484,4.597701149425287
1737059400.Thu.Jan.16_20_30_00.GMT.2025.CACO03.c2.bright.jpg,c2,1737059400,2025-01-16T20:30:00+00:00,30.0,0.4667344266743484,4.597701149425287
1737061200.Thu.Jan.16_21_00_00.GMT.2025.CACO03.c2.bright.jpg,c2,1737061200,2025-01-16T21:00:00+00:00,0.0,0.411800712653002,4.767580452920143
1737063000.Thu.Jan.16_21_30_00.GMT.2025.CACO03.c2.bright.jpg,c2,1737063000,2025-01-16T21:30:00+00:00,30.0,0.411800712653002,4.767580452920143
1737117000.Fri.Jan.17_12_30_00.GMT.2025.CACO03.c2.bright.jpg,c2,1737117000,2025-01-17T12:30:00+00:00,30.0,0.3279878110453532,9.174311926605505
1737118800.Fri.Jan.17_13_00_00.GMT.2025.CACO03.c2.bright.jpg,c2,1737118800,2025-01-17T13:00:00+00:00,0.0,0.3930432201326044,10.6951871657754
1737120600.Fri.Jan.17_13_30_00.GMT.2025.CACO03.c2.bright.jpg,c2,1737120600,2025-01-17T13:30:00+00:00,30.0,0.3930432201326044,10.6951871657754
1737122400.Fri.Jan.17_14_00_00.GMT.2025.CACO03.c2.bright.jpg,c2,1737122400,2025-01-17T14:00:00+00:00,0.0,0.3004082395202279,10.6951871657754
1737124200.Fri.Jan.17_14_30_00.GMT.2025.CACO03.c2.bright.jpg,c2,1737124200,2025-01-17T14:30:00+00:00,30.0,0.3004082395202279,10.6951871657754
1737126000.Fri.Jan.17_15_00_00.GMT.2025.CACO03.c2.bright.jpg,c2,1737126000,2025-01-17T15:00:00+00:00,0.0,0.8917067628415076,4.439511653718091
1737127800.Fri.Jan.17_15_30_00.GMT.2025.CACO03.c2.bright.jpg,c2,1737127800,2025-01-17T15:30:00+00:00,30.0,0.8917067628415076,4.439511653718091
1737129600.Fri.Jan.17_16_00_00.GMT.2025.CACO03.c2.bright.jpg,c2,1737129600,2025-01-17T16:00:00+00:00,0.0,1.097765008151692,4.950495049504951
1737131400.Fri.Jan.17_16_30_00.GMT.2025.CACO03.c2.bright.jpg,c2,1737131400,2025-01-17T16:30:00+00:00,30.0,1.097765008151692,4.950495049504951
1737133200.Fri.Jan.17_17_00_00.GMT.2025.CACO03.c2.bright.jpg,c2,1737133200,2025-01-17T17:00:00+00:00,0.0,1.2461487210150357,5.847953216374269
1737135000.Fri.Jan.17_17_30_00.GMT.2025.CACO03.c2.bright.jpg,c2,1737135000,2025-01-17T17:30:00+00:00,30.0,1.2461487210150357,5.847953216374269
1737136800.Fri.Jan.17_18_00_00.GMT.2025.CACO03.c2.bright.jpg,c2,1737136800,2025-01-17T18:00:00+00:00,0.0,1.171548086789521,5.847953216374269
1737138600.Fri.Jan.17_18_30_00.GMT.2025.CACO03.c2.bright.jpg,c2,1737138600,2025-01-17T18:30:00+00:00,30.0,1.171548086789521,5.847953216374269
1737140400.Fri.Jan.17_19_00_00.GMT.2025.CACO03.c2.bright.jpg,c2,1737140400,2025-01-17T19:00:00+00:00,0.0,1.145573975460882,5.594405594405594
1737142200.Fri.Jan.17_19_30_00.GMT.2025.CACO03.c2.bright.jpg,c2,1737142200,2025-01-17T19:30:00+00:00,30.0,1.145573975460882,5.594405594405594
1737144000.Fri.Jan.17_20_00_00.GMT.2025.CACO03.c2.bright.jpg,c2,1737144000,2025-01-17T20:00:00+00:00,0.0,1.313995972967392,5.594405594405594
1737145800.Fri.Jan.17_20_30_00.GMT.2025.CACO03.c2.bright.jpg,c2,1737145800,2025-01-17T20:30:00+00:00,30.0,1.313995972967392,5.594405594405594
1737147600.Fri.Jan.17_21_00_00.GMT.2025.CACO03.c2.bright.jpg,c2,1737147600,2025-01-17T21:00:00+00:00,0.0,1.0256628050240866,5.594405594405594
1737149400.Fri.Jan.17_21_30_00.GMT.2025.CACO03.c2.bright.jpg,c2,1737149400,2025-01-17T21:30:00+00:00,30.0,1.0256628050240866,5.594405594405594
1737201600.Sat.Jan.18_12_00_00.GMT.2025.CACO03.c2.bright.jpg,c2,1737201600,2025-01-18T12:00:00+00:00,0.0,0.4558225239815802,5.361930294906166
1737203400.Sat.Jan.18_12_30_00.GMT.2025.CACO03.c2.bright.jpg,c2,1737203400,2025-01-18T12:30:00+00:00,30.0,0.4558225239815802,5.361930294906166
1737205200.Sat.Jan.18_13_00_00.GMT.2025.CACO03.c2.bright.jpg,c2,1737205200,2025-01-18T13:00:00+00:00,0.0,0.4939626945070781,5.361930294906166
1737207000.Sat.Jan.18_13_30_00.GMT.2025.CACO03.c2.bright.jpg,c2,1737207000,2025-01-18T13:30:00+00:00,30.0,0.4939626945070781,5.361930294906166
1737208800.Sat.Jan.18_14_00_00.GMT.2025.CACO03.c2.bright.jpg,c2,1737208800,2025-01-18T14:00:00+00:00,0.0,0.5381376567006024,5.361930294906166
1737210600.Sat.Jan.18_14_30_00.GMT.2025.CACO03.c2.bright.jpg,c2,1737210600,2025-01-18T14:30:00+00:00,30.0,0.5381376567006024,5.361930294906166
1737212400.Sat.Jan.18_15_00_00.GMT.2025.CACO03.c2.bright.jpg,c2,1737212400,2025-01-18T15:00:00+00:00,0.0,0.8442274883000387,4.597701149425287
1737214200.Sat.Jan.18_15_30_00.GMT.2025.CACO03.c2.bright.jpg,c2,1737214200,2025-01-18T15:30:00+00:00,30.0,0.8442274883000387,4.597701149425287
1737216000.Sat.Jan.18_16_00_00.GMT.2025.CACO03.c2.bright.jpg,c2,1737216000,2025-01-18T16:00:00+00:00,0.0,0.8598448355898078,4.291845493562232
1737217800.Sat.Jan.18_16_30_00.GMT.2025.CACO03.c2.bright.jpg,c2,1737217800,2025-01-18T16:30:00+00:00,30.0,0.8598448355898078,4.291845493562232
1737219600.Sat.Jan.18_17_00_00.GMT.2025.CACO03.c2.bright.jpg,c2,1737219600,2025-01-18T17:00:00+00:00,0.0,0.9980429119274856,4.767580452920143
1737221400.Sat.Jan.18_17_30_00.GMT.2025.CACO03.c2.bright.jpg,c2,1737221400,2025-01-18T17:30:00+00:00,30.0,0.9980429119274856,4.767580452920143
1737223200.Sat.Jan.18_18_00_00.GMT.2025.CACO03.c2.bright.jpg,c2,1737223200,2025-01-18T18:00:00+00:00,0.0,0.9606205140333132,4.950495049504951
1737225000.Sat.Jan.18_18_30_00.GMT.2025.CACO03.c2.bright.jpg,c2,1737225000,2025-01-18T18:30:00+00:00,30.0,0.9606205140333132,4.950495049504951
1737226800.Sat.Jan.18_19_00_00.GMT.2025.CACO03.c2.bright.jpg,c2,1737226800,2025-01-18T19:00:00+00:00,0.0,0.9568165294414858,4.950495049504951
1737228600.Sat.Jan.18_19_30_00.GMT.2025.CACO03.c2.bright.jpg,c2,1737228600,2025-01-18T19:30:00+00:00,30.0,0.9568165294414858,4.950495049504951
1737230400.Sat.Jan.18_20_00_00.GMT.2025.CACO03.c2.bright.jpg,c2,1737230400,2025-01-18T20:00:00+00:00,0.0,0.9688826071888064,5.361930294906166
1737232200.Sat.Jan.18_20_30_00.GMT.2025.CACO03.c2.bright.jpg,c2,1737232200,2025-01-18T20:30:00+00:00,30.0,0.9688826071888064,5.361930294906166
1737234000.Sat.Jan.18_21_00_00.GMT.2025.CACO03.c2.bright.jpg,c2,1737234000,2025-01-18T21:00:00+00:00,0.0,1.0212938046944864,5.594405594405594
1737288000.Sun.Jan.19_12_00_00.GMT.2025.CACO03.c2.bright.jpg,c2,1737288000,2025-01-19T12:00:00+00:00,0.0,1.0461036830136925,7.142857142857142
1737289800.Sun.Jan.19_12_30_00.GMT.2025.CACO03.c2.bright.jpg,c2,1737289800,2025-01-19T12:30:00+00:00,30.0,1.0461036830136925,7.142857142857142
1737291600.Sun.Jan.19_13_00_00.GMT.2025.CACO03.c2.bright.jpg,c2,1737291600,2025-01-19T13:00:00+00:00,0.0,1.007772140993945,7.142857142857142
1737293400.Sun.Jan.19_13_30_00.GMT.2025.CACO03.c2.bright.jpg,c2,1737293400,2025-01-19T13:30:00+00:00,30.0,1.007772140993945,7.142857142857142
1737295200.Sun.Jan.19_14_00_00.GMT.2025.CACO03.c2.bright.jpg,c2,1737295200,2025-01-19T14:00:00+00:00,0.0,0.904153012530008,6.768189509306261
1737297000.Sun.Jan.19_14_30_00.GMT.2025.CACO03.c2.bright.jpg,c2,1737297000,2025-01-19T14:30:00+00:00,30.0,0.904153012530008,6.768189509306261
1737298800.Sun.Jan.19_15_00_00.GMT.2025.CACO03.c2.bright.jpg,c2,1737298800,2025-01-19T15:00:00+00:00,0.0,0.9625188721208776,6.430868167202571
1737300600.Sun.Jan.19_15_30_00.GMT.2025.CACO03.c2.bright.jpg,c2,1737300600,2025-01-19T15:30:00+00:00,30.0,0.9625188721208776,6.430868167202571
1737302400.Sun.Jan.19_16_00_00.GMT.2025.CACO03.c2.bright.jpg,c2,1737302400,2025-01-19T16:00:00+00:00,0.0,0.8017773258983356,6.768189509306261
1737304200.Sun.Jan.19_16_30_00.GMT.2025.CACO03.c2.bright.jpg,c2,1737304200,2025-01-19T16:30:00+00:00,30.0,0.8017773258983356,6.768189509306261
1737306000.Sun.Jan.19_17_00_00.GMT.2025.CACO03.c2.bright.jpg,c2,1737306000,2025-01-19T17:00:00+00:00,0.0,0.7584958590477521,6.430868167202571
1737307800.Sun.Jan.19_17_30_00.GMT.2025.CACO03.c2.bright.jpg,c2,1737307800,2025-01-19T17:30:00+00:00,30.0,0.7584958590477521,6.430868167202571
1737309600.Sun.Jan.19_18_00_00.GMT.2025.CACO03.c2.bright.jpg,c2,1737309600,2025-01-19T18:00:00+00:00,0.0,0.8133124799238755,6.768189509306261
1737311400.Sun.Jan.19_18_30_00.GMT.2025.CACO03.c2.bright.jpg,c2,1737311400,2025-01-19T18:30:00+00:00,30.0,0.8133124799238755,6.768189509306261
1737313200.Sun.Jan.19_19_00_00.GMT.2025.CACO03.c2.bright.jpg,c2,1737313200,2025-01-19T19:00:00+00:00,0.0,0.86095254073824,6.430868167202571
1737315000.Sun.Jan.19_19_30_00.GMT.2025.CACO03.c2.bright.jpg,c2,1737315000,2025-01-19T19:30:00+00:00,30.0,0.86095254073824,6.430868167202571
1737316800.Sun.Jan.19_20_00_00.GMT.2025.CACO03.c2.bright.jpg,c2,1737316800,2025-01-19T20:00:00+00:00,0.0,0.7827176707609079,9.876543209876544
1737318600.Sun.Jan.19_20_30_00.GMT.2025.CACO03.c2.bright.jpg,c2,1737318600,2025-01-19T20:30:00+00:00,30.0,0.7827176707609079,9.876543209876544
1737320400.Sun.Jan.19_21_00_00.GMT.2025.CACO03.c2.bright.jpg,c2,1737320400,2025-01-19T21:00:00+00:00,0.0,0.8659370232906303,9.174311926605505
1737374400.Mon.Jan.20_12_00_00.GMT.2025.CACO03.c2.bright.jpg,c2,1737374400,2025-01-20T12:00:00+00:00,0.0,2.1146215349034363,8.032128514056225
1737376200.Mon.Jan.20_12_30_00.GMT.2025.CACO03.c2.bright.jpg,c2,1737376200,2025-01-20T12:30:00+00:00,30.0,2.1146215349034363,8.032128514056225
1737378000.Mon.Jan.20_13_00_00.GMT.2025.CACO03.c2.bright.jpg,c2,1737378000,2025-01-20T13:00:00+00:00,0.0,2.240538482222157,8.032128514056225
1737379800.Mon.Jan.20_13_30_00.GMT.2025.CACO03.c2.bright.jpg,c2,1737379800,2025-01-20T13:30:00+00:00,30.0,2.240538482222157,8.032128514056225
1737381600.Mon.Jan.20_14_00_00.GMT.2025.CACO03.c2.bright.jpg,c2,1737381600,2025-01-20T14:00:00+00:00,0.0,2.267834281258392,8.032128514056225
1737383400.Mon.Jan.20_14_30_00.GMT.2025.CACO03.c2.bright.jpg,c2,1737383400,2025-01-20T14:30:00+00:00,30.0,2.267834281258392,8.032128514056225
1737385200.Mon.Jan.20_15_00_00.GMT.2025.CACO03.c2.bright.jpg,c2,1737385200,2025-01-20T15:00:00+00:00,0.0,2.156975330162598,7.561436672967865
1737387000.Mon.Jan.20_15_30_00.GMT.2025.CACO03.c2.bright.jpg,c2,1737387000,2025-01-20T15:30:00+00:00,30.0,2.156975330162598,7.561436672967865
1737388800.Mon.Jan.20_16_00_00.GMT.2025.CACO03.c2.bright.jpg,c2,1737388800,2025-01-20T16:00:00+00:00,0.0,1.998673896797185,8.032128514056225
1737390600.Mon.Jan.20_16_30_00.GMT.2025.CACO03.c2.bright.jpg,c2,1737390600,2025-01-20T16:30:00+00:00,30.0,1.998673896797185,8.032128514056225
1737392400.Mon.Jan.20_17_00_00.GMT.2025.CACO03.c2.bright.jpg,c2,1737392400,2025-01-20T17:00:00+00:00,0.0,2.007137074637064,8.032128514056225
1737394200.Mon.Jan.20_17_30_00.GMT.2025.CACO03.c2.bright.jpg,c2,1737394200,2025-01-20T17:30:00+00:00,30.0,2.007137074637064,8.032128514056225
1737396000.Mon.Jan.20_18_00_00.GMT.2025.CACO03.c2.bright.jpg,c2,1737396000,2025-01-20T18:00:00+00:00,0.0,2.067796505459843,8.565310492505352
1737397800.Mon.Jan.20_18_30_00.GMT.2025.CACO03.c2.bright.jpg,c2,1737397800,2025-01-20T18:30:00+00:00,30.0,2.067796505459843,8.565310492505352
1737399600.Mon.Jan.20_19_00_00.GMT.2025.CACO03.c2.bright.jpg,c2,1737399600,2025-01-20T19:00:00+00:00,0.0,2.042223993916602,7.561436672967865
1737401400.Mon.Jan.20_19_30_00.GMT.2025.CACO03.c2.bright.jpg,c2,1737401400,2025-01-20T19:30:00+00:00,30.0,2.042223993916602,7.561436672967865
1737403200.Mon.Jan.20_20_00_00.GMT.2025.CACO03.c2.bright.jpg,c2,1737403200,2025-01-20T20:00:00+00:00,0.0,1.7385874195359905,8.032128514056225
1737405000.Mon.Jan.20_20_30_00.GMT.2025.CACO03.c2.bright.jpg,c2,1737405000,2025-01-20T20:30:00+00:00,30.0,1.7385874195359905,8.032128514056225
1737406800.Mon.Jan.20_21_00_00.GMT.2025.CACO03.c2.bright.jpg,c2,1737406800,2025-01-20T21:00:00+00:00,0.0,1.6106136837458878,7.561436672967865
1737408600.Mon.Jan.20_21_30_00.GMT.2025.CACO03.c2.bright.jpg,c2,1737408600,2025-01-20T21:30:00+00:00,30.0,1.6106136837458878,7.561436672967865
1737460800.Tue.Jan.21_12_00_00.GMT.2025.CACO03.c2.bright.jpg,c2,1737460800,2025-01-21T12:00:00+00:00,0.0,0.6255521952681962,10.6951871657754
1737462600.Tue.Jan.21_12_30_00.GMT.2025.CACO03.c2.bright.jpg,c2,1737462600,2025-01-21T12:30:00+00:00,30.0,0.6255521952681962,10.6951871657754
1737464400.Tue.Jan.21_13_00_00.GMT.2025.CACO03.c2.bright.jpg,c2,1737464400,2025-01-21T13:00:00+00:00,0.0,0.6702349611927805,10.6951871657754
1737466200.Tue.Jan.21_13_30_00.GMT.2025.CACO03.c2.bright.jpg,c2,1737466200,2025-01-21T13:30:00+00:00,30.0,0.6702349611927805,10.6951871657754
1737468000.Tue.Jan.21_14_00_00.GMT.2025.CACO03.c2.bright.jpg,c2,1737468000,2025-01-21T14:00:00+00:00,0.0,0.5987478808782329,9.876543209876544
1737469800.Tue.Jan.21_14_30_00.GMT.2025.CACO03.c2.bright.jpg,c2,1737469800,2025-01-21T14:30:00+00:00,30.0,0.5987478808782329,9.876543209876544
1737471600.Tue.Jan.21_15_00_00.GMT.2025.CACO03.c2.bright.jpg,c2,1737471600,2025-01-21T15:00:00+00:00,0.0,0.4713163948880713,10.6951871657754
1737473400.Tue.Jan.21_15_30_00.GMT.2025.CACO03.c2.bright.jpg,c2,1737473400,2025-01-21T15:30:00+00:00,30.0,0.4713163948880713,10.6951871657754
1737475200.Tue.Jan.21_16_00_00.GMT.2025.CACO03.c2.bright.jpg,c2,1737475200,2025-01-21T16:00:00+00:00,0.0,0.5264709356315567,9.876543209876544
1737477000.Tue.Jan.21_16_30_00.GMT.2025.CACO03.c2.bright.jpg,c2,1737477000,2025-01-21T16:30:00+00:00,30.0,0.5264709356315567,9.876543209876544
1737478800.Tue.Jan.21_17_00_00.GMT.2025.CACO03.c2.bright.jpg,c2,1737478800,2025-01-21T17:00:00+00:00,0.0,0.3875803991745536,10.6951871657754
1737480600.Tue.Jan.21_17_30_00.GMT.2025.CACO03.c2.bright.jpg,c2,1737480600,2025-01-21T17:30:00+00:00,30.0,0.3875803991745536,10.6951871657754
1737482400.Tue.Jan.21_18_00_00.GMT.2025.CACO03.c2.bright.jpg,c2,1737482400,2025-01-21T18:00:00+00:00,0.0,0.3648786931847373,9.876543209876544
1737484200.Tue.Jan.21_18_30_00.GMT.2025.CACO03.c2.bright.jpg,c2,1737484200,2025-01-21T18:30:00+00:00,30.0,0.3648786931847373,9.876543209876544
1737486000.Tue.Jan.21_19_00_00.GMT.2025.CACO03.c2.bright.jpg,c2,1737486000,2025-01-21T19:00:00+00:00,0.0,0.3949730070350998,10.6951871657754
1737487800.Tue.Jan.21_19_30_00.GMT.2025.CACO03.c2.bright.jpg,c2,1737487800,2025-01-21T19:30:00+00:00,30.0,0.3949730070350998,10.6951871657754
1737489600.Tue.Jan.21_20_00_00.GMT.2025.CACO03.c2.bright.jpg,c2,1737489600,2025-01-21T20:00:00+00:00,0.0,0.405622431739577,9.174311926605505
1737491400.Tue.Jan.21_20_30_00.GMT.2025.CACO03.c2.bright.jpg,c2,1737491400,2025-01-21T20:30:00+00:00,30.0,0.405622431739577,9.174311926605505
1737493200.Tue.Jan.21_21_00_00.GMT.2025.CACO03.c2.bright.jpg,c2,1737493200,2025-01-21T21:00:00+00:00,0.0,0.4299298639610444,9.174311926605505
1737495000.Tue.Jan.21_21_30_00.GMT.2025.CACO03.c2.bright.jpg,c2,1737495000,2025-01-21T21:30:00+00:00,30.0,0.4299298639610444,9.174311926605505
1737547200.Wed.Jan.22_12_00_00.GMT.2025.CACO03.c2.bright.jpg,c2,1737547200,2025-01-22T12:00:00+00:00,0.0,0.7948631980595667,4.439511653718091
1737549000.Wed.Jan.22_12_30_00.GMT.2025.CACO03.c2.bright.jpg,c2,1737549000,2025-01-22T12:30:00+00:00,30.0,0.7948631980595667,4.439511653718091
1737550800.Wed.Jan.22_13_00_00.GMT.2025.CACO03.c2.bright.jpg,c2,1737550800,2025-01-22T13:00:00+00:00,0.0,0.9476606845721716,4.291845493562232
1737552600.Wed.Jan.22_13_30_00.GMT.2025.CACO03.c2.bright.jpg,c2,1737552600,2025-01-22T13:30:00+00:00,30.0,0.9476606845721716,4.291845493562232
1737554400.Wed.Jan.22_14_00_00.GMT.2025.CACO03.c2.bright.jpg,c2,1737554400,2025-01-22T14:00:00+00:00,0.0,0.6802968498335545,5.148005148005149
1737556200.Wed.Jan.22_14_30_00.GMT.2025.CACO03.c2.bright.jpg,c2,1737556200,2025-01-22T14:30:00+00:00,30.0,0.6802968498335545,5.148005148005149
1737558000.Wed.Jan.22_15_00_00.GMT.2025.CACO03.c2.bright.jpg,c2,1737558000,2025-01-22T15:00:00+00:00,0.0,0.7928932546502558,5.361930294906166
1737559800.Wed.Jan.22_15_30_00.GMT.2025.CACO03.c2.bright.jpg,c2,1737559800,2025-01-22T15:30:00+00:00,30.0,0.7928932546502558,5.361930294906166
1737561600.Wed.Jan.22_16_00_00.GMT.2025.CACO03.c2.bright.jpg,c2,1737561600,2025-01-22T16:00:00+00:00,0.0,0.7969265940550841,5.361930294906166
1737563400.Wed.Jan.22_16_30_00.GMT.2025.CACO03.c2.bright.jpg,c2,1737563400,2025-01-22T16:30:00+00:00,30.0,0.7969265940550841,5.361930294906166
1737565200.Wed.Jan.22_17_00_00.GMT.2025.CACO03.c2.bright.jpg,c2,1737565200,2025-01-22T17:00:00+00:00,0.0,0.8550299846377688,5.594405594405594
1737567000.Wed.Jan.22_17_30_00.GMT.2025.CACO03.c2.bright.jpg,c2,1737567000,2025-01-22T17:30:00+00:00,30.0,0.8550299846377688,5.594405594405594
1737568800.Wed.Jan.22_18_00_00.GMT.2025.CACO03.c2.bright.jpg,c2,1737568800,2025-01-22T18:00:00+00:00,0.0,0.9730478919541716,5.361930294906166
1737570600.Wed.Jan.22_18_30_00.GMT.2025.CACO03.c2.bright.jpg,c2,1737570600,2025-01-22T18:30:00+00:00,30.0,0.9730478919541716,5.361930294906166
1737572400.Wed.Jan.22_19_00_00.GMT.2025.CACO03.c2.bright.jpg,c2,1737572400,2025-01-22T19:00:00+00:00,0.0,0.8475147006606539,5.361930294906166
1737574200.Wed.Jan.22_19_30_00.GMT.2025.CACO03.c2.bright.jpg,c2,1737574200,2025-01-22T19:30:00+00:00,30.0,0.8475147006606539,5.361930294906166
1737576000.Wed.Jan.22_20_00_00.GMT.2025.CACO03.c2.bright.jpg,c2,1737576000,2025-01-22T20:00:00+00:00,0.0,0.7027042096188673,5.361930294906166
1737577800.Wed.Jan.22_20_30_00.GMT.2025.CACO03.c2.bright.jpg,c2,1737577800,2025-01-22T20:30:00+00:00,30.0,0.7027042096188673,5.361930294906166
1737579600.Wed.Jan.22_21_00_00.GMT.2025.CACO03.c2.bright.jpg,c2,1737579600,2025-01-22T21:00:00+00:00,0.0,0.6704880627299759,5.361930294906166
1737581400.Wed.Jan.22_21_30_00.GMT.2025.CACO03.c2.bright.jpg,c2,1737581400,2025-01-22T21:30:00+00:00,30.0,0.6704880627299759,5.361930294906166
1737633600.Thu.Jan.23_12_00_00.GMT.2025.CACO03.c2.bright.jpg,c2,1737633600,2025-01-23T12:00:00+00:00,0.0,0.7355717169268117,8.032128514056225
1737635400.Thu.Jan.23_12_30_00.GMT.2025.CACO03.c2.bright.jpg,c2,1737635400,2025-01-23T12:30:00+00:00,30.0,0.7355717169268117,8.032128514056225
1737637200.Thu.Jan.23_13_00_00.GMT.2025.CACO03.c2.bright.jpg,c2,1737637200,2025-01-23T13:00:00+00:00,0.0,0.7422317308299519,7.142857142857142
1737639000.Thu.Jan.23_13_30_00.GMT.2025.CACO03.c2.bright.jpg,c2,1737639000,2025-01-23T13:30:00+00:00,30.0,0.7422317308299519,7.142857142857142
1737640800.Thu.Jan.23_14_00_00.GMT.2025.CACO03.c2.bright.jpg,c2,1737640800,2025-01-23T14:00:00+00:00,0.0,0.7794265981058109,7.561436672967865
1737642600.Thu.Jan.23_14_30_00.GMT.2025.CACO03.c2.bright.jpg,c2,1737642600,2025-01-23T14:30:00+00:00,30.0,0.7794265981058109,7.561436672967865
1737644400.Thu.Jan.23_15_00_00.GMT.2025.CACO03.c2.bright.jpg,c2,1737644400,2025-01-23T15:00:00+00:00,0.0,0.6717975833800719,7.561436672967865
1737646200.Thu.Jan.23_15_30_00.GMT.2025.CACO03.c2.bright.jpg,c2,1737646200,2025-01-23T15:30:00+00:00,30.0,0.6717975833800719,7.561436672967865
1737648000.Thu.Jan.23_16_00_00.GMT.2025.CACO03.c2.bright.jpg,c2,1737648000,2025-01-23T16:00:00+00:00,0.0,0.7054723419718301,7.561436672967865
1737649800.Thu.Jan.23_16_30_00.GMT.2025.CACO03.c2.bright.jpg,c2,1737649800,2025-01-23T16:30:00+00:00,30.0,0.7054723419718301,7.561436672967865
1737739800.Fri.Jan.24_17_30_00.GMT.2025.CACO03.c2.bright.jpg,c2,1737739800,2025-01-24T17:30:00+00:00,30.0,0.5180245797534877,5.148005148005149
1737741600.Fri.Jan.24_18_00_00.GMT.2025.CACO03.c2.bright.jpg,c2,1737741600,2025-01-24T18:00:00+00:00,0.0,0.5257425235006616,11.661807580174926
1737743400.Fri.Jan.24_18_30_00.GMT.2025.CACO03.c2.bright.jpg,c2,1737743400,2025-01-24T18:30:00+00:00,30.0,0.5257425235006616,11.661807580174926
1737745200.Fri.Jan.24_19_00_00.GMT.2025.CACO03.c2.bright.jpg,c2,1737745200,2025-01-24T19:00:00+00:00,0.0,0.4825422833073327,9.876543209876544
1737747000.Fri.Jan.24_19_30_00.GMT.2025.CACO03.c2.bright.jpg,c2,1737747000,2025-01-24T19:30:00+00:00,30.0,0.4825422833073327,9.876543209876544
1737748800.Fri.Jan.24_20_00_00.GMT.2025.CACO03.c2.bright.jpg,c2,1737748800,2025-01-24T20:00:00+00:00,0.0,0.6007328428875519,9.876543209876544
1737750600.Fri.Jan.24_20_30_00.GMT.2025.CACO03.c2.bright.jpg,c2,1737750600,2025-01-24T20:30:00+00:00,30.0,0.6007328428875519,9.876543209876544
1737752400.Fri.Jan.24_21_00_00.GMT.2025.CACO03.c2.bright.jpg,c2,1737752400,2025-01-24T21:00:00+00:00,0.0,0.5683250016306199,9.876543209876544
1737754200.Fri.Jan.24_21_30_00.GMT.2025.CACO03.c2.bright.jpg,c2,1737754200,2025-01-24T21:30:00+00:00,30.0,0.5683250016306199,9.876543209876544
1737806400.Sat.Jan.25_12_00_00.GMT.2025.CACO04.c2.bright.jpg,c2,1737806400,2025-01-25T12:00:00+00:00,0.0,0.8293814780653926,5.594405594405594
1737808200.Sat.Jan.25_12_30_00.GMT.2025.CACO04.c2.bright.jpg,c2,1737808200,2025-01-25T12:30:00+00:00,30.0,0.8293814780653926,5.594405594405594
1737810000.Sat.Jan.25_13_00_00.GMT.2025.CACO04.c2.bright.jpg,c2,1737810000,2025-01-25T13:00:00+00:00,0.0,0.77008964273146,5.361930294906166
1737811800.Sat.Jan.25_13_30_00.GMT.2025.CACO04.c2.bright.jpg,c2,1737811800,2025-01-25T13:30:00+00:00,30.0,0.77008964273146,5.361930294906166
1737813600.Sat.Jan.25_14_00_00.GMT.2025.CACO04.c2.bright.jpg,c2,1737813600,2025-01-25T14:00:00+00:00,0.0,0.7233841496903874,4.950495049504951
1737815400.Sat.Jan.25_14_30_00.GMT.2025.CACO04.c2.bright.jpg,c2,1737815400,2025-01-25T14:30:00+00:00,30.0,0.7233841496903874,4.950495049504951
1737817200.Sat.Jan.25_15_00_00.GMT.2025.CACO04.c2.bright.jpg,c2,1737817200,2025-01-25T15:00:00+00:00,0.0,0.6931523733219365,5.148005148005149
1737819000.Sat.Jan.25_15_30_00.GMT.2025.CACO04.c2.bright.jpg,c2,1737819000,2025-01-25T15:30:00+00:00,30.0,0.6931523733219365,5.148005148005149
1737820800.Sat.Jan.25_16_00_00.GMT.2025.CACO04.c2.bright.jpg,c2,1737820800,2025-01-25T16:00:00+00:00,0.0,0.5911083863305665,5.148005148005149
1737822600.Sat.Jan.25_16_30_00.GMT.2025.CACO04.c2.bright.jpg,c2,1737822600,2025-01-25T16:30:00+00:00,30.0,0.5911083863305665,5.148005148005149
1737824400.Sat.Jan.25_17_00_00.GMT.2025.CACO04.c2.bright.jpg,c2,1737824400,2025-01-25T17:00:00+00:00,0.0,0.6058497902431943,5.361930294906166
1737826200.Sat.Jan.25_17_30_00.GMT.2025.CACO04.c2.bright.jpg,c2,1737826200,2025-01-25T17:30:00+00:00,30.0,0.6058497902431943,5.361930294906166
1737828000.Sat.Jan.25_18_00_00.GMT.2025.CACO04.c2.bright.jpg,c2,1737828000,2025-01-25T18:00:00+00:00,0.0,0.5108903358938726,5.361930294906166
1737829800.Sat.Jan.25_18_30_00.GMT.2025.CACO04.c2.bright.jpg,c2,1737829800,2025-01-25T18:30:00+00:00,30.0,0.5108903358938726,5.361930294906166
1737831600.Sat.Jan.25_19_00_00.GMT.2025.CACO04.c2.bright.jpg,c2,1737831600,2025-01-25T19:00:00+00:00,0.0,0.4647892654161664,4.597701149425287
1737833400.Sat.Jan.25_19_30_00.GMT.2025.CACO04.c2.bright.jpg,c2,1737833400,2025-01-25T19:30:00+00:00,30.0,0.4647892654161664,4.597701149425287
1737835200.Sat.Jan.25_20_00_00.GMT.2025.CACO04.c2.bright.jpg,c2,1737835200,2025-01-25T20:00:00+00:00,0.0,0.2988223656076558,5.361930294906166
1737837000.Sat.Jan.25_20_30_00.GMT.2025.CACO04.c2.bright.jpg,c2,1737837000,2025-01-25T20:30:00+00:00,30.0,0.2988223656076558,5.361930294906166
1737838800.Sat.Jan.25_21_00_00.GMT.2025.CACO04.c2.bright.jpg,c2,1737838800,2025-01-25T21:00:00+00:00,0.0,0.3976237414102666,4.153686396677051
1737840600.Sat.Jan.25_21_30_00.GMT.2025.CACO04.c2.bright.jpg,c2,1737840600,2025-01-25T21:30:00+00:00,30.0,0.3976237414102666,4.153686396677051
1737894600.Sun.Jan.26_12_30_00.GMT.2025.CACO04.c2.bright.jpg,c2,1737894600,2025-01-26T12:30:00+00:00,30.0,0.2334481238437426,8.565310492505352
1737896400.Sun.Jan.26_13_00_00.GMT.2025.CACO04.c2.bright.jpg,c2,1737896400,2025-01-26T13:00:00+00:00,0.0,0.3953235653113657,9.174311926605505
1737898200.Sun.Jan.26_13_30_00.GMT.2025.CACO04.c2.bright.jpg,c2,1737898200,2025-01-26T13:30:00+00:00,30.0,0.3953235653113657,9.174311926605505
1737900000.Sun.Jan.26_14_00_00.GMT.2025.CACO04.c2.bright.jpg,c2,1737900000,2025-01-26T14:00:00+00:00,0.0,0.42715867921336,4.024144869215292
1737901800.Sun.Jan.26_14_30_00.GMT.2025.CACO04.c2.bright.jpg,c2,1737901800,2025-01-26T14:30:00+00:00,30.0,0.42715867921336,4.024144869215292
1737903600.Sun.Jan.26_15_00_00.GMT.2025.CACO04.c2.bright.jpg,c2,1737903600,2025-01-26T15:00:00+00:00,0.0,0.4754182775496857,4.439511653718091
1737905400.Sun.Jan.26_15_30_00.GMT.2025.CACO04.c2.bright.jpg,c2,1737905400,2025-01-26T15:30:00+00:00,30.0,0.4754182775496857,4.439511653718091
1737907200.Sun.Jan.26_16_00_00.GMT.2025.CACO04.c2.bright.jpg,c2,1737907200,2025-01-26T16:00:00+00:00,0.0,0.4396655798449427,5.148005148005149
1737909000.Sun.Jan.26_16_30_00.GMT.2025.CACO04.c2.bright.jpg,c2,1737909000,2025-01-26T16:30:00+00:00,30.0,0.4396655798449427,5.148005148005149
1737910800.Sun.Jan.26_17_00_00.GMT.2025.CACO04.c2.bright.jpg,c2,1737910800,2025-01-26T17:00:00+00:00,0.0,0.2383173755251994,7.561436672967865
1737912600.Sun.Jan.26_17_30_00.GMT.2025.CACO04.c2.bright.jpg,c2,1737912600,2025-01-26T17:30:00+00:00,30.0,0.2383173755251994,7.561436672967865
1737914400.Sun.Jan.26_18_00_00.GMT.2025.CACO04.c2.bright.jpg,c2,1737914400,2025-01-26T18:00:00+00:00,0.0,0.2350478001200222,5.361930294906166
1737916200.Sun.Jan.26_18_30_00.GMT.2025.CACO04.c2.bright.jpg,c2,1737916200,2025-01-26T18:30:00+00:00,30.0,0.2350478001200222,5.361930294906166
1737918000.Sun.Jan.26_19_00_00.GMT.2025.CACO04.c2.bright.jpg,c2,1737918000,2025-01-26T19:00:00+00:00,0.0,0.2486430076274554,5.361930294906166
1737919800.Sun.Jan.26_19_30_00.GMT.2025.CACO04.c2.bright.jpg,c2,1737919800,2025-01-26T19:30:00+00:00,30.0,0.2486430076274554,5.361930294906166
1737921600.Sun.Jan.26_20_00_00.GMT.2025.CACO04.c2.bright.jpg,c2,1737921600,2025-01-26T20:00:00+00:00,0.0,0.3579823897926609,5.361930294906166
1737923400.Sun.Jan.26_20_30_00.GMT.2025.CACO04.c2.bright.jpg,c2,1737923400,2025-01-26T20:30:00+00:00,30.0,0.3579823897926609,5.361930294906166
1737925200.Sun.Jan.26_21_00_00.GMT.2025.CACO04.c2.bright.jpg,c2,1737925200,2025-01-26T21:00:00+00:00,0.0,0.3433610642297989,5.594405594405594
1737927000.Sun.Jan.26_21_30_00.GMT.2025.CACO04.c2.bright.jpg,c2,1737927000,2025-01-26T21:30:00+00:00,30.0,0.3433610642297989,5.594405594405594
1737979200.Mon.Jan.27_12_00_00.GMT.2025.CACO04.c2.bright.jpg,c2,1737979200,2025-01-27T12:00:00+00:00,0.0,0.2385980616819851,7.561436672967865
1737981000.Mon.Jan.27_12_30_00.GMT.2025.CACO04.c2.bright.jpg,c2,1737981000,2025-01-27T12:30:00+00:00,30.0,0.2385980616819851,7.561436672967865
1737982800.Mon.Jan.27_13_00_00.GMT.2025.CACO04.c2.bright.jpg,c2,1737982800,2025-01-27T13:00:00+00:00,0.0,0.2374235662629186,6.768189509306261
1737984600.Mon.Jan.27_13_30_00.GMT.2025.CACO04.c2.bright.jpg,c2,1737984600,2025-01-27T13:30:00+00:00,30.0,0.2374235662629186,6.768189509306261
1737986400.Mon.Jan.27_14_00_00.GMT.2025.CACO04.c2.bright.jpg,c2,1737986400,2025-01-27T14:00:00+00:00,0.0,0.39945583128384,7.142857142857142
1737988200.Mon.Jan.27_14_30_00.GMT.2025.CACO04.c2.bright.jpg,c2,1737988200,2025-01-27T14:30:00+00:00,30.0,0.39945583128384,7.142857142857142
1737990000.Mon.Jan.27_15_00_00.GMT.2025.CACO04.c2.bright.jpg,c2,1737990000,2025-01-27T15:00:00+00:00,0.0,0.4093757751043623,7.561436672967865
1737991800.Mon.Jan.27_15_30_00.GMT.2025.CACO04.c2.bright.jpg,c2,1737991800,2025-01-27T15:30:00+00:00,30.0,0.4093757751043623,7.561436672967865
1737993600.Mon.Jan.27_16_00_00.GMT.2025.CACO04.c2.bright.jpg,c2,1737993600,2025-01-27T16:00:00+00:00,0.0,0.3812137535902265,7.142857142857142
1737997200.Mon.Jan.27_17_00_00.GMT.2025.CACO04.c2.bright.jpg,c2,1737997200,2025-01-27T17:00:00+00:00,0.0,0.3795273817582791,7.561436672967865
1737999000.Mon.Jan.27_17_30_00.GMT.2025.CACO04.c2.bright.jpg,c2,1737999000,2025-01-27T17:30:00+00:00,30.0,0.3795273817582791,7.561436672967865
1738000800.Mon.Jan.27_18_00_00.GMT.2025.CACO04.c2.bright.jpg,c2,1738000800,2025-01-27T18:00:00+00:00,0.0,0.3593269477466132,8.032128514056225
1738002600.Mon.Jan.27_18_30_00.GMT.2025.CACO04.c2.bright.jpg,c2,1738002600,2025-01-27T18:30:00+00:00,30.0,0.3593269477466132,8.032128514056225
1738004400.Mon.Jan.27_19_00_00.GMT.2025.CACO04.c2.bright.jpg,c2,1738004400,2025-01-27T19:00:00+00:00,0.0,0.2110762401451969,8.032128514056225
1738006200.Mon.Jan.27_19_30_00.GMT.2025.CACO04.c2.bright.jpg,c2,1738006200,2025-01-27T19:30:00+00:00,30.0,0.2110762401451969,8.032128514056225
1738008000.Mon.Jan.27_20_00_00.GMT.2025.CACO04.c2.bright.jpg,c2,1738008000,2025-01-27T20:00:00+00:00,0.0,0.2368444745696796,5.148005148005149
1738009800.Mon.Jan.27_20_30_00.GMT.2025.CACO04.c2.bright.jpg,c2,1738009800,2025-01-27T20:30:00+00:00,30.0,0.2368444745696796,5.148005148005149
1738011600.Mon.Jan.27_21_00_00.GMT.2025.CACO04.c2.bright.jpg,c2,1738011600,2025-01-27T21:00:00+00:00,0.0,0.5383842980116769,2.9962546816479403
1738013400.Mon.Jan.27_21_30_00.GMT.2025.CACO04.c2.bright.jpg,c2,1738013400,2025-01-27T21:30:00+00:00,30.0,0.5383842980116769,2.9962546816479403
1738065600.Tue.Jan.28_12_00_00.GMT.2025.CACO04.c2.bright.jpg,c2,1738065600,2025-01-28T12:00:00+00:00,0.0,0.4717324069911534,4.597701149425287
1738067400.Tue.Jan.28_12_30_00.GMT.2025.CACO04.c2.bright.jpg,c2,1738067400,2025-01-28T12:30:00+00:00,30.0,0.4717324069911534,4.597701149425287
1738069200.Tue.Jan.28_13_00_00.GMT.2025.CACO04.c2.bright.jpg,c2,1738069200,2025-01-28T13:00:00+00:00,0.0,0.4596283144459486,5.594405594405594
1738071000.Tue.Jan.28_13_30_00.GMT.2025.CACO04.c2.bright.jpg,c2,1738071000,2025-01-28T13:30:00+00:00,30.0,0.4596283144459486,5.594405594405594
1738072800.Tue.Jan.28_14_00_00.GMT.2025.CACO04.c2.bright.jpg,c2,1738072800,2025-01-28T14:00:00+00:00,0.0,0.4822358314636755,5.148005148005149
1738074600.Tue.Jan.28_14_30_00.GMT.2025.CACO04.c2.bright.jpg,c2,1738074600,2025-01-28T14:30:00+00:00,30.0,0.4822358314636755,5.148005148005149
1738076400.Tue.Jan.28_15_00_00.GMT.2025.CACO04.c2.bright.jpg,c2,1738076400,2025-01-28T15:00:00+00:00,0.0,0.493903578964585,7.561436672967865
1738078200.Tue.Jan.28_15_30_00.GMT.2025.CACO04.c2.bright.jpg,c2,1738078200,2025-01-28T15:30:00+00:00,30.0,0.493903578964585,7.561436672967865
1738080000.Tue.Jan.28_16_00_00.GMT.2025.CACO04.c2.bright.jpg,c2,1738080000,2025-01-28T16:00:00+00:00,0.0,0.5544183082284183,8.565310492505352
1738081800.Tue.Jan.28_16_30_00.GMT.2025.CACO04.c2.bright.jpg,c2,1738081800,2025-01-28T16:30:00+00:00,30.0,0.5544183082284183,8.565310492505352
1738083600.Tue.Jan.28_17_00_00.GMT.2025.CACO04.c2.bright.jpg,c2,1738083600,2025-01-28T17:00:00+00:00,0.0,0.6215923444449204,9.174311926605505
1738085400.Tue.Jan.28_17_30_00.GMT.2025.CACO04.c2.bright.jpg,c2,1738085400,2025-01-28T17:30:00+00:00,30.0,0.6215923444449204,9.174311926605505
1738087200.Tue.Jan.28_18_00_00.GMT.2025.CACO04.c2.bright.jpg,c2,1738087200,2025-01-28T18:00:00+00:00,0.0,0.7024683757004891,2.386634844868735
1738089000.Tue.Jan.28_18_30_00.GMT.2025.CACO04.c2.bright.jpg,c2,1738089000,2025-01-28T18:30:00+00:00,30.0,0.7024683757004891,2.386634844868735
1738090800.Tue.Jan.28_19_00_00.GMT.2025.CACO04.c2.bright.jpg,c2,1738090800,2025-01-28T19:00:00+00:00,0.0,0.7030202902991255,6.430868167202571
1738092600.Tue.Jan.28_19_30_00.GMT.2025.CACO04.c2.bright.jpg,c2,1738092600,2025-01-28T19:30:00+00:00,30.0,0.7030202902991255,6.430868167202571
1738094400.Tue.Jan.28_20_00_00.GMT.2025.CACO04.c2.bright.jpg,c2,1738094400,2025-01-28T20:00:00+00:00,0.0,0.743987541605517,4.439511653718091
1738096200.Tue.Jan.28_20_30_00.GMT.2025.CACO04.c2.bright.jpg,c2,1738096200,2025-01-28T20:30:00+00:00,30.0,0.743987541605517,4.439511653718091
1738098000.Tue.Jan.28_21_00_00.GMT.2025.CACO04.c2.bright.jpg,c2,1738098000,2025-01-28T21:00:00+00:00,0.0,0.7044671986203758,7.142857142857142
1738099800.Tue.Jan.28_21_30_00.GMT.2025.CACO04.c2.bright.jpg,c2,1738099800,2025-01-28T21:30:00+00:00,30.0,0.7044671986203758,7.142857142857142
1738152000.Wed.Jan.29_12_00_00.GMT.2025.CACO04.c2.bright.jpg,c2,1738152000,2025-01-29T12:00:00+00:00,0.0,0.8639737232246933,4.767580452920143
1738153800.Wed.Jan.29_12_30_00.GMT.2025.CACO04.c2.bright.jpg,c2,1738153800,2025-01-29T12:30:00+00:00,30.0,0.8639737232246933,4.767580452920143
1738155600.Wed.Jan.29_13_00_00.GMT.2025.CACO04.c2.bright.jpg,c2,1738155600,2025-01-29T13:00:00+00:00,0.0,0.7995689850810981,4.767580452920143
1738157400.Wed.Jan.29_13_30_00.GMT.2025.CACO04.c2.bright.jpg,c2,1738157400,2025-01-29T13:30:00+00:00,30.0,0.7995689850810981,4.767580452920143
1738159200.Wed.Jan.29_14_00_00.GMT.2025.CACO04.c2.bright.jpg,c2,1738159200,2025-01-29T14:00:00+00:00,0.0,0.6656685282733689,4.950495049504951
1738161000.Wed.Jan.29_14_30_00.GMT.2025.CACO04.c2.bright.jpg,c2,1738161000,2025-01-29T14:30:00+00:00,30.0,0.6656685282733689,4.950495049504951
1738162800.Wed.Jan.29_15_00_00.GMT.2025.CACO04.c2.bright.jpg,c2,1738162800,2025-01-29T15:00:00+00:00,0.0,0.640297005421054,4.950495049504951
1738164600.Wed.Jan.29_15_30_00.GMT.2025.CACO04.c2.bright.jpg,c2,1738164600,2025-01-29T15:30:00+00:00,30.0,0.640297005421054,4.950495049504951
1738166400.Wed.Jan.29_16_00_00.GMT.2025.CACO04.c2.bright.jpg,c2,1738166400,2025-01-29T16:00:00+00:00,0.0,0.741564565010467,5.594405594405594
1738168200.Wed.Jan.29_16_30_00.GMT.2025.CACO04.c2.bright.jpg,c2,1738168200,2025-01-29T16:30:00+00:00,30.0,0.741564565010467,5.594405594405594
1738170000.Wed.Jan.29_17_00_00.GMT.2025.CACO04.c2.bright.jpg,c2,1738170000,2025-01-29T17:00:00+00:00,0.0,0.6939255730849472,5.594405594405594
1738171800.Wed.Jan.29_17_30_00.GMT.2025.CACO04.c2.bright.jpg,c2,1738171800,2025-01-29T17:30:00+00:00,30.0,0.6939255730849472,5.594405594405594
1738173600.Wed.Jan.29_18_00_00.GMT.2025.CACO04.c2.bright.jpg,c2,1738173600,2025-01-29T18:00:00+00:00,0.0,0.7741824501782117,6.768189509306261
1738175400.Wed.Jan.29_18_30_00.GMT.2025.CACO04.c2.bright.jpg,c2,1738175400,2025-01-29T18:30:00+00:00,30.0,0.7741824501782117,6.768189509306261
1738177200.Wed.Jan.29_19_00_00.GMT.2025.CACO04.c2.bright.jpg,c2,1738177200,2025-01-29T19:00:00+00:00,0.0,0.7219208147846901,8.032128514056225
1738179000.Wed.Jan.29_19_30_00.GMT.2025.CACO04.c2.bright.jpg,c2,1738179000,2025-01-29T19:30:00+00:00,30.0,0.7219208147846901,8.032128514056225
1738180800.Wed.Jan.29_20_00_00.GMT.2025.CACO04.c2.bright.jpg,c2,1738180800,2025-01-29T20:00:00+00:00,0.0,0.6229867212039979,6.768189509306261
1738182600.Wed.Jan.29_20_30_00.GMT.2025.CACO04.c2.bright.jpg,c2,1738182600,2025-01-29T20:30:00+00:00,30.0,0.6229867212039979,6.768189509306261
1738184400.Wed.Jan.29_21_00_00.GMT.2025.CACO04.c2.bright.jpg,c2,1738184400,2025-01-29T21:00:00+00:00,0.0,0.5579780130541263,5.847953216374269
1738186200.Wed.Jan.29_21_30_00.GMT.2025.CACO04.c2.bright.jpg,c2,1738186200,2025-01-29T21:30:00+00:00,30.0,0.5579780130541263,5.847953216374269
1738238400.Thu.Jan.30_12_00_00.GMT.2025.CACO04.c2.bright.jpg,c2,1738238400,2025-01-30T12:00:00+00:00,0.0,1.3674711237597426,6.768189509306261
1738240200.Thu.Jan.30_12_30_00.GMT.2025.CACO04.c2.bright.jpg,c2,1738240200,2025-01-30T12:30:00+00:00,30.0,1.3674711237597426,6.768189509306261
1738242000.Thu.Jan.30_13_00_00.GMT.2025.CACO04.c2.bright.jpg,c2,1738242000,2025-01-30T13:00:00+00:00,0.0,1.3725703051750835,6.430868167202571
1738243800.Thu.Jan.30_13_30_00.GMT.2025.CACO04.c2.bright.jpg,c2,1738243800,2025-01-30T13:30:00+00:00,30.0,1.3725703051750835,6.430868167202571
1738245600.Thu.Jan.30_14_00_00.GMT.2025.CACO04.c2.bright.jpg,c2,1738245600,2025-01-30T14:00:00+00:00,0.0,1.325624716578805,6.768189509306261
1738247400.Thu.Jan.30_14_30_00.GMT.2025.CACO04.c2.bright.jpg,c2,1738247400,2025-01-30T14:30:00+00:00,30.0,1.325624716578805,6.768189509306261
1738249200.Thu.Jan.30_15_00_00.GMT.2025.CACO04.c2.bright.jpg,c2,1738249200,2025-01-30T15:00:00+00:00,0.0,1.1975332214208665,6.768189509306261
1738251000.Thu.Jan.30_15_30_00.GMT.2025.CACO04.c2.bright.jpg,c2,1738251000,2025-01-30T15:30:00+00:00,30.0,1.1975332214208665,6.768189509306261
1738252800.Thu.Jan.30_16_00_00.GMT.2025.CACO04.c2.bright.jpg,c2,1738252800,2025-01-30T16:00:00+00:00,0.0,1.0983809875737147,6.430868167202571
1738254600.Thu.Jan.30_16_30_00.GMT.2025.CACO04.c2.bright.jpg,c2,1738254600,2025-01-30T16:30:00+00:00,30.0,1.0983809875737147,6.430868167202571
1738256400.Thu.Jan.30_17_00_00.GMT.2025.CACO04.c2.bright.jpg,c2,1738256400,2025-01-30T17:00:00+00:00,0.0,0.9417767045222069,6.768189509306261
1738258200.Thu.Jan.30_17_30_00.GMT.2025.CACO04.c2.bright.jpg,c2,1738258200,2025-01-30T17:30:00+00:00,30.0,0.9417767045222069,6.768189509306261
1738260000.Thu.Jan.30_18_00_00.GMT.2025.CACO04.c2.bright.jpg,c2,1738260000,2025-01-30T18:00:00+00:00,0.0,0.8571970035193827,6.768189509306261
1738261800.Thu.Jan.30_18_30_00.GMT.2025.CACO04.c2.bright.jpg,c2,1738261800,2025-01-30T18:30:00+00:00,30.0,0.8571970035193827,6.768189509306261
1738263600.Thu.Jan.30_19_00_00.GMT.2025.CACO04.c2.bright.jpg,c2,1738263600,2025-01-30T19:00:00+00:00,0.0,0.8601912980801637,6.430868167202571
1738265400.Thu.Jan.30_19_30_00.GMT.2025.CACO04.c2.bright.jpg,c2,1738265400,2025-01-30T19:30:00+00:00,30.0,0.8601912980801637,6.430868167202571
1738267200.Thu.Jan.30_20_00_00.GMT.2025.CACO04.c2.bright.jpg,c2,1738267200,2025-01-30T20:00:00+00:00,0.0,0.7917685573017794,6.125574272588055
1738269000.Thu.Jan.30_20_30_00.GMT.2025.CACO04.c2.bright.jpg,c2,1738269000,2025-01-30T20:30:00+00:00,30.0,0.7917685573017794,6.125574272588055
1738270800.Thu.Jan.30_21_00_00.GMT.2025.CACO04.c2.bright.jpg,c2,1738270800,2025-01-30T21:00:00+00:00,0.0,0.7090281311536171,6.125574272588055
1738272600.Thu.Jan.30_21_30_00.GMT.2025.CACO04.c2.bright.jpg,c2,1738272600,2025-01-30T21:30:00+00:00,30.0,0.7090281311536171,6.125574272588055
1738324800.Fri.Jan.31_12_00_00.GMT.2025.CACO04.c2.bright.jpg,c2,1738324800,2025-01-31T12:00:00+00:00,0.0,0.5529377139161678,5.594405594405594
1738326600.Fri.Jan.31_12_30_00.GMT.2025.CACO04.c2.bright.jpg,c2,1738326600,2025-01-31T12:30:00+00:00,30.0,0.5529377139161678,5.594405594405594
1738328400.Fri.Jan.31_13_00_00.GMT.2025.CACO04.c2.bright.jpg,c2,1738328400,2025-01-31T13:00:00+00:00,0.0,0.744557856717571,4.767580452920143
1738330200.Fri.Jan.31_13_30_00.GMT.2025.CACO04.c2.bright.jpg,c2,1738330200,2025-01-31T13:30:00+00:00,30.0,0.744557856717571,4.767580452920143
1738332000.Fri.Jan.31_14_00_00.GMT.2025.CACO04.c2.bright.jpg,c2,1738332000,2025-01-31T14:00:00+00:00,0.0,0.7962393340482787,5.594405594405594
1738333800.Fri.Jan.31_14_30_00.GMT.2025.CACO04.c2.bright.jpg,c2,1738333800,2025-01-31T14:30:00+00:00,30.0,0.7962393340482787,5.594405594405594
1738335600.Fri.Jan.31_15_00_00.GMT.2025.CACO04.c2.bright.jpg,c2,1738335600,2025-01-31T15:00:00+00:00,0.0,0.8661375472501425,6.125574272588055
1738337400.Fri.Jan.31_15_30_00.GMT.2025.CACO04.c2.bright.jpg,c2,1738337400,2025-01-31T15:30:00+00:00,30.0,0.8661375472501425,6.125574272588055
1738339200.Fri.Jan.31_16_00_00.GMT.2025.CACO04.c2.bright.jpg,c2,1738339200,2025-01-31T16:00:00+00:00,0.0,0.8821294549385755,5.847953216374269
1738341000.Fri.Jan.31_16_30_00.GMT.2025.CACO04.c2.bright.jpg,c2,1738341000,2025-01-31T16:30:00+00:00,30.0,0.8821294549385755,5.847953216374269
1738342800.Fri.Jan.31_17_00_00.GMT.2025.CACO04.c2.bright.jpg,c2,1738342800,2025-01-31T17:00:00+00:00,0.0,0.9346475119349232,6.430868167202571
1738344600.Fri.Jan.31_17_30_00.GMT.2025.CACO04.c2.bright.jpg,c2,1738344600,2025-01-31T17:30:00+00:00,30.0,0.9346475119349232,6.430868167202571
1738346400.Fri.Jan.31_18_00_00.GMT.2025.CACO04.c2.bright.jpg,c2,1738346400,2025-01-31T18:00:00+00:00,0.0,0.9711176229370826,6.125574272588055
1738348200.Fri.Jan.31_18_30_00.GMT.2025.CACO04.c2.bright.jpg,c2,1738348200,2025-01-31T18:30:00+00:00,30.0,0.9711176229370826,6.125574272588055
1738350000.Fri.Jan.31_19_00_00.GMT.2025.CACO04.c2.bright.jpg,c2,1738350000,2025-01-31T19:00:00+00:00,0.0,0.800411369319273,6.125574272588055
1738351800.Fri.Jan.31_19_30_00.GMT.2025.CACO04.c2.bright.jpg,c2,1738351800,2025-01-31T19:30:00+00:00,30.0,0.800411369319273,6.125574272588055
1738353600.Fri.Jan.31_20_00_00.GMT.2025.CACO04.c2.bright.jpg,c2,1738353600,2025-01-31T20:00:00+00:00,0.0,0.8488932652502313,6.430868167202571
1738355400.Fri.Jan.31_20_30_00.GMT.2025.CACO04.c2.bright.jpg,c2,1738355400,2025-01-31T20:30:00+00:00,30.0,0.8488932652502313,6.430868167202571
1738357200.Fri.Jan.31_21_00_00.GMT.2025.CACO04.c2.bright.jpg,c2,1738357200,2025-01-31T21:00:00+00:00,0.0,0.6730729261546236,6.430868167202571
1738359000.Fri.Jan.31_21_30_00.GMT.2025.CACO04.c2.bright.jpg,c2,1738359000,2025-01-31T21:30:00+00:00,30.0,0.6730729261546236,6.430868167202571
1738413000.Sat.Feb.01_12_30_00.GMT.2025.CACO04.c2.bright.jpg,c2,1738413000,2025-02-01T12:30:00+00:00,30.0,1.8950994086426,5.847953216374269
1738414800.Sat.Feb.01_13_00_00.GMT.2025.CACO04.c2.bright.jpg,c2,1738414800,2025-02-01T13:00:00+00:00,0.0,2.3702000549270466,6.430868167202571
1738418400.Sat.Feb.01_14_00_00.GMT.2025.CACO04.c2.bright.jpg,c2,1738418400,2025-02-01T14:00:00+00:00,0.0,2.8255904042415287,7.142857142857142
1738497600.Sun.Feb.02_12_00_00.GMT.2025.CACO04.c2.bright.jpg,c2,1738497600,2025-02-02T12:00:00+00:00,0.0,1.5504259041631527,6.768189509306261
1738499400.Sun.Feb.02_12_30_00.GMT.2025.CACO04.c2.bright.jpg,c2,1738499400,2025-02-02T12:30:00+00:00,30.0,1.5504259041631527,6.768189509306261
1738501200.Sun.Feb.02_13_00_00.GMT.2025.CACO04.c2.bright.jpg,c2,1738501200,2025-02-02T13:00:00+00:00,0.0,1.3351541699046905,7.142857142857142
1738503000.Sun.Feb.02_13_30_00.GMT.2025.CACO04.c2.bright.jpg,c2,1738503000,2025-02-02T13:30:00+00:00,30.0,1.3351541699046905,7.142857142857142
1738504800.Sun.Feb.02_14_00_00.GMT.2025.CACO04.c2.bright.jpg,c2,1738504800,2025-02-02T14:00:00+00:00,0.0,1.2247951472012828,6.768189509306261
1738506600.Sun.Feb.02_14_30_00.GMT.2025.CACO04.c2.bright.jpg,c2,1738506600,2025-02-02T14:30:00+00:00,30.0,1.2247951472012828,6.768189509306261
1738508400.Sun.Feb.02_15_00_00.GMT.2025.CACO04.c2.bright.jpg,c2,1738508400,2025-02-02T15:00:00+00:00,0.0,1.205142812283807,6.768189509306261
1738510200.Sun.Feb.02_15_30_00.GMT.2025.CACO04.c2.bright.jpg,c2,1738510200,2025-02-02T15:30:00+00:00,30.0,1.205142812283807,6.768189509306261
1738512000.Sun.Feb.02_16_00_00.GMT.2025.CACO04.c2.bright.jpg,c2,1738512000,2025-02-02T16:00:00+00:00,0.0,1.260994036774152,7.561436672967865
1738513800.Sun.Feb.02_16_30_00.GMT.2025.CACO04.c2.bright.jpg,c2,1738513800,2025-02-02T16:30:00+00:00,30.0,1.260994036774152,7.561436672967865
1738515600.Sun.Feb.02_17_00_00.GMT.2025.CACO04.c2.bright.jpg,c2,1738515600,2025-02-02T17:00:00+00:00,0.0,1.3199877231936712,7.561436672967865
1738517400.Sun.Feb.02_17_30_00.GMT.2025.CACO04.c2.bright.jpg,c2,1738517400,2025-02-02T17:30:00+00:00,30.0,1.3199877231936712,7.561436672967865
1738519200.Sun.Feb.02_18_00_00.GMT.2025.CACO04.c2.bright.jpg,c2,1738519200,2025-02-02T18:00:00+00:00,0.0,1.3024105030588564,6.125574272588055
1738521000.Sun.Feb.02_18_30_00.GMT.2025.CACO04.c2.bright.jpg,c2,1738521000,2025-02-02T18:30:00+00:00,30.0,1.3024105030588564,6.125574272588055
1738522800.Sun.Feb.02_19_00_00.GMT.2025.CACO04.c2.bright.jpg,c2,1738522800,2025-02-02T19:00:00+00:00,0.0,1.2386520551874307,8.032128514056225
1738524600.Sun.Feb.02_19_30_00.GMT.2025.CACO04.c2.bright.jpg,c2,1738524600,2025-02-02T19:30:00+00:00,30.0,1.2386520551874307,8.032128514056225
1738526400.Sun.Feb.02_20_00_00.GMT.2025.CACO04.c2.bright.jpg,c2,1738526400,2025-02-02T20:00:00+00:00,0.0,1.145375845690004,8.032128514056225
1738528200.Sun.Feb.02_20_30_00.GMT.2025.CACO04.c2.bright.jpg,c2,1738528200,2025-02-02T20:30:00+00:00,30.0,1.145375845690004,8.032128514056225
1738530000.Sun.Feb.02_21_00_00.GMT.2025.CACO04.c2.bright.jpg,c2,1738530000,2025-02-02T21:00:00+00:00,0.0,1.0930382012800155,7.561436672967865
1738531800.Sun.Feb.02_21_30_00.GMT.2025.CACO04.c2.bright.jpg,c2,1738531800,2025-02-02T21:30:00+00:00,30.0,1.0930382012800155,7.561436672967865
1738585800.Mon.Feb.03_12_30_00.GMT.2025.CACO04.c2.bright.jpg,c2,1738585800,2025-02-03T12:30:00+00:00,30.0,1.0031575790186191,6.125574272588055
1738587600.Mon.Feb.03_13_00_00.GMT.2025.CACO04.c2.bright.jpg,c2,1738587600,2025-02-03T13:00:00+00:00,0.0,0.9293515054004076,6.125574272588055
1738589400.Mon.Feb.03_13_30_00.GMT.2025.CACO04.c2.bright.jpg,c2,1738589400,2025-02-03T13:30:00+00:00,30.0,0.9293515054004076,6.125574272588055
1738591200.Mon.Feb.03_14_00_00.GMT.2025.CACO04.c2.bright.jpg,c2,1738591200,2025-02-03T14:00:00+00:00,0.0,0.8302108338177644,5.847953216374269
1738593000.Mon.Feb.03_14_30_00.GMT.2025.CACO04.c2.bright.jpg,c2,1738593000,2025-02-03T14:30:00+00:00,30.0,0.8302108338177644,5.847953216374269
1738594800.Mon.Feb.03_15_00_00.GMT.2025.CACO04.c2.bright.jpg,c2,1738594800,2025-02-03T15:00:00+00:00,0.0,0.8641647827238643,5.594405594405594
1738596600.Mon.Feb.03_15_30_00.GMT.2025.CACO04.c2.bright.jpg,c2,1738596600,2025-02-03T15:30:00+00:00,30.0,0.8641647827238643,5.594405594405594
1738598400.Mon.Feb.03_16_00_00.GMT.2025.CACO04.c2.bright.jpg,c2,1738598400,2025-02-03T16:00:00+00:00,0.0,0.8600453811624734,5.847953216374269
1738600200.Mon.Feb.03_16_30_00.GMT.2025.CACO04.c2.bright.jpg,c2,1738600200,2025-02-03T16:30:00+00:00,30.0,0.8600453811624734,5.847953216374269
1738602000.Mon.Feb.03_17_00_00.GMT.2025.CACO04.c2.bright.jpg,c2,1738602000,2025-02-03T17:00:00+00:00,0.0,0.6914264621058764,5.594405594405594
1738603800.Mon.Feb.03_17_30_00.GMT.2025.CACO04.c2.bright.jpg,c2,1738603800,2025-02-03T17:30:00+00:00,30.0,0.6914264621058764,5.594405594405594
1738605600.Mon.Feb.03_18_00_00.GMT.2025.CACO04.c2.bright.jpg,c2,1738605600,2025-02-03T18:00:00+00:00,0.0,0.6573546424264993,5.847953216374269
1738607400.Mon.Feb.03_18_30_00.GMT.2025.CACO04.c2.bright.jpg,c2,1738607400,2025-02-03T18:30:00+00:00,30.0,0.6573546424264993,5.847953216374269
1738609200.Mon.Feb.03_19_00_00.GMT.2025.CACO04.c2.bright.jpg,c2,1738609200,2025-02-03T19:00:00+00:00,0.0,0.6508793558717529,5.847953216374269
1738611000.Mon.Feb.03_19_30_00.GMT.2025.CACO04.c2.bright.jpg,c2,1738611000,2025-02-03T19:30:00+00:00,30.0,0.6508793558717529,5.847953216374269
1738612800.Mon.Feb.03_20_00_00.GMT.2025.CACO04.c2.bright.jpg,c2,1738612800,2025-02-03T20:00:00+00:00,0.0,0.6750779713440689,5.847953216374269
1738614600.Mon.Feb.03_20_30_00.GMT.2025.CACO04.c2.bright.jpg,c2,1738614600,2025-02-03T20:30:00+00:00,30.0,0.6750779713440689,5.847953216374269
1738616400.Mon.Feb.03_21_00_00.GMT.2025.CACO04.c2.bright.jpg,c2,1738616400,2025-02-03T21:00:00+00:00,0.0,0.7732029403606241,5.847953216374269
1738618200.Mon.Feb.03_21_30_00.GMT.2025.CACO04.c2.bright.jpg,c2,1738618200,2025-02-03T21:30:00+00:00,30.0,0.7732029403606241,5.847953216374269
1738620000.Mon.Feb.03_22_00_00.GMT.2025.CACO04.c2.bright.jpg,c2,1738620000,2025-02-03T22:00:00+00:00,0.0,0.6666212464921909,5.847953216374269
1738674000.Tue.Feb.04_13_00_00.GMT.2025.CACO04.c2.bright.jpg,c2,1738674000,2025-02-04T13:00:00+00:00,0.0,0.5029449617658333,10.6951871657754
1738675800.Tue.Feb.04_13_30_00.GMT.2025.CACO04.c2.bright.jpg,c2,1738675800,2025-02-04T13:30:00+00:00,30.0,0.5029449617658333,10.6951871657754
1738677600.Tue.Feb.04_14_00_00.GMT.2025.CACO04.c2.bright.jpg,c2,1738677600,2025-02-04T14:00:00+00:00,0.0,1.0448924259801888,4.767580452920143
1738679400.Tue.Feb.04_14_30_00.GMT.2025.CACO04.c2.bright.jpg,c2,1738679400,2025-02-04T14:30:00+00:00,30.0,1.0448924259801888,4.767580452920143
1738681200.Tue.Feb.04_15_00_00.GMT.2025.CACO04.c2.bright.jpg,c2,1738681200,2025-02-04T15:00:00+00:00,0.0,1.3110808240690777,5.594405594405594
1738683000.Tue.Feb.04_15_30_00.GMT.2025.CACO04.c2.bright.jpg,c2,1738683000,2025-02-04T15:30:00+00:00,30.0,1.3110808240690777,5.594405594405594
1738684800.Tue.Feb.04_16_00_00.GMT.2025.CACO04.c2.bright.jpg,c2,1738684800,2025-02-04T16:00:00+00:00,0.0,1.1924240676607465,5.847953216374269
1738686600.Tue.Feb.04_16_30_00.GMT.2025.CACO04.c2.bright.jpg,c2,1738686600,2025-02-04T16:30:00+00:00,30.0,1.1924240676607465,5.847953216374269
1738688400.Tue.Feb.04_17_00_00.GMT.2025.CACO04.c2.bright.jpg,c2,1738688400,2025-02-04T17:00:00+00:00,0.0,1.2587797097997728,6.125574272588055
1738690200.Tue.Feb.04_17_30_00.GMT.2025.CACO04.c2.bright.jpg,c2,1738690200,2025-02-04T17:30:00+00:00,30.0,1.2587797097997728,6.125574272588055
1738692000.Tue.Feb.04_18_00_00.GMT.2025.CACO04.c2.bright.jpg,c2,1738692000,2025-02-04T18:00:00+00:00,0.0,1.2009629269925983,5.847953216374269
1738693800.Tue.Feb.04_18_30_00.GMT.2025.CACO04.c2.bright.jpg,c2,1738693800,2025-02-04T18:30:00+00:00,30.0,1.2009629269925983,5.847953216374269
1738695600.Tue.Feb.04_19_00_00.GMT.2025.CACO04.c2.bright.jpg,c2,1738695600,2025-02-04T19:00:00+00:00,0.0,1.1276587502090996,5.361930294906166
1738697400.Tue.Feb.04_19_30_00.GMT.2025.CACO04.c2.bright.jpg,c2,1738697400,2025-02-04T19:30:00+00:00,30.0,1.1276587502090996,5.361930294906166
1738699200.Tue.Feb.04_20_00_00.GMT.2025.CACO04.c2.bright.jpg,c2,1738699200,2025-02-04T20:00:00+00:00,0.0,1.3184408916409809,5.847953216374269
1738701000.Tue.Feb.04_20_30_00.GMT.2025.CACO04.c2.bright.jpg,c2,1738701000,2025-02-04T20:30:00+00:00,30.0,1.3184408916409809,5.847953216374269
1738702800.Tue.Feb.04_21_00_00.GMT.2025.CACO04.c2.bright.jpg,c2,1738702800,2025-02-04T21:00:00+00:00,0.0,1.6090208406729765,6.125574272588055
1738704600.Tue.Feb.04_21_30_00.GMT.2025.CACO04.c2.bright.jpg,c2,1738704600,2025-02-04T21:30:00+00:00,30.0,1.6090208406729765,6.125574272588055
1738706400.Tue.Feb.04_22_00_00.GMT.2025.CACO04.c2.bright.jpg,c2,1738706400,2025-02-04T22:00:00+00:00,0.0,1.5375484235285966,7.142857142857142
1738756800.Wed.Feb.05_12_00_00.GMT.2025.CACO04.c2.bright.jpg,c2,1738756800,2025-02-05T12:00:00+00:00,0.0,1.0372964619393086,6.125574272588055
1738758600.Wed.Feb.05_12_30_00.GMT.2025.CACO04.c2.bright.jpg,c2,1738758600,2025-02-05T12:30:00+00:00,30.0,1.0372964619393086,6.125574272588055
1738760400.Wed.Feb.05_13_00_00.GMT.2025.CACO04.c2.bright.jpg,c2,1738760400,2025-02-05T13:00:00+00:00,0.0,0.9591970240726552,6.125574272588055
1738762200.Wed.Feb.05_13_30_00.GMT.2025.CACO04.c2.bright.jpg,c2,1738762200,2025-02-05T13:30:00+00:00,30.0,0.9591970240726552,6.125574272588055
1738764000.Wed.Feb.05_14_00_00.GMT.2025.CACO04.c2.bright.jpg,c2,1738764000,2025-02-05T14:00:00+00:00,0.0,1.0937249395477278,5.594405594405594
1738765800.Wed.Feb.05_14_30_00.GMT.2025.CACO04.c2.bright.jpg,c2,1738765800,2025-02-05T14:30:00+00:00,30.0,1.0937249395477278,5.594405594405594
1738767600.Wed.Feb.05_15_00_00.GMT.2025.CACO04.c2.bright.jpg,c2,1738767600,2025-02-05T15:00:00+00:00,0.0,1.0922779447623443,5.594405594405594
1738769400.Wed.Feb.05_15_30_00.GMT.2025.CACO04.c2.bright.jpg,c2,1738769400,2025-02-05T15:30:00+00:00,30.0,1.0922779447623443,5.594405594405594
1738771200.Wed.Feb.05_16_00_00.GMT.2025.CACO04.c2.bright.jpg,c2,1738771200,2025-02-05T16:00:00+00:00,0.0,1.2086747212360562,5.847953216374269
1738773000.Wed.Feb.05_16_30_00.GMT.2025.CACO04.c2.bright.jpg,c2,1738773000,2025-02-05T16:30:00+00:00,30.0,1.2086747212360562,5.847953216374269
1738774800.Wed.Feb.05_17_00_00.GMT.2025.CACO04.c2.bright.jpg,c2,1738774800,2025-02-05T17:00:00+00:00,0.0,1.142223361242105,5.594405594405594
1738776600.Wed.Feb.05_17_30_00.GMT.2025.CACO04.c2.bright.jpg,c2,1738776600,2025-02-05T17:30:00+00:00,30.0,1.142223361242105,5.594405594405594
1738778400.Wed.Feb.05_18_00_00.GMT.2025.CACO04.c2.bright.jpg,c2,1738778400,2025-02-05T18:00:00+00:00,0.0,1.2629236858057455,5.148005148005149
1738780200.Wed.Feb.05_18_30_00.GMT.2025.CACO04.c2.bright.jpg,c2,1738780200,2025-02-05T18:30:00+00:00,30.0,1.2629236858057455,5.148005148005149
1738782000.Wed.Feb.05_19_00_00.GMT.2025.CACO04.c2.bright.jpg,c2,1738782000,2025-02-05T19:00:00+00:00,0.0,1.1785093213196356,5.594405594405594
1738783800.Wed.Feb.05_19_30_00.GMT.2025.CACO04.c2.bright.jpg,c2,1738783800,2025-02-05T19:30:00+00:00,30.0,1.1785093213196356,5.594405594405594
1738785600.Wed.Feb.05_20_00_00.GMT.2025.CACO04.c2.bright.jpg,c2,1738785600,2025-02-05T20:00:00+00:00,0.0,1.002860084864702,4.950495049504951
1738787400.Wed.Feb.05_20_30_00.GMT.2025.CACO04.c2.bright.jpg,c2,1738787400,2025-02-05T20:30:00+00:00,30.0,1.002860084864702,4.950495049504951
1738789200.Wed.Feb.05_21_00_00.GMT.2025.CACO04.c2.bright.jpg,c2,1738789200,2025-02-05T21:00:00+00:00,0.0,0.9233341971546912,5.847953216374269
1738791000.Wed.Feb.05_21_30_00.GMT.2025.CACO04.c2.bright.jpg,c2,1738791000,2025-02-05T21:30:00+00:00,30.0,0.9233341971546912,5.847953216374269
1738843200.Thu.Feb.06_12_00_00.GMT.2025.CACO04.c2.bright.jpg,c2,1738843200,2025-02-06T12:00:00+00:00,0.0,0.611083967155047,3.389830508474576
1738845000.Thu.Feb.06_12_30_00.GMT.2025.CACO04.c2.bright.jpg,c2,1738845000,2025-02-06T12:30:00+00:00,30.0,0.611083967155047,3.389830508474576
1738846800.Thu.Feb.06_13_00_00.GMT.2025.CACO04.c2.bright.jpg,c2,1738846800,2025-02-06T13:00:00+00:00,0.0,0.7917060074265005,3.787878787878788
1738848600.Thu.Feb.06_13_30_00.GMT.2025.CACO04.c2.bright.jpg,c2,1738848600,2025-02-06T13:30:00+00:00,30.0,0.7917060074265005,3.787878787878788
1738850400.Thu.Feb.06_14_00_00.GMT.2025.CACO04.c2.bright.jpg,c2,1738850400,2025-02-06T14:00:00+00:00,0.0,0.944335279099012,4.024144869215292
1738852200.Thu.Feb.06_14_30_00.GMT.2025.CACO04.c2.bright.jpg,c2,1738852200,2025-02-06T14:30:00+00:00,30.0,0.944335279099012,4.024144869215292
1738854000.Thu.Feb.06_15_00_00.GMT.2025.CACO04.c2.bright.jpg,c2,1738854000,2025-02-06T15:00:00+00:00,0.0,1.13740240240102,4.597701149425287
1738855800.Thu.Feb.06_15_30_00.GMT.2025.CACO04.c2.bright.jpg,c2,1738855800,2025-02-06T15:30:00+00:00,30.0,1.13740240240102,4.597701149425287
1738857600.Thu.Feb.06_16_00_00.GMT.2025.CACO04.c2.bright.jpg,c2,1738857600,2025-02-06T16:00:00+00:00,0.0,1.2580758756213437,4.950495049504951
1738859400.Thu.Feb.06_16_30_00.GMT.2025.CACO04.c2.bright.jpg,c2,1738859400,2025-02-06T16:30:00+00:00,30.0,1.2580758756213437,4.950495049504951
1738861200.Thu.Feb.06_17_00_00.GMT.2025.CACO04.c2.bright.jpg,c2,1738861200,2025-02-06T17:00:00+00:00,0.0,1.3588418387086534,4.950495049504951
1738863000.Thu.Feb.06_17_30_00.GMT.2025.CACO04.c2.bright.jpg,c2,1738863000,2025-02-06T17:30:00+00:00,30.0,1.3588418387086534,4.950495049504951
1738864800.Thu.Feb.06_18_00_00.GMT.2025.CACO04.c2.bright.jpg,c2,1738864800,2025-02-06T18:00:00+00:00,0.0,1.793657008613961,6.125574272588055
1738866600.Thu.Feb.06_18_30_00.GMT.2025.CACO04.c2.bright.jpg,c2,1738866600,2025-02-06T18:30:00+00:00,30.0,1.793657008613961,6.125574272588055
1738929600.Fri.Feb.07_12_00_00.GMT.2025.CACO04.c2.bright.jpg,c2,1738929600,2025-02-07T12:00:00+00:00,0.0,1.102478765479045,8.032128514056225
1738931400.Fri.Feb.07_12_30_00.GMT.2025.CACO04.c2.bright.jpg,c2,1738931400,2025-02-07T12:30:00+00:00,30.0,1.102478765479045,8.032128514056225
1738933200.Fri.Feb.07_13_00_00.GMT.2025.CACO04.c2.bright.jpg,c2,1738933200,2025-02-07T13:00:00+00:00,0.0,1.1719821991947397,8.565310492505352
1738935000.Fri.Feb.07_13_30_00.GMT.2025.CACO04.c2.bright.jpg,c2,1738935000,2025-02-07T13:30:00+00:00,30.0,1.1719821991947397,8.565310492505352
1738936800.Fri.Feb.07_14_00_00.GMT.2025.CACO04.c2.bright.jpg,c2,1738936800,2025-02-07T14:00:00+00:00,0.0,1.1843464750728043,9.876543209876544
1738938600.Fri.Feb.07_14_30_00.GMT.2025.CACO04.c2.bright.jpg,c2,1738938600,2025-02-07T14:30:00+00:00,30.0,1.1843464750728043,9.876543209876544
1738940400.Fri.Feb.07_15_00_00.GMT.2025.CACO04.c2.bright.jpg,c2,1738940400,2025-02-07T15:00:00+00:00,0.0,1.1659414444081606,8.565310492505352
1738942200.Fri.Feb.07_15_30_00.GMT.2025.CACO04.c2.bright.jpg,c2,1738942200,2025-02-07T15:30:00+00:00,30.0,1.1659414444081606,8.565310492505352
1738944000.Fri.Feb.07_16_00_00.GMT.2025.CACO04.c2.bright.jpg,c2,1738944000,2025-02-07T16:00:00+00:00,0.0,1.1268626402832982,9.876543209876544
1738945800.Fri.Feb.07_16_30_00.GMT.2025.CACO04.c2.bright.jpg,c2,1738945800,2025-02-07T16:30:00+00:00,30.0,1.1268626402832982,9.876543209876544
1738947600.Fri.Feb.07_17_00_00.GMT.2025.CACO04.c2.bright.jpg,c2,1738947600,2025-02-07T17:00:00+00:00,0.0,0.9709680271704784,10.6951871657754
1738949400.Fri.Feb.07_17_30_00.GMT.2025.CACO04.c2.bright.jpg,c2,1738949400,2025-02-07T17:30:00+00:00,30.0,0.9709680271704784,10.6951871657754
1738951200.Fri.Feb.07_18_00_00.GMT.2025.CACO04.c2.bright.jpg,c2,1738951200,2025-02-07T18:00:00+00:00,0.0,1.0655346257143403,10.6951871657754
1738953000.Fri.Feb.07_18_30_00.GMT.2025.CACO04.c2.bright.jpg,c2,1738953000,2025-02-07T18:30:00+00:00,30.0,1.0655346257143403,10.6951871657754
1738954800.Fri.Feb.07_19_00_00.GMT.2025.CACO04.c2.bright.jpg,c2,1738954800,2025-02-07T19:00:00+00:00,0.0,0.9730781270828076,10.6951871657754
1738956600.Fri.Feb.07_19_30_00.GMT.2025.CACO04.c2.bright.jpg,c2,1738956600,2025-02-07T19:30:00+00:00,30.0,0.9730781270828076,10.6951871657754
1738958400.Fri.Feb.07_20_00_00.GMT.2025.CACO04.c2.bright.jpg,c2,1738958400,2025-02-07T20:00:00+00:00,0.0,0.9285258761832782,9.876543209876544
1738960200.Fri.Feb.07_20_30_00.GMT.2025.CACO04.c2.bright.jpg,c2,1738960200,2025-02-07T20:30:00+00:00,30.0,0.9285258761832782,9.876543209876544
1738962000.Fri.Feb.07_21_00_00.GMT.2025.CACO04.c2.bright.jpg,c2,1738962000,2025-02-07T21:00:00+00:00,0.0,0.8431075067327937,10.6951871657754
1738963800.Fri.Feb.07_21_30_00.GMT.2025.CACO04.c2.bright.jpg,c2,1738963800,2025-02-07T21:30:00+00:00,30.0,0.8431075067327937,10.6951871657754
1738965600.Fri.Feb.07_22_00_00.GMT.2025.CACO04.c2.bright.jpg,c2,1738965600,2025-02-07T22:00:00+00:00,0.0,0.8777869068938599,9.876543209876544
1739014200.Sat.Feb.08_11_30_00.GMT.2025.CACO04.c2.bright.jpg,c2,1739014200,2025-02-08T11:30:00+00:00,30.0,0.818554360703644,5.847953216374269
1739016000.Sat.Feb.08_12_00_00.GMT.2025.CACO04.c2.bright.jpg,c2,1739016000,2025-02-08T12:00:00+00:00,0.0,0.8626180219642556,5.148005148005149
1739017800.Sat.Feb.08_12_30_00.GMT.2025.CACO04.c2.bright.jpg,c2,1739017800,2025-02-08T12:30:00+00:00,30.0,0.8626180219642556,5.148005148005149
1739019600.Sat.Feb.08_13_00_00.GMT.2025.CACO04.c2.bright.jpg,c2,1739019600,2025-02-08T13:00:00+00:00,0.0,0.7230457364453439,9.876543209876544
1739021400.Sat.Feb.08_13_30_00.GMT.2025.CACO04.c2.bright.jpg,c2,1739021400,2025-02-08T13:30:00+00:00,30.0,0.7230457364453439,9.876543209876544
1739023200.Sat.Feb.08_14_00_00.GMT.2025.CACO04.c2.bright.jpg,c2,1739023200,2025-02-08T14:00:00+00:00,0.0,0.6486359641936034,9.876543209876544
1739025000.Sat.Feb.08_14_30_00.GMT.2025.CACO04.c2.bright.jpg,c2,1739025000,2025-02-08T14:30:00+00:00,30.0,0.6486359641936034,9.876543209876544
1739026800.Sat.Feb.08_15_00_00.GMT.2025.CACO04.c2.bright.jpg,c2,1739026800,2025-02-08T15:00:00+00:00,0.0,0.491498274760519,8.565310492505352
1739028600.Sat.Feb.08_15_30_00.GMT.2025.CACO04.c2.bright.jpg,c2,1739028600,2025-02-08T15:30:00+00:00,30.0,0.491498274760519,8.565310492505352
1739030400.Sat.Feb.08_16_00_00.GMT.2025.CACO04.c2.bright.jpg,c2,1739030400,2025-02-08T16:00:00+00:00,0.0,0.5102483870352538,9.876543209876544
1739032200.Sat.Feb.08_16_30_00.GMT.2025.CACO04.c2.bright.jpg,c2,1739032200,2025-02-08T16:30:00+00:00,30.0,0.5102483870352538,9.876543209876544
1739034000.Sat.Feb.08_17_00_00.GMT.2025.CACO04.c2.bright.jpg,c2,1739034000,2025-02-08T17:00:00+00:00,0.0,0.4559996050667524,9.174311926605505
1739035800.Sat.Feb.08_17_30_00.GMT.2025.CACO04.c2.bright.jpg,c2,1739035800,2025-02-08T17:30:00+00:00,30.0,0.4559996050667524,9.174311926605505
1739037600.Sat.Feb.08_18_00_00.GMT.2025.CACO04.c2.bright.jpg,c2,1739037600,2025-02-08T18:00:00+00:00,0.0,0.5178746787808614,9.876543209876544
1739039400.Sat.Feb.08_18_30_00.GMT.2025.CACO04.c2.bright.jpg,c2,1739039400,2025-02-08T18:30:00+00:00,30.0,0.5178746787808614,9.876543209876544
1739041200.Sat.Feb.08_19_00_00.GMT.2025.CACO04.c2.bright.jpg,c2,1739041200,2025-02-08T19:00:00+00:00,0.0,0.4139678301204091,9.876543209876544
1739043000.Sat.Feb.08_19_30_00.GMT.2025.CACO04.c2.bright.jpg,c2,1739043000,2025-02-08T19:30:00+00:00,30.0,0.4139678301204091,9.876543209876544
1739044800.Sat.Feb.08_20_00_00.GMT.2025.CACO04.c2.bright.jpg,c2,1739044800,2025-02-08T20:00:00+00:00,0.0,0.3967241817326802,9.174311926605505
1739046600.Sat.Feb.08_20_30_00.GMT.2025.CACO04.c2.bright.jpg,c2,1739046600,2025-02-08T20:30:00+00:00,30.0,0.3967241817326802,9.174311926605505
1739048400.Sat.Feb.08_21_00_00.GMT.2025.CACO04.c2.bright.jpg,c2,1739048400,2025-02-08T21:00:00+00:00,0.0,0.3984330491056811,9.174311926605505
1739050200.Sat.Feb.08_21_30_00.GMT.2025.CACO04.c2.bright.jpg,c2,1739050200,2025-02-08T21:30:00+00:00,30.0,0.3984330491056811,9.174311926605505
1739052000.Sat.Feb.08_22_00_00.GMT.2025.CACO04.c2.bright.jpg,c2,1739052000,2025-02-08T22:00:00+00:00,0.0,0.3853556949310252,8.565310492505352
1739107800.Sun.Feb.09_13_30_00.GMT.2025.CACO04.c2.bright.jpg,c2,1739107800,2025-02-09T13:30:00+00:00,30.0,1.049189957742457,4.950495049504951
1739109600.Sun.Feb.09_14_00_00.GMT.2025.CACO04.c2.bright.jpg,c2,1739109600,2025-02-09T14:00:00+00:00,0.0,1.1283512254242345,5.594405594405594
1739111400.Sun.Feb.09_14_30_00.GMT.2025.CACO04.c2.bright.jpg,c2,1739111400,2025-02-09T14:30:00+00:00,30.0,1.1283512254242345,5.594405594405594
1739113200.Sun.Feb.09_15_00_00.GMT.2025.CACO04.c2.bright.jpg,c2,1739113200,2025-02-09T15:00:00+00:00,0.0,1.0933426329716684,5.594405594405594
1739115000.Sun.Feb.09_15_30_00.GMT.2025.CACO04.c2.bright.jpg,c2,1739115000,2025-02-09T15:30:00+00:00,30.0,1.0933426329716684,5.594405594405594
1739116800.Sun.Feb.09_16_00_00.GMT.2025.CACO04.c2.bright.jpg,c2,1739116800,2025-02-09T16:00:00+00:00,0.0,1.135374130649807,6.125574272588055
1739124000.Sun.Feb.09_18_00_00.GMT.2025.CACO04.c2.bright.jpg,c2,1739124000,2025-02-09T18:00:00+00:00,0.0,1.8169147253704647,6.430868167202571
1739125800.Sun.Feb.09_18_30_00.GMT.2025.CACO04.c2.bright.jpg,c2,1739125800,2025-02-09T18:30:00+00:00,30.0,1.8169147253704647,6.430868167202571
1739127600.Sun.Feb.09_19_00_00.GMT.2025.CACO04.c2.bright.jpg,c2,1739127600,2025-02-09T19:00:00+00:00,0.0,1.93339584993242,5.847953216374269
1739129400.Sun.Feb.09_19_30_00.GMT.2025.CACO04.c2.bright.jpg,c2,1739129400,2025-02-09T19:30:00+00:00,30.0,1.93339584993242,5.847953216374269
1739131200.Sun.Feb.09_20_00_00.GMT.2025.CACO04.c2.bright.jpg,c2,1739131200,2025-02-09T20:00:00+00:00,0.0,1.827637030636162,7.142857142857142
1739133000.Sun.Feb.09_20_30_00.GMT.2025.CACO04.c2.bright.jpg,c2,1739133000,2025-02-09T20:30:00+00:00,30.0,1.827637030636162,7.142857142857142
1739134800.Sun.Feb.09_21_00_00.GMT.2025.CACO04.c2.bright.jpg,c2,1739134800,2025-02-09T21:00:00+00:00,0.0,1.9454472499796205,7.142857142857142
1739136600.Sun.Feb.09_21_30_00.GMT.2025.CACO04.c2.bright.jpg,c2,1739136600,2025-02-09T21:30:00+00:00,30.0,1.9454472499796205,7.142857142857142
1739138400.Sun.Feb.09_22_00_00.GMT.2025.CACO04.c2.bright.jpg,c2,1739138400,2025-02-09T22:00:00+00:00,0.0,2.047860854176504,7.142857142857142
1739187000.Mon.Feb.10_11_30_00.GMT.2025.CACO04.c2.bright.jpg,c2,1739187000,2025-02-10T11:30:00+00:00,30.0,1.1838438133643705,7.561436672967865
1739188800.Mon.Feb.10_12_00_00.GMT.2025.CACO04.c2.bright.jpg,c2,1739188800,2025-02-10T12:00:00+00:00,0.0,1.2411859722839202,7.142857142857142
1739190600.Mon.Feb.10_12_30_00.GMT.2025.CACO04.c2.bright.jpg,c2,1739190600,2025-02-10T12:30:00+00:00,30.0,1.2411859722839202,7.142857142857142
1739192400.Mon.Feb.10_13_00_00.GMT.2025.CACO04.c2.bright.jpg,c2,1739192400,2025-02-10T13:00:00+00:00,0.0,1.0899435264729016,8.032128514056225
1739194200.Mon.Feb.10_13_30_00.GMT.2025.CACO04.c2.bright.jpg,c2,1739194200,2025-02-10T13:30:00+00:00,30.0,1.0899435264729016,8.032128514056225
1739196000.Mon.Feb.10_14_00_00.GMT.2025.CACO04.c2.bright.jpg,c2,1739196000,2025-02-10T14:00:00+00:00,0.0,1.2157213187709106,7.561436672967865
1739197800.Mon.Feb.10_14_30_00.GMT.2025.CACO04.c2.bright.jpg,c2,1739197800,2025-02-10T14:30:00+00:00,30.0,1.2157213187709106,7.561436672967865
1739199600.Mon.Feb.10_15_00_00.GMT.2025.CACO04.c2.bright.jpg,c2,1739199600,2025-02-10T15:00:00+00:00,0.0,1.194765403197075,7.561436672967865
1739201400.Mon.Feb.10_15_30_00.GMT.2025.CACO04.c2.bright.jpg,c2,1739201400,2025-02-10T15:30:00+00:00,30.0,1.194765403197075,7.561436672967865
1739203200.Mon.Feb.10_16_00_00.GMT.2025.CACO04.c2.bright.jpg,c2,1739203200,2025-02-10T16:00:00+00:00,0.0,1.209189021397619,8.032128514056225
1739205000.Mon.Feb.10_16_30_00.GMT.2025.CACO04.c2.bright.jpg,c2,1739205000,2025-02-10T16:30:00+00:00,30.0,1.209189021397619,8.032128514056225
1739206800.Mon.Feb.10_17_00_00.GMT.2025.CACO04.c2.bright.jpg,c2,1739206800,2025-02-10T17:00:00+00:00,0.0,1.1879944969156278,8.032128514056225
1739208600.Mon.Feb.10_17_30_00.GMT.2025.CACO04.c2.bright.jpg,c2,1739208600,2025-02-10T17:30:00+00:00,30.0,1.1879944969156278,8.032128514056225
1739210400.Mon.Feb.10_18_00_00.GMT.2025.CACO04.c2.bright.jpg,c2,1739210400,2025-02-10T18:00:00+00:00,0.0,1.116800118942615,8.565310492505352
1739212200.Mon.Feb.10_18_30_00.GMT.2025.CACO04.c2.bright.jpg,c2,1739212200,2025-02-10T18:30:00+00:00,30.0,1.116800118942615,8.565310492505352
1739214000.Mon.Feb.10_19_00_00.GMT.2025.CACO04.c2.bright.jpg,c2,1739214000,2025-02-10T19:00:00+00:00,0.0,1.13109868596327,8.565310492505352
1739215800.Mon.Feb.10_19_30_00.GMT.2025.CACO04.c2.bright.jpg,c2,1739215800,2025-02-10T19:30:00+00:00,30.0,1.13109868596327,8.565310492505352
1739217600.Mon.Feb.10_20_00_00.GMT.2025.CACO04.c2.bright.jpg,c2,1739217600,2025-02-10T20:00:00+00:00,0.0,1.106392176763524,9.174311926605505
1739219400.Mon.Feb.10_20_30_00.GMT.2025.CACO04.c2.bright.jpg,c2,1739219400,2025-02-10T20:30:00+00:00,30.0,1.106392176763524,9.174311926605505
1739221200.Mon.Feb.10_21_00_00.GMT.2025.CACO04.c2.bright.jpg,c2,1739221200,2025-02-10T21:00:00+00:00,0.0,0.8769389836049519,8.565310492505352
1739223000.Mon.Feb.10_21_30_00.GMT.2025.CACO04.c2.bright.jpg,c2,1739223000,2025-02-10T21:30:00+00:00,30.0,0.8769389836049519,8.565310492505352
1739224800.Mon.Feb.10_22_00_00.GMT.2025.CACO04.c2.bright.jpg,c2,1739224800,2025-02-10T22:00:00+00:00,0.0,0.9653776379097398,8.565310492505352
1739273400.Tue.Feb.11_11_30_00.GMT.2025.CACO04.c2.bright.jpg,c2,1739273400,2025-02-11T11:30:00+00:00,30.0,0.7746463253274272,6.125574272588055
1739275200.Tue.Feb.11_12_00_00.GMT.2025.CACO04.c2.bright.jpg,c2,1739275200,2025-02-11T12:00:00+00:00,0.0,0.7058874344271976,5.847953216374269
1739277000.Tue.Feb.11_12_30_00.GMT.2025.CACO04.c2.bright.jpg,c2,1739277000,2025-02-11T12:30:00+00:00,30.0,0.7058874344271976,5.847953216374269
1739278800.Tue.Feb.11_13_00_00.GMT.2025.CACO04.c2.bright.jpg,c2,1739278800,2025-02-11T13:00:00+00:00,0.0,0.7169958349224048,5.594405594405594
1739280600.Tue.Feb.11_13_30_00.GMT.2025.CACO04.c2.bright.jpg,c2,1739280600,2025-02-11T13:30:00+00:00,30.0,0.7169958349224048,5.594405594405594
1739282400.Tue.Feb.11_14_00_00.GMT.2025.CACO04.c2.bright.jpg,c2,1739282400,2025-02-11T14:00:00+00:00,0.0,0.6866317780108286,5.148005148005149
1739284200.Tue.Feb.11_14_30_00.GMT.2025.CACO04.c2.bright.jpg,c2,1739284200,2025-02-11T14:30:00+00:00,30.0,0.6866317780108286,5.148005148005149
1739286000.Tue.Feb.11_15_00_00.GMT.2025.CACO04.c2.bright.jpg,c2,1739286000,2025-02-11T15:00:00+00:00,0.0,0.629300849208469,5.148005148005149
1739287800.Tue.Feb.11_15_30_00.GMT.2025.CACO04.c2.bright.jpg,c2,1739287800,2025-02-11T15:30:00+00:00,30.0,0.629300849208469,5.148005148005149
1739289600.Tue.Feb.11_16_00_00.GMT.2025.CACO04.c2.bright.jpg,c2,1739289600,2025-02-11T16:00:00+00:00,0.0,0.5997809207563981,4.597701149425287
1739291400.Tue.Feb.11_16_30_00.GMT.2025.CACO04.c2.bright.jpg,c2,1739291400,2025-02-11T16:30:00+00:00,30.0,0.5997809207563981,4.597701149425287
1739293200.Tue.Feb.11_17_00_00.GMT.2025.CACO04.c2.bright.jpg,c2,1739293200,2025-02-11T17:00:00+00:00,0.0,0.5629272739232984,5.847953216374269
1739295000.Tue.Feb.11_17_30_00.GMT.2025.CACO04.c2.bright.jpg,c2,1739295000,2025-02-11T17:30:00+00:00,30.0,0.5629272739232984,5.847953216374269
1739296800.Tue.Feb.11_18_00_00.GMT.2025.CACO04.c2.bright.jpg,c2,1739296800,2025-02-11T18:00:00+00:00,0.0,0.4627002370721193,5.594405594405594
1739298600.Tue.Feb.11_18_30_00.GMT.2025.CACO04.c2.bright.jpg,c2,1739298600,2025-02-11T18:30:00+00:00,30.0,0.4627002370721193,5.594405594405594
1739300400.Tue.Feb.11_19_00_00.GMT.2025.CACO04.c2.bright.jpg,c2,1739300400,2025-02-11T19:00:00+00:00,0.0,0.4433031516008369,9.876543209876544
1739302200.Tue.Feb.11_19_30_00.GMT.2025.CACO04.c2.bright.jpg,c2,1739302200,2025-02-11T19:30:00+00:00,30.0,0.4433031516008369,9.876543209876544
1739304000.Tue.Feb.11_20_00_00.GMT.2025.CACO04.c2.bright.jpg,c2,1739304000,2025-02-11T20:00:00+00:00,0.0,0.355958645785989,9.876543209876544
1739305800.Tue.Feb.11_20_30_00.GMT.2025.CACO04.c2.bright.jpg,c2,1739305800,2025-02-11T20:30:00+00:00,30.0,0.355958645785989,9.876543209876544
1739307600.Tue.Feb.11_21_00_00.GMT.2025.CACO04.c2.bright.jpg,c2,1739307600,2025-02-11T21:00:00+00:00,0.0,0.3829766287068924,9.174311926605505
1739309400.Tue.Feb.11_21_30_00.GMT.2025.CACO04.c2.bright.jpg,c2,1739309400,2025-02-11T21:30:00+00:00,30.0,0.3829766287068924,9.174311926605505
1739311200.Tue.Feb.11_22_00_00.GMT.2025.CACO04.c2.bright.jpg,c2,1739311200,2025-02-11T22:00:00+00:00,0.0,0.2967038217687717,9.174311926605505
1739361600.Wed.Feb.12_12_00_00.GMT.2025.CACO04.c2.bright.jpg,c2,1739361600,2025-02-12T12:00:00+00:00,0.0,0.2722987883443197,9.876543209876544
1739363400.Wed.Feb.12_12_30_00.GMT.2025.CACO04.c2.bright.jpg,c2,1739363400,2025-02-12T12:30:00+00:00,30.0,0.2722987883443197,9.876543209876544
1739365200.Wed.Feb.12_13_00_00.GMT.2025.CACO04.c2.bright.jpg,c2,1739365200,2025-02-12T13:00:00+00:00,0.0,0.2919298311206633,9.174311926605505
1739367000.Wed.Feb.12_13_30_00.GMT.2025.CACO04.c2.bright.jpg,c2,1739367000,2025-02-12T13:30:00+00:00,30.0,0.2919298311206633,9.174311926605505
1739368800.Wed.Feb.12_14_00_00.GMT.2025.CACO04.c2.bright.jpg,c2,1739368800,2025-02-12T14:00:00+00:00,0.0,0.4759203361582468,10.6951871657754
1739370600.Wed.Feb.12_14_30_00.GMT.2025.CACO04.c2.bright.jpg,c2,1739370600,2025-02-12T14:30:00+00:00,30.0,0.4759203361582468,10.6951871657754
1739372400.Wed.Feb.12_15_00_00.GMT.2025.CACO04.c2.bright.jpg,c2,1739372400,2025-02-12T15:00:00+00:00,0.0,0.9910341070131262,3.902439024390244
1739386800.Wed.Feb.12_19_00_00.GMT.2025.CACO04.c2.bright.jpg,c2,1739386800,2025-02-12T19:00:00+00:00,0.0,1.838602533091758,6.125574272588055
1739448000.Thu.Feb.13_12_00_00.GMT.2025.CACO04.c2.bright.jpg,c2,1739448000,2025-02-13T12:00:00+00:00,0.0,2.810192770959013,7.561436672967865
1739449800.Thu.Feb.13_12_30_00.GMT.2025.CACO04.c2.bright.jpg,c2,1739449800,2025-02-13T12:30:00+00:00,30.0,2.810192770959013,7.561436672967865
1739451600.Thu.Feb.13_13_00_00.GMT.2025.CACO04.c2.bright.jpg,c2,1739451600,2025-02-13T13:00:00+00:00,0.0,3.055633982918514,7.561436672967865
1739453400.Thu.Feb.13_13_30_00.GMT.2025.CACO04.c2.bright.jpg,c2,1739453400,2025-02-13T13:30:00+00:00,30.0,3.055633982918514,7.561436672967865
1739455200.Thu.Feb.13_14_00_00.GMT.2025.CACO04.c2.bright.jpg,c2,1739455200,2025-02-13T14:00:00+00:00,0.0,2.9705226081856457,8.032128514056225
1739457000.Thu.Feb.13_14_30_00.GMT.2025.CACO04.c2.bright.jpg,c2,1739457000,2025-02-13T14:30:00+00:00,30.0,2.9705226081856457,8.032128514056225
1739458800.Thu.Feb.13_15_00_00.GMT.2025.CACO04.c2.bright.jpg,c2,1739458800,2025-02-13T15:00:00+00:00,0.0,2.961958513144666,8.032128514056225
1739460600.Thu.Feb.13_15_30_00.GMT.2025.CACO04.c2.bright.jpg,c2,1739460600,2025-02-13T15:30:00+00:00,30.0,2.961958513144666,8.032128514056225
1739462400.Thu.Feb.13_16_00_00.GMT.2025.CACO04.c2.bright.jpg,c2,1739462400,2025-02-13T16:00:00+00:00,0.0,2.846326426433626,8.565310492505352
1739467800.Thu.Feb.13_17_30_00.GMT.2025.CACO04.c2.bright.jpg,c2,1739467800,2025-02-13T17:30:00+00:00,30.0,2.66823840474921,9.174311926605505
1739469600.Thu.Feb.13_18_00_00.GMT.2025.CACO04.c2.bright.jpg,c2,1739469600,2025-02-13T18:00:00+00:00,0.0,2.71316785909004,8.565310492505352
1739471400.Thu.Feb.13_18_30_00.GMT.2025.CACO04.c2.bright.jpg,c2,1739471400,2025-02-13T18:30:00+00:00,30.0,2.71316785909004,8.565310492505352
1739473200.Thu.Feb.13_19_00_00.GMT.2025.CACO04.c2.bright.jpg,c2,1739473200,2025-02-13T19:00:00+00:00,0.0,2.4377942464535947,8.565310492505352
1739475000.Thu.Feb.13_19_30_00.GMT.2025.CACO04.c2.bright.jpg,c2,1739475000,2025-02-13T19:30:00+00:00,30.0,2.4377942464535947,8.565310492505352
1739476800.Thu.Feb.13_20_00_00.GMT.2025.CACO04.c2.bright.jpg,c2,1739476800,2025-02-13T20:00:00+00:00,0.0,2.1289112670045083,8.565310492505352
1739478600.Thu.Feb.13_20_30_00.GMT.2025.CACO04.c2.bright.jpg,c2,1739478600,2025-02-13T20:30:00+00:00,30.0,2.1289112670045083,8.565310492505352
1739480400.Thu.Feb.13_21_00_00.GMT.2025.CACO04.c2.bright.jpg,c2,1739480400,2025-02-13T21:00:00+00:00,0.0,1.880618586781697,8.565310492505352
1739482200.Thu.Feb.13_21_30_00.GMT.2025.CACO04.c2.bright.jpg,c2,1739482200,2025-02-13T21:30:00+00:00,30.0,1.880618586781697,8.565310492505352
1739532600.Fri.Feb.14_11_30_00.GMT.2025.CACO04.c2.bright.jpg,c2,1739532600,2025-02-14T11:30:00+00:00,30.0,1.0916615681853843,5.847953216374269
1739534400.Fri.Feb.14_12_00_00.GMT.2025.CACO04.c2.bright.jpg,c2,1739534400,2025-02-14T12:00:00+00:00,0.0,1.235635870425347,6.768189509306261
1739536200.Fri.Feb.14_12_30_00.GMT.2025.CACO04.c2.bright.jpg,c2,1739536200,2025-02-14T12:30:00+00:00,30.0,1.235635870425347,6.768189509306261
1739538000.Fri.Feb.14_13_00_00.GMT.2025.CACO04.c2.bright.jpg,c2,1739538000,2025-02-14T13:00:00+00:00,0.0,1.2978732395850996,7.142857142857142
1739539800.Fri.Feb.14_13_30_00.GMT.2025.CACO04.c2.bright.jpg,c2,1739539800,2025-02-14T13:30:00+00:00,30.0,1.2978732395850996,7.142857142857142
1739541600.Fri.Feb.14_14_00_00.GMT.2025.CACO04.c2.bright.jpg,c2,1739541600,2025-02-14T14:00:00+00:00,0.0,1.3803664839090897,6.768189509306261
1739543400.Fri.Feb.14_14_30_00.GMT.2025.CACO04.c2.bright.jpg,c2,1739543400,2025-02-14T14:30:00+00:00,30.0,1.3803664839090897,6.768189509306261
1739545200.Fri.Feb.14_15_00_00.GMT.2025.CACO04.c2.bright.jpg,c2,1739545200,2025-02-14T15:00:00+00:00,0.0,1.4611662390746551,6.768189509306261
1739547000.Fri.Feb.14_15_30_00.GMT.2025.CACO04.c2.bright.jpg,c2,1739547000,2025-02-14T15:30:00+00:00,30.0,1.4611662390746551,6.768189509306261
1739548800.Fri.Feb.14_16_00_00.GMT.2025.CACO04.c2.bright.jpg,c2,1739548800,2025-02-14T16:00:00+00:00,0.0,1.309482978399603,6.768189509306261
1739550600.Fri.Feb.14_16_30_00.GMT.2025.CACO04.c2.bright.jpg,c2,1739550600,2025-02-14T16:30:00+00:00,30.0,1.309482978399603,6.768189509306261
1739552400.Fri.Feb.14_17_00_00.GMT.2025.CACO04.c2.bright.jpg,c2,1739552400,2025-02-14T17:00:00+00:00,0.0,1.2786406228594431,6.768189509306261
1739554200.Fri.Feb.14_17_30_00.GMT.2025.CACO04.c2.bright.jpg,c2,1739554200,2025-02-14T17:30:00+00:00,30.0,1.2786406228594431,6.768189509306261
1739556000.Fri.Feb.14_18_00_00.GMT.2025.CACO04.c2.bright.jpg,c2,1739556000,2025-02-14T18:00:00+00:00,0.0,1.1329586710393993,6.430868167202571
1739557800.Fri.Feb.14_18_30_00.GMT.2025.CACO04.c2.bright.jpg,c2,1739557800,2025-02-14T18:30:00+00:00,30.0,1.1329586710393993,6.430868167202571
1739559600.Fri.Feb.14_19_00_00.GMT.2025.CACO04.c2.bright.jpg,c2,1739559600,2025-02-14T19:00:00+00:00,0.0,1.0577170921405668,6.430868167202571
1739561400.Fri.Feb.14_19_30_00.GMT.2025.CACO04.c2.bright.jpg,c2,1739561400,2025-02-14T19:30:00+00:00,30.0,1.0577170921405668,6.430868167202571
1739563200.Fri.Feb.14_20_00_00.GMT.2025.CACO04.c2.bright.jpg,c2,1739563200,2025-02-14T20:00:00+00:00,0.0,1.0823233782895434,7.561436672967865
1739565000.Fri.Feb.14_20_30_00.GMT.2025.CACO04.c2.bright.jpg,c2,1739565000,2025-02-14T20:30:00+00:00,30.0,1.0823233782895434,7.561436672967865
1739566800.Fri.Feb.14_21_00_00.GMT.2025.CACO04.c2.bright.jpg,c2,1739566800,2025-02-14T21:00:00+00:00,0.0,0.9533124124469786,7.142857142857142
1739568600.Fri.Feb.14_21_30_00.GMT.2025.CACO04.c2.bright.jpg,c2,1739568600,2025-02-14T21:30:00+00:00,30.0,0.9533124124469786,7.142857142857142
1739570400.Fri.Feb.14_22_00_00.GMT.2025.CACO04.c2.bright.jpg,c2,1739570400,2025-02-14T22:00:00+00:00,0.0,0.9141223897285912,7.561436672967865
1739619000.Sat.Feb.15_11_30_00.GMT.2025.CACO04.c2.bright.jpg,c2,1739619000,2025-02-15T11:30:00+00:00,30.0,0.7265176559269181,5.847953216374269
1739620800.Sat.Feb.15_12_00_00.GMT.2025.CACO04.c2.bright.jpg,c2,1739620800,2025-02-15T12:00:00+00:00,0.0,0.7233187475842178,6.125574272588055
1739622600.Sat.Feb.15_12_30_00.GMT.2025.CACO04.c2.bright.jpg,c2,1739622600,2025-02-15T12:30:00+00:00,30.0,0.7233187475842178,6.125574272588055
1739624400.Sat.Feb.15_13_00_00.GMT.2025.CACO04.c2.bright.jpg,c2,1739624400,2025-02-15T13:00:00+00:00,0.0,0.7367796598418006,5.594405594405594
1739626200.Sat.Feb.15_13_30_00.GMT.2025.CACO04.c2.bright.jpg,c2,1739626200,2025-02-15T13:30:00+00:00,30.0,0.7367796598418006,5.594405594405594
1739628000.Sat.Feb.15_14_00_00.GMT.2025.CACO04.c2.bright.jpg,c2,1739628000,2025-02-15T14:00:00+00:00,0.0,0.6197853652322802,5.361930294906166
1739629800.Sat.Feb.15_14_30_00.GMT.2025.CACO04.c2.bright.jpg,c2,1739629800,2025-02-15T14:30:00+00:00,30.0,0.6197853652322802,5.361930294906166
1739631600.Sat.Feb.15_15_00_00.GMT.2025.CACO04.c2.bright.jpg,c2,1739631600,2025-02-15T15:00:00+00:00,0.0,0.6869494602385339,5.847953216374269
1739633400.Sat.Feb.15_15_30_00.GMT.2025.CACO04.c2.bright.jpg,c2,1739633400,2025-02-15T15:30:00+00:00,30.0,0.6869494602385339,5.847953216374269
1739635200.Sat.Feb.15_16_00_00.GMT.2025.CACO04.c2.bright.jpg,c2,1739635200,2025-02-15T16:00:00+00:00,0.0,0.6576514296929912,5.594405594405594
1739637000.Sat.Feb.15_16_30_00.GMT.2025.CACO04.c2.bright.jpg,c2,1739637000,2025-02-15T16:30:00+00:00,30.0,0.6576514296929912,5.594405594405594
1739638800.Sat.Feb.15_17_00_00.GMT.2025.CACO04.c2.bright.jpg,c2,1739638800,2025-02-15T17:00:00+00:00,0.0,0.529687470101674,5.594405594405594
1739640600.Sat.Feb.15_17_30_00.GMT.2025.CACO04.c2.bright.jpg,c2,1739640600,2025-02-15T17:30:00+00:00,30.0,0.529687470101674,5.594405594405594
1739642400.Sat.Feb.15_18_00_00.GMT.2025.CACO04.c2.bright.jpg,c2,1739642400,2025-02-15T18:00:00+00:00,0.0,0.6319910743122358,4.767580452920143
1739644200.Sat.Feb.15_18_30_00.GMT.2025.CACO04.c2.bright.jpg,c2,1739644200,2025-02-15T18:30:00+00:00,30.0,0.6319910743122358,4.767580452920143
1739646000.Sat.Feb.15_19_00_00.GMT.2025.CACO04.c2.bright.jpg,c2,1739646000,2025-02-15T19:00:00+00:00,0.0,0.3835184625784991,5.361930294906166
1739647800.Sat.Feb.15_19_30_00.GMT.2025.CACO04.c2.bright.jpg,c2,1739647800,2025-02-15T19:30:00+00:00,30.0,0.3835184625784991,5.361930294906166
1739649600.Sat.Feb.15_20_00_00.GMT.2025.CACO04.c2.bright.jpg,c2,1739649600,2025-02-15T20:00:00+00:00,0.0,0.3601343927963538,5.361930294906166
1739651400.Sat.Feb.15_20_30_00.GMT.2025.CACO04.c2.bright.jpg,c2,1739651400,2025-02-15T20:30:00+00:00,30.0,0.3601343927963538,5.361930294906166
1739653200.Sat.Feb.15_21_00_00.GMT.2025.CACO04.c2.bright.jpg,c2,1739653200,2025-02-15T21:00:00+00:00,0.0,0.3540530863626733,5.594405594405594
1739655000.Sat.Feb.15_21_30_00.GMT.2025.CACO04.c2.bright.jpg,c2,1739655000,2025-02-15T21:30:00+00:00,30.0,0.3540530863626733,5.594405594405594
1739707200.Sun.Feb.16_12_00_00.GMT.2025.CACO04.c2.bright.jpg,c2,1739707200,2025-02-16T12:00:00+00:00,0.0,1.7793121337695257,6.125574272588055
1739709000.Sun.Feb.16_12_30_00.GMT.2025.CACO04.c2.bright.jpg,c2,1739709000,2025-02-16T12:30:00+00:00,30.0,1.7793121337695257,6.125574272588055
1739710800.Sun.Feb.16_13_00_00.GMT.2025.CACO04.c2.bright.jpg,c2,1739710800,2025-02-16T13:00:00+00:00,0.0,2.5624827660962315,5.847953216374269
1739712600.Sun.Feb.16_13_30_00.GMT.2025.CACO04.c2.bright.jpg,c2,1739712600,2025-02-16T13:30:00+00:00,30.0,2.5624827660962315,5.847953216374269
1739714400.Sun.Feb.16_14_00_00.GMT.2025.CACO04.c2.bright.jpg,c2,1739714400,2025-02-16T14:00:00+00:00,0.0,2.779774377064812,6.430868167202571
1739721600.Sun.Feb.16_16_00_00.GMT.2025.CACO04.c2.bright.jpg,c2,1739721600,2025-02-16T16:00:00+00:00,0.0,3.157764726886121,7.142857142857142
1739723400.Sun.Feb.16_16_30_00.GMT.2025.CACO04.c2.bright.jpg,c2,1739723400,2025-02-16T16:30:00+00:00,30.0,3.157764726886121,7.142857142857142
1739725200.Sun.Feb.16_17_00_00.GMT.2025.CACO04.c2.bright.jpg,c2,1739725200,2025-02-16T17:00:00+00:00,0.0,2.590183158299491,7.142857142857142
1739727000.Sun.Feb.16_17_30_00.GMT.2025.CACO04.c2.bright.jpg,c2,1739727000,2025-02-16T17:30:00+00:00,30.0,2.590183158299491,7.142857142857142
1739728800.Sun.Feb.16_18_00_00.GMT.2025.CACO04.c2.bright.jpg,c2,1739728800,2025-02-16T18:00:00+00:00,0.0,2.429645639617119,7.561436672967865
1739730600.Sun.Feb.16_18_30_00.GMT.2025.CACO04.c2.bright.jpg,c2,1739730600,2025-02-16T18:30:00+00:00,30.0,2.429645639617119,7.561436672967865
1739732400.Sun.Feb.16_19_00_00.GMT.2025.CACO04.c2.bright.jpg,c2,1739732400,2025-02-16T19:00:00+00:00,0.0,2.5052633011561225,8.032128514056225
1739734200.Sun.Feb.16_19_30_00.GMT.2025.CACO04.c2.bright.jpg,c2,1739734200,2025-02-16T19:30:00+00:00,30.0,2.5052633011561225,8.032128514056225
1739736000.Sun.Feb.16_20_00_00.GMT.2025.CACO04.c2.bright.jpg,c2,1739736000,2025-02-16T20:00:00+00:00,0.0,2.2769537457365643,7.561436672967865
1739737800.Sun.Feb.16_20_30_00.GMT.2025.CACO04.c2.bright.jpg,c2,1739737800,2025-02-16T20:30:00+00:00,30.0,2.2769537457365643,7.561436672967865
1739739600.Sun.Feb.16_21_00_00.GMT.2025.CACO04.c2.bright.jpg,c2,1739739600,2025-02-16T21:00:00+00:00,0.0,1.9406619689014928,7.561436672967865
1739741400.Sun.Feb.16_21_30_00.GMT.2025.CACO04.c2.bright.jpg,c2,1739741400,2025-02-16T21:30:00+00:00,30.0,1.9406619689014928,7.561436672967865
1739791800.Mon.Feb.17_11_30_00.GMT.2025.CACO04.c2.bright.jpg,c2,1739791800,2025-02-17T11:30:00+00:00,30.0,1.0393474094959727,12.82051282051282
1739793600.Mon.Feb.17_12_00_00.GMT.2025.CACO04.c2.bright.jpg,c2,1739793600,2025-02-17T12:00:00+00:00,0.0,1.0831052361600395,12.82051282051282
1739795400.Mon.Feb.17_12_30_00.GMT.2025.CACO04.c2.bright.jpg,c2,1739795400,2025-02-17T12:30:00+00:00,30.0,1.0831052361600395,12.82051282051282
1739797200.Mon.Feb.17_13_00_00.GMT.2025.CACO04.c2.bright.jpg,c2,1739797200,2025-02-17T13:00:00+00:00,0.0,1.1912359632651868,12.82051282051282
1739799000.Mon.Feb.17_13_30_00.GMT.2025.CACO04.c2.bright.jpg,c2,1739799000,2025-02-17T13:30:00+00:00,30.0,1.1912359632651868,12.82051282051282
1739800800.Mon.Feb.17_14_00_00.GMT.2025.CACO04.c2.bright.jpg,c2,1739800800,2025-02-17T14:00:00+00:00,0.0,1.107305164826815,12.82051282051282
1739802600.Mon.Feb.17_14_30_00.GMT.2025.CACO04.c2.bright.jpg,c2,1739802600,2025-02-17T14:30:00+00:00,30.0,1.107305164826815,12.82051282051282
1739804400.Mon.Feb.17_15_00_00.GMT.2025.CACO04.c2.bright.jpg,c2,1739804400,2025-02-17T15:00:00+00:00,0.0,0.897148342313627,11.661807580174926
1739806200.Mon.Feb.17_15_30_00.GMT.2025.CACO04.c2.bright.jpg,c2,1739806200,2025-02-17T15:30:00+00:00,30.0,0.897148342313627,11.661807580174926
1739808000.Mon.Feb.17_16_00_00.GMT.2025.CACO04.c2.bright.jpg,c2,1739808000,2025-02-17T16:00:00+00:00,0.0,1.0007607596516952,11.661807580174926
1739809800.Mon.Feb.17_16_30_00.GMT.2025.CACO04.c2.bright.jpg,c2,1739809800,2025-02-17T16:30:00+00:00,30.0,1.0007607596516952,11.661807580174926
1739811600.Mon.Feb.17_17_00_00.GMT.2025.CACO04.c2.bright.jpg,c2,1739811600,2025-02-17T17:00:00+00:00,0.0,1.123762687569933,11.661807580174926
1739813400.Mon.Feb.17_17_30_00.GMT.2025.CACO04.c2.bright.jpg,c2,1739813400,2025-02-17T17:30:00+00:00,30.0,1.123762687569933,11.661807580174926
1739815200.Mon.Feb.17_18_00_00.GMT.2025.CACO04.c2.bright.jpg,c2,1739815200,2025-02-17T18:00:00+00:00,0.0,1.0752676640597203,11.661807580174926
1739817000.Mon.Feb.17_18_30_00.GMT.2025.CACO04.c2.bright.jpg,c2,1739817000,2025-02-17T18:30:00+00:00,30.0,1.0752676640597203,11.661807580174926
1739818800.Mon.Feb.17_19_00_00.GMT.2025.CACO04.c2.bright.jpg,c2,1739818800,2025-02-17T19:00:00+00:00,0.0,0.9767605360538684,12.82051282051282
1739820600.Mon.Feb.17_19_30_00.GMT.2025.CACO04.c2.bright.jpg,c2,1739820600,2025-02-17T19:30:00+00:00,30.0,0.9767605360538684,12.82051282051282
1739822400.Mon.Feb.17_20_00_00.GMT.2025.CACO04.c2.bright.jpg,c2,1739822400,2025-02-17T20:00:00+00:00,0.0,1.032940203237909,11.661807580174926
1739824200.Mon.Feb.17_20_30_00.GMT.2025.CACO04.c2.bright.jpg,c2,1739824200,2025-02-17T20:30:00+00:00,30.0,1.032940203237909,11.661807580174926
1739826000.Mon.Feb.17_21_00_00.GMT.2025.CACO04.c2.bright.jpg,c2,1739826000,2025-02-17T21:00:00+00:00,0.0,1.1606923452711193,12.82051282051282
1739827800.Mon.Feb.17_21_30_00.GMT.2025.CACO04.c2.bright.jpg,c2,1739827800,2025-02-17T21:30:00+00:00,30.0,1.1606923452711193,12.82051282051282
1739829600.Mon.Feb.17_22_00_00.GMT.2025.CACO04.c2.bright.jpg,c2,1739829600,2025-02-17T22:00:00+00:00,0.0,1.0541593993371894,11.661807580174926
1739878200.Tue.Feb.18_11_30_00.GMT.2025.CACO04.c2.bright.jpg,c2,1739878200,2025-02-18T11:30:00+00:00,30.0,0.989099251366696,6.430868167202571
1739880000.Tue.Feb.18_12_00_00.GMT.2025.CACO04.c2.bright.jpg,c2,1739880000,2025-02-18T12:00:00+00:00,0.0,0.9468084388331844,6.430868167202571
1739881800.Tue.Feb.18_12_30_00.GMT.2025.CACO04.c2.bright.jpg,c2,1739881800,2025-02-18T12:30:00+00:00,30.0,0.9468084388331844,6.430868167202571
1739883600.Tue.Feb.18_13_00_00.GMT.2025.CACO04.c2.bright.jpg,c2,1739883600,2025-02-18T13:00:00+00:00,0.0,0.9861201222442948,6.768189509306261
1739885400.Tue.Feb.18_13_30_00.GMT.2025.CACO04.c2.bright.jpg,c2,1739885400,2025-02-18T13:30:00+00:00,30.0,0.9861201222442948,6.768189509306261
1739887200.Tue.Feb.18_14_00_00.GMT.2025.CACO04.c2.bright.jpg,c2,1739887200,2025-02-18T14:00:00+00:00,0.0,1.0699530883097814,4.950495049504951
1739889000.Tue.Feb.18_14_30_00.GMT.2025.CACO04.c2.bright.jpg,c2,1739889000,2025-02-18T14:30:00+00:00,30.0,1.0699530883097814,4.950495049504951
1739890800.Tue.Feb.18_15_00_00.GMT.2025.CACO04.c2.bright.jpg,c2,1739890800,2025-02-18T15:00:00+00:00,0.0,1.02434536127022,4.291845493562232
1739892600.Tue.Feb.18_15_30_00.GMT.2025.CACO04.c2.bright.jpg,c2,1739892600,2025-02-18T15:30:00+00:00,30.0,1.02434536127022,4.291845493562232
1739894400.Tue.Feb.18_16_00_00.GMT.2025.CACO04.c2.bright.jpg,c2,1739894400,2025-02-18T16:00:00+00:00,0.0,1.0323982928160278,5.361930294906166
1739896200.Tue.Feb.18_16_30_00.GMT.2025.CACO04.c2.bright.jpg,c2,1739896200,2025-02-18T16:30:00+00:00,30.0,1.0323982928160278,5.361930294906166
1739898000.Tue.Feb.18_17_00_00.GMT.2025.CACO04.c2.bright.jpg,c2,1739898000,2025-02-18T17:00:00+00:00,0.0,0.99926965769583,6.768189509306261
1739899800.Tue.Feb.18_17_30_00.GMT.2025.CACO04.c2.bright.jpg,c2,1739899800,2025-02-18T17:30:00+00:00,30.0,0.99926965769583,6.768189509306261
1739901600.Tue.Feb.18_18_00_00.GMT.2025.CACO04.c2.bright.jpg,c2,1739901600,2025-02-18T18:00:00+00:00,0.0,0.982701022246382,6.125574272588055
1739903400.Tue.Feb.18_18_30_00.GMT.2025.CACO04.c2.bright.jpg,c2,1739903400,2025-02-18T18:30:00+00:00,30.0,0.982701022246382,6.125574272588055
1739905200.Tue.Feb.18_19_00_00.GMT.2025.CACO04.c2.bright.jpg,c2,1739905200,2025-02-18T19:00:00+00:00,0.0,0.94119222930173,6.430868167202571
1739907000.Tue.Feb.18_19_30_00.GMT.2025.CACO04.c2.bright.jpg,c2,1739907000,2025-02-18T19:30:00+00:00,30.0,0.94119222930173,6.430868167202571
1739908800.Tue.Feb.18_20_00_00.GMT.2025.CACO04.c2.bright.jpg,c2,1739908800,2025-02-18T20:00:00+00:00,0.0,0.8880328075860594,6.430868167202571
1739910600.Tue.Feb.18_20_30_00.GMT.2025.CACO04.c2.bright.jpg,c2,1739910600,2025-02-18T20:30:00+00:00,30.0,0.8880328075860594,6.430868167202571
1739912400.Tue.Feb.18_21_00_00.GMT.2025.CACO04.c2.bright.jpg,c2,1739912400,2025-02-18T21:00:00+00:00,0.0,0.8564201447712175,6.430868167202571
1739914200.Tue.Feb.18_21_30_00.GMT.2025.CACO04.c2.bright.jpg,c2,1739914200,2025-02-18T21:30:00+00:00,30.0,0.8564201447712175,6.430868167202571
1739916000.Tue.Feb.18_22_00_00.GMT.2025.CACO04.c2.bright.jpg,c2,1739916000,2025-02-18T22:00:00+00:00,0.0,0.8006009896992969,6.430868167202571
1739964600.Wed.Feb.19_11_30_00.GMT.2025.CACO04.c2.bright.jpg,c2,1739964600,2025-02-19T11:30:00+00:00,30.0,0.93361550848874,6.430868167202571
1739966400.Wed.Feb.19_12_00_00.GMT.2025.CACO04.c2.bright.jpg,c2,1739966400,2025-02-19T12:00:00+00:00,0.0,0.9356778318739178,7.561436672967865
1739968200.Wed.Feb.19_12_30_00.GMT.2025.CACO04.c2.bright.jpg,c2,1739968200,2025-02-19T12:30:00+00:00,30.0,0.9356778318739178,7.561436672967865
1739970000.Wed.Feb.19_13_00_00.GMT.2025.CACO04.c2.bright.jpg,c2,1739970000,2025-02-19T13:00:00+00:00,0.0,0.9943495812491716,7.142857142857142
1739971800.Wed.Feb.19_13_30_00.GMT.2025.CACO04.c2.bright.jpg,c2,1739971800,2025-02-19T13:30:00+00:00,30.0,0.9943495812491716,7.142857142857142
1739973600.Wed.Feb.19_14_00_00.GMT.2025.CACO04.c2.bright.jpg,c2,1739973600,2025-02-19T14:00:00+00:00,0.0,0.9691417775278304,6.125574272588055
1739975400.Wed.Feb.19_14_30_00.GMT.2025.CACO04.c2.bright.jpg,c2,1739975400,2025-02-19T14:30:00+00:00,30.0,0.9691417775278304,6.125574272588055
1739977200.Wed.Feb.19_15_00_00.GMT.2025.CACO04.c2.bright.jpg,c2,1739977200,2025-02-19T15:00:00+00:00,0.0,0.8519317400423473,5.847953216374269
1739979000.Wed.Feb.19_15_30_00.GMT.2025.CACO04.c2.bright.jpg,c2,1739979000,2025-02-19T15:30:00+00:00,30.0,0.8519317400423473,5.847953216374269
1739980800.Wed.Feb.19_16_00_00.GMT.2025.CACO04.c2.bright.jpg,c2,1739980800,2025-02-19T16:00:00+00:00,0.0,0.7961081786109344,5.847953216374269
1739982600.Wed.Feb.19_16_30_00.GMT.2025.CACO04.c2.bright.jpg,c2,1739982600,2025-02-19T16:30:00+00:00,30.0,0.7961081786109344,5.847953216374269
1739984400.Wed.Feb.19_17_00_00.GMT.2025.CACO04.c2.bright.jpg,c2,1739984400,2025-02-19T17:00:00+00:00,0.0,0.7519375793653871,5.361930294906166
1739986200.Wed.Feb.19_17_30_00.GMT.2025.CACO04.c2.bright.jpg,c2,1739986200,2025-02-19T17:30:00+00:00,30.0,0.7519375793653871,5.361930294906166
1739988000.Wed.Feb.19_18_00_00.GMT.2025.CACO04.c2.bright.jpg,c2,1739988000,2025-02-19T18:00:00+00:00,0.0,0.7318038856296939,5.361930294906166
1739989800.Wed.Feb.19_18_30_00.GMT.2025.CACO04.c2.bright.jpg,c2,1739989800,2025-02-19T18:30:00+00:00,30.0,0.7318038856296939,5.361930294906166
1739991600.Wed.Feb.19_19_00_00.GMT.2025.CACO04.c2.bright.jpg,c2,1739991600,2025-02-19T19:00:00+00:00,0.0,0.7353401887893556,4.767580452920143
1739993400.Wed.Feb.19_19_30_00.GMT.2025.CACO04.c2.bright.jpg,c2,1739993400,2025-02-19T19:30:00+00:00,30.0,0.7353401887893556,4.767580452920143
1739995200.Wed.Feb.19_20_00_00.GMT.2025.CACO04.c2.bright.jpg,c2,1739995200,2025-02-19T20:00:00+00:00,0.0,0.5687070115577035,5.361930294906166
1739997000.Wed.Feb.19_20_30_00.GMT.2025.CACO04.c2.bright.jpg,c2,1739997000,2025-02-19T20:30:00+00:00,30.0,0.5687070115577035,5.361930294906166
1739998800.Wed.Feb.19_21_00_00.GMT.2025.CACO04.c2.bright.jpg,c2,1739998800,2025-02-19T21:00:00+00:00,0.0,0.4315656412611939,5.361930294906166
1740000600.Wed.Feb.19_21_30_00.GMT.2025.CACO04.c2.bright.jpg,c2,1740000600,2025-02-19T21:30:00+00:00,30.0,0.4315656412611939,5.361930294906166
1740002400.Wed.Feb.19_22_00_00.GMT.2025.CACO04.c2.bright.jpg,c2,1740002400,2025-02-19T22:00:00+00:00,0.0,0.3189553256343904,5.361930294906166
1740051000.Thu.Feb.20_11_30_00.GMT.2025.CACO04.c2.bright.jpg,c2,1740051000,2025-02-20T11:30:00+00:00,30.0,0.2192630035014006,16.0
1740052800.Thu.Feb.20_12_00_00.GMT.2025.CACO04.c2.bright.jpg,c2,1740052800,2025-02-20T12:00:00+00:00,0.0,0.2239513538961532,16.0
1740054600.Thu.Feb.20_12_30_00.GMT.2025.CACO04.c2.bright.jpg,c2,1740054600,2025-02-20T12:30:00+00:00,30.0,0.2239513538961532,16.0
1740056400.Thu.Feb.20_13_00_00.GMT.2025.CACO04.c2.bright.jpg,c2,1740056400,2025-02-20T13:00:00+00:00,0.0,0.2379401849038809,16.0
1740058200.Thu.Feb.20_13_30_00.GMT.2025.CACO04.c2.bright.jpg,c2,1740058200,2025-02-20T13:30:00+00:00,30.0,0.2379401849038809,16.0
1740060000.Thu.Feb.20_14_00_00.GMT.2025.CACO04.c2.bright.jpg,c2,1740060000,2025-02-20T14:00:00+00:00,0.0,0.3449382263440071,3.902439024390244
1740061800.Thu.Feb.20_14_30_00.GMT.2025.CACO04.c2.bright.jpg,c2,1740061800,2025-02-20T14:30:00+00:00,30.0,0.3449382263440071,3.902439024390244
1740063600.Thu.Feb.20_15_00_00.GMT.2025.CACO04.c2.bright.jpg,c2,1740063600,2025-02-20T15:00:00+00:00,0.0,0.245920556596879,16.0
1740065400.Thu.Feb.20_15_30_00.GMT.2025.CACO04.c2.bright.jpg,c2,1740065400,2025-02-20T15:30:00+00:00,30.0,0.245920556596879,16.0
1740067200.Thu.Feb.20_16_00_00.GMT.2025.CACO04.c2.bright.jpg,c2,1740067200,2025-02-20T16:00:00+00:00,0.0,0.2505639185189426,16.0
1740069000.Thu.Feb.20_16_30_00.GMT.2025.CACO04.c2.bright.jpg,c2,1740069000,2025-02-20T16:30:00+00:00,30.0,0.2505639185189426,16.0
1740070800.Thu.Feb.20_17_00_00.GMT.2025.CACO04.c2.bright.jpg,c2,1740070800,2025-02-20T17:00:00+00:00,0.0,0.3060937981053288,5.148005148005149
1740072600.Thu.Feb.20_17_30_00.GMT.2025.CACO04.c2.bright.jpg,c2,1740072600,2025-02-20T17:30:00+00:00,30.0,0.3060937981053288,5.148005148005149
1740074400.Thu.Feb.20_18_00_00.GMT.2025.CACO04.c2.bright.jpg,c2,1740074400,2025-02-20T18:00:00+00:00,0.0,0.4238789207788124,4.597701149425287
1740076200.Thu.Feb.20_18_30_00.GMT.2025.CACO04.c2.bright.jpg,c2,1740076200,2025-02-20T18:30:00+00:00,30.0,0.4238789207788124,4.597701149425287
1740078000.Thu.Feb.20_19_00_00.GMT.2025.CACO04.c2.bright.jpg,c2,1740078000,2025-02-20T19:00:00+00:00,0.0,0.2332585894824297,16.0
1740079800.Thu.Feb.20_19_30_00.GMT.2025.CACO04.c2.bright.jpg,c2,1740079800,2025-02-20T19:30:00+00:00,30.0,0.2332585894824297,16.0
1740081600.Thu.Feb.20_20_00_00.GMT.2025.CACO04.c2.bright.jpg,c2,1740081600,2025-02-20T20:00:00+00:00,0.0,0.6572111894936243,2.9962546816479403
1740083400.Thu.Feb.20_20_30_00.GMT.2025.CACO04.c2.bright.jpg,c2,1740083400,2025-02-20T20:30:00+00:00,30.0,0.6572111894936243,2.9962546816479403
1740085200.Thu.Feb.20_21_00_00.GMT.2025.CACO04.c2.bright.jpg,c2,1740085200,2025-02-20T21:00:00+00:00,0.0,0.8154736813063254,3.577817531305903
1740087000.Thu.Feb.20_21_30_00.GMT.2025.CACO04.c2.bright.jpg,c2,1740087000,2025-02-20T21:30:00+00:00,30.0,0.8154736813063254,3.577817531305903
1740088800.Thu.Feb.20_22_00_00.GMT.2025.CACO04.c2.bright.jpg,c2,1740088800,2025-02-20T22:00:00+00:00,0.0,0.9459579831410674,4.291845493562232
1740137400.Fri.Feb.21_11_30_00.GMT.2025.CACO04.c2.bright.jpg,c2,1740137400,2025-02-21T11:30:00+00:00,30.0,1.049218723167121,5.594405594405594
1740139200.Fri.Feb.21_12_00_00.GMT.2025.CACO04.c2.bright.jpg,c2,1740139200,2025-02-21T12:00:00+00:00,0.0,1.1970784540781605,5.847953216374269
1740141000.Fri.Feb.21_12_30_00.GMT.2025.CACO04.c2.bright.jpg,c2,1740141000,2025-02-21T12:30:00+00:00,30.0,1.1970784540781605,5.847953216374269
1740142800.Fri.Feb.21_13_00_00.GMT.2025.CACO04.c2.bright.jpg,c2,1740142800,2025-02-21T13:00:00+00:00,0.0,1.3811002059695452,6.768189509306261
1740144600.Fri.Feb.21_13_30_00.GMT.2025.CACO04.c2.bright.jpg,c2,1740144600,2025-02-21T13:30:00+00:00,30.0,1.3811002059695452,6.768189509306261
1740146400.Fri.Feb.21_14_00_00.GMT.2025.CACO04.c2.bright.jpg,c2,1740146400,2025-02-21T14:00:00+00:00,0.0,1.4756411878789155,7.142857142857142
1740148200.Fri.Feb.21_14_30_00.GMT.2025.CACO04.c2.bright.jpg,c2,1740148200,2025-02-21T14:30:00+00:00,30.0,1.4756411878789155,7.142857142857142
1740150000.Fri.Feb.21_15_00_00.GMT.2025.CACO04.c2.bright.jpg,c2,1740150000,2025-02-21T15:00:00+00:00,0.0,1.5475753503691188,7.142857142857142
1740151800.Fri.Feb.21_15_30_00.GMT.2025.CACO04.c2.bright.jpg,c2,1740151800,2025-02-21T15:30:00+00:00,30.0,1.5475753503691188,7.142857142857142
1740153600.Fri.Feb.21_16_00_00.GMT.2025.CACO04.c2.bright.jpg,c2,1740153600,2025-02-21T16:00:00+00:00,0.0,1.5703301792113236,7.142857142857142
1740155400.Fri.Feb.21_16_30_00.GMT.2025.CACO04.c2.bright.jpg,c2,1740155400,2025-02-21T16:30:00+00:00,30.0,1.5703301792113236,7.142857142857142
1740157200.Fri.Feb.21_17_00_00.GMT.2025.CACO04.c2.bright.jpg,c2,1740157200,2025-02-21T17:00:00+00:00,0.0,1.3684274580308629,7.142857142857142
1740159000.Fri.Feb.21_17_30_00.GMT.2025.CACO04.c2.bright.jpg,c2,1740159000,2025-02-21T17:30:00+00:00,30.0,1.3684274580308629,7.142857142857142
1740160800.Fri.Feb.21_18_00_00.GMT.2025.CACO04.c2.bright.jpg,c2,1740160800,2025-02-21T18:00:00+00:00,0.0,1.423459502631479,6.430868167202571
1740162600.Fri.Feb.21_18_30_00.GMT.2025.CACO04.c2.bright.jpg,c2,1740162600,2025-02-21T18:30:00+00:00,30.0,1.423459502631479,6.430868167202571
1740164400.Fri.Feb.21_19_00_00.GMT.2025.CACO04.c2.bright.jpg,c2,1740164400,2025-02-21T19:00:00+00:00,0.0,1.435919459337415,6.768189509306261
1740166200.Fri.Feb.21_19_30_00.GMT.2025.CACO04.c2.bright.jpg,c2,1740166200,2025-02-21T19:30:00+00:00,30.0,1.435919459337415,6.768189509306261
1740168000.Fri.Feb.21_20_00_00.GMT.2025.CACO04.c2.bright.jpg,c2,1740168000,2025-02-21T20:00:00+00:00,0.0,1.3403114366338853,6.430868167202571
1740169800.Fri.Feb.21_20_30_00.GMT.2025.CACO04.c2.bright.jpg,c2,1740169800,2025-02-21T20:30:00+00:00,30.0,1.3403114366338853,6.430868167202571
1740171600.Fri.Feb.21_21_00_00.GMT.2025.CACO04.c2.bright.jpg,c2,1740171600,2025-02-21T21:00:00+00:00,0.0,1.3346855512462388,5.594405594405594
1740173400.Fri.Feb.21_21_30_00.GMT.2025.CACO04.c2.bright.jpg,c2,1740173400,2025-02-21T21:30:00+00:00,30.0,1.3346855512462388,5.594405594405594
1740175200.Fri.Feb.21_22_00_00.GMT.2025.CACO04.c2.bright.jpg,c2,1740175200,2025-02-21T22:00:00+00:00,0.0,1.3158858630316772,6.125574272588055
1740223800.Sat.Feb.22_11_30_00.GMT.2025.CACO04.c2.bright.jpg,c2,1740223800,2025-02-22T11:30:00+00:00,30.0,1.1808444582204594,6.430868167202571
1740225600.Sat.Feb.22_12_00_00.GMT.2025.CACO04.c2.bright.jpg,c2,1740225600,2025-02-22T12:00:00+00:00,0.0,1.066274997788735,6.430868167202571
1740227400.Sat.Feb.22_12_30_00.GMT.2025.CACO04.c2.bright.jpg,c2,1740227400,2025-02-22T12:30:00+00:00,30.0,1.066274997788735,6.430868167202571
1740229200.Sat.Feb.22_13_00_00.GMT.2025.CACO04.c2.bright.jpg,c2,1740229200,2025-02-22T13:00:00+00:00,0.0,1.045003710698882,6.125574272588055
1740231000.Sat.Feb.22_13_30_00.GMT.2025.CACO04.c2.bright.jpg,c2,1740231000,2025-02-22T13:30:00+00:00,30.0,1.045003710698882,6.125574272588055
1740232800.Sat.Feb.22_14_00_00.GMT.2025.CACO04.c2.bright.jpg,c2,1740232800,2025-02-22T14:00:00+00:00,0.0,0.8770922692796376,6.125574272588055
1740234600.Sat.Feb.22_14_30_00.GMT.2025.CACO04.c2.bright.jpg,c2,1740234600,2025-02-22T14:30:00+00:00,30.0,0.8770922692796376,6.125574272588055
1740236400.Sat.Feb.22_15_00_00.GMT.2025.CACO04.c2.bright.jpg,c2,1740236400,2025-02-22T15:00:00+00:00,0.0,0.8000773449458778,6.125574272588055
1740238200.Sat.Feb.22_15_30_00.GMT.2025.CACO04.c2.bright.jpg,c2,1740238200,2025-02-22T15:30:00+00:00,30.0,0.8000773449458778,6.125574272588055
1740240000.Sat.Feb.22_16_00_00.GMT.2025.CACO04.c2.bright.jpg,c2,1740240000,2025-02-22T16:00:00+00:00,0.0,0.8003631187488947,5.361930294906166
1740241800.Sat.Feb.22_16_30_00.GMT.2025.CACO04.c2.bright.jpg,c2,1740241800,2025-02-22T16:30:00+00:00,30.0,0.8003631187488947,5.361930294906166
1740243600.Sat.Feb.22_17_00_00.GMT.2025.CACO04.c2.bright.jpg,c2,1740243600,2025-02-22T17:00:00+00:00,0.0,0.6956396341756549,5.594405594405594
1740245400.Sat.Feb.22_17_30_00.GMT.2025.CACO04.c2.bright.jpg,c2,1740245400,2025-02-22T17:30:00+00:00,30.0,0.6956396341756549,5.594405594405594
1740247200.Sat.Feb.22_18_00_00.GMT.2025.CACO04.c2.bright.jpg,c2,1740247200,2025-02-22T18:00:00+00:00,0.0,0.6290425461133297,9.876543209876544
1740249000.Sat.Feb.22_18_30_00.GMT.2025.CACO04.c2.bright.jpg,c2,1740249000,2025-02-22T18:30:00+00:00,30.0,0.6290425461133297,9.876543209876544
1740250800.Sat.Feb.22_19_00_00.GMT.2025.CACO04.c2.bright.jpg,c2,1740250800,2025-02-22T19:00:00+00:00,0.0,0.5795884736602661,9.876543209876544
1740252600.Sat.Feb.22_19_30_00.GMT.2025.CACO04.c2.bright.jpg,c2,1740252600,2025-02-22T19:30:00+00:00,30.0,0.5795884736602661,9.876543209876544
1740254400.Sat.Feb.22_20_00_00.GMT.2025.CACO04.c2.bright.jpg,c2,1740254400,2025-02-22T20:00:00+00:00,0.0,0.6191921371832632,9.876543209876544
1740256200.Sat.Feb.22_20_30_00.GMT.2025.CACO04.c2.bright.jpg,c2,1740256200,2025-02-22T20:30:00+00:00,30.0,0.6191921371832632,9.876543209876544
1740258000.Sat.Feb.22_21_00_00.GMT.2025.CACO04.c2.bright.jpg,c2,1740258000,2025-02-22T21:00:00+00:00,0.0,0.6843014641596676,5.594405594405594
1740259800.Sat.Feb.22_21_30_00.GMT.2025.CACO04.c2.bright.jpg,c2,1740259800,2025-02-22T21:30:00+00:00,30.0,0.6843014641596676,5.594405594405594
1740261600.Sat.Feb.22_22_00_00.GMT.2025.CACO04.c2.bright.jpg,c2,1740261600,2025-02-22T22:00:00+00:00,0.0,0.6559460125702313,9.174311926605505
1740310200.Sun.Feb.23_11_30_00.GMT.2025.CACO04.c2.bright.jpg,c2,1740310200,2025-02-23T11:30:00+00:00,30.0,0.3788296605742755,9.876543209876544
1740312000.Sun.Feb.23_12_00_00.GMT.2025.CACO04.c2.bright.jpg,c2,1740312000,2025-02-23T12:00:00+00:00,0.0,0.3794766359026283,10.6951871657754
1740313800.Sun.Feb.23_12_30_00.GMT.2025.CACO04.c2.bright.jpg,c2,1740313800,2025-02-23T12:30:00+00:00,30.0,0.3794766359026283,10.6951871657754
1740315600.Sun.Feb.23_13_00_00.GMT.2025.CACO04.c2.bright.jpg,c2,1740315600,2025-02-23T13:00:00+00:00,0.0,0.412868023363561,9.876543209876544
1740317400.Sun.Feb.23_13_30_00.GMT.2025.CACO04.c2.bright.jpg,c2,1740317400,2025-02-23T13:30:00+00:00,30.0,0.412868023363561,9.876543209876544
1740319200.Sun.Feb.23_14_00_00.GMT.2025.CACO04.c2.bright.jpg,c2,1740319200,2025-02-23T14:00:00+00:00,0.0,0.3164812971888739,9.174311926605505
1740321000.Sun.Feb.23_14_30_00.GMT.2025.CACO04.c2.bright.jpg,c2,1740321000,2025-02-23T14:30:00+00:00,30.0,0.3164812971888739,9.174311926605505
1740322800.Sun.Feb.23_15_00_00.GMT.2025.CACO04.c2.bright.jpg,c2,1740322800,2025-02-23T15:00:00+00:00,0.0,0.4622774472568371,9.876543209876544
1740324600.Sun.Feb.23_15_30_00.GMT.2025.CACO04.c2.bright.jpg,c2,1740324600,2025-02-23T15:30:00+00:00,30.0,0.4622774472568371,9.876543209876544
1740326400.Sun.Feb.23_16_00_00.GMT.2025.CACO04.c2.bright.jpg,c2,1740326400,2025-02-23T16:00:00+00:00,0.0,0.4370154344883482,9.876543209876544
1740328200.Sun.Feb.23_16_30_00.GMT.2025.CACO04.c2.bright.jpg,c2,1740328200,2025-02-23T16:30:00+00:00,30.0,0.4370154344883482,9.876543209876544
1740330000.Sun.Feb.23_17_00_00.GMT.2025.CACO04.c2.bright.jpg,c2,1740330000,2025-02-23T17:00:00+00:00,0.0,0.2858288334833713,9.876543209876544
1740331800.Sun.Feb.23_17_30_00.GMT.2025.CACO04.c2.bright.jpg,c2,1740331800,2025-02-23T17:30:00+00:00,30.0,0.2858288334833713,9.876543209876544
1740333600.Sun.Feb.23_18_00_00.GMT.2025.CACO04.c2.bright.jpg,c2,1740333600,2025-02-23T18:00:00+00:00,0.0,0.3150505701238126,9.174311926605505
1740335400.Sun.Feb.23_18_30_00.GMT.2025.CACO04.c2.bright.jpg,c2,1740335400,2025-02-23T18:30:00+00:00,30.0,0.3150505701238126,9.174311926605505
1740337200.Sun.Feb.23_19_00_00.GMT.2025.CACO04.c2.bright.jpg,c2,1740337200,2025-02-23T19:00:00+00:00,0.0,0.33164504580278,9.174311926605505
1740339000.Sun.Feb.23_19_30_00.GMT.2025.CACO04.c2.bright.jpg,c2,1740339000,2025-02-23T19:30:00+00:00,30.0,0.33164504580278,9.174311926605505
1740340800.Sun.Feb.23_20_00_00.GMT.2025.CACO04.c2.bright.jpg,c2,1740340800,2025-02-23T20:00:00+00:00,0.0,0.3342246711476657,9.174311926605505
1740342600.Sun.Feb.23_20_30_00.GMT.2025.CACO04.c2.bright.jpg,c2,1740342600,2025-02-23T20:30:00+00:00,30.0,0.3342246711476657,9.174311926605505
1740344400.Sun.Feb.23_21_00_00.GMT.2025.CACO04.c2.bright.jpg,c2,1740344400,2025-02-23T21:00:00+00:00,0.0,0.3546347395907269,9.174311926605505
1740346200.Sun.Feb.23_21_30_00.GMT.2025.CACO04.c2.bright.jpg,c2,1740346200,2025-02-23T21:30:00+00:00,30.0,0.3546347395907269,9.174311926605505
1740348000.Sun.Feb.23_22_00_00.GMT.2025.CACO04.c2.bright.jpg,c2,1740348000,2025-02-23T22:00:00+00:00,0.0,0.329993267472126,9.876543209876544
1740396600.Mon.Feb.24_11_30_00.GMT.2025.CACO04.c2.bright.jpg,c2,1740396600,2025-02-24T11:30:00+00:00,30.0,0.349821018321699,11.661807580174926
1740398400.Mon.Feb.24_12_00_00.GMT.2025.CACO04.c2.bright.jpg,c2,1740398400,2025-02-24T12:00:00+00:00,0.0,0.3282540830464291,9.876543209876544
1740400200.Mon.Feb.24_12_30_00.GMT.2025.CACO04.c2.bright.jpg,c2,1740400200,2025-02-24T12:30:00+00:00,30.0,0.3282540830464291,9.876543209876544
1740402000.Mon.Feb.24_13_00_00.GMT.2025.CACO04.c2.bright.jpg,c2,1740402000,2025-02-24T13:00:00+00:00,0.0,0.3267837388767167,9.876543209876544
1740403800.Mon.Feb.24_13_30_00.GMT.2025.CACO04.c2.bright.jpg,c2,1740403800,2025-02-24T13:30:00+00:00,30.0,0.3267837388767167,9.876543209876544
1740405600.Mon.Feb.24_14_00_00.GMT.2025.CACO04.c2.bright.jpg,c2,1740405600,2025-02-24T14:00:00+00:00,0.0,0.3242637741460953,10.6951871657754
1740407400.Mon.Feb.24_14_30_00.GMT.2025.CACO04.c2.bright.jpg,c2,1740407400,2025-02-24T14:30:00+00:00,30.0,0.3242637741460953,10.6951871657754
1740409200.Mon.Feb.24_15_00_00.GMT.2025.CACO04.c2.bright.jpg,c2,1740409200,2025-02-24T15:00:00+00:00,0.0,0.3053335732464167,10.6951871657754
1740411000.Mon.Feb.24_15_30_00.GMT.2025.CACO04.c2.bright.jpg,c2,1740411000,2025-02-24T15:30:00+00:00,30.0,0.3053335732464167,10.6951871657754
1740412800.Mon.Feb.24_16_00_00.GMT.2025.CACO04.c2.bright.jpg,c2,1740412800,2025-02-24T16:00:00+00:00,0.0,0.3148809854283489,10.6951871657754
1740414600.Mon.Feb.24_16_30_00.GMT.2025.CACO04.c2.bright.jpg,c2,1740414600,2025-02-24T16:30:00+00:00,30.0,0.3148809854283489,10.6951871657754
1740416400.Mon.Feb.24_17_00_00.GMT.2025.CACO04.c2.bright.jpg,c2,1740416400,2025-02-24T17:00:00+00:00,0.0,0.4091025416892827,11.661807580174926
1740418200.Mon.Feb.24_17_30_00.GMT.2025.CACO04.c2.bright.jpg,c2,1740418200,2025-02-24T17:30:00+00:00,30.0,0.4091025416892827,11.661807580174926
1740420000.Mon.Feb.24_18_00_00.GMT.2025.CACO04.c2.bright.jpg,c2,1740420000,2025-02-24T18:00:00+00:00,0.0,0.3000719131872619,10.6951871657754
1740421800.Mon.Feb.24_18_30_00.GMT.2025.CACO04.c2.bright.jpg,c2,1740421800,2025-02-24T18:30:00+00:00,30.0,0.3000719131872619,10.6951871657754
1740423600.Mon.Feb.24_19_00_00.GMT.2025.CACO04.c2.bright.jpg,c2,1740423600,2025-02-24T19:00:00+00:00,0.0,0.2883065308233486,9.876543209876544
1740425400.Mon.Feb.24_19_30_00.GMT.2025.CACO04.c2.bright.jpg,c2,1740425400,2025-02-24T19:30:00+00:00,30.0,0.2883065308233486,9.876543209876544
1740427200.Mon.Feb.24_20_00_00.GMT.2025.CACO04.c2.bright.jpg,c2,1740427200,2025-02-24T20:00:00+00:00,0.0,0.2886701489320051,11.661807580174926
1740429000.Mon.Feb.24_20_30_00.GMT.2025.CACO04.c2.bright.jpg,c2,1740429000,2025-02-24T20:30:00+00:00,30.0,0.2886701489320051,11.661807580174926
1740430800.Mon.Feb.24_21_00_00.GMT.2025.CACO04.c2.bright.jpg,c2,1740430800,2025-02-24T21:00:00+00:00,0.0,0.3079896290205661,10.6951871657754
1740432600.Mon.Feb.24_21_30_00.GMT.2025.CACO04.c2.bright.jpg,c2,1740432600,2025-02-24T21:30:00+00:00,30.0,0.3079896290205661,10.6951871657754
1740434400.Mon.Feb.24_22_00_00.GMT.2025.CACO04.c2.bright.jpg,c2,1740434400,2025-02-24T22:00:00+00:00,0.0,0.3193253539728637,11.661807580174926
1740483000.Tue.Feb.25_11_30_00.GMT.2025.CACO04.c2.bright.jpg,c2,1740483000,2025-02-25T11:30:00+00:00,30.0,0.6980248692838348,4.767580452920143
1740484800.Tue.Feb.25_12_00_00.GMT.2025.CACO04.c2.bright.jpg,c2,1740484800,2025-02-25T12:00:00+00:00,0.0,0.6612480724810679,4.767580452920143
1740486600.Tue.Feb.25_12_30_00.GMT.2025.CACO04.c2.bright.jpg,c2,1740486600,2025-02-25T12:30:00+00:00,30.0,0.6612480724810679,4.767580452920143
1740488400.Tue.Feb.25_13_00_00.GMT.2025.CACO04.c2.bright.jpg,c2,1740488400,2025-02-25T13:00:00+00:00,0.0,0.6754749253080743,4.950495049504951
1740490200.Tue.Feb.25_13_30_00.GMT.2025.CACO04.c2.bright.jpg,c2,1740490200,2025-02-25T13:30:00+00:00,30.0,0.6754749253080743,4.950495049504951
1740492000.Tue.Feb.25_14_00_00.GMT.2025.CACO04.c2.bright.jpg,c2,1740492000,2025-02-25T14:00:00+00:00,0.0,0.7170744059958561,4.950495049504951
1740493800.Tue.Feb.25_14_30_00.GMT.2025.CACO04.c2.bright.jpg,c2,1740493800,2025-02-25T14:30:00+00:00,30.0,0.7170744059958561,4.950495049504951
1740495600.Tue.Feb.25_15_00_00.GMT.2025.CACO04.c2.bright.jpg,c2,1740495600,2025-02-25T15:00:00+00:00,0.0,0.6235098860603367,5.148005148005149
1740497400.Tue.Feb.25_15_30_00.GMT.2025.CACO04.c2.bright.jpg,c2,1740497400,2025-02-25T15:30:00+00:00,30.0,0.6235098860603367,5.148005148005149
1740499200.Tue.Feb.25_16_00_00.GMT.2025.CACO04.c2.bright.jpg,c2,1740499200,2025-02-25T16:00:00+00:00,0.0,0.6378175940896705,4.950495049504951
1740501000.Tue.Feb.25_16_30_00.GMT.2025.CACO04.c2.bright.jpg,c2,1740501000,2025-02-25T16:30:00+00:00,30.0,0.6378175940896705,4.950495049504951
1740502800.Tue.Feb.25_17_00_00.GMT.2025.CACO04.c2.bright.jpg,c2,1740502800,2025-02-25T17:00:00+00:00,0.0,0.5378428770190732,5.361930294906166
1740504600.Tue.Feb.25_17_30_00.GMT.2025.CACO04.c2.bright.jpg,c2,1740504600,2025-02-25T17:30:00+00:00,30.0,0.5378428770190732,5.361930294906166
1740506400.Tue.Feb.25_18_00_00.GMT.2025.CACO04.c2.bright.jpg,c2,1740506400,2025-02-25T18:00:00+00:00,0.0,0.5259695331536712,5.148005148005149
1740508200.Tue.Feb.25_18_30_00.GMT.2025.CACO04.c2.bright.jpg,c2,1740508200,2025-02-25T18:30:00+00:00,30.0,0.5259695331536712,5.148005148005149
1740510000.Tue.Feb.25_19_00_00.GMT.2025.CACO04.c2.bright.jpg,c2,1740510000,2025-02-25T19:00:00+00:00,0.0,0.4562019843350139,11.661807580174926
1740511800.Tue.Feb.25_19_30_00.GMT.2025.CACO04.c2.bright.jpg,c2,1740511800,2025-02-25T19:30:00+00:00,30.0,0.4562019843350139,11.661807580174926
1740513600.Tue.Feb.25_20_00_00.GMT.2025.CACO04.c2.bright.jpg,c2,1740513600,2025-02-25T20:00:00+00:00,0.0,0.4157778278489387,9.876543209876544
1740515400.Tue.Feb.25_20_30_00.GMT.2025.CACO04.c2.bright.jpg,c2,1740515400,2025-02-25T20:30:00+00:00,30.0,0.4157778278489387,9.876543209876544
1740517200.Tue.Feb.25_21_00_00.GMT.2025.CACO04.c2.bright.jpg,c2,1740517200,2025-02-25T21:00:00+00:00,0.0,0.3799111154250194,11.661807580174926
1740519000.Tue.Feb.25_21_30_00.GMT.2025.CACO04.c2.bright.jpg,c2,1740519000,2025-02-25T21:30:00+00:00,30.0,0.3799111154250194,11.661807580174926
1740520800.Tue.Feb.25_22_00_00.GMT.2025.CACO04.c2.bright.jpg,c2,1740520800,2025-02-25T22:00:00+00:00,0.0,0.3563851638103506,11.661807580174926
1740569400.Wed.Feb.26_11_30_00.GMT.2025.CACO04.c2.bright.jpg,c2,1740569400,2025-02-26T11:30:00+00:00,30.0,0.3760788530567874,11.661807580174926
1740571200.Wed.Feb.26_12_00_00.GMT.2025.CACO04.c2.bright.jpg,c2,1740571200,2025-02-26T12:00:00+00:00,0.0,0.5436228018067558,11.661807580174926
1740573000.Wed.Feb.26_12_30_00.GMT.2025.CACO04.c2.bright.jpg,c2,1740573000,2025-02-26T12:30:00+00:00,30.0,0.5436228018067558,11.661807580174926
1740574800.Wed.Feb.26_13_00_00.GMT.2025.CACO04.c2.bright.jpg,c2,1740574800,2025-02-26T13:00:00+00:00,0.0,0.7068884109409116,3.389830508474576
1740576600.Wed.Feb.26_13_30_00.GMT.2025.CACO04.c2.bright.jpg,c2,1740576600,2025-02-26T13:30:00+00:00,30.0,0.7068884109409116,3.389830508474576
1740578400.Wed.Feb.26_14_00_00.GMT.2025.CACO04.c2.bright.jpg,c2,1740578400,2025-02-26T14:00:00+00:00,0.0,0.7174571741023634,3.902439024390244
1740580200.Wed.Feb.26_14_30_00.GMT.2025.CACO04.c2.bright.jpg,c2,1740580200,2025-02-26T14:30:00+00:00,30.0,0.7174571741023634,3.902439024390244
1740582000.Wed.Feb.26_15_00_00.GMT.2025.CACO04.c2.bright.jpg,c2,1740582000,2025-02-26T15:00:00+00:00,0.0,0.7135921398730535,11.661807580174926
1740583800.Wed.Feb.26_15_30_00.GMT.2025.CACO04.c2.bright.jpg,c2,1740583800,2025-02-26T15:30:00+00:00,30.0,0.7135921398730535,11.661807580174926
1740585600.Wed.Feb.26_16_00_00.GMT.2025.CACO04.c2.bright.jpg,c2,1740585600,2025-02-26T16:00:00+00:00,0.0,0.7291957848354096,4.950495049504951
1740587400.Wed.Feb.26_16_30_00.GMT.2025.CACO04.c2.bright.jpg,c2,1740587400,2025-02-26T16:30:00+00:00,30.0,0.7291957848354096,4.950495049504951
1740589200.Wed.Feb.26_17_00_00.GMT.2025.CACO04.c2.bright.jpg,c2,1740589200,2025-02-26T17:00:00+00:00,0.0,0.6618267639419907,4.950495049504951
1740591000.Wed.Feb.26_17_30_00.GMT.2025.CACO04.c2.bright.jpg,c2,1740591000,2025-02-26T17:30:00+00:00,30.0,0.6618267639419907,4.950495049504951
1740592800.Wed.Feb.26_18_00_00.GMT.2025.CACO04.c2.bright.jpg,c2,1740592800,2025-02-26T18:00:00+00:00,0.0,0.5002808681145084,5.148005148005149
1740594600.Wed.Feb.26_18_30_00.GMT.2025.CACO04.c2.bright.jpg,c2,1740594600,2025-02-26T18:30:00+00:00,30.0,0.5002808681145084,5.148005148005149
1740596400.Wed.Feb.26_19_00_00.GMT.2025.CACO04.c2.bright.jpg,c2,1740596400,2025-02-26T19:00:00+00:00,0.0,0.3808214739784815,11.661807580174926
1740598200.Wed.Feb.26_19_30_00.GMT.2025.CACO04.c2.bright.jpg,c2,1740598200,2025-02-26T19:30:00+00:00,30.0,0.3808214739784815,11.661807580174926
1740600000.Wed.Feb.26_20_00_00.GMT.2025.CACO04.c2.bright.jpg,c2,1740600000,2025-02-26T20:00:00+00:00,0.0,0.3236730438046939,10.6951871657754
1740601800.Wed.Feb.26_20_30_00.GMT.2025.CACO04.c2.bright.jpg,c2,1740601800,2025-02-26T20:30:00+00:00,30.0,0.3236730438046939,10.6951871657754
1740603600.Wed.Feb.26_21_00_00.GMT.2025.CACO04.c2.bright.jpg,c2,1740603600,2025-02-26T21:00:00+00:00,0.0,0.2985990723260169,11.661807580174926
1740605400.Wed.Feb.26_21_30_00.GMT.2025.CACO04.c2.bright.jpg,c2,1740605400,2025-02-26T21:30:00+00:00,30.0,0.2985990723260169,11.661807580174926
1740607200.Wed.Feb.26_22_00_00.GMT.2025.CACO04.c2.bright.jpg,c2,1740607200,2025-02-26T22:00:00+00:00,0.0,0.2903750711675632,11.661807580174926
1740609000.Wed.Feb.26_22_30_00.GMT.2025.CACO04.c2.bright.jpg,c2,1740609000,2025-02-26T22:30:00+00:00,30.0,0.2903750711675632,11.661807580174926
1740655800.Thu.Feb.27_11_30_00.GMT.2025.CACO04.c2.bright.jpg,c2,1740655800,2025-02-27T11:30:00+00:00,30.0,0.8532807593712188,10.6951871657754
1740657600.Thu.Feb.27_12_00_00.GMT.2025.CACO04.c2.bright.jpg,c2,1740657600,2025-02-27T12:00:00+00:00,0.0,0.9513963444451864,10.6951871657754
1740659400.Thu.Feb.27_12_30_00.GMT.2025.CACO04.c2.bright.jpg,c2,1740659400,2025-02-27T12:30:00+00:00,30.0,0.9513963444451864,10.6951871657754
1740661200.Thu.Feb.27_13_00_00.GMT.2025.CACO04.c2.bright.jpg,c2,1740661200,2025-02-27T13:00:00+00:00,0.0,1.001765715635742,10.6951871657754
1740663000.Thu.Feb.27_13_30_00.GMT.2025.CACO04.c2.bright.jpg,c2,1740663000,2025-02-27T13:30:00+00:00,30.0,1.001765715635742,10.6951871657754
1740664800.Thu.Feb.27_14_00_00.GMT.2025.CACO04.c2.bright.jpg,c2,1740664800,2025-02-27T14:00:00+00:00,0.0,1.2006488926710543,10.6951871657754
1740666600.Thu.Feb.27_14_30_00.GMT.2025.CACO04.c2.bright.jpg,c2,1740666600,2025-02-27T14:30:00+00:00,30.0,1.2006488926710543,10.6951871657754
1740668400.Thu.Feb.27_15_00_00.GMT.2025.CACO04.c2.bright.jpg,c2,1740668400,2025-02-27T15:00:00+00:00,0.0,1.1276328993138025,10.6951871657754
1740670200.Thu.Feb.27_15_30_00.GMT.2025.CACO04.c2.bright.jpg,c2,1740670200,2025-02-27T15:30:00+00:00,30.0,1.1276328993138025,10.6951871657754
1740672000.Thu.Feb.27_16_00_00.GMT.2025.CACO04.c2.bright.jpg,c2,1740672000,2025-02-27T16:00:00+00:00,0.0,1.248893951461306,10.6951871657754
1740673800.Thu.Feb.27_16_30_00.GMT.2025.CACO04.c2.bright.jpg,c2,1740673800,2025-02-27T16:30:00+00:00,30.0,1.248893951461306,10.6951871657754
1740675600.Thu.Feb.27_17_00_00.GMT.2025.CACO04.c2.bright.jpg,c2,1740675600,2025-02-27T17:00:00+00:00,0.0,1.5068527359196893,11.661807580174926
1740677400.Thu.Feb.27_17_30_00.GMT.2025.CACO04.c2.bright.jpg,c2,1740677400,2025-02-27T17:30:00+00:00,30.0,1.5068527359196893,11.661807580174926
1740679200.Thu.Feb.27_18_00_00.GMT.2025.CACO04.c2.bright.jpg,c2,1740679200,2025-02-27T18:00:00+00:00,0.0,1.5731493648318366,5.847953216374269
1740681000.Thu.Feb.27_18_30_00.GMT.2025.CACO04.c2.bright.jpg,c2,1740681000,2025-02-27T18:30:00+00:00,30.0,1.5731493648318366,5.847953216374269
1740682800.Thu.Feb.27_19_00_00.GMT.2025.CACO04.c2.bright.jpg,c2,1740682800,2025-02-27T19:00:00+00:00,0.0,1.6468897720234978,5.847953216374269
1740684600.Thu.Feb.27_19_30_00.GMT.2025.CACO04.c2.bright.jpg,c2,1740684600,2025-02-27T19:30:00+00:00,30.0,1.6468897720234978,5.847953216374269
1740686400.Thu.Feb.27_20_00_00.GMT.2025.CACO04.c2.bright.jpg,c2,1740686400,2025-02-27T20:00:00+00:00,0.0,1.5689277880942532,6.125574272588055
1740688200.Thu.Feb.27_20_30_00.GMT.2025.CACO04.c2.bright.jpg,c2,1740688200,2025-02-27T20:30:00+00:00,30.0,1.5689277880942532,6.125574272588055
1740690000.Thu.Feb.27_21_00_00.GMT.2025.CACO04.c2.bright.jpg,c2,1740690000,2025-02-27T21:00:00+00:00,0.0,1.6512984321717594,6.430868167202571
1740691800.Thu.Feb.27_21_30_00.GMT.2025.CACO04.c2.bright.jpg,c2,1740691800,2025-02-27T21:30:00+00:00,30.0,1.6512984321717594,6.430868167202571
1740693600.Thu.Feb.27_22_00_00.GMT.2025.CACO04.c2.bright.jpg,c2,1740693600,2025-02-27T22:00:00+00:00,0.0,1.3858851882822534,6.768189509306261
1740742200.Fri.Feb.28_11_30_00.GMT.2025.CACO04.c2.bright.jpg,c2,1740742200,2025-02-28T11:30:00+00:00,30.0,0.9455004467457142,6.768189509306261
1740744000.Fri.Feb.28_12_00_00.GMT.2025.CACO04.c2.bright.jpg,c2,1740744000,2025-02-28T12:00:00+00:00,0.0,0.8297888347897484,9.876543209876544
1740745800.Fri.Feb.28_12_30_00.GMT.2025.CACO04.c2.bright.jpg,c2,1740745800,2025-02-28T12:30:00+00:00,30.0,0.8297888347897484,9.876543209876544
1740747600.Fri.Feb.28_13_00_00.GMT.2025.CACO04.c2.bright.jpg,c2,1740747600,2025-02-28T13:00:00+00:00,0.0,0.8174471638474728,9.876543209876544
1740749400.Fri.Feb.28_13_30_00.GMT.2025.CACO04.c2.bright.jpg,c2,1740749400,2025-02-28T13:30:00+00:00,30.0,0.8174471638474728,9.876543209876544
1740751200.Fri.Feb.28_14_00_00.GMT.2025.CACO04.c2.bright.jpg,c2,1740751200,2025-02-28T14:00:00+00:00,0.0,0.8626596825009503,9.876543209876544
1740753000.Fri.Feb.28_14_30_00.GMT.2025.CACO04.c2.bright.jpg,c2,1740753000,2025-02-28T14:30:00+00:00,30.0,0.8626596825009503,9.876543209876544
1740754800.Fri.Feb.28_15_00_00.GMT.2025.CACO04.c2.bright.jpg,c2,1740754800,2025-02-28T15:00:00+00:00,0.0,0.7979189197449609,8.565310492505352
1740756600.Fri.Feb.28_15_30_00.GMT.2025.CACO04.c2.bright.jpg,c2,1740756600,2025-02-28T15:30:00+00:00,30.0,0.7979189197449609,8.565310492505352
1740758400.Fri.Feb.28_16_00_00.GMT.2025.CACO04.c2.bright.jpg,c2,1740758400,2025-02-28T16:00:00+00:00,0.0,0.8648571400332565,9.876543209876544
1740760200.Fri.Feb.28_16_30_00.GMT.2025.CACO04.c2.bright.jpg,c2,1740760200,2025-02-28T16:30:00+00:00,30.0,0.8648571400332565,9.876543209876544
1740762000.Fri.Feb.28_17_00_00.GMT.2025.CACO04.c2.bright.jpg,c2,1740762000,2025-02-28T17:00:00+00:00,0.0,0.8925025363798299,9.174311926605505
1740763800.Fri.Feb.28_17_30_00.GMT.2025.CACO04.c2.bright.jpg,c2,1740763800,2025-02-28T17:30:00+00:00,30.0,0.8925025363798299,9.174311926605505
1740765600.Fri.Feb.28_18_00_00.GMT.2025.CACO04.c2.bright.jpg,c2,1740765600,2025-02-28T18:00:00+00:00,0.0,0.900818538119144,9.174311926605505
1740767400.Fri.Feb.28_18_30_00.GMT.2025.CACO04.c2.bright.jpg,c2,1740767400,2025-02-28T18:30:00+00:00,30.0,0.900818538119144,9.174311926605505
1740769200.Fri.Feb.28_19_00_00.GMT.2025.CACO04.c2.bright.jpg,c2,1740769200,2025-02-28T19:00:00+00:00,0.0,0.9606685725066784,10.6951871657754
1740771000.Fri.Feb.28_19_30_00.GMT.2025.CACO04.c2.bright.jpg,c2,1740771000,2025-02-28T19:30:00+00:00,30.0,0.9606685725066784,10.6951871657754
1740772800.Fri.Feb.28_20_00_00.GMT.2025.CACO04.c2.bright.jpg,c2,1740772800,2025-02-28T20:00:00+00:00,0.0,0.8467839887406876,9.174311926605505
1740774600.Fri.Feb.28_20_30_00.GMT.2025.CACO04.c2.bright.jpg,c2,1740774600,2025-02-28T20:30:00+00:00,30.0,0.8467839887406876,9.174311926605505
1740776400.Fri.Feb.28_21_00_00.GMT.2025.CACO04.c2.bright.jpg,c2,1740776400,2025-02-28T21:00:00+00:00,0.0,0.647643746563963,9.876543209876544
1740778200.Fri.Feb.28_21_30_00.GMT.2025.CACO04.c2.bright.jpg,c2,1740778200,2025-02-28T21:30:00+00:00,30.0,0.647643746563963,9.876543209876544
1740780000.Fri.Feb.28_22_00_00.GMT.2025.CACO04.c2.bright.jpg,c2,1740780000,2025-02-28T22:00:00+00:00,0.0,0.7242951665586778,9.174311926605505
1740781800.Fri.Feb.28_22_30_00.GMT.2025.CACO04.c2.bright.jpg,c2,1740781800,2025-02-28T22:30:00+00:00,30.0,0.7242951665586778,9.174311926605505
1740828600.Sat.Mar.01_11_30_00.GMT.2025.CACO04.c2.bright.jpg,c2,1740828600,2025-03-01T11:30:00+00:00,30.0,0.8452132334081044,5.361930294906166
1740830400.Sat.Mar.01_12_00_00.GMT.2025.CACO04.c2.bright.jpg,c2,1740830400,2025-03-01T12:00:00+00:00,0.0,1.097830259528028,4.439511653718091
1740832200.Sat.Mar.01_12_30_00.GMT.2025.CACO04.c2.bright.jpg,c2,1740832200,2025-03-01T12:30:00+00:00,30.0,1.097830259528028,4.439511653718091
1740834000.Sat.Mar.01_13_00_00.GMT.2025.CACO04.c2.bright.jpg,c2,1740834000,2025-03-01T13:00:00+00:00,0.0,1.0182213667042568,4.950495049504951
1740835800.Sat.Mar.01_13_30_00.GMT.2025.CACO04.c2.bright.jpg,c2,1740835800,2025-03-01T13:30:00+00:00,30.0,1.0182213667042568,4.950495049504951
1740837600.Sat.Mar.01_14_00_00.GMT.2025.CACO04.c2.bright.jpg,c2,1740837600,2025-03-01T14:00:00+00:00,0.0,1.127842161088277,4.767580452920143
1740839400.Sat.Mar.01_14_30_00.GMT.2025.CACO04.c2.bright.jpg,c2,1740839400,2025-03-01T14:30:00+00:00,30.0,1.127842161088277,4.767580452920143
1740841200.Sat.Mar.01_15_00_00.GMT.2025.CACO04.c2.bright.jpg,c2,1740841200,2025-03-01T15:00:00+00:00,0.0,1.351662497579267,5.361930294906166
1740843000.Sat.Mar.01_15_30_00.GMT.2025.CACO04.c2.bright.jpg,c2,1740843000,2025-03-01T15:30:00+00:00,30.0,1.351662497579267,5.361930294906166
1740844800.Sat.Mar.01_16_00_00.GMT.2025.CACO04.c2.bright.jpg,c2,1740844800,2025-03-01T16:00:00+00:00,0.0,1.4637861748379777,5.594405594405594
1740846600.Sat.Mar.01_16_30_00.GMT.2025.CACO04.c2.bright.jpg,c2,1740846600,2025-03-01T16:30:00+00:00,30.0,1.4637861748379777,5.594405594405594
1740848400.Sat.Mar.01_17_00_00.GMT.2025.CACO04.c2.bright.jpg,c2,1740848400,2025-03-01T17:00:00+00:00,0.0,1.4504475112326156,6.125574272588055
1740850200.Sat.Mar.01_17_30_00.GMT.2025.CACO04.c2.bright.jpg,c2,1740850200,2025-03-01T17:30:00+00:00,30.0,1.4504475112326156,6.125574272588055
1740852000.Sat.Mar.01_18_00_00.GMT.2025.CACO04.c2.bright.jpg,c2,1740852000,2025-03-01T18:00:00+00:00,0.0,1.4843612228224838,6.768189509306261
1740853800.Sat.Mar.01_18_30_00.GMT.2025.CACO04.c2.bright.jpg,c2,1740853800,2025-03-01T18:30:00+00:00,30.0,1.4843612228224838,6.768189509306261
1740855600.Sat.Mar.01_19_00_00.GMT.2025.CACO04.c2.bright.jpg,c2,1740855600,2025-03-01T19:00:00+00:00,0.0,1.5026938142764277,6.768189509306261
1740857400.Sat.Mar.01_19_30_00.GMT.2025.CACO04.c2.bright.jpg,c2,1740857400,2025-03-01T19:30:00+00:00,30.0,1.5026938142764277,6.768189509306261
1740859200.Sat.Mar.01_20_00_00.GMT.2025.CACO04.c2.bright.jpg,c2,1740859200,2025-03-01T20:00:00+00:00,0.0,1.4111858110966238,7.142857142857142
1740861000.Sat.Mar.01_20_30_00.GMT.2025.CACO04.c2.bright.jpg,c2,1740861000,2025-03-01T20:30:00+00:00,30.0,1.4111858110966238,7.142857142857142
1740862800.Sat.Mar.01_21_00_00.GMT.2025.CACO04.c2.bright.jpg,c2,1740862800,2025-03-01T21:00:00+00:00,0.0,1.20075765488882,7.142857142857142
1740864600.Sat.Mar.01_21_30_00.GMT.2025.CACO04.c2.bright.jpg,c2,1740864600,2025-03-01T21:30:00+00:00,30.0,1.20075765488882,7.142857142857142
1740866400.Sat.Mar.01_22_00_00.GMT.2025.CACO04.c2.bright.jpg,c2,1740866400,2025-03-01T22:00:00+00:00,0.0,1.2691441504373164,6.768189509306261
1740868200.Sat.Mar.01_22_30_00.GMT.2025.CACO04.c2.bright.jpg,c2,1740868200,2025-03-01T22:30:00+00:00,30.0,1.2691441504373164,6.768189509306261
1740915000.Sun.Mar.02_11_30_00.GMT.2025.CACO04.c2.bright.jpg,c2,1740915000,2025-03-02T11:30:00+00:00,30.0,0.900420550891579,6.768189509306261
1740916800.Sun.Mar.02_12_00_00.GMT.2025.CACO04.c2.bright.jpg,c2,1740916800,2025-03-02T12:00:00+00:00,0.0,1.0961875556585892,7.142857142857142
1740918600.Sun.Mar.02_12_30_00.GMT.2025.CACO04.c2.bright.jpg,c2,1740918600,2025-03-02T12:30:00+00:00,30.0,1.0961875556585892,7.142857142857142
1740920400.Sun.Mar.02_13_00_00.GMT.2025.CACO04.c2.bright.jpg,c2,1740920400,2025-03-02T13:00:00+00:00,0.0,1.1969570539453822,6.430868167202571
1740922200.Sun.Mar.02_13_30_00.GMT.2025.CACO04.c2.bright.jpg,c2,1740922200,2025-03-02T13:30:00+00:00,30.0,1.1969570539453822,6.430868167202571
1740924000.Sun.Mar.02_14_00_00.GMT.2025.CACO04.c2.bright.jpg,c2,1740924000,2025-03-02T14:00:00+00:00,0.0,1.2878018585735065,7.142857142857142
1740925800.Sun.Mar.02_14_30_00.GMT.2025.CACO04.c2.bright.jpg,c2,1740925800,2025-03-02T14:30:00+00:00,30.0,1.2878018585735065,7.142857142857142
1740927600.Sun.Mar.02_15_00_00.GMT.2025.CACO04.c2.bright.jpg,c2,1740927600,2025-03-02T15:00:00+00:00,0.0,1.2460209763748131,7.142857142857142
1740929400.Sun.Mar.02_15_30_00.GMT.2025.CACO04.c2.bright.jpg,c2,1740929400,2025-03-02T15:30:00+00:00,30.0,1.2460209763748131,7.142857142857142
1740931200.Sun.Mar.02_16_00_00.GMT.2025.CACO04.c2.bright.jpg,c2,1740931200,2025-03-02T16:00:00+00:00,0.0,1.2363959007096808,6.768189509306261
1740933000.Sun.Mar.02_16_30_00.GMT.2025.CACO04.c2.bright.jpg,c2,1740933000,2025-03-02T16:30:00+00:00,30.0,1.2363959007096808,6.768189509306261
1740934800.Sun.Mar.02_17_00_00.GMT.2025.CACO04.c2.bright.jpg,c2,1740934800,2025-03-02T17:00:00+00:00,0.0,1.1072716022916211,6.430868167202571
1740936600.Sun.Mar.02_17_30_00.GMT.2025.CACO04.c2.bright.jpg,c2,1740936600,2025-03-02T17:30:00+00:00,30.0,1.1072716022916211,6.430868167202571
1740938400.Sun.Mar.02_18_00_00.GMT.2025.CACO04.c2.bright.jpg,c2,1740938400,2025-03-02T18:00:00+00:00,0.0,1.0824738190961782,9.876543209876544
1740940200.Sun.Mar.02_18_30_00.GMT.2025.CACO04.c2.bright.jpg,c2,1740940200,2025-03-02T18:30:00+00:00,30.0,1.0824738190961782,9.876543209876544
1740942000.Sun.Mar.02_19_00_00.GMT.2025.CACO04.c2.bright.jpg,c2,1740942000,2025-03-02T19:00:00+00:00,0.0,0.9688170571012704,5.594405594405594
1740943800.Sun.Mar.02_19_30_00.GMT.2025.CACO04.c2.bright.jpg,c2,1740943800,2025-03-02T19:30:00+00:00,30.0,0.9688170571012704,5.594405594405594
1740945600.Sun.Mar.02_20_00_00.GMT.2025.CACO04.c2.bright.jpg,c2,1740945600,2025-03-02T20:00:00+00:00,0.0,0.908169601403818,9.876543209876544
1740947400.Sun.Mar.02_20_30_00.GMT.2025.CACO04.c2.bright.jpg,c2,1740947400,2025-03-02T20:30:00+00:00,30.0,0.908169601403818,9.876543209876544
1740949200.Sun.Mar.02_21_00_00.GMT.2025.CACO04.c2.bright.jpg,c2,1740949200,2025-03-02T21:00:00+00:00,0.0,0.8350838846666285,5.361930294906166
1740951000.Sun.Mar.02_21_30_00.GMT.2025.CACO04.c2.bright.jpg,c2,1740951000,2025-03-02T21:30:00+00:00,30.0,0.8350838846666285,5.361930294906166
1740952800.Sun.Mar.02_22_00_00.GMT.2025.CACO04.c2.bright.jpg,c2,1740952800,2025-03-02T22:00:00+00:00,0.0,0.7503972422027698,5.361930294906166
1740954600.Sun.Mar.02_22_30_00.GMT.2025.CACO04.c2.bright.jpg,c2,1740954600,2025-03-02T22:30:00+00:00,30.0,0.7503972422027698,5.361930294906166
1741001400.Mon.Mar.03_11_30_00.GMT.2025.CACO04.c2.bright.jpg,c2,1741001400,2025-03-03T11:30:00+00:00,30.0,0.8070911123436167,5.847953216374269
1741003200.Mon.Mar.03_12_00_00.GMT.2025.CACO04.c2.bright.jpg,c2,1741003200,2025-03-03T12:00:00+00:00,0.0,0.6267901403458527,5.847953216374269
1741005000.Mon.Mar.03_12_30_00.GMT.2025.CACO04.c2.bright.jpg,c2,1741005000,2025-03-03T12:30:00+00:00,30.0,0.6267901403458527,5.847953216374269
1741006800.Mon.Mar.03_13_00_00.GMT.2025.CACO04.c2.bright.jpg,c2,1741006800,2025-03-03T13:00:00+00:00,0.0,0.5197610022989447,5.361930294906166
1741008600.Mon.Mar.03_13_30_00.GMT.2025.CACO04.c2.bright.jpg,c2,1741008600,2025-03-03T13:30:00+00:00,30.0,0.5197610022989447,5.361930294906166
1741010400.Mon.Mar.03_14_00_00.GMT.2025.CACO04.c2.bright.jpg,c2,1741010400,2025-03-03T14:00:00+00:00,0.0,0.5136010643393462,5.148005148005149
1741012200.Mon.Mar.03_14_30_00.GMT.2025.CACO04.c2.bright.jpg,c2,1741012200,2025-03-03T14:30:00+00:00,30.0,0.5136010643393462,5.148005148005149
1741014000.Mon.Mar.03_15_00_00.GMT.2025.CACO04.c2.bright.jpg,c2,1741014000,2025-03-03T15:00:00+00:00,0.0,0.592538669301105,5.847953216374269
1741015800.Mon.Mar.03_15_30_00.GMT.2025.CACO04.c2.bright.jpg,c2,1741015800,2025-03-03T15:30:00+00:00,30.0,0.592538669301105,5.847953216374269
1741017600.Mon.Mar.03_16_00_00.GMT.2025.CACO04.c2.bright.jpg,c2,1741017600,2025-03-03T16:00:00+00:00,0.0,0.9826497921662888,4.950495049504951
1741019400.Mon.Mar.03_16_30_00.GMT.2025.CACO04.c2.bright.jpg,c2,1741019400,2025-03-03T16:30:00+00:00,30.0,0.9826497921662888,4.950495049504951
1741021200.Mon.Mar.03_17_00_00.GMT.2025.CACO04.c2.bright.jpg,c2,1741021200,2025-03-03T17:00:00+00:00,0.0,1.0746551506814062,4.767580452920143
1741023000.Mon.Mar.03_17_30_00.GMT.2025.CACO04.c2.bright.jpg,c2,1741023000,2025-03-03T17:30:00+00:00,30.0,1.0746551506814062,4.767580452920143
1741024800.Mon.Mar.03_18_00_00.GMT.2025.CACO04.c2.bright.jpg,c2,1741024800,2025-03-03T18:00:00+00:00,0.0,1.0038288532028112,5.594405594405594
1741026600.Mon.Mar.03_18_30_00.GMT.2025.CACO04.c2.bright.jpg,c2,1741026600,2025-03-03T18:30:00+00:00,30.0,1.0038288532028112,5.594405594405594
1741028400.Mon.Mar.03_19_00_00.GMT.2025.CACO04.c2.bright.jpg,c2,1741028400,2025-03-03T19:00:00+00:00,0.0,0.8815683205266432,5.148005148005149
1741030200.Mon.Mar.03_19_30_00.GMT.2025.CACO04.c2.bright.jpg,c2,1741030200,2025-03-03T19:30:00+00:00,30.0,0.8815683205266432,5.148005148005149
1741032000.Mon.Mar.03_20_00_00.GMT.2025.CACO04.c2.bright.jpg,c2,1741032000,2025-03-03T20:00:00+00:00,0.0,0.9829172090922044,5.361930294906166
1741033800.Mon.Mar.03_20_30_00.GMT.2025.CACO04.c2.bright.jpg,c2,1741033800,2025-03-03T20:30:00+00:00,30.0,0.9829172090922044,5.361930294906166
1741035600.Mon.Mar.03_21_00_00.GMT.2025.CACO04.c2.bright.jpg,c2,1741035600,2025-03-03T21:00:00+00:00,0.0,0.7752078552027164,5.594405594405594
1741037400.Mon.Mar.03_21_30_00.GMT.2025.CACO04.c2.bright.jpg,c2,1741037400,2025-03-03T21:30:00+00:00,30.0,0.7752078552027164,5.594405594405594
1741039200.Mon.Mar.03_22_00_00.GMT.2025.CACO04.c2.bright.jpg,c2,1741039200,2025-03-03T22:00:00+00:00,0.0,0.6209886605553053,5.361930294906166
1741041000.Mon.Mar.03_22_30_00.GMT.2025.CACO04.c2.bright.jpg,c2,1741041000,2025-03-03T22:30:00+00:00,30.0,0.6209886605553053,5.361930294906166
1741087800.Tue.Mar.04_11_30_00.GMT.2025.CACO04.c2.bright.jpg,c2,1741087800,2025-03-04T11:30:00+00:00,30.0,0.2253079998936898,9.876543209876544
1741089600.Tue.Mar.04_12_00_00.GMT.2025.CACO04.c2.bright.jpg,c2,1741089600,2025-03-04T12:00:00+00:00,0.0,0.2878705465734481,9.174311926605505
1741091400.Tue.Mar.04_12_30_00.GMT.2025.CACO04.c2.bright.jpg,c2,1741091400,2025-03-04T12:30:00+00:00,30.0,0.2878705465734481,9.174311926605505
1741093200.Tue.Mar.04_13_00_00.GMT.2025.CACO04.c2.bright.jpg,c2,1741093200,2025-03-04T13:00:00+00:00,0.0,0.1961978015939648,9.876543209876544
1741095000.Tue.Mar.04_13_30_00.GMT.2025.CACO04.c2.bright.jpg,c2,1741095000,2025-03-04T13:30:00+00:00,30.0,0.1961978015939648,9.876543209876544
1741096800.Tue.Mar.04_14_00_00.GMT.2025.CACO04.c2.bright.jpg,c2,1741096800,2025-03-04T14:00:00+00:00,0.0,0.1796421816601463,9.174311926605505
1741098600.Tue.Mar.04_14_30_00.GMT.2025.CACO04.c2.bright.jpg,c2,1741098600,2025-03-04T14:30:00+00:00,30.0,0.1796421816601463,9.174311926605505
1741100400.Tue.Mar.04_15_00_00.GMT.2025.CACO04.c2.bright.jpg,c2,1741100400,2025-03-04T15:00:00+00:00,0.0,0.1733393026917865,9.174311926605505
1741102200.Tue.Mar.04_15_30_00.GMT.2025.CACO04.c2.bright.jpg,c2,1741102200,2025-03-04T15:30:00+00:00,30.0,0.1733393026917865,9.174311926605505
1741104000.Tue.Mar.04_16_00_00.GMT.2025.CACO04.c2.bright.jpg,c2,1741104000,2025-03-04T16:00:00+00:00,0.0,0.3972330819871359,9.174311926605505
1741105800.Tue.Mar.04_16_30_00.GMT.2025.CACO04.c2.bright.jpg,c2,1741105800,2025-03-04T16:30:00+00:00,30.0,0.3972330819871359,9.174311926605505
1741107600.Tue.Mar.04_17_00_00.GMT.2025.CACO04.c2.bright.jpg,c2,1741107600,2025-03-04T17:00:00+00:00,0.0,0.4902778279817942,3.2206119162640903
1741109400.Tue.Mar.04_17_30_00.GMT.2025.CACO04.c2.bright.jpg,c2,1741109400,2025-03-04T17:30:00+00:00,30.0,0.4902778279817942,3.2206119162640903
1741111200.Tue.Mar.04_18_00_00.GMT.2025.CACO04.c2.bright.jpg,c2,1741111200,2025-03-04T18:00:00+00:00,0.0,0.5606321755596056,3.4812880765883376
1741113000.Tue.Mar.04_18_30_00.GMT.2025.CACO04.c2.bright.jpg,c2,1741113000,2025-03-04T18:30:00+00:00,30.0,0.5606321755596056,3.4812880765883376
1741114800.Tue.Mar.04_19_00_00.GMT.2025.CACO04.c2.bright.jpg,c2,1741114800,2025-03-04T19:00:00+00:00,0.0,0.6457364356344201,4.291845493562232
1741116600.Tue.Mar.04_19_30_00.GMT.2025.CACO04.c2.bright.jpg,c2,1741116600,2025-03-04T19:30:00+00:00,30.0,0.6457364356344201,4.291845493562232
1741118400.Tue.Mar.04_20_00_00.GMT.2025.CACO04.c2.bright.jpg,c2,1741118400,2025-03-04T20:00:00+00:00,0.0,0.7352786790130079,4.950495049504951
1741120200.Tue.Mar.04_20_30_00.GMT.2025.CACO04.c2.bright.jpg,c2,1741120200,2025-03-04T20:30:00+00:00,30.0,0.7352786790130079,4.950495049504951
1741122000.Tue.Mar.04_21_00_00.GMT.2025.CACO04.c2.bright.jpg,c2,1741122000,2025-03-04T21:00:00+00:00,0.0,0.7834691330456636,4.950495049504951
1741123800.Tue.Mar.04_21_30_00.GMT.2025.CACO04.c2.bright.jpg,c2,1741123800,2025-03-04T21:30:00+00:00,30.0,0.7834691330456636,4.950495049504951
1741125600.Tue.Mar.04_22_00_00.GMT.2025.CACO04.c2.bright.jpg,c2,1741125600,2025-03-04T22:00:00+00:00,0.0,0.797810822238234,4.024144869215292
1741174200.Wed.Mar.05_11_30_00.GMT.2025.CACO04.c2.bright.jpg,c2,1741174200,2025-03-05T11:30:00+00:00,30.0,0.7839914337440073,6.125574272588055
1741176000.Wed.Mar.05_12_00_00.GMT.2025.CACO04.c2.bright.jpg,c2,1741176000,2025-03-05T12:00:00+00:00,0.0,0.7441185760455789,5.594405594405594
1741177800.Wed.Mar.05_12_30_00.GMT.2025.CACO04.c2.bright.jpg,c2,1741177800,2025-03-05T12:30:00+00:00,30.0,0.7441185760455789,5.594405594405594
1741179600.Wed.Mar.05_13_00_00.GMT.2025.CACO04.c2.bright.jpg,c2,1741179600,2025-03-05T13:00:00+00:00,0.0,0.7428987599814196,5.594405594405594
1741181400.Wed.Mar.05_13_30_00.GMT.2025.CACO04.c2.bright.jpg,c2,1741181400,2025-03-05T13:30:00+00:00,30.0,0.7428987599814196,5.594405594405594
1741183200.Wed.Mar.05_14_00_00.GMT.2025.CACO04.c2.bright.jpg,c2,1741183200,2025-03-05T14:00:00+00:00,0.0,0.7314956737985671,5.148005148005149
1741185000.Wed.Mar.05_14_30_00.GMT.2025.CACO04.c2.bright.jpg,c2,1741185000,2025-03-05T14:30:00+00:00,30.0,0.7314956737985671,5.148005148005149
1741186800.Wed.Mar.05_15_00_00.GMT.2025.CACO04.c2.bright.jpg,c2,1741186800,2025-03-05T15:00:00+00:00,0.0,0.7211945632424547,5.148005148005149
1741188600.Wed.Mar.05_15_30_00.GMT.2025.CACO04.c2.bright.jpg,c2,1741188600,2025-03-05T15:30:00+00:00,30.0,0.7211945632424547,5.148005148005149
1741190400.Wed.Mar.05_16_00_00.GMT.2025.CACO04.c2.bright.jpg,c2,1741190400,2025-03-05T16:00:00+00:00,0.0,0.7093120416382184,5.361930294906166
1741192200.Wed.Mar.05_16_30_00.GMT.2025.CACO04.c2.bright.jpg,c2,1741192200,2025-03-05T16:30:00+00:00,30.0,0.7093120416382184,5.361930294906166
1741194000.Wed.Mar.05_17_00_00.GMT.2025.CACO04.c2.bright.jpg,c2,1741194000,2025-03-05T17:00:00+00:00,0.0,0.7094471473658294,5.148005148005149
1741195800.Wed.Mar.05_17_30_00.GMT.2025.CACO04.c2.bright.jpg,c2,1741195800,2025-03-05T17:30:00+00:00,30.0,0.7094471473658294,5.148005148005149
1741197600.Wed.Mar.05_18_00_00.GMT.2025.CACO04.c2.bright.jpg,c2,1741197600,2025-03-05T18:00:00+00:00,0.0,0.7531640924097363,4.439511653718091
1741199400.Wed.Mar.05_18_30_00.GMT.2025.CACO04.c2.bright.jpg,c2,1741199400,2025-03-05T18:30:00+00:00,30.0,0.7531640924097363,4.439511653718091
1741201200.Wed.Mar.05_19_00_00.GMT.2025.CACO04.c2.bright.jpg,c2,1741201200,2025-03-05T19:00:00+00:00,0.0,0.8056686363900378,4.767580452920143
1741203000.Wed.Mar.05_19_30_00.GMT.2025.CACO04.c2.bright.jpg,c2,1741203000,2025-03-05T19:30:00+00:00,30.0,0.8056686363900378,4.767580452920143
1741204800.Wed.Mar.05_20_00_00.GMT.2025.CACO04.c2.bright.jpg,c2,1741204800,2025-03-05T20:00:00+00:00,0.0,0.9474503069573252,4.950495049504951
1741206600.Wed.Mar.05_20_30_00.GMT.2025.CACO04.c2.bright.jpg,c2,1741206600,2025-03-05T20:30:00+00:00,30.0,0.9474503069573252,4.950495049504951
1741208400.Wed.Mar.05_21_00_00.GMT.2025.CACO04.c2.bright.jpg,c2,1741208400,2025-03-05T21:00:00+00:00,0.0,0.9782890576391906,5.361930294906166
1741210200.Wed.Mar.05_21_30_00.GMT.2025.CACO04.c2.bright.jpg,c2,1741210200,2025-03-05T21:30:00+00:00,30.0,0.9782890576391906,5.361930294906166
1741212000.Wed.Mar.05_22_00_00.GMT.2025.CACO04.c2.bright.jpg,c2,1741212000,2025-03-05T22:00:00+00:00,0.0,1.0799762750985982,5.847953216374269
1741213800.Wed.Mar.05_22_30_00.GMT.2025.CACO04.c2.bright.jpg,c2,1741213800,2025-03-05T22:30:00+00:00,30.0,1.0799762750985982,5.847953216374269
1741262400.Thu.Mar.06_12_00_00.GMT.2025.CACO04.c2.bright.jpg,c2,1741262400,2025-03-06T12:00:00+00:00,0.0,2.000336430239728,7.561436672967865
1741264200.Thu.Mar.06_12_30_00.GMT.2025.CACO04.c2.bright.jpg,c2,1741264200,2025-03-06T12:30:00+00:00,30.0,2.000336430239728,7.561436672967865
1741266000.Thu.Mar.06_13_00_00.GMT.2025.CACO04.c2.bright.jpg,c2,1741266000,2025-03-06T13:00:00+00:00,0.0,1.847836563761548,7.561436672967865
1741267800.Thu.Mar.06_13_30_00.GMT.2025.CACO04.c2.bright.jpg,c2,1741267800,2025-03-06T13:30:00+00:00,30.0,1.847836563761548,7.561436672967865
1741269600.Thu.Mar.06_14_00_00.GMT.2025.CACO04.c2.bright.jpg,c2,1741269600,2025-03-06T14:00:00+00:00,0.0,1.7059051186096112,6.768189509306261
1741271400.Thu.Mar.06_14_30_00.GMT.2025.CACO04.c2.bright.jpg,c2,1741271400,2025-03-06T14:30:00+00:00,30.0,1.7059051186096112,6.768189509306261
1741273200.Thu.Mar.06_15_00_00.GMT.2025.CACO04.c2.bright.jpg,c2,1741273200,2025-03-06T15:00:00+00:00,0.0,1.4923593195764244,7.142857142857142
1741275000.Thu.Mar.06_15_30_00.GMT.2025.CACO04.c2.bright.jpg,c2,1741275000,2025-03-06T15:30:00+00:00,30.0,1.4923593195764244,7.142857142857142
1741276800.Thu.Mar.06_16_00_00.GMT.2025.CACO04.c2.bright.jpg,c2,1741276800,2025-03-06T16:00:00+00:00,0.0,1.4947091233541177,7.561436672967865
1741278600.Thu.Mar.06_16_30_00.GMT.2025.CACO04.c2.bright.jpg,c2,1741278600,2025-03-06T16:30:00+00:00,30.0,1.4947091233541177,7.561436672967865
1741280400.Thu.Mar.06_17_00_00.GMT.2025.CACO04.c2.bright.jpg,c2,1741280400,2025-03-06T17:00:00+00:00,0.0,1.5003531276705102,6.768189509306261
1741282200.Thu.Mar.06_17_30_00.GMT.2025.CACO04.c2.bright.jpg,c2,1741282200,2025-03-06T17:30:00+00:00,30.0,1.5003531276705102,6.768189509306261
1741284000.Thu.Mar.06_18_00_00.GMT.2025.CACO04.c2.bright.jpg,c2,1741284000,2025-03-06T18:00:00+00:00,0.0,1.5561443960034136,11.661807580174926
1741285800.Thu.Mar.06_18_30_00.GMT.2025.CACO04.c2.bright.jpg,c2,1741285800,2025-03-06T18:30:00+00:00,30.0,1.5561443960034136,11.661807580174926
1741287600.Thu.Mar.06_19_00_00.GMT.2025.CACO04.c2.bright.jpg,c2,1741287600,2025-03-06T19:00:00+00:00,0.0,1.5400517674249683,11.661807580174926
1741289400.Thu.Mar.06_19_30_00.GMT.2025.CACO04.c2.bright.jpg,c2,1741289400,2025-03-06T19:30:00+00:00,30.0,1.5400517674249683,11.661807580174926
1741294800.Thu.Mar.06_21_00_00.GMT.2025.CACO04.c2.bright.jpg,c2,1741294800,2025-03-06T21:00:00+00:00,0.0,1.443038973792561,11.661807580174926
1741296600.Thu.Mar.06_21_30_00.GMT.2025.CACO04.c2.bright.jpg,c2,1741296600,2025-03-06T21:30:00+00:00,30.0,1.443038973792561,11.661807580174926
1741347000.Fri.Mar.07_11_30_00.GMT.2025.CACO04.c2.bright.jpg,c2,1741347000,2025-03-07T11:30:00+00:00,30.0,1.4916821713325203,11.661807580174926
1741348800.Fri.Mar.07_12_00_00.GMT.2025.CACO04.c2.bright.jpg,c2,1741348800,2025-03-07T12:00:00+00:00,0.0,1.3932613100527085,12.82051282051282
1741350600.Fri.Mar.07_12_30_00.GMT.2025.CACO04.c2.bright.jpg,c2,1741350600,2025-03-07T12:30:00+00:00,30.0,1.3932613100527085,12.82051282051282
1741352400.Fri.Mar.07_13_00_00.GMT.2025.CACO04.c2.bright.jpg,c2,1741352400,2025-03-07T13:00:00+00:00,0.0,1.4751035956095018,11.661807580174926
1741354200.Fri.Mar.07_13_30_00.GMT.2025.CACO04.c2.bright.jpg,c2,1741354200,2025-03-07T13:30:00+00:00,30.0,1.4751035956095018,11.661807580174926
1741356000.Fri.Mar.07_14_00_00.GMT.2025.CACO04.c2.bright.jpg,c2,1741356000,2025-03-07T14:00:00+00:00,0.0,1.3961694518225125,11.661807580174926
1741357800.Fri.Mar.07_14_30_00.GMT.2025.CACO04.c2.bright.jpg,c2,1741357800,2025-03-07T14:30:00+00:00,30.0,1.3961694518225125,11.661807580174926
1741359600.Fri.Mar.07_15_00_00.GMT.2025.CACO04.c2.bright.jpg,c2,1741359600,2025-03-07T15:00:00+00:00,0.0,1.432945988529106,11.661807580174926
1741361400.Fri.Mar.07_15_30_00.GMT.2025.CACO04.c2.bright.jpg,c2,1741361400,2025-03-07T15:30:00+00:00,30.0,1.432945988529106,11.661807580174926
1741363200.Fri.Mar.07_16_00_00.GMT.2025.CACO04.c2.bright.jpg,c2,1741363200,2025-03-07T16:00:00+00:00,0.0,1.3532082517205517,11.661807580174926
1741365000.Fri.Mar.07_16_30_00.GMT.2025.CACO04.c2.bright.jpg,c2,1741365000,2025-03-07T16:30:00+00:00,30.0,1.3532082517205517,11.661807580174926
1741366800.Fri.Mar.07_17_00_00.GMT.2025.CACO04.c2.bright.jpg,c2,1741366800,2025-03-07T17:00:00+00:00,0.0,1.4569988446443185,7.561436672967865
1741368600.Fri.Mar.07_17_30_00.GMT.2025.CACO04.c2.bright.jpg,c2,1741368600,2025-03-07T17:30:00+00:00,30.0,1.4569988446443185,7.561436672967865
1741370400.Fri.Mar.07_18_00_00.GMT.2025.CACO04.c2.bright.jpg,c2,1741370400,2025-03-07T18:00:00+00:00,0.0,1.386037733446811,11.661807580174926
1741372200.Fri.Mar.07_18_30_00.GMT.2025.CACO04.c2.bright.jpg,c2,1741372200,2025-03-07T18:30:00+00:00,30.0,1.386037733446811,11.661807580174926
1741374000.Fri.Mar.07_19_00_00.GMT.2025.CACO04.c2.bright.jpg,c2,1741374000,2025-03-07T19:00:00+00:00,0.0,1.3305831827381358,10.6951871657754
1741375800.Fri.Mar.07_19_30_00.GMT.2025.CACO04.c2.bright.jpg,c2,1741375800,2025-03-07T19:30:00+00:00,30.0,1.3305831827381358,10.6951871657754
1741377600.Fri.Mar.07_20_00_00.GMT.2025.CACO04.c2.bright.jpg,c2,1741377600,2025-03-07T20:00:00+00:00,0.0,1.2831150056852112,9.174311926605505
1741379400.Fri.Mar.07_20_30_00.GMT.2025.CACO04.c2.bright.jpg,c2,1741379400,2025-03-07T20:30:00+00:00,30.0,1.2831150056852112,9.174311926605505
1741381200.Fri.Mar.07_21_00_00.GMT.2025.CACO04.c2.bright.jpg,c2,1741381200,2025-03-07T21:00:00+00:00,0.0,1.20729502107674,10.6951871657754
1741383000.Fri.Mar.07_21_30_00.GMT.2025.CACO04.c2.bright.jpg,c2,1741383000,2025-03-07T21:30:00+00:00,30.0,1.20729502107674,10.6951871657754
1741384800.Fri.Mar.07_22_00_00.GMT.2025.CACO04.c2.bright.jpg,c2,1741384800,2025-03-07T22:00:00+00:00,0.0,1.1105153602612938,10.6951871657754
1741386600.Fri.Mar.07_22_30_00.GMT.2025.CACO04.c2.bright.jpg,c2,1741386600,2025-03-07T22:30:00+00:00,30.0,1.1105153602612938,10.6951871657754
1741433400.Sat.Mar.08_11_30_00.GMT.2025.CACO04.c2.bright.jpg,c2,1741433400,2025-03-08T11:30:00+00:00,30.0,0.6553218892360482,9.876543209876544
1741435200.Sat.Mar.08_12_00_00.GMT.2025.CACO04.c2.bright.jpg,c2,1741435200,2025-03-08T12:00:00+00:00,0.0,0.6059224064897564,9.876543209876544
1741437000.Sat.Mar.08_12_30_00.GMT.2025.CACO04.c2.bright.jpg,c2,1741437000,2025-03-08T12:30:00+00:00,30.0,0.6059224064897564,9.876543209876544
1741438800.Sat.Mar.08_13_00_00.GMT.2025.CACO04.c2.bright.jpg,c2,1741438800,2025-03-08T13:00:00+00:00,0.0,0.5548200735521267,10.6951871657754
1741440600.Sat.Mar.08_13_30_00.GMT.2025.CACO04.c2.bright.jpg,c2,1741440600,2025-03-08T13:30:00+00:00,30.0,0.5548200735521267,10.6951871657754
1741442400.Sat.Mar.08_14_00_00.GMT.2025.CACO04.c2.bright.jpg,c2,1741442400,2025-03-08T14:00:00+00:00,0.0,0.5656080098838518,11.661807580174926
1741444200.Sat.Mar.08_14_30_00.GMT.2025.CACO04.c2.bright.jpg,c2,1741444200,2025-03-08T14:30:00+00:00,30.0,0.5656080098838518,11.661807580174926
1741446000.Sat.Mar.08_15_00_00.GMT.2025.CACO04.c2.bright.jpg,c2,1741446000,2025-03-08T15:00:00+00:00,0.0,0.5354515124723801,10.6951871657754
1741447800.Sat.Mar.08_15_30_00.GMT.2025.CACO04.c2.bright.jpg,c2,1741447800,2025-03-08T15:30:00+00:00,30.0,0.5354515124723801,10.6951871657754
1741449600.Sat.Mar.08_16_00_00.GMT.2025.CACO04.c2.bright.jpg,c2,1741449600,2025-03-08T16:00:00+00:00,0.0,0.5103941554136424,9.876543209876544
1741451400.Sat.Mar.08_16_30_00.GMT.2025.CACO04.c2.bright.jpg,c2,1741451400,2025-03-08T16:30:00+00:00,30.0,0.5103941554136424,9.876543209876544
1741453200.Sat.Mar.08_17_00_00.GMT.2025.CACO04.c2.bright.jpg,c2,1741453200,2025-03-08T17:00:00+00:00,0.0,0.5498375650153104,12.82051282051282
1741455000.Sat.Mar.08_17_30_00.GMT.2025.CACO04.c2.bright.jpg,c2,1741455000,2025-03-08T17:30:00+00:00,30.0,0.5498375650153104,12.82051282051282
1741456800.Sat.Mar.08_18_00_00.GMT.2025.CACO04.c2.bright.jpg,c2,1741456800,2025-03-08T18:00:00+00:00,0.0,0.6749977034944128,11.661807580174926
1741458600.Sat.Mar.08_18_30_00.GMT.2025.CACO04.c2.bright.jpg,c2,1741458600,2025-03-08T18:30:00+00:00,30.0,0.6749977034944128,11.661807580174926
1741460400.Sat.Mar.08_19_00_00.GMT.2025.CACO04.c2.bright.jpg,c2,1741460400,2025-03-08T19:00:00+00:00,0.0,0.9172437478687268,4.439511653718091
1741462200.Sat.Mar.08_19_30_00.GMT.2025.CACO04.c2.bright.jpg,c2,1741462200,2025-03-08T19:30:00+00:00,30.0,0.9172437478687268,4.439511653718091
1741464000.Sat.Mar.08_20_00_00.GMT.2025.CACO04.c2.bright.jpg,c2,1741464000,2025-03-08T20:00:00+00:00,0.0,0.9339327687066088,5.148005148005149
1741465800.Sat.Mar.08_20_30_00.GMT.2025.CACO04.c2.bright.jpg,c2,1741465800,2025-03-08T20:30:00+00:00,30.0,0.9339327687066088,5.148005148005149
1741467600.Sat.Mar.08_21_00_00.GMT.2025.CACO04.c2.bright.jpg,c2,1741467600,2025-03-08T21:00:00+00:00,0.0,0.9964557579420116,4.950495049504951
1741469400.Sat.Mar.08_21_30_00.GMT.2025.CACO04.c2.bright.jpg,c2,1741469400,2025-03-08T21:30:00+00:00,30.0,0.9964557579420116,4.950495049504951
1741471200.Sat.Mar.08_22_00_00.GMT.2025.CACO04.c2.bright.jpg,c2,1741471200,2025-03-08T22:00:00+00:00,0.0,0.8906360075069942,6.768189509306261
1741473000.Sat.Mar.08_22_30_00.GMT.2025.CACO04.c2.bright.jpg,c2,1741473000,2025-03-08T22:30:00+00:00,30.0,0.8906360075069942,6.768189509306261
1741518000.Sun.Mar.09_11_00_00.GMT.2025.CACO04.c2.bright.jpg,c2,1741518000,2025-03-09T11:00:00+00:00,0.0,0.947245308614564,5.847953216374269
1741519800.Sun.Mar.09_11_30_00.GMT.2025.CACO04.c2.bright.jpg,c2,1741519800,2025-03-09T11:30:00+00:00,30.0,0.947245308614564,5.847953216374269
1741521600.Sun.Mar.09_12_00_00.GMT.2025.CACO04.c2.bright.jpg,c2,1741521600,2025-03-09T12:00:00+00:00,0.0,0.8246796993635644,5.594405594405594
1741523400.Sun.Mar.09_12_30_00.GMT.2025.CACO04.c2.bright.jpg,c2,1741523400,2025-03-09T12:30:00+00:00,30.0,0.8246796993635644,5.594405594405594
1741525200.Sun.Mar.09_13_00_00.GMT.2025.CACO04.c2.bright.jpg,c2,1741525200,2025-03-09T13:00:00+00:00,0.0,0.7082721750389818,5.594405594405594
1741527000.Sun.Mar.09_13_30_00.GMT.2025.CACO04.c2.bright.jpg,c2,1741527000,2025-03-09T13:30:00+00:00,30.0,0.7082721750389818,5.594405594405594
1741528800.Sun.Mar.09_14_00_00.GMT.2025.CACO04.c2.bright.jpg,c2,1741528800,2025-03-09T14:00:00+00:00,0.0,0.610326636487454,5.361930294906166
1741530600.Sun.Mar.09_14_30_00.GMT.2025.CACO04.c2.bright.jpg,c2,1741530600,2025-03-09T14:30:00+00:00,30.0,0.610326636487454,5.361930294906166
1741532400.Sun.Mar.09_15_00_00.GMT.2025.CACO04.c2.bright.jpg,c2,1741532400,2025-03-09T15:00:00+00:00,0.0,0.5845960161666517,4.950495049504951
1741534200.Sun.Mar.09_15_30_00.GMT.2025.CACO04.c2.bright.jpg,c2,1741534200,2025-03-09T15:30:00+00:00,30.0,0.5845960161666517,4.950495049504951
1741536000.Sun.Mar.09_16_00_00.GMT.2025.CACO04.c2.bright.jpg,c2,1741536000,2025-03-09T16:00:00+00:00,0.0,0.4896959307033178,4.767580452920143
1741537800.Sun.Mar.09_16_30_00.GMT.2025.CACO04.c2.bright.jpg,c2,1741537800,2025-03-09T16:30:00+00:00,30.0,0.4896959307033178,4.767580452920143
1741539600.Sun.Mar.09_17_00_00.GMT.2025.CACO04.c2.bright.jpg,c2,1741539600,2025-03-09T17:00:00+00:00,0.0,0.4692491402448616,5.148005148005149
1741541400.Sun.Mar.09_17_30_00.GMT.2025.CACO04.c2.bright.jpg,c2,1741541400,2025-03-09T17:30:00+00:00,30.0,0.4692491402448616,5.148005148005149
1741543200.Sun.Mar.09_18_00_00.GMT.2025.CACO04.c2.bright.jpg,c2,1741543200,2025-03-09T18:00:00+00:00,0.0,0.4377720246612206,4.767580452920143
1741545000.Sun.Mar.09_18_30_00.GMT.2025.CACO04.c2.bright.jpg,c2,1741545000,2025-03-09T18:30:00+00:00,30.0,0.4377720246612206,4.767580452920143
1741546800.Sun.Mar.09_19_00_00.GMT.2025.CACO04.c2.bright.jpg,c2,1741546800,2025-03-09T19:00:00+00:00,0.0,0.4206612467514196,11.661807580174926
1741548600.Sun.Mar.09_19_30_00.GMT.2025.CACO04.c2.bright.jpg,c2,1741548600,2025-03-09T19:30:00+00:00,30.0,0.4206612467514196,11.661807580174926
1741550400.Sun.Mar.09_20_00_00.GMT.2025.CACO04.c2.bright.jpg,c2,1741550400,2025-03-09T20:00:00+00:00,0.0,0.4373136778794017,9.876543209876544
1741552200.Sun.Mar.09_20_30_00.GMT.2025.CACO04.c2.bright.jpg,c2,1741552200,2025-03-09T20:30:00+00:00,30.0,0.4373136778794017,9.876543209876544
1741554000.Sun.Mar.09_21_00_00.GMT.2025.CACO04.c2.bright.jpg,c2,1741554000,2025-03-09T21:00:00+00:00,0.0,0.4433565578833269,4.291845493562232
1741555800.Sun.Mar.09_21_30_00.GMT.2025.CACO04.c2.bright.jpg,c2,1741555800,2025-03-09T21:30:00+00:00,30.0,0.4433565578833269,4.291845493562232
1741557600.Sun.Mar.09_22_00_00.GMT.2025.CACO04.c2.bright.jpg,c2,1741557600,2025-03-09T22:00:00+00:00,0.0,0.4456878769442021,4.024144869215292
1741559400.Sun.Mar.09_22_30_00.GMT.2025.CACO04.c2.bright.jpg,c2,1741559400,2025-03-09T22:30:00+00:00,30.0,0.4456878769442021,4.024144869215292
1741606200.Mon.Mar.10_11_30_00.GMT.2025.CACO04.c2.bright.jpg,c2,1741606200,2025-03-10T11:30:00+00:00,30.0,0.487296749085456,10.6951871657754
1741608000.Mon.Mar.10_12_00_00.GMT.2025.CACO04.c2.bright.jpg,c2,1741608000,2025-03-10T12:00:00+00:00,0.0,0.4620333533361208,9.876543209876544
1741609800.Mon.Mar.10_12_30_00.GMT.2025.CACO04.c2.bright.jpg,c2,1741609800,2025-03-10T12:30:00+00:00,30.0,0.4620333533361208,9.876543209876544
1741611600.Mon.Mar.10_13_00_00.GMT.2025.CACO04.c2.bright.jpg,c2,1741611600,2025-03-10T13:00:00+00:00,0.0,0.4636882534125244,9.174311926605505
1741613400.Mon.Mar.10_13_30_00.GMT.2025.CACO04.c2.bright.jpg,c2,1741613400,2025-03-10T13:30:00+00:00,30.0,0.4636882534125244,9.174311926605505
1741615200.Mon.Mar.10_14_00_00.GMT.2025.CACO04.c2.bright.jpg,c2,1741615200,2025-03-10T14:00:00+00:00,0.0,0.4251860261039993,7.561436672967865
1741617000.Mon.Mar.10_14_30_00.GMT.2025.CACO04.c2.bright.jpg,c2,1741617000,2025-03-10T14:30:00+00:00,30.0,0.4251860261039993,7.561436672967865
1741618800.Mon.Mar.10_15_00_00.GMT.2025.CACO04.c2.bright.jpg,c2,1741618800,2025-03-10T15:00:00+00:00,0.0,0.4385093873829966,11.661807580174926
