time,wh_4061,wp_peak,wvdir,water_level,water_depth
2024-12-09 18:00:00,0.6427964211973406,5.361930294906166,56.0,-0.5298628234863294,20.4704440781249
2024-12-09 19:00:00,0.6490111293591992,5.361930294906166,58.0,-0.10124916076660284,20.895549850932078
2024-12-09 20:00:00,0.6946488296570209,5.148005148005149,52.0,0.40677886962890497,21.41146223479116
2024-12-09 21:00:00,0.5547884672651668,6.125574272588055,84.0,0.8034101104736315,21.806536297498734
2024-12-09 22:00:00,0.5763529515874565,5.594405594405594,78.0,1.0157991027832018,22.019838767982016
2024-12-09 23:00:00,0.9861890394454859,3.6798528058877644,90.0,0.9699731445312487,21.97057584221193
2024-12-10 00:00:00,1.1381195189161446,4.0241448692152915,84.0,0.6807942962646472,21.688917677842845
2024-12-10 01:00:00,1.3276453187293467,4.439511653718091,92.0,0.23073440551757685,21.246354829052358
2024-12-10 02:00:00,1.395561691335352,5.594405594405594,88.0,-0.27016777038574347,20.752030757359435
2024-12-10 03:00:00,1.8335186709984943,5.361930294906166,94.0,-0.7110075378417982,20.311029081113922
2024-12-10 04:00:00,2.1895768031097007,5.361930294906166,100.0,-0.9630960845947278,20.07113232521459
2024-12-10 05:00:00,2.2021953455381786,5.847953216374269,92.0,-0.9825491333007825,20.048205192816365
2024-12-10 06:00:00,2.179058116141684,6.430868167202571,84.0,-0.7511343383789075,20.28314152262993
2024-12-10 07:00:00,2.262251577347103,6.125574272588055,86.0,-0.3070234680175794,20.715329434800086
2024-12-10 08:00:00,2.075135891313252,6.125574272588055,86.0,0.2101274108886706,21.22708199887659
2024-12-10 09:00:00,2.283708325381784,7.142857142857142,72.0,0.6813607788085925,21.693936999179375
2024-12-10 10:00:00,2.2812332256126786,6.768189509306261,72.0,0.9911485290527331,22.014508122464793
2024-12-10 11:00:00,2.253492453821035,7.142857142857142,64.0,1.0831246948242175,22.107086103330488
2024-12-10 12:00:00,2.1525927132789175,7.142857142857142,68.0,0.9305272674560534,21.94387452977372
2024-12-10 13:00:00,1.7943541398436147,7.561436672967865,68.0,0.5534883117675768,21.56471428933347
2024-12-10 14:00:00,1.9401972838743302,7.561436672967865,66.0,0.057623443603514346,21.063120807542003
2024-12-10 15:00:00,1.747995414541444,7.561436672967865,68.0,-0.47260040283203253,20.535926249322195
2024-12-10 16:00:00,1.6579182934291308,7.142857142857142,70.0,-0.8571390533447278,20.146695275250224
2024-12-10 17:00:00,1.7639659695749796,7.142857142857142,68.0,-1.0423559570312513,19.962069171907906
2024-12-10 18:00:00,1.7591178803206022,7.561436672967865,68.0,-0.9743952178955091,20.030401819025222
2024-12-10 19:00:00,1.7400279679867665,7.561436672967865,62.0,-0.648030700683595,20.345903847937386
2024-12-10 20:00:00,1.7061459847740548,8.032128514056225,70.0,-0.18896812438964972,20.82103649712045
2024-12-10 21:00:00,1.705813303820443,8.032128514056225,64.0,0.31389480590820185,21.314144315795218
2024-12-10 22:00:00,1.653925439080909,8.032128514056225,64.0,0.7331262207031237,21.72983260063739
2024-12-10 23:00:00,1.5823346221316044,7.561436672967865,68.0,0.9386277770996081,21.93730437381574
2024-12-11 00:00:00,1.4673381425715328,7.561436672967865,70.0,0.9146371459960925,21.910066022825042
2024-12-11 01:00:00,1.584223976099286,7.142857142857142,82.0,0.6434064483642565,21.644370442550752
2024-12-11 02:00:00,1.3600534608646488,7.561436672967865,82.0,0.19089370727538935,21.19327297282062
2024-12-11 03:00:00,1.250430845660249,6.768189509306261,82.0,-0.31390899658203253,20.688573715934854
2024-12-11 04:00:00,1.1969622678983194,7.142857142857142,84.0,-0.7272180938720716,20.277772300252938
2024-12-11 05:00:00,1.2318518988081217,7.561436672967865,80.0,-0.9529737854003919,20.056505157836007
2024-12-11 06:00:00,1.2690371534055944,7.142857142857142,68.0,-0.9010786437988294,20.105451688437803
2024-12-11 07:00:00,1.0695327504968795,6.768189509306261,82.0,-0.6194090270996107,20.393720872737934
2024-12-11 08:00:00,1.043568182609245,7.142857142857142,80.0,-0.11970466613769659,20.88699751135774
2024-12-11 09:00:00,1.0250207002122123,7.561436672967865,72.0,0.42595726013183466,21.431527419686095
2024-12-11 10:00:00,1.014425322546365,7.142857142857142,82.0,0.9275975799560534,21.934998214863068
2024-12-11 11:00:00,0.9286510861181062,7.142857142857142,84.0,1.2670446014404284,22.27055338768363
2024-12-11 12:00:00,1.1167019748462885,7.142857142857142,78.0,1.359436569213866,22.356117808591808
2024-12-11 13:00:00,1.2097211094684268,7.561436672967865,82.0,1.1553769683837878,22.154009301480105
2024-12-11 14:00:00,1.034654556611622,6.430868167202571,88.0,0.7086473083496081,21.707541298130565
2024-12-11 15:00:00,1.1680364709755617,7.561436672967865,94.0,0.13536506652831903,21.139883634238142
2024-12-11 16:00:00,1.1630784119306834,7.142857142857142,88.0,-0.4533228302001966,20.55900778285257
2024-12-11 17:00:00,1.5928831988695302,5.361930294906166,130.0,-0.9048647308349622,20.11135891327719
2024-12-11 18:00:00,1.4443146152659467,5.594405594405594,126.0,-1.1205534362792982,19.89298405972437
2024-12-11 19:00:00,1.853720352616062,5.361930294906166,138.0,-1.0497602844238294,19.96356674773803
2024-12-11 20:00:00,1.4148478183018147,5.594405594405594,126.0,-0.7196077728271497,20.29097094313041
2024-12-11 21:00:00,1.5409565427933551,5.847953216374269,130.0,-0.25013298034668097,20.761985274932297
2024-12-11 22:00:00,1.678290082306281,6.125574272588055,124.0,0.31574493408202997,21.32150795235118
2024-12-11 23:00:00,1.8320623421536582,6.430868167202571,126.0,0.7602563476562487,21.76869493305599
2024-12-12 00:00:00,2.092390065505912,6.768189509306261,124.0,1.018909988403319,22.02912409818527
2024-12-12 01:00:00,2.1339533352515403,7.142857142857142,122.0,1.014402923583983,22.024910169720336
2024-12-12 02:00:00,2.4848073879645662,7.561436672967865,122.0,0.7426419830322253,21.76488094475548
2024-12-12 03:00:00,3.05535455658886,7.561436672967865,130.0,0.29544883728027216,21.325688436709825
2024-12-12 04:00:00,2.8183355334763154,8.032128514056225,128.0,-0.20683616638183722,20.82359585436101
2024-12-12 05:00:00,2.197134909649632,8.565310492505352,116.0,-0.6726698303222669,20.34757687770153
2024-12-12 06:00:00,1.9484786698806666,8.565310492505352,120.0,-0.8888887786865247,20.115406899451806
2024-12-12 07:00:00,1.631921385108645,7.561436672967865,118.0,-0.857402267456056,20.147756704959882
2024-12-12 08:00:00,1.194970667132919,9.174311926605505,114.0,-0.5649027252197278,20.440558589333488
2024-12-12 09:00:00,1.0304720321375695,9.174311926605505,106.0,-0.15941566467285284,20.844688538150937
2024-12-12 10:00:00,1.010741381856689,10.695187165775401,112.0,0.3821569061279284,21.38397416525923
2024-12-12 11:00:00,1.0516100014958163,10.695187165775401,112.0,0.8603978729248034,21.855073728641507
2024-12-12 12:00:00,1.1403416475605166,11.661807580174926,126.0,1.1553502655029284,22.15161795818441
2024-12-12 13:00:00,1.2218495469449258,11.661807580174926,126.0,1.1901307678222643,22.181606476880788
2024-12-12 14:00:00,1.1774362632545459,12.820512820512821,122.0,0.9435773468017565,21.938315986055677
2024-12-12 15:00:00,0.9511757951670952,10.695187165775401,110.0,0.4470201110839831,21.44690918612115
2024-12-12 16:00:00,0.9463400265743694,11.661807580174926,104.0,-0.15172142028808722,20.853836566533264
2024-12-12 17:00:00,0.911903846599551,9.876543209876544,92.0,-0.788432540893556,20.206160723108376
2024-12-12 18:00:00,0.8597408684328086,10.695187165775401,94.0,-1.2502607727050794,19.742144925440897
2024-12-12 19:00:00,1.0019841129781406,12.820512820512821,100.0,-1.474059524536134,19.52126975907607
2024-12-12 20:00:00,0.8964398237745237,11.661807580174926,100.0,-1.3696875000000013,19.62248210744064
2024-12-12 21:00:00,0.888681255778729,11.661807580174926,94.0,-1.0316309356689466,19.9578633309293
2024-12-12 22:00:00,0.9645974671016685,10.695187165775401,102.0,-0.49550575256347784,20.493523820975867
2024-12-12 23:00:00,0.9596677562030583,10.695187165775401,106.0,0.10701423645019403,21.091338696606286
2024-12-13 00:00:00,0.9341451994083326,10.695187165775401,120.0,0.5653768157958972,21.545597053768056
2024-12-13 01:00:00,0.9922537756560941,11.661807580174926,114.0,0.8140435791015612,21.788245290088938
2024-12-13 02:00:00,0.9668950725098892,10.695187165775401,116.0,0.7688871002197253,21.75674091072981
2024-12-13 03:00:00,1.1144377922626691,10.695187165775401,110.0,0.41593414306640497,21.41931559298061
2024-12-13 04:00:00,0.9230806938160686,10.695187165775401,108.0,-0.0825666809082044,20.91620515458827
2024-12-13 05:00:00,0.9422971520836947,11.661807580174926,100.0,-0.6394667053222669,20.367084146986752
2024-12-13 06:00:00,0.8727014424058953,11.661807580174926,98.0,-1.0999884033203138,19.9061223892565
2024-12-13 07:00:00,0.8309334395104286,10.695187165775401,94.0,-1.3284849548339857,19.68177511326627
2024-12-13 08:00:00,0.6701465592135875,10.695187165775401,96.0,-1.255656661987306,19.748587246276948
2024-12-13 09:00:00,0.6692457055216754,10.695187165775401,88.0,-0.9068674468994153,20.09617456700333
2024-12-13 10:00:00,0.7640405441793015,9.876543209876544,112.0,-0.3625177764892591,20.64056293923978
2024-12-13 11:00:00,0.803531738183582,9.876543209876544,108.0,0.3046575164794909,21.302151255738014
2024-12-13 12:00:00,0.8056975288573286,9.174311926605505,116.0,0.8757501220703112,21.872895378583564
2024-12-13 13:00:00,0.7819342129643622,9.876543209876544,108.0,1.2459741210937487,22.23792844519883
2024-12-13 14:00:00,0.7713385416421829,9.876543209876544,118.0,1.2953610992431628,22.29156750605174
2024-12-13 15:00:00,0.7096948975144561,9.876543209876544,112.0,1.0392728424072253,22.033967535251268
2024-12-13 16:00:00,0.6504290175672327,9.876543209876544,106.0,0.5108399963378893,21.509274654379112
2024-12-13 17:00:00,0.6646639208240785,9.876543209876544,102.0,-0.16901344299316534,20.83511190501508
2024-12-13 18:00:00,0.635976146602845,9.876543209876544,94.0,-0.8622106933593763,20.148618842980763
2024-12-13 19:00:00,0.6352703447606872,9.876543209876544,94.0,-1.373168411254884,19.63654110340579
2024-12-13 20:00:00,0.6854838767435162,9.876543209876544,94.0,-1.592561187744142,19.418348835216236
2024-12-13 21:00:00,0.49396285186741445,9.876543209876544,90.0,-1.5317568206787122,19.478895903733378
2024-12-13 22:00:00,0.53634159251263,9.174311926605505,90.0,-1.1791643524169935,19.82910810245445
2024-12-13 23:00:00,0.7483089403751849,4.9504950495049505,10.0,-0.6385321044921888,20.369494563194532
2024-12-14 00:00:00,0.8525711252354632,5.148005148005149,356.0,-0.06178993225097784,20.949107357989107
2024-12-14 01:00:00,0.8396629754869702,5.361930294906166,2.0,0.41106086730956903,21.416169183975384
2024-12-14 02:00:00,0.8440709849367962,5.594405594405594,2.0,0.6707597351074206,21.67058777771489
2024-12-14 03:00:00,0.8230042701017708,5.594405594405594,16.0,0.6342607116699206,21.639286808304462
2024-12-14 04:00:00,0.7171003768385679,5.361930294906166,2.0,0.34272247314452997,21.33989860886726
2024-12-14 05:00:00,0.7761557055447206,5.361930294906166,14.0,-0.15849060058593878,20.842918483713706
2024-12-14 06:00:00,0.769967774039233,5.594405594405594,22.0,-0.7071890258789075,20.300339968878987
2024-12-14 07:00:00,0.7067981234927097,5.847953216374269,34.0,-1.161225738525392,19.84606385731436
2024-12-14 08:00:00,0.6441792322998303,5.594405594405594,34.0,-1.3763059997558607,19.63358903277865
2024-12-14 09:00:00,0.6172407529214993,5.361930294906166,26.0,-1.29253143310547,19.715473112112292
2024-12-14 10:00:00,0.7393799823304172,5.148005148005149,18.0,-0.9384683990478528,20.077147923014053
2024-12-14 11:00:00,0.7414984048835622,5.361930294906166,2.0,-0.35375350952148565,20.652777070763623
2024-12-14 12:00:00,0.7047952120661308,5.361930294906166,2.0,0.2806707000732409,21.28649264170445
2024-12-14 13:00:00,0.3919242609913164,5.361930294906166,32.0,0.8393369293212878,21.844263172444744
2024-12-14 14:00:00,0.3133302374883891,8.565310492505352,108.0,1.1602902984619128,22.158638194099325
2024-12-14 15:00:00,0.4142244982028968,5.847953216374269,48.0,1.182129440307616,22.181750024340978
2024-12-14 16:00:00,0.6018973856615024,4.0241448692152915,2.0,0.87537628173828,21.87527454544621
2024-12-14 17:00:00,0.5977990517685955,4.439511653718091,2.0,0.30922561645507685,21.30667242240463
2024-12-14 18:00:00,0.4199742845336148,5.148005148005149,50.0,-0.4078230285644544,20.594210299631897
2024-12-14 19:00:00,0.3932058791030125,5.148005148005149,60.0,-1.085114898681642,19.924409864260955
2024-12-14 20:00:00,0.3795031932402744,4.9504950495049505,60.0,-1.5772470855712903,19.43151454695051
2024-12-14 21:00:00,0.38706800099807614,9.174311926605505,96.0,-1.7745794677734388,19.23887984904307
2024-12-14 22:00:00,0.3467276389088828,5.148005148005149,72.0,-1.6454042816162122,19.370181660587043
2024-12-14 23:00:00,0.34828491025649405,5.361930294906166,70.0,-1.243529739379884,19.76694356559485
2024-12-15 00:00:00,0.6086252258822819,5.148005148005149,50.0,-0.6408953094482435,20.360106759607508
2024-12-15 01:00:00,0.5686684170205878,4.767580452920143,48.0,-0.028649749755860654,20.97390728260837
2024-12-15 02:00:00,0.5879587705229783,4.0241448692152915,14.0,0.45235687255859247,21.45612541428005
2024-12-15 03:00:00,0.5427585091477812,3.7878787878787876,2.0,0.69312530517578,21.694043478509155
2024-12-15 04:00:00,0.5173363118324463,8.565310492505352,110.0,0.6403565979003893,21.641158648338486
2024-12-15 05:00:00,0.5127554111558481,7.561436672967865,112.0,0.3089738464355456,21.30731636578552
2024-12-15 06:00:00,0.359679603947021,8.565310492505352,100.0,-0.19707817077636847,20.80015297885846
2024-12-15 07:00:00,0.3121893185155322,14.234875444839856,98.0,-0.7516436004638685,20.25028634154744
2024-12-15 08:00:00,0.3534220711512552,14.234875444839856,90.0,-1.181731643676759,19.825869943676196
2024-12-15 09:00:00,0.3469204358380957,12.820512820512821,102.0,-1.3645853424072278,19.644610011189766
2024-12-15 10:00:00,0.35623051217552676,12.820512820512821,100.0,-1.2410768890380872,19.7679826563358
2024-12-15 11:00:00,0.36552036814122435,11.661807580174926,106.0,-0.827128829956056,20.180616372637
2024-12-15 12:00:00,0.43592889512967054,11.661807580174926,114.0,-0.21161598205566534,20.789766121250825
2024-12-15 13:00:00,0.5247780066434171,11.661807580174926,118.0,0.42874771118163935,21.42773676768282
2024-12-15 14:00:00,0.5742386493699352,11.661807580174926,116.0,0.9654412841796862,21.956801074625872
2024-12-15 15:00:00,0.593735476300122,11.661807580174926,122.0,1.2548451995849597,22.24938926520085
2024-12-15 16:00:00,0.6001666248748811,11.661807580174926,116.0,1.22522979736328,22.220096189023096
2024-12-15 17:00:00,0.6204548696485281,11.661807580174926,110.0,0.8613839721679675,21.864267821270726
2024-12-15 18:00:00,0.5499762907693592,11.661807580174926,112.0,0.2640214538574206,21.26319247095171
2024-12-15 19:00:00,0.5651970287091471,11.661807580174926,108.0,-0.4475244903564466,20.553071916465594
2024-12-15 20:00:00,0.5626813541462469,12.820512820512821,94.0,-1.1273626708984388,19.891720200898114
2024-12-15 21:00:00,0.5537427382028796,11.661807580174926,96.0,-1.5954660797119153,19.42823296465439
2024-12-15 22:00:00,0.5021768698254921,11.661807580174926,100.0,-1.7530283355712903,19.264342370776127
2024-12-15 23:00:00,0.5891564083926571,10.695187165775401,104.0,-1.5633215332031263,19.441761185415615
2024-12-16 00:00:00,0.5575511265182468,10.695187165775401,96.0,-1.1247343444824232,19.87187692132278
2024-12-16 01:00:00,0.5563913616915043,10.695187165775401,114.0,-0.51585906982422,20.48628386958324
2024-12-16 02:00:00,0.6114610005541014,9.876543209876544,114.0,0.10386711120605341,21.098876678759158
2024-12-16 03:00:00,0.618769200435677,9.876543209876544,120.0,0.5736451721191393,21.570864379611827
2024-12-16 04:00:00,0.6436907261419512,10.695187165775401,118.0,0.8095937347412097,21.805958681066837
2024-12-16 05:00:00,0.6578925035733428,9.876543209876544,110.0,0.7225061035156237,21.710472571893803
2024-12-16 06:00:00,0.6041509675127047,10.695187165775401,108.0,0.35959869384765497,21.359931835134574
2024-12-16 07:00:00,0.5274960849293756,10.695187165775401,108.0,-0.1686396026611341,20.834985359776816
2024-12-16 08:00:00,0.5008253537626766,11.661807580174926,100.0,-0.7283701324462903,20.276827535361257
2024-12-16 09:00:00,0.4725884350108446,10.695187165775401,94.0,-1.120147171020509,19.882020498786826
2024-12-16 10:00:00,0.45604617018479493,10.695187165775401,92.0,-1.2731298828125013,19.734889394947622
2024-12-16 11:00:00,0.43867376682690484,10.695187165775401,96.0,-1.0951666259765638,19.914546737758762
2024-12-16 12:00:00,0.5109136985870015,10.695187165775401,98.0,-0.6593717956542982,20.350863526572933
2024-12-16 13:00:00,0.5834384818455265,9.876543209876544,104.0,-0.06165260314941534,20.947023942752466
2024-12-16 14:00:00,0.5906717529247167,9.876543209876544,118.0,0.5772843933105456,21.580178885444262
2024-12-16 15:00:00,0.5983605854851339,9.876543209876544,114.0,1.0924935913085925,22.092253373921462
2024-12-16 16:00:00,0.5655355184608113,9.876543209876544,118.0,1.3327451324462878,22.328591593205413
2024-12-16 17:00:00,0.5336602544861513,9.876543209876544,120.0,1.2330690002441393,22.233850015985325
2024-12-16 18:00:00,0.6129854606548133,9.876543209876544,116.0,0.832996902465819,21.835697378298274
2024-12-16 19:00:00,0.5418461091438347,10.695187165775401,116.0,0.20235877990722528,21.209461687809352
2024-12-16 20:00:00,0.4664913036240746,10.695187165775401,108.0,-0.4929956817626966,20.520316174823122
2024-12-16 21:00:00,0.4705237433208874,10.695187165775401,92.0,-1.141093673706056,19.87944024504571
2024-12-16 22:00:00,0.4881369548046898,10.695187165775401,92.0,-1.5654272460937513,19.456425076697595
2024-12-16 23:00:00,0.5802931632676152,10.695187165775401,104.0,-1.648805084228517,19.37246846205028
2024-12-17 00:00:00,1.0433449876683336,5.148005148005149,136.0,-1.4091772460937513,19.610207066823204
2024-12-17 01:00:00,1.1480127626896632,5.148005148005149,138.0,-0.92735809326172,20.089721087401443
2024-12-17 02:00:00,1.2613138550559495,5.361930294906166,136.0,-0.2989191436767591,20.71993899179382
2024-12-17 03:00:00,1.3497932948905713,5.361930294906166,136.0,0.29611640930175653,21.309827556575556
2024-12-17 04:00:00,1.2962751541269313,5.361930294906166,132.0,0.7514215087890612,21.76175931686139
2024-12-17 05:00:00,1.3027333895711972,5.594405594405594,132.0,0.9325318908691393,21.941222156938156
2024-12-17 06:00:00,1.3899223504879819,5.361930294906166,118.0,0.806925354003905,21.819423499408572
2024-12-17 07:00:00,1.4103034927840148,5.847953216374269,118.0,0.4244351959228503,21.436437573897358
2024-12-17 08:00:00,1.2340697431300705,5.594405594405594,122.0,-0.08618682861328253,20.928985981750067
2024-12-17 09:00:00,1.3979602290684128,5.594405594405594,132.0,-0.6337561035156263,20.382058741036595
2024-12-17 10:00:00,1.333978505079404,5.594405594405594,132.0,-1.0133032226562513,20.006292566776573
2024-12-17 11:00:00,1.5398652729593867,5.148005148005149,132.0,-1.1156343841552747,19.901114868462056
2024-12-17 12:00:00,1.1872072389016852,5.594405594405594,124.0,-0.9148840332031263,20.10180899727255
2024-12-17 13:00:00,1.2989042315537465,5.361930294906166,142.0,-0.4469484710693372,20.5633302985217
2024-12-17 14:00:00,1.19117846264267,5.594405594405594,134.0,0.13852745056152216,21.14648195135022
2024-12-17 15:00:00,1.0499913288237301,5.594405594405594,118.0,0.7410550689697253,21.74671178199798
2024-12-17 16:00:00,1.100924453995063,5.847953216374269,138.0,1.1984105682373034,22.205993912740094
2024-12-17 17:00:00,1.046909414717996,5.847953216374269,126.0,1.4021382904052722,22.40388778619273
2024-12-17 18:00:00,0.994739825126347,6.430868167202571,118.0,1.246357498168944,22.249882396510948
2024-12-17 19:00:00,0.8705707261814822,6.125574272588055,120.0,0.8317552185058581,21.832208656139663
2024-12-17 20:00:00,0.7724786742201168,6.430868167202571,116.0,0.20504051208495966,21.20777168558517
2024-12-17 21:00:00,0.9368107340548392,6.430868167202571,120.0,-0.49846405029297003,20.50799102308144
2024-12-17 22:00:00,0.8120621587388044,6.125574272588055,114.0,-1.114287796020509,19.89047460948703
2024-12-17 23:00:00,0.6916570436521635,5.847953216374269,112.0,-1.4899420166015638,19.517743933135268
2024-12-18 00:00:00,0.7008368977831655,5.361930294906166,122.0,-1.5504393005371107,19.459501132823405
2024-12-18 01:00:00,0.7134724590230855,9.174311926605505,98.0,-1.3018774414062513,19.702417543940058
2024-12-18 02:00:00,0.7183046982368149,6.125574272588055,112.0,-0.8383650207519544,20.16009445874632
2024-12-18 03:00:00,0.5714264301678776,8.032128514056225,96.0,-0.2422346496582044,20.75810420740756
2024-12-18 04:00:00,0.5931150909540693,6.768189509306261,96.0,0.3297429656982409,21.319924761707448
2024-12-18 05:00:00,0.6551810169972055,8.565310492505352,118.0,0.712381896972655,21.707402407094172
2024-12-18 06:00:00,0.661125575623048,6.768189509306261,114.0,0.8476033782958972,21.843246694815903
2024-12-18 07:00:00,0.6370437874278694,6.430868167202571,120.0,0.6897626495361315,21.683601129688867
2024-12-18 08:00:00,0.6560202809363851,6.430868167202571,120.0,0.3083196258544909,21.293207200149507
2024-12-18 09:00:00,0.6310798271698235,6.768189509306261,106.0,-0.2116712951660169,20.782916576735925
2024-12-18 10:00:00,0.588278074704407,7.142857142857142,104.0,-0.7356619262695325,20.26942284399778
2024-12-18 11:00:00,0.6536357122306906,5.847953216374269,110.0,-1.0625051879882825,19.93742650834942
2024-12-18 12:00:00,0.5687042243103528,9.876543209876544,100.0,-1.1163763427734388,19.891991230344082
2024-12-18 13:00:00,0.5637273341285203,9.174311926605505,102.0,-0.894023361206056,20.104905868268506
2024-12-18 14:00:00,0.50523500230433,8.565310492505352,104.0,-0.4464563751220716,20.549381570387176
2024-12-18 15:00:00,0.5229380989676267,8.565310492505352,114.0,0.1268163299560534,21.1244193666697
2024-12-18 16:00:00,0.5960030323802805,7.561436672967865,110.0,0.7070623016357409,21.702274451440523
2024-12-18 17:00:00,0.6111453999812403,9.876543209876544,120.0,1.11158233642578,22.107865431355318
2024-12-18 18:00:00,0.6844933585746737,9.174311926605505,126.0,1.2665582275390612,22.256239500248334
2024-12-18 19:00:00,0.7191993339614576,7.142857142857142,120.0,1.1150651550292956,22.103475206711142
2024-12-18 20:00:00,0.7338431588611848,8.032128514056225,124.0,0.7139955139160143,21.70692789759648
2024-12-18 21:00:00,0.7286300150684724,7.142857142857142,122.0,0.13510375976562372,21.128370193641544
2024-12-18 22:00:00,0.686725514552744,8.032128514056225,112.0,-0.49271339416504034,20.504687220773114
2024-12-18 23:00:00,0.6870429556265515,7.142857142857142,108.0,-0.9946913146972669,20.010303961362478
2024-12-19 00:00:00,0.7315211668359405,6.768189509306261,108.0,-1.2573103332519544,19.753052546112926
2024-12-19 01:00:00,0.7226691753405695,6.768189509306261,100.0,-1.2352156066894544,19.7746699117946
2024-12-19 02:00:00,0.8518585826270281,7.561436672967865,104.0,-0.9444517517089857,20.06466571963391
2024-12-19 03:00:00,0.6364559157325933,12.820512820512821,98.0,-0.46511215209961065,20.538235087034987
2024-12-19 04:00:00,0.9032593686981663,8.032128514056225,108.0,0.11709266662597528,21.11791056441103
2024-12-19 05:00:00,0.723740322746169,8.032128514056225,120.0,0.5996060943603503,21.608269095897214
2024-12-19 06:00:00,0.8961636556950703,5.594405594405594,126.0,0.9058690643310534,21.91161912679133
2024-12-19 07:00:00,0.981614917439028,7.142857142857142,114.0,0.9837289428710925,21.987604944238683
2024-12-19 08:00:00,0.8621312869316514,6.430868167202571,108.0,0.780232009887694,21.79323453036478
2024-12-19 09:00:00,0.9273270791614813,5.594405594405594,112.0,0.3640313720703112,21.3741648968098
2024-12-19 10:00:00,1.0407092922144143,6.430868167202571,122.0,-0.15463775634765753,20.853412495922214
2024-12-19 11:00:00,0.956641901387203,6.430868167202571,108.0,-0.6486868286132825,20.358295200587733
2024-12-19 12:00:00,0.846909067699344,6.125574272588055,110.0,-0.9193682098388685,20.08975728738894
2024-12-19 13:00:00,0.784081208645957,12.820512820512821,92.0,-0.9604486846923841,20.04531397040322
2024-12-19 14:00:00,0.8061094787291126,4.153686396677051,2.0,-0.7445444488525403,20.266922825298167
2024-12-19 15:00:00,0.700571382409923,5.361930294906166,2.0,-0.3223738098144544,20.691689469112852
2024-12-19 16:00:00,0.9550050324434903,5.361930294906166,2.0,0.21069007873535028,21.21872954763512
2024-12-19 17:00:00,0.922145914314988,5.594405594405594,2.0,0.71692901611328,21.724545314848346
2024-12-19 18:00:00,1.1628392461799066,5.594405594405594,2.0,1.0420461273193347,22.044412856437944
2024-12-19 19:00:00,1.2198634484943778,6.125574272588055,20.0,1.1217275238037097,22.1259759361116
2024-12-19 20:00:00,1.1291715648842318,6.125574272588055,14.0,0.9618573760986315,21.963453880799637
2024-12-19 21:00:00,0.9426715497665321,6.125574272588055,34.0,0.553669509887694,21.556032986932127
2024-12-19 22:00:00,0.8351470697214494,5.847953216374269,22.0,0.004812774658201846,21.005160036441836
2024-12-19 23:00:00,0.8602305312931582,5.594405594405594,20.0,-0.5514292144775403,20.450395667985337
2024-12-20 00:00:00,0.9329610870472603,5.847953216374269,20.0,-0.9722856903076185,20.03510527273377
2024-12-20 01:00:00,0.8899935700241186,5.361930294906166,22.0,-1.2055811309814466,19.80318488776246
2024-12-20 02:00:00,0.7266767496478976,5.594405594405594,28.0,-1.1659426116943372,19.842823682977354
2024-12-20 03:00:00,0.7492142410695917,5.148005148005149,28.0,-0.8866533660888685,20.115332891238584
2024-12-20 04:00:00,0.7823809915608834,4.9504950495049505,22.0,-0.4356531524658216,20.56944461663691
2024-12-20 05:00:00,0.7762509072385363,4.9504950495049505,2.0,0.0867143249511706,21.092904453305188
2024-12-20 06:00:00,0.672778549155546,8.032128514056225,114.0,0.5277562713623034,21.53761962135092
2024-12-20 07:00:00,0.6730358985974786,8.032128514056225,112.0,0.7854085540771472,21.79362925648484
2024-12-20 08:00:00,0.7426096053392524,5.361930294906166,40.0,0.8068299865722643,21.817281588691486
2024-12-20 09:00:00,0.7772348232215791,5.361930294906166,30.0,0.5903611755371081,21.59808288102818
2024-12-20 10:00:00,0.9467857709802021,5.361930294906166,38.0,0.17347198486327997,21.19041023443
2024-12-20 11:00:00,1.1441462020894932,5.361930294906166,36.0,-0.27919525146484503,20.73545261108199
2024-12-20 12:00:00,1.3937809482008776,5.361930294906166,44.0,-0.6903108978271497,20.3338949700774
2024-12-20 13:00:00,1.6090550282735778,5.361930294906166,60.0,-0.8758501434326185,20.149023105119262
2024-12-20 14:00:00,1.536089758280219,5.594405594405594,54.0,-0.8801760101318372,20.148743205878592
2024-12-20 15:00:00,1.603286530751831,5.594405594405594,54.0,-0.6001581573486341,20.428392319100805
2024-12-20 16:00:00,1.7372768752926933,5.361930294906166,68.0,-0.18918556213379034,20.83790011053138
2024-12-20 17:00:00,1.7056960429168415,5.361930294906166,72.0,0.32425361633300653,21.347247287906583
2024-12-20 18:00:00,1.867654657554693,5.594405594405594,72.0,0.7736363983154284,21.795774382152594
2024-12-20 19:00:00,1.8045321694752685,5.847953216374269,78.0,1.072660980224608,22.09458058150844
2024-12-20 20:00:00,2.005770633288943,5.847953216374269,74.0,1.1359029388427722,22.160215976082746
2024-12-20 21:00:00,1.788979787855596,6.125574272588055,82.0,0.9697328186035143,21.98905767853387
2024-12-20 22:00:00,2.2612317483728854,6.430868167202571,86.0,0.6086450195312487,21.635610226403067
2024-12-20 23:00:00,2.3514292760576136,6.430868167202571,92.0,0.11535697937011591,21.149717490809337
2024-12-21 00:00:00,2.2558205735038097,6.768189509306261,86.0,-0.3737921142578138,20.659684186192052
2024-12-21 01:00:00,2.33621889715579,6.430868167202571,72.0,-0.717021408081056,20.32813215337167
2024-12-21 02:00:00,3.168787216474514,7.561436672967865,66.0,-0.9086622619628919,20.15421113712603
2024-12-21 03:00:00,3.5584454290646015,8.032128514056225,64.0,-0.7674917602539075,20.305799077267775
2024-12-21 04:00:00,3.1318954369074423,8.032128514056225,66.0,-0.45362037658691534,20.599602518534052
2024-12-21 05:00:00,3.3444190242452145,8.032128514056225,58.0,0.010866699218748721,21.06265445596835
2024-12-21 06:00:00,3.1984747609899977,8.565310492505352,62.0,0.49695449829101435,21.548615861351134
2024-12-21 07:00:00,3.27343749897161,8.565310492505352,54.0,0.8913865661621081,21.935622047459187
2024-12-21 08:00:00,3.179556332679669,8.565310492505352,58.0,1.1227288818359362,22.158579349398497
2024-12-21 09:00:00,2.9636870224007303,8.565310492505352,60.0,1.1309323883056628,22.152475226795545
2024-12-21 10:00:00,2.9523029224326227,8.565310492505352,62.0,0.8854547119140612,21.9036001688689
2024-12-21 11:00:00,2.6424844947975745,8.565310492505352,74.0,0.5217404937744128,21.52812200200639
2024-12-21 12:00:00,2.5184755204808367,8.032128514056225,66.0,0.050161895751951846,21.069295358706615
2024-12-21 13:00:00,2.6093129454426447,8.565310492505352,72.0,-0.3011335754394544,20.724353510392547
2024-12-21 14:00:00,2.4361763734245243,9.174311926605505,74.0,-0.45334953308105597,20.534916165666676
2024-12-21 15:00:00,2.2499796689970992,9.174311926605505,74.0,-0.43585723876953253,20.56629604686
2024-12-21 16:00:00,2.60409210140278,9.876543209876544,78.0,-0.2373957061767591,20.76484300571124
2024-12-21 17:00:00,2.536700469448663,9.876543209876544,78.0,0.10314231872558466,21.108474758915733
2024-12-21 18:00:00,2.3530167969135083,9.174311926605505,80.0,0.4859452819824206,21.499740776678614
2024-12-21 19:00:00,2.494646921430264,9.876543209876544,80.0,0.8116918182373034,21.823979121874142
2024-12-21 20:00:00,2.47646714932627,9.876543209876544,76.0,1.003214416503905,22.019509142472494
2024-12-21 21:00:00,2.276186061832987,9.876543209876544,78.0,0.9767060852050768,21.981673549158465
2024-12-21 22:00:00,2.459542740114164,9.876543209876544,70.0,0.7383390045166003,21.747446333452753
2024-12-21 23:00:00,2.043481619292137,9.876543209876544,74.0,0.33083396911620966,21.33394348188786
2024-12-22 00:00:00,2.0032461640507875,9.876543209876544,74.0,-0.16294616699218878,20.833511535474397
2024-12-22 01:00:00,1.8392954431015716,9.876543209876544,80.0,-0.6222814941406263,20.365562620829937
2024-12-22 02:00:00,1.8723555674260137,9.174311926605505,72.0,-0.9481272125244153,20.05073013859447
2024-12-22 03:00:00,1.743521706264629,9.876543209876544,76.0,-1.0749983215332044,19.94157812067122
2024-12-22 04:00:00,1.7208485693225586,10.695187165775401,78.0,-0.9583296203613294,20.047323719011132
2024-12-22 05:00:00,1.6169270633184691,9.876543209876544,78.0,-0.6661352539062513,20.334335874621935
2024-12-22 06:00:00,1.5868047431913563,7.142857142857142,36.0,-0.24938148498535284,20.759292790720856
2024-12-22 07:00:00,1.524487352484701,6.768189509306261,24.0,0.18220764160156122,21.19036593594771
2024-12-22 08:00:00,1.6066861032245947,6.430868167202571,18.0,0.540760574340819,21.540554898529255
2024-12-22 09:00:00,1.5817506864554796,6.430868167202571,16.0,0.6970792388916003,21.695044659834636
2024-12-22 10:00:00,1.4881462562745333,6.125574272588055,2.0,0.6488919830322253,21.647933940631717
2024-12-22 11:00:00,1.496807652158733,6.125574272588055,2.0,0.43072944641113153,21.428569247721377
2024-12-22 12:00:00,1.4543482187286663,6.430868167202571,20.0,0.05810028076171747,21.059333503364808
2024-12-22 13:00:00,1.196132628489984,6.125574272588055,14.0,-0.32529205322265753,20.678998376235146
2024-12-22 14:00:00,1.2513644956699395,6.430868167202571,22.0,-0.6417917633056653,20.359580451562262
2024-12-22 15:00:00,1.1499970566520035,5.847953216374269,18.0,-0.7744116210937513,20.23231277991005
2024-12-22 16:00:00,1.1739225686127077,6.430868167202571,28.0,-0.7307657623291028,20.274637210080087
2024-12-22 17:00:00,1.3470535327253024,5.847953216374269,20.0,-0.5079779052734388,20.498585938754843
2024-12-22 18:00:00,1.3101636524460094,6.125574272588055,2.0,-0.16950553894043097,20.835765944543933
2024-12-22 19:00:00,1.4991309714061316,6.430868167202571,30.0,0.23179298400878778,21.237133812731717
2024-12-22 20:00:00,1.5267341254176419,6.430868167202571,20.0,0.5776391601562487,21.578418297586836
2024-12-22 21:00:00,1.3069023254798438,6.125574272588055,26.0,0.7698808288574206,21.766382429209344
2024-12-22 22:00:00,1.3377227669693033,5.847953216374269,2.0,0.7477193450927722,21.745039858885317
2024-12-22 23:00:00,1.4752659208962213,6.125574272588055,22.0,0.5539632415771472,21.55369030944498
2024-12-23 00:00:00,1.371666007610766,5.847953216374269,2.0,0.19542747497558466,21.20157782940282
2024-12-23 01:00:00,1.5972587291393148,5.847953216374269,16.0,-0.22811073303222784,20.774788877005765
2024-12-23 02:00:00,1.476101929949365,5.361930294906166,2.0,-0.634236755371095,20.373720298233632
2024-12-23 03:00:00,1.3074565448869484,6.125574272588055,22.0,-0.8752931976318372,20.136848548268528
2024-12-23 04:00:00,1.27342825081001,6.125574272588055,20.0,-0.9417261505126966,20.068955943164283
2024-12-23 05:00:00,1.1362200348683638,6.125574272588055,18.0,-0.8061956787109388,20.207605791323164
2024-12-23 06:00:00,1.0534501979621107,6.430868167202571,22.0,-0.4903845214843763,20.51567350370432
2024-12-23 07:00:00,0.9611104974102292,5.594405594405594,2.0,-0.10033935546875128,20.904309179893232
2024-12-23 08:00:00,1.159338848966738,6.125574272588055,2.0,0.30829673767089716,21.311921088686226
2024-12-23 09:00:00,1.2550266610318481,6.125574272588055,30.0,0.5957036590576159,21.606713882009718
2024-12-23 10:00:00,1.2093933093657907,6.768189509306261,38.0,0.7138085937499987,21.732841312975008
2024-12-23 11:00:00,1.4080384620067314,6.125574272588055,30.0,0.6304708099365222,21.656260530482513
2024-12-23 12:00:00,1.1807897801603335,6.125574272588055,30.0,0.37923103332519403,21.404698265062024
2024-12-23 13:00:00,1.0288294069655486,6.430868167202571,48.0,0.011250076293944034,21.02485379875645
2024-12-23 14:00:00,0.9977376151909526,6.430868167202571,42.0,-0.3922724151611341,20.623816532976345
2024-12-23 15:00:00,0.8884556046118245,6.125574272588055,42.0,-0.6861948394775403,20.32533339370756
2024-12-23 16:00:00,0.8817621200020599,6.125574272588055,54.0,-0.849690856933595,20.17102600242679
2024-12-23 17:00:00,0.823166767157438,6.125574272588055,48.0,-0.8020147705078138,20.215861959401565
2024-12-23 18:00:00,0.9154864579447448,6.768189509306261,64.0,-0.5900034332275403,20.424361278403254
2024-12-23 19:00:00,0.8442606445450306,6.125574272588055,62.0,-0.2632116699218763,20.741625088473903
2024-12-23 20:00:00,0.8197315637883013,6.430868167202571,60.0,0.12323242187499872,21.133121362899654
2024-12-23 21:00:00,0.8383313010987854,5.847953216374269,56.0,0.4188867187499987,21.433143611425006
2024-12-23 22:00:00,0.7840440191864746,5.847953216374269,58.0,0.58698516845703,21.606301011594134
2024-12-23 23:00:00,0.726703134979836,5.847953216374269,60.0,0.5956483459472643,21.60986637348262
2024-12-24 00:00:00,0.6314693534441471,6.125574272588055,68.0,0.40291839599609247,21.412060896020392
2024-12-24 01:00:00,0.6105463020762173,6.125574272588055,70.0,0.06450897216796747,21.07152115925073
2024-12-24 02:00:00,0.5919995543116695,10.695187165775401,86.0,-0.3415827178955091,20.665831761686594
2024-12-24 03:00:00,0.5715251962410597,10.695187165775401,84.0,-0.6988710784912122,20.30844089780377
2024-12-24 04:00:00,0.43883391242279873,10.695187165775401,84.0,-0.9182829284667982,20.090693871379557
2024-12-24 05:00:00,0.41654585536011696,10.695187165775401,82.0,-0.9426950836181653,20.06818544381202
2024-12-24 06:00:00,0.38793300873827224,10.695187165775401,86.0,-0.784861984252931,20.22772126307056
2024-12-24 07:00:00,0.35718707377083336,10.695187165775401,84.0,-0.4907564544677747,20.524930282180136
2024-12-24 08:00:00,0.5480619397372072,4.291845493562232,142.0,-0.09028190612793097,20.927979583238614
2024-12-24 09:00:00,0.5628289696562198,10.695187165775401,94.0,0.28792816162109247,21.300984748965917
2024-12-24 10:00:00,0.3133912680207538,10.695187165775401,104.0,0.5439000701904284,21.553848181732572
2024-12-24 11:00:00,0.3265791321972423,10.695187165775401,96.0,0.6597962951660143,21.666264373485436
2024-12-24 12:00:00,0.8372879736740644,4.597701149425287,156.0,0.5652890777587878,21.565930773555188
2024-12-24 13:00:00,0.5469082282251064,5.361930294906166,138.0,0.2872129058837878,21.291283456751703
2024-12-24 14:00:00,0.6315541649168956,5.361930294906166,144.0,-0.05705970764160284,20.951246461412033
2024-12-24 15:00:00,0.5976330073320485,5.361930294906166,138.0,-0.4371961975097669,20.56688906639217
2024-12-24 16:00:00,0.659461274300397,4.9504950495049505,148.0,-0.736125411987306,20.271511468980908
2024-12-24 17:00:00,0.5586900751929992,5.361930294906166,134.0,-0.8776945495605482,20.128952494966867
2024-12-24 18:00:00,0.5398787396851112,5.148005148005149,128.0,-0.8359751129150403,20.17268207631643
2024-12-24 19:00:00,0.5085962263216781,5.148005148005149,138.0,-0.5980753326416028,20.40030346280716
2024-12-24 20:00:00,0.37256065237023045,5.361930294906166,122.0,-0.24803489685058722,20.75060584992775
2024-12-24 21:00:00,0.3599876403232077,9.876543209876544,102.0,0.10036712646484247,21.09704123702747
2024-12-24 22:00:00,0.36917405551127663,5.594405594405594,108.0,0.3983884429931628,21.395839246653193
2024-12-24 23:00:00,0.38875509082667753,9.876543209876544,104.0,0.57416778564453,21.57472705398628
2024-12-25 00:00:00,0.9152952722772376,4.0241448692152915,2.0,0.5626035308837878,21.56338074927084
2024-12-25 01:00:00,1.0805941722024752,4.439511653718091,0.0,0.38079124450683466,21.384493895949163
2024-12-25 02:00:00,1.1192130898655888,5.148005148005149,2.0,0.04877716064452997,21.058705362173804
2024-12-25 03:00:00,1.3358155400587433,5.361930294906166,22.0,-0.29969352722168097,20.70923272079641
2024-12-25 04:00:00,1.3913798636903987,5.594405594405594,28.0,-0.596639099121095,20.40957127977915
2024-12-25 05:00:00,1.2777226213052961,5.847953216374269,34.0,-0.7536043548583997,20.25658480370805
2024-12-25 06:00:00,1.5209449155892774,6.125574272588055,26.0,-0.7355646514892591,20.28111927164067
2024-12-25 07:00:00,1.4744617373219548,6.125574272588055,22.0,-0.5314325714111341,20.479759611566497
2024-12-25 08:00:00,1.5241005952561053,6.125574272588055,24.0,-0.19252342224121222,20.822418803104753
2024-12-25 09:00:00,1.6164941928817145,6.125574272588055,18.0,0.2061906433105456,21.217626306221298
2024-12-25 10:00:00,1.6662504621920615,6.430868167202571,26.0,0.5522389984130847,21.560379839414317
2024-12-25 11:00:00,1.7358129189713167,6.430868167202571,2.0,0.7947755432128893,21.798651440921965
2024-12-25 12:00:00,1.636519701142573,6.430868167202571,22.0,0.8566442108154284,21.864705418468606
2024-12-25 13:00:00,1.5584397875555989,6.768189509306261,32.0,0.7092958068847643,21.71351849389913
2024-12-25 14:00:00,1.6456315239731225,6.768189509306261,38.0,0.4041600799560534,21.410443613156602
2024-12-25 15:00:00,1.7438829856691425,6.768189509306261,36.0,0.010759887695311221,21.01367749399477
2024-12-25 16:00:00,1.7935671677088076,7.142857142857142,46.0,-0.3725923919677747,20.637197423598895
2024-12-25 17:00:00,1.782519442512961,6.768189509306261,34.0,-0.6721796417236341,20.344636861992484
2024-12-25 18:00:00,1.5819337973120207,7.142857142857142,44.0,-0.7886804962158216,20.21933662751231
2024-12-25 19:00:00,1.7396218448384329,7.142857142857142,34.0,-0.717662277221681,20.29703569032528
2024-12-25 20:00:00,1.6105577901277204,7.561436672967865,40.0,-0.4794897460937513,20.535348855275377
2024-12-25 21:00:00,1.7270754439902687,6.768189509306261,38.0,-0.15058082580566534,20.86336379688675
2024-12-25 22:00:00,1.5740768769286284,6.768189509306261,32.0,0.22424751281738153,21.236308660919754
2024-12-25 23:00:00,1.6914322669366944,6.768189509306261,40.0,0.5233922576904284,21.52966192235189
2024-12-26 00:00:00,1.7137310767386411,6.125574272588055,22.0,0.6774068450927722,21.679790578952513
2024-12-26 01:00:00,1.534748155174521,6.768189509306261,48.0,0.6439939117431628,21.643839127766004
2024-12-26 02:00:00,1.742516517460973,6.430868167202571,44.0,0.43151336669921747,21.43117823439738
2024-12-26 03:00:00,1.439908743328978,7.142857142857142,44.0,0.0965257263183581,21.10443403217856
2024-12-26 04:00:00,1.3100116160047737,7.142857142857142,58.0,-0.2395624542236341,20.761331013053812
2024-12-26 05:00:00,1.2464224802264008,6.768189509306261,50.0,-0.5413050079345716,20.47127863624034
2024-12-26 06:00:00,1.114526162706842,7.142857142857142,62.0,-0.6500982666015638,20.35750617947613
2024-12-26 07:00:00,1.1712737151666721,6.768189509306261,58.0,-0.594258728027345,20.417889317419494
2024-12-26 08:00:00,1.1797603642885677,6.768189509306261,64.0,-0.34799903869629034,20.665765641829555
2024-12-26 09:00:00,1.2955162470971426,7.142857142857142,66.0,0.015350875854490909,21.02006624424599
2024-12-26 10:00:00,1.6005293778715695,7.142857142857142,68.0,0.41953140258788935,21.427622990302645
2024-12-26 11:00:00,1.725063252896143,7.561436672967865,76.0,0.7784276580810534,21.776322626874386
2024-12-26 12:00:00,1.8217033293589184,9.174311926605505,76.0,0.9910150146484362,21.99604955107671
2024-12-26 13:00:00,1.7748468514913096,8.565310492505352,86.0,0.9917302703857409,21.99330270711594
2024-12-26 14:00:00,1.8604144927525708,9.876543209876544,84.0,0.8001485443115222,21.814210271079553
2024-12-26 15:00:00,1.9136740266704486,9.876543209876544,82.0,0.44504219055175653,21.443305580345793
2024-12-26 16:00:00,2.053044695385227,9.876543209876544,86.0,0.02767234802245966,21.02316565212938
2024-12-26 17:00:00,1.7570569553619448,9.876543209876544,86.0,-0.4168524169921888,20.586258215093356
2024-12-26 18:00:00,1.8174885682622612,10.695187165775401,84.0,-0.7267164611816419,20.279388949922367
2024-12-26 19:00:00,1.9133532425158382,9.876543209876544,82.0,-0.8400606536865247,20.154160257761923
2024-12-26 20:00:00,2.2881430444827853,10.695187165775401,84.0,-0.7654909515380872,20.230171102126647
2024-12-26 21:00:00,2.124547864812615,10.695187165775401,78.0,-0.5245756530761732,20.465674423220136
2024-12-26 22:00:00,2.284456717496143,10.695187165775401,82.0,-0.18054718017578253,20.81098397552859
2024-12-26 23:00:00,2.280846871978052,11.661807580174926,82.0,0.20094543457031122,21.178714540626924
2024-12-27 00:00:00,1.9691082682190437,10.695187165775401,84.0,0.4861302947998034,21.48548412661515
2024-12-27 01:00:00,1.808609214678831,10.695187165775401,80.0,0.6228013610839831,21.618466919353885
2024-12-27 02:00:00,1.9233550765629313,11.661807580174926,78.0,0.5706506347656237,21.569389223640016
2024-12-27 03:00:00,1.7940183698414103,10.695187165775401,84.0,0.3490415191650378,21.336075168320054
2024-12-27 04:00:00,1.6715033481109958,11.661807580174926,84.0,-0.0023035430908215915,20.99910669070383
2024-12-27 05:00:00,1.7990751122660755,11.661807580174926,84.0,-0.3717951202392591,20.63448376383601
2024-12-27 06:00:00,1.7856762837326219,11.661807580174926,82.0,-0.6389231109619153,20.367094419420734
2024-12-27 07:00:00,1.7044061248876226,11.661807580174926,78.0,-0.7395071411132825,20.262164610447158
2024-12-27 08:00:00,1.5373469700542264,10.695187165775401,82.0,-0.6117243194580091,20.379354378975176
2024-12-27 09:00:00,1.5517926169497485,10.695187165775401,84.0,-0.36585372924804815,20.63761604898808
2024-12-27 10:00:00,1.5024262649029438,11.661807580174926,82.0,0.025745925903319034,21.033173522722233
2024-12-27 11:00:00,1.5628261554891492,10.695187165775401,80.0,0.46103721618652216,21.456548309826477
2024-12-27 12:00:00,1.531061641303324,10.695187165775401,82.0,0.7983823394775378,21.796571992605013
2024-12-27 13:00:00,1.4856898286415778,10.695187165775401,82.0,0.9900270080566393,21.984689672979595
2024-12-27 14:00:00,1.3712626331990279,9.876543209876544,80.0,0.9478936767578112,21.950844424604565
2024-12-27 15:00:00,1.386508135084694,9.876543209876544,86.0,0.7057672119140612,21.706873172888425
2024-12-27 16:00:00,1.146603462633927,9.876543209876544,88.0,0.29250579833984247,21.28984222015389
2024-12-27 17:00:00,1.2496174057675649,9.876543209876544,80.0,-0.19705718994140753,20.80585509254712
2024-12-27 18:00:00,1.2289849267440902,9.876543209876544,84.0,-0.6360010528564466,20.36549379763039
2024-12-27 19:00:00,1.1598258670532982,9.174311926605505,84.0,-0.9236158752441419,20.078995591367743
2024-12-27 20:00:00,1.2106773325960043,9.876543209876544,92.0,-0.9978765869140638,20.000241094521748
2024-12-27 21:00:00,1.0497551966183587,9.876543209876544,92.0,-0.8908113861083997,20.11529679899107
2024-12-27 22:00:00,1.1365101876637205,10.695187165775401,78.0,-0.5903410339355482,20.417648932439278
2024-12-27 23:00:00,1.1938167777822826,10.695187165775401,76.0,-0.1935896301269544,20.814974836541005
2024-12-28 00:00:00,1.1620513556018723,9.876543209876544,90.0,0.20984512329101435,21.208277862113448
2024-12-28 01:00:00,1.1634355286277467,9.876543209876544,86.0,0.5063768005371081,21.507044899983903
2024-12-28 02:00:00,1.0520326337518509,9.876543209876544,86.0,0.6186242675781237,21.616699370314812
2024-12-28 03:00:00,0.9142731944553579,9.876543209876544,82.0,0.5416207885742175,21.538268884944795
2024-12-28 04:00:00,0.963778545398386,9.876543209876544,78.0,0.2863317108154284,21.285323557655584
2024-12-28 05:00:00,0.9118419137990347,9.876543209876544,82.0,-0.08684104919433722,20.907525602693305
2024-12-28 06:00:00,0.9321459671886416,9.876543209876544,82.0,-0.4524664306640638,20.5406284062348
2024-12-28 07:00:00,0.9395808699690051,9.876543209876544,84.0,-0.7121118927001966,20.290541732879433
2024-12-28 08:00:00,0.8629992787565696,9.174311926605505,78.0,-0.7623152160644544,20.245600410268555
2024-12-28 09:00:00,0.9037674323102942,9.174311926605505,82.0,-0.6098093414306653,20.396045671643495
2024-12-28 10:00:00,0.7916543561190591,9.174311926605505,76.0,-0.2798170471191419,20.721497201734103
2024-12-28 11:00:00,0.8445419569550423,9.174311926605505,88.0,0.16986900329589716,21.16938346364243
2024-12-28 12:00:00,0.80064271693255,9.876543209876544,86.0,0.6165013885498034,21.617222488072287
2024-12-28 13:00:00,0.7984039807727754,9.876543209876544,94.0,0.9352365112304675,21.933040602705518
2024-12-28 14:00:00,0.7511286048169321,9.876543209876544,78.0,1.0569196319580065,22.05503421188408
2024-12-28 15:00:00,0.7068410298416081,9.174311926605505,82.0,0.9587178802490222,21.953852729724897
2024-12-28 16:00:00,0.7160987929761538,9.174311926605505,90.0,0.6328702545166003,21.632395267659703
2024-12-28 17:00:00,0.8544349831125213,9.174311926605505,80.0,0.15634971618652216,21.160267576850853
2024-12-28 18:00:00,0.8004608921021169,9.174311926605505,84.0,-0.3652986907958997,20.633108806027497
2024-12-28 19:00:00,0.7481666524634704,9.174311926605505,82.0,-0.7971987152099622,20.19779339744723
2024-12-28 20:00:00,0.7796183025493715,9.174311926605505,88.0,-1.0321096801757825,19.972199814987714
2024-12-28 21:00:00,0.7824114545844821,9.876543209876544,82.0,-1.0655264282226575,19.936964359878985
2024-12-28 22:00:00,0.8023147466126987,9.876543209876544,88.0,-0.8690332794189466,20.141581538362466
2024-12-28 23:00:00,0.75449274037618,9.876543209876544,84.0,-0.5276445770263685,20.476221434071263
2024-12-29 00:00:00,0.8669662105103133,9.174311926605505,90.0,-0.058373870849610654,20.947854729731027
2024-12-29 01:00:00,0.8411541756364551,9.174311926605505,100.0,0.3616052246093737,21.362111223119438
2024-12-29 02:00:00,0.8701063208967015,9.876543209876544,90.0,0.61750274658203,21.614731301586865
2024-12-29 03:00:00,0.7273850710202462,9.174311926605505,110.0,0.7005601501464831,21.694442208086475
2024-12-29 04:00:00,0.6374638414532212,9.876543209876544,90.0,0.5527101135253893,21.548897983027956
2024-12-29 05:00:00,0.6906242176351683,9.876543209876544,92.0,0.22352272033691278,21.227036493849702
2024-12-29 06:00:00,0.6319570010961152,9.876543209876544,88.0,-0.15837425231933722,20.842850698620627
2024-12-29 07:00:00,0.7250283064167244,9.174311926605505,84.0,-0.5369829559326185,20.459954306524693
2024-12-29 08:00:00,0.6081300151574656,8.565310492505352,86.0,-0.7297071838378919,20.272484126720762
2024-12-29 09:00:00,0.6464729093046724,9.174311926605505,92.0,-0.7406019592285169,20.261761502370582
2024-12-29 10:00:00,0.5991190478676628,8.032128514056225,84.0,-0.52824920654297,20.47675855874114
2024-12-29 11:00:00,0.5840648678461038,9.876543209876544,94.0,-0.10233253479004034,20.89466789297585
2024-12-29 12:00:00,0.6183291590480036,8.565310492505352,102.0,0.3783288574218737,21.37649507917608
2024-12-29 13:00:00,0.6193859495525137,9.174311926605505,92.0,0.8076844787597643,21.805522096975945
2024-12-29 14:00:00,0.6084778090538131,9.174311926605505,104.0,1.1092496490478503,22.09907774074639
2024-12-29 15:00:00,0.5469501675138405,9.876543209876544,98.0,1.1439767456054675,22.148177529366283
2024-12-29 16:00:00,0.5930126531956353,9.174311926605505,100.0,0.9754052734374987,21.97312545724859
2024-12-29 17:00:00,0.6136161887793772,9.174311926605505,98.0,0.5801148986816393,21.57551677461967
2024-12-29 18:00:00,0.5854652039390317,9.876543209876544,96.0,0.035940704345701846,21.02727137804192
2024-12-29 19:00:00,0.4728171661548258,9.876543209876544,92.0,-0.5094866180419935,20.49262183407542
2024-12-29 20:00:00,0.4624772458661706,10.695187165775401,92.0,-0.9179357910156263,20.083726163962346
2024-12-29 21:00:00,0.5135694172179195,9.174311926605505,94.0,-1.118926467895509,19.88344810997937
2024-12-29 22:00:00,0.5667798460633046,8.565310492505352,92.0,-1.0680097961425794,19.94127752653714
2024-12-29 23:00:00,0.5688074563109453,9.876543209876544,92.0,-0.8016371154785169,20.20339716802671
2024-12-30 00:00:00,0.5682986277971324,8.565310492505352,90.0,-0.3560633087158216,20.64930200662727
2024-12-30 01:00:00,0.5755825004192096,9.876543209876544,92.0,0.11569267272949091,21.11834409502749
2024-12-30 02:00:00,0.6132461770984944,7.561436672967865,98.0,0.5198312377929675,21.51759318877091
2024-12-30 03:00:00,0.5821347780034195,9.876543209876544,106.0,0.7517648315429675,21.7519722852403
2024-12-30 04:00:00,0.5354938847862528,9.174311926605505,108.0,0.7649884796142565,21.76498154137146
2024-12-30 05:00:00,0.5677667611815984,10.695187165775401,94.0,0.5575070953369128,21.556660250542983
2024-12-30 06:00:00,0.5620949547492524,9.876543209876544,98.0,0.18028694152831903,21.187077926489405
2024-12-30 07:00:00,0.5236911925892551,9.876543209876544,96.0,-0.23569435119629034,20.77484488364511
2024-12-30 08:00:00,0.5796563518941644,9.876543209876544,92.0,-0.5805963897705091,20.43441532686762
2024-12-30 09:00:00,0.6403274250895469,9.876543209876544,94.0,-0.7165216827392591,20.29390208243146
2024-12-30 10:00:00,0.9508001567610157,5.361930294906166,132.0,-0.6481050872802747,20.36774539090634
2024-12-30 11:00:00,1.0246303895400075,5.148005148005149,136.0,-0.3213037872314466,20.68662969226954
2024-12-30 12:00:00,1.0561377219104207,5.148005148005149,144.0,0.14832168579101435,21.157787849400798
2024-12-30 13:00:00,1.296983242071427,5.361930294906166,140.0,0.6689076995849597,21.677958763021486
2024-12-30 14:00:00,1.565632608781302,5.361930294906166,146.0,1.0900178527832018,22.101623355687465
2024-12-30 15:00:00,1.5614709781995635,5.594405594405594,136.0,1.3531957244873034,22.36078826354693
2024-12-30 16:00:00,1.5994471563549293,6.125574272588055,138.0,1.3257794952392565,22.328833506537766
2024-12-30 17:00:00,1.6138695282377575,6.430868167202571,126.0,1.0660424804687487,22.072532960375092
2024-12-30 18:00:00,1.699002156133116,6.768189509306261,126.0,0.5717530822753893,21.58342793560192
2024-12-30 19:00:00,1.4357550269561032,6.768189509306261,124.0,-0.02750343322754034,20.986833066531855
2024-12-30 20:00:00,1.3802898552009704,6.768189509306261,124.0,-0.54320281982422,20.465039420098613
2024-12-30 21:00:00,1.3064375222922453,6.430868167202571,130.0,-0.9353022003173841,20.078281142935946
2024-12-30 22:00:00,1.0551272232775009,6.430868167202571,116.0,-1.071065368652345,19.934894889612966
2024-12-30 23:00:00,0.9529766386183927,5.594405594405594,122.0,-0.94847625732422,20.060859869788256
2024-12-31 00:00:00,0.992737270363647,6.125574272588055,120.0,-0.6196588897705091,20.38578174502643
2024-12-31 01:00:00,0.8480797042210154,7.142857142857142,108.0,-0.14862770080566534,20.856856893031395
2024-12-31 02:00:00,0.8690893194319599,9.174311926605505,104.0,0.3263211822509753,21.32789940027457
2024-12-31 03:00:00,0.9297317233962736,6.768189509306261,114.0,0.6841340637207018,21.685836107747864
2024-12-31 04:00:00,0.9100512755484287,6.768189509306261,106.0,0.8718419647216784,21.86900648785828
2024-12-31 05:00:00,0.8403437148250994,9.876543209876544,124.0,0.8014646148681628,21.79182988232136
2024-12-31 06:00:00,0.9028426370943048,9.174311926605505,118.0,0.4859796142578112,21.473704622172676
2024-12-31 07:00:00,0.9048384254020554,10.695187165775401,120.0,0.04892021179199091,21.040792873015977
2024-12-31 08:00:00,0.9903890046200726,10.695187165775401,126.0,-0.3962568664550794,20.605001302049907
2024-12-31 09:00:00,0.9047753592415311,10.695187165775401,116.0,-0.7070059204101575,20.286411688014734
2024-12-31 10:00:00,0.9382818452223939,10.695187165775401,106.0,-0.7771543884277357,20.218591229701257
2024-12-31 11:00:00,0.8104818390674022,10.695187165775401,108.0,-0.6154665374755872,20.377161438127033
2024-12-31 12:00:00,0.7859580747854652,9.174311926605505,114.0,-0.2200483703613294,20.76998038681156
2024-12-31 13:00:00,0.8073221942949071,9.876543209876544,118.0,0.2960534667968737,21.284212075433476
2024-12-31 14:00:00,0.7832310110907543,9.174311926605505,124.0,0.8129201507568347,21.790705909223597
2024-12-31 15:00:00,0.7505330649303251,9.876543209876544,118.0,1.2093644714355456,22.182820936200894
2024-12-31 16:00:00,0.8142612810572183,9.876543209876544,122.0,1.3746095275878893,22.352284776196395
2024-12-31 17:00:00,0.7926451682731401,9.876543209876544,118.0,1.2396379089355456,22.21134457175901
2024-12-31 18:00:00,0.8416890390159183,9.876543209876544,122.0,0.8677602386474597,21.844117114697116
2024-12-31 19:00:00,0.7478846545440628,9.876543209876544,116.0,0.28971153259277216,21.284193602505617
2024-12-31 20:00:00,0.8801290242218033,9.876543209876544,110.0,-0.3081964874267591,20.69461721869456
2024-12-31 21:00:00,0.7960746696927848,9.174311926605505,100.0,-0.8375181579589857,20.161707342389175
2024-12-31 22:00:00,0.8189844711684222,7.561436672967865,100.0,-1.13982147216797,19.86334073036542
2024-12-31 23:00:00,0.7399276382930536,9.174311926605505,92.0,-1.1780371093750013,19.825789147469305
2025-01-01 00:00:00,0.735999347489729,9.174311926605505,106.0,-0.9369348907470716,20.062499551172053
2025-01-01 01:00:00,0.7072265958934302,8.565310492505352,104.0,-0.5000929260253919,20.498741547898426
2025-01-01 02:00:00,0.7186989767646877,8.565310492505352,102.0,0.035595474243162784,21.04090041266918
2025-01-01 03:00:00,0.6231370573000944,7.561436672967865,106.0,0.5206208801269518,21.52480030773337
2025-01-01 04:00:00,0.665092298049289,8.565310492505352,116.0,0.8595300292968737,21.862850799920704
2025-01-01 05:00:00,1.0052580054834923,8.565310492505352,118.0,0.9656243896484362,21.971637765306504
2025-01-01 06:00:00,1.2486113956855422,4.291845493562232,94.0,0.8148542022705065,21.818622864327338
2025-01-01 07:00:00,1.4563738604319971,4.597701149425287,104.0,0.4540105438232409,21.469552733204914
2025-01-01 08:00:00,1.8151683053274914,5.361930294906166,114.0,-0.002896728515626279,21.017780724131704
2025-01-01 09:00:00,1.7228078739870036,5.594405594405594,114.0,-0.4283117675781263,20.610359271177394
2025-01-01 10:00:00,2.1408620591745353,5.847953216374269,114.0,-0.6756853485107435,20.357587075643114
2025-01-01 11:00:00,2.2397836613320377,6.125574272588055,114.0,-0.6448683166503919,20.385600815012133
2025-01-01 12:00:00,1.956196978155101,6.430868167202571,116.0,-0.3500532531738294,20.678002629269187
2025-01-01 13:00:00,2.012314154841864,6.768189509306261,106.0,0.09972053527831903,21.128973210864263
2025-01-01 14:00:00,2.113361324064179,7.142857142857142,114.0,0.6761022186279284,21.693469494139215
2025-01-01 15:00:00,1.9669922163517461,7.561436672967865,104.0,1.1784482574462878,22.205018455988327
2025-01-01 16:00:00,1.6738122102836994,6.768189509306261,104.0,1.5215116119384753,22.535432797224537
2025-01-01 17:00:00,1.5320573296144864,8.565310492505352,110.0,1.5787797546386706,22.58707764023088
2025-01-01 18:00:00,1.5849394965894825,8.565310492505352,110.0,1.3218103027343737,22.335512504685358
2025-01-01 19:00:00,1.345785154822918,8.032128514056225,106.0,0.8556352233886706,21.86992337677729
2025-01-01 20:00:00,1.314015567527394,8.565310492505352,110.0,0.24469619750976435,21.260588009823486
2025-01-01 21:00:00,1.3139250064695251,8.032128514056225,110.0,-0.38299125671386847,20.6268563850851
2025-01-01 22:00:00,1.1139992960234757,8.032128514056225,102.0,-0.8888487243652357,20.125129386856045
2025-01-01 23:00:00,1.092333266358319,7.561436672967865,106.0,-1.102906646728517,19.89919718786221
2025-01-02 00:00:00,0.9982386410333349,7.561436672967865,98.0,-1.031077804565431,19.969250506094053
2025-01-02 01:00:00,0.9213359253963931,7.142857142857142,98.0,-0.7391809844970716,20.270125837485942
2025-01-02 02:00:00,0.9454556427353429,7.561436672967865,100.0,-0.26065963745117315,20.752190455859694
2025-01-02 03:00:00,0.9866883954650869,7.142857142857142,86.0,0.2889886474609362,21.295059805422728
2025-01-02 04:00:00,0.9376882366829905,8.565310492505352,106.0,0.7262311553955065,21.731749775294485
2025-01-02 05:00:00,0.8608884460035184,8.032128514056225,106.0,0.9770989990234362,21.982890823628747
2025-01-02 06:00:00,0.8227484947517762,9.174311926605505,116.0,0.9596219635009753,21.962623417549942
2025-01-02 07:00:00,0.8169722028952655,8.565310492505352,108.0,0.6907811737060534,21.694911593390458
2025-01-02 08:00:00,0.7627853182712719,8.565310492505352,108.0,0.23068481445312372,21.2381884909166
2025-01-02 09:00:00,0.7973994174435451,9.876543209876544,110.0,-0.2887873077392591,20.726788303632333
2025-01-02 10:00:00,0.7728893429635877,9.174311926605505,106.0,-0.7594599151611341,20.2579265170699
2025-01-02 11:00:00,0.8197226345685703,5.594405594405594,18.0,-0.9836305999755872,20.038301570519362
2025-01-02 12:00:00,0.8402413037592642,10.695187165775401,106.0,-0.9463724517822278,20.071628770605194
2025-01-02 13:00:00,0.9658502840317983,6.125574272588055,2.0,-0.6478208923339857,20.365934662528485
2025-01-02 14:00:00,1.0480745309591515,6.768189509306261,18.0,-0.18016952514648565,20.831971764349927
2025-01-02 15:00:00,1.1310669237517266,6.768189509306261,2.0,0.36980491638183466,21.386492053225705
2025-01-02 16:00:00,1.066436651775929,9.876543209876544,2.0,0.8794313049316393,21.887240382839785
2025-01-02 17:00:00,0.9794304707028193,9.876543209876544,120.0,1.1575341796874987,22.164785231015728
2025-01-02 18:00:00,0.9299311496731524,9.876543209876544,124.0,1.1577840423583972,22.161571268644515
2025-01-02 19:00:00,0.8292871036916283,10.695187165775401,120.0,0.9004235839843737,21.905867453949377
2025-01-02 20:00:00,0.7950612010239378,10.695187165775401,112.0,0.41316658020019403,21.421710964315615
2025-01-02 21:00:00,0.7007899992678751,11.661807580174926,106.0,-0.2099298858642591,20.804060976496608
2025-01-02 22:00:00,0.7834929395940096,12.820512820512821,94.0,-0.807393493652345,20.208428484667877
2025-01-02 23:00:00,0.7446767260027052,6.430868167202571,20.0,-1.2309622192382825,19.786850513047188
2025-01-03 00:00:00,0.6921316435889053,6.125574272588055,20.0,-1.3847536468505872,19.634247095837832
2025-01-03 01:00:00,0.8107560943201134,5.361930294906166,26.0,-1.2795957946777357,19.741989965039174
2025-01-03 02:00:00,0.8462787015288254,5.594405594405594,2.0,-0.9240679168701185,20.094057397220837
2025-01-03 03:00:00,0.9129035150436915,4.767580452920143,356.0,-0.41541618347168097,20.59996395816844
2025-01-03 04:00:00,0.9613860557298944,4.9504950495049505,0.0,0.14127021789550653,21.153932373351847
2025-01-03 05:00:00,0.8592974714526868,6.430868167202571,2.0,0.5626035308837878,21.573184443633288
2025-01-03 06:00:00,0.8695203915669177,5.847953216374269,0.0,0.7604928588867175,21.767290999250452
2025-01-03 07:00:00,0.7646215987396564,6.430868167202571,358.0,0.7064576721191393,21.713762805035085
2025-01-03 08:00:00,0.7097867643042035,12.820512820512821,78.0,0.4128556823730456,21.4199003643467
2025-01-03 09:00:00,0.6804859007360543,14.234875444839856,88.0,-0.07126564025879034,20.940190732960488
2025-01-03 10:00:00,0.6485934707234288,14.234875444839856,80.0,-0.5655588531494153,20.44655267967937
2025-01-03 11:00:00,0.6568663421189578,14.234875444839856,82.0,-0.9558348083496107,20.062027318902924
2025-01-03 12:00:00,0.6149359841198092,12.820512820512821,82.0,-1.1075586700439466,19.905002265681727
2025-01-03 13:00:00,0.6316737339150257,6.125574272588055,14.0,-0.9921354675292982,20.020235869201475
2025-01-03 14:00:00,0.7237605877718912,6.768189509306261,2.0,-0.6502260589599622,20.364189256589782
2025-01-03 15:00:00,0.8184167894477185,6.430868167202571,358.0,-0.1296381378173841,20.882841275721198
2025-01-03 16:00:00,0.7703843263055851,5.847953216374269,2.0,0.4267850494384753,21.4395947615578
2025-01-03 17:00:00,0.7505848649993951,6.125574272588055,356.0,0.8803315734863268,21.886508124978114
2025-01-03 18:00:00,0.7385943721253674,6.430868167202571,2.0,1.1010518646240222,22.11203211229698
2025-01-03 19:00:00,0.6984737342009845,6.125574272588055,2.0,1.0530019378662097,22.058908861048884
2025-01-03 20:00:00,0.5055698258486284,6.125574272588055,2.0,0.75849395751953,21.765306414168244
2025-01-03 21:00:00,0.5233675804622396,5.361930294906166,2.0,0.22620826721191278,21.23763570722009
2025-01-03 22:00:00,0.5462716618662545,16.0,94.0,-0.3742708587646497,20.63444601455701
2025-01-03 23:00:00,0.5145560195985338,16.0,82.0,-0.8914217376708997,20.119575492129496
2025-01-04 00:00:00,0.557064962197046,5.148005148005149,2.0,-1.2294191741943372,19.78393914350974
2025-01-04 01:00:00,0.5550903561566082,14.234875444839856,88.0,-1.2801432037353528,19.729713571873503
2025-01-04 02:00:00,0.6399220064960215,14.234875444839856,90.0,-1.0660871887207044,19.95062456651043
2025-01-04 03:00:00,0.6383020274179302,14.234875444839856,88.0,-0.6350054168701185,20.374818603410112
2025-01-04 04:00:00,0.49921077486021925,14.234875444839856,96.0,-0.07720512390136847,20.933720548509637
2025-01-04 05:00:00,0.4875648773923085,14.234875444839856,102.0,0.46796089172363153,21.479932323729297
2025-01-04 06:00:00,0.5387599320404967,14.234875444839856,94.0,0.8582788085937487,21.87002847443522
2025-01-04 07:00:00,0.5127312247337636,14.234875444839856,88.0,1.0077787017822253,22.01708883179309
2025-01-04 08:00:00,0.582910453522674,16.0,88.0,0.894449768066405,21.90141758262923
2025-01-04 09:00:00,0.6543291009842187,16.0,96.0,0.5433335876464831,21.54973351943886
2025-01-04 10:00:00,0.707280865461613,16.0,90.0,0.047751007080076846,21.060200919516458
2025-01-04 11:00:00,0.6142366527952136,16.0,80.0,-0.4350466156005872,20.577078588025554
2025-01-04 12:00:00,0.670637840181641,16.0,86.0,-0.7745508575439466,20.244344073139743
2025-01-04 13:00:00,0.6384893970957962,16.0,86.0,-0.8682531738281263,20.15029207360983
2025-01-04 14:00:00,0.6030792510782474,14.234875444839856,90.0,-0.6986784362792982,20.31422136349149
2025-01-04 15:00:00,0.6128819312166128,14.234875444839856,96.0,-0.30570358276367315,20.704177488086174
2025-01-04 16:00:00,0.8243020802160858,16.0,86.0,0.2117772674560534,21.225434289788705
2025-01-04 17:00:00,0.8910583637886821,14.234875444839856,90.0,0.74378448486328,21.754084804559053
2025-01-04 18:00:00,1.0424057023028648,14.234875444839856,98.0,1.1167207336425768,22.126615867938664
2025-01-04 19:00:00,0.9632641410694622,14.234875444839856,82.0,1.2602201080322253,22.27077248986152
2025-01-04 20:00:00,1.0510443390204207,6.125574272588055,2.0,1.1620011901855456,22.168268202283713
2025-01-04 21:00:00,1.1133325718407554,14.234875444839856,70.0,0.7831979370117175,21.78689285128697
2025-01-04 22:00:00,1.2211984766883235,14.234875444839856,76.0,0.21466308593749872,21.22283363055631
2025-01-04 23:00:00,1.1041244414507572,14.234875444839856,84.0,-0.3828882598876966,20.63183847547334
2025-01-05 00:00:00,0.9982016248935895,5.847953216374269,2.0,-0.874461593627931,20.14407495736015
2025-01-05 01:00:00,1.0992144704180689,14.234875444839856,78.0,-1.1495432281494153,19.86758138924179
2025-01-05 02:00:00,0.8890327107031891,14.234875444839856,78.0,-1.1436437988281263,19.87730819319264
2025-01-05 03:00:00,0.8630155767046583,14.234875444839856,88.0,-0.8741392517089857,20.14759351868762
2025-01-05 04:00:00,0.8565545725547468,14.234875444839856,88.0,-0.4019655609130872,20.61830436866008
2025-01-05 05:00:00,0.8829593202664255,14.234875444839856,84.0,0.14422088623046747,21.159630190190565
2025-01-05 06:00:00,0.9873486300194267,14.234875444839856,84.0,0.6451020812988268,21.659644581478194
2025-01-05 07:00:00,0.8888891794828334,12.820512820512821,88.0,0.9805322265624987,21.993579501210267
2025-01-05 08:00:00,0.9336361377917853,14.234875444839856,84.0,1.0482221221923815,22.053984586367655
2025-01-05 09:00:00,0.8307098422431773,14.234875444839856,86.0,0.8488069152832018,21.85449513632173
2025-01-05 10:00:00,0.8193955157649798,14.234875444839856,78.0,0.42894607543945185,21.439585162163144
2025-01-05 11:00:00,0.733983612093875,14.234875444839856,80.0,-0.09812492370605597,20.908936879839885
2025-01-05 12:00:00,0.880277947175354,12.820512820512821,80.0,-0.5927996063232435,20.424392731362545
2025-01-05 13:00:00,0.8024125961663054,14.234875444839856,76.0,-0.9155897521972669,20.096998097706912
2025-01-05 14:00:00,0.7520365516938635,12.820512820512821,84.0,-1.0180391693115247,19.9964077606504
2025-01-05 15:00:00,0.7097897546061975,12.820512820512821,86.0,-0.8111090087890638,20.209301342048217
2025-01-05 16:00:00,0.8446601742752434,12.820512820512821,88.0,-0.4135774993896497,20.60148926462759
2025-01-05 17:00:00,0.947736121894833,12.820512820512821,86.0,0.08748298645019403,21.102430882811753
2025-01-05 18:00:00,0.971929310167826,12.820512820512821,86.0,0.5884385681152331,21.605931040549418
2025-01-05 19:00:00,0.9095667378647375,12.820512820512821,2.0,0.9684110260009753,21.980239683947023
2025-01-05 20:00:00,0.8549062759553212,12.820512820512821,88.0,1.0960622406005847,22.101264979040657
2025-01-05 21:00:00,0.7650441764570308,4.9504950495049505,358.0,0.9478021240234362,21.955899517684465
2025-01-05 22:00:00,0.8293386295317275,5.594405594405594,18.0,0.5507245635986315,21.559412319838
2025-01-05 23:00:00,1.0638664108204996,5.594405594405594,0.0,-0.004029693603516904,21.01233252186198
2025-01-06 00:00:00,1.3172906055380487,7.142857142857142,2.0,-0.5711187744140638,20.449335993965025
2025-01-06 01:00:00,1.575153873565501,6.768189509306261,2.0,-1.0524687194824232,19.976489064634254
2025-01-06 02:00:00,1.6842152091704647,7.561436672967865,28.0,-1.300313415527345,19.732588964458365
2025-01-06 03:00:00,1.9018364947408037,8.032128514056225,20.0,-1.274678649902345,19.761631390735364
2025-01-06 04:00:00,1.965597434086564,8.032128514056225,18.0,-0.9633039855957044,20.071603427197214
2025-01-06 05:00:00,1.6306207481766515,6.768189509306261,20.0,-0.4984907531738294,20.537001459855343
2025-01-06 06:00:00,1.4723733169850188,7.142857142857142,2.0,0.06388526916503778,21.081943623312505
2025-01-06 07:00:00,1.4000623677881099,6.430868167202571,2.0,0.5311322784423815,21.552741820213207
2025-01-06 08:00:00,1.3806636217904016,6.768189509306261,2.0,0.829325256347655,21.86239285567144
2025-01-06 09:00:00,1.15596466646577,6.430868167202571,2.0,0.8766522979736315,21.895163706571854
2025-01-06 10:00:00,1.187260478852729,6.430868167202571,2.0,0.6568246459960925,21.67596682323876
2025-01-06 11:00:00,1.2280296750628774,6.125574272588055,2.0,0.23242813110351435,21.246347271969647
2025-01-06 12:00:00,1.0160640206232399,6.125574272588055,2.0,-0.2916101837158216,20.723598253987596
2025-01-06 13:00:00,0.8101814202575665,6.125574272588055,28.0,-0.77348846435547,20.24696564120743
2025-01-06 14:00:00,0.7910256699211027,5.594405594405594,12.0,-1.0979189300537122,19.91783470818067
2025-01-06 15:00:00,0.7975997599777421,5.847953216374269,22.0,-1.1570295715332044,19.866501874309147
2025-01-06 16:00:00,0.7640725822446086,5.847953216374269,30.0,-0.9452604675292982,20.083769827064508
2025-01-06 17:00:00,0.6928261037030463,5.594405594405594,34.0,-0.5614313507080091,20.45881531264599
2025-01-06 18:00:00,0.5843547652393304,5.361930294906166,2.0,-0.057237091064454404,20.95554247348323
2025-01-06 19:00:00,0.5347564292377827,5.361930294906166,2.0,0.46092658996581903,21.472481543976752
2025-01-06 20:00:00,0.5110392838285421,5.361930294906166,26.0,0.8342195129394518,21.848464946925457
2025-01-06 21:00:00,0.46194841002820725,6.125574272588055,54.0,0.9783578491210925,21.985928145607758
2025-01-06 22:00:00,0.42186809879415366,5.594405594405594,36.0,0.8746877288818347,21.877912787294385
2025-01-06 23:00:00,0.5684152456337173,4.597701149425287,2.0,0.5463777160644518,21.5637526062986
2025-01-07 00:00:00,0.4669240205767046,5.594405594405594,46.0,0.08659797668456903,21.109860675942194
2025-01-07 01:00:00,0.38977979334189705,5.361930294906166,46.0,-0.38962882995605597,20.637431771961932
2025-01-07 02:00:00,0.41364200276167956,5.361930294906166,56.0,-0.7660612487792982,20.27081019905102
2025-01-07 03:00:00,0.34057947934427635,5.148005148005149,64.0,-0.8682493591308607,20.171038687914432
2025-01-07 04:00:00,0.3057637341674833,5.361930294906166,70.0,-0.7161631011962903,20.31443778155581
2025-01-07 05:00:00,0.9899867328562829,4.597701149425287,356.0,-0.38979095458984503,20.63363751857612
2025-01-07 06:00:00,1.2139044171250672,4.767580452920143,358.0,0.11467033386230341,21.13048545448489
2025-01-07 07:00:00,1.2940335583732387,5.148005148005149,356.0,0.6505246734619128,21.663678699594524
2025-01-07 08:00:00,1.4303473752909857,5.594405594405594,0.0,1.0780377960205065,22.090468289676224
2025-01-07 09:00:00,1.3806169537729038,5.594405594405594,0.0,1.2844491577148425,22.300105438628506
2025-01-07 10:00:00,1.4038727266425934,6.125574272588055,2.0,1.27527862548828,22.28682236676845
2025-01-07 11:00:00,1.2657441873975337,6.125574272588055,2.0,0.9982228851318347,22.008095134674207
2025-01-07 12:00:00,1.3218142894979665,5.847953216374269,2.0,0.527994689941405,21.546102566157426
2025-01-07 13:00:00,1.258596733344968,6.430868167202571,2.0,-0.01638740539550909,21.005718068052545
2025-01-07 14:00:00,1.2832162063491586,6.125574272588055,2.0,-0.5007070922851575,20.52031683028124
2025-01-07 15:00:00,1.391984856555319,6.430868167202571,2.0,-0.8123220825195325,20.210913153602114
2025-01-07 16:00:00,1.3343138748889856,6.768189509306261,20.0,-0.8601774597167982,20.163799388737655
2025-01-07 17:00:00,1.342808322470445,6.768189509306261,2.0,-0.6958498382568372,20.32547096720158
2025-01-07 18:00:00,1.3400395349655543,6.768189509306261,2.0,-0.33991378784179815,20.679401128682862
2025-01-07 19:00:00,1.393981166764861,7.142857142857142,2.0,0.14613967895507685,21.161405715465765
2025-01-07 20:00:00,1.3678907908775197,6.768189509306261,16.0,0.6000810241699206,21.61585765472086
2025-01-07 21:00:00,1.3058582370396783,5.594405594405594,2.0,0.9079957580566393,21.919494100089345
2025-01-07 22:00:00,1.3810091182386017,6.768189509306261,2.0,0.9973416900634753,22.0092767010183
2025-01-07 23:00:00,1.3402702329160463,7.142857142857142,2.0,0.8378148651123034,21.84728498062045
2025-01-08 00:00:00,1.4933508643983118,7.142857142857142,20.0,0.44971328735351435,21.46416287848241
2025-01-08 01:00:00,1.4847171689556968,7.142857142857142,16.0,-0.04723114013672003,20.969326854673987
2025-01-08 02:00:00,1.5543705861759347,8.565310492505352,26.0,-0.5656999969482435,20.462315508440845
2025-01-08 03:00:00,1.4378408064158226,7.142857142857142,14.0,-0.9117559814453138,20.108384385404623
2025-01-08 04:00:00,1.532287374125322,7.561436672967865,16.0,-1.0428289794921888,19.980027260088686
2025-01-08 05:00:00,1.5617144006753652,7.561436672967865,20.0,-0.8725828552246107,20.149899411943007
2025-01-08 06:00:00,1.475811622746924,8.032128514056225,18.0,-0.5182718658447278,20.501187532395676
2025-01-08 07:00:00,1.4399096954988733,6.430868167202571,2.0,0.009470520019529971,21.023264030861622
2025-01-08 08:00:00,1.3533394437155537,7.142857142857142,2.0,0.5648656463623034,21.578567003674156
2025-01-08 09:00:00,1.3205705040936326,7.142857142857142,10.0,1.015278396606444,22.03187536711788
2025-01-08 10:00:00,1.404120046763989,7.142857142857142,2.0,1.2420201873779284,22.26548256792919
2025-01-08 11:00:00,1.2456004506794258,6.430868167202571,2.0,1.2290216064453112,22.242009040910464
2025-01-08 12:00:00,1.1836029753999082,6.430868167202571,2.0,0.93799835205078,21.951238213969216
2025-01-08 13:00:00,1.1954538771540135,6.768189509306261,2.0,0.4519982910156237,21.467480174578725
2025-01-08 14:00:00,1.09706322517913,6.768189509306261,2.0,-0.11487716674804815,20.89835153677657
2025-01-08 15:00:00,1.1189952748881011,6.430868167202571,2.0,-0.6296057128906263,20.38644970376134
2025-01-08 16:00:00,1.2084196054868968,6.768189509306261,20.0,-0.9624590301513685,20.055746579118633
2025-01-08 17:00:00,1.220373309753674,7.142857142857142,2.0,-1.056212844848634,19.962855523771506
2025-01-08 18:00:00,1.2294949036853302,7.561436672967865,28.0,-0.9136213684082044,20.107395653457207
2025-01-08 19:00:00,1.2455173610923465,7.142857142857142,2.0,-0.5601438903808607,20.462083177223764
2025-01-08 20:00:00,1.217440899388887,6.125574272588055,2.0,-0.06642097473144659,20.953042195788598
2025-01-08 21:00:00,1.2989298313871274,7.142857142857142,2.0,0.4076104736328112,21.421426354546753
2025-01-08 22:00:00,1.2516488982910554,6.768189509306261,2.0,0.7474313354492175,21.756618272809224
2025-01-08 23:00:00,1.0925004624337098,7.142857142857142,12.0,0.8793817138671862,21.888633283376436
2025-01-09 00:00:00,1.0292309253666403,6.768189509306261,14.0,0.764973220825194,21.773036303053438
2025-01-09 01:00:00,1.0179673295354055,7.142857142857142,14.0,0.41742568969726435,21.430271739438503
2025-01-09 02:00:00,1.2094241311839826,6.768189509306261,18.0,-0.04132598876953253,20.97428626822818
2025-01-09 03:00:00,1.3445387169418297,7.142857142857142,2.0,-0.5223078155517591,20.494230509908906
2025-01-09 04:00:00,1.3670971864847987,7.561436672967865,22.0,-0.85844940185547,20.163575869250568
2025-01-09 05:00:00,1.3589070480779797,8.032128514056225,28.0,-0.9851507568359388,20.041099217184225
2025-01-09 06:00:00,1.24506040039639,6.768189509306261,14.0,-0.8460420989990247,20.17784882866982
2025-01-09 07:00:00,1.2213626123420824,7.142857142857142,2.0,-0.4851393127441419,20.533495465779733
2025-01-09 08:00:00,1.384851483010155,7.142857142857142,2.0,0.02803283691406122,21.048450982763274
2025-01-09 09:00:00,1.4000151858352874,6.768189509306261,2.0,0.5732675170898425,21.585610173272844
2025-01-09 10:00:00,1.3088430992277889,6.430868167202571,358.0,0.9986081695556628,22.011154408139667
2025-01-09 11:00:00,1.3785598879627365,6.768189509306261,2.0,1.2582440948486315,22.274081457041802
2025-01-09 12:00:00,1.265911013501678,6.768189509306261,0.0,1.253458557128905,22.26700379902869
2025-01-09 13:00:00,1.2834359032053864,6.430868167202571,14.0,0.982096252441405,21.998440540638395
2025-01-09 14:00:00,1.2439936778662448,4.291845493562232,358.0,0.5175614929199206,21.529932839619523
2025-01-09 15:00:00,1.373898892103978,6.430868167202571,2.0,-0.016602935791016904,20.99552153470346
2025-01-09 16:00:00,1.2840413841490896,7.142857142857142,18.0,-0.5228399658203138,20.49807974728912
2025-01-09 17:00:00,1.4678268239119432,6.430868167202571,2.0,-0.8595117950439466,20.161925028048653
2025-01-09 18:00:00,1.5594097833171687,7.142857142857142,2.0,-0.98228973388672,20.04294660446392
2025-01-09 19:00:00,1.6929473736802314,7.142857142857142,20.0,-0.841319503784181,20.18111547293917
2025-01-09 20:00:00,1.5673529770332513,6.768189509306261,2.0,-0.47748512268066534,20.545747370650865
2025-01-09 21:00:00,1.6664513987840377,7.142857142857142,2.0,-0.012809219360352841,21.0073054815733
2025-01-09 22:00:00,1.8196051445706263,7.561436672967865,28.0,0.44528823852538935,21.46693692771836
2025-01-09 23:00:00,1.737512237226561,7.561436672967865,2.0,0.8058896636962878,21.826530487321463
2025-01-10 00:00:00,1.809231450835064,7.561436672967865,18.0,0.9357381439208972,21.95574622161328
2025-01-10 01:00:00,2.0094574963592002,7.561436672967865,2.0,0.8298574066162097,21.858402552540834
2025-01-10 02:00:00,1.6915174389498127,7.561436672967865,14.0,0.5126958465576159,21.532302514969736
2025-01-10 03:00:00,1.893068970518874,7.561436672967865,20.0,0.06473594665527216,21.08859375724716
2025-01-10 04:00:00,1.7933340175586696,7.561436672967865,18.0,-0.3971590423583997,20.632178115690962
2025-01-10 05:00:00,1.8081393621828314,7.561436672967865,20.0,-0.7147879028320325,20.310517624624083
2025-01-10 06:00:00,1.9182307375521532,8.032128514056225,26.0,-0.8427309417724622,20.188402102928283
2025-01-10 07:00:00,1.8682491793101272,7.561436672967865,20.0,-0.6802095794677747,20.34488404242732
2025-01-10 08:00:00,1.851814589201778,7.561436672967865,18.0,-0.30837577819824347,20.71304519139663
2025-01-10 09:00:00,2.037903421863313,8.032128514056225,24.0,0.19120269775390497,21.21568309634813
2025-01-10 10:00:00,1.914420267694842,7.561436672967865,22.0,0.7250428771972643,21.748235845973927
2025-01-10 11:00:00,1.9278803476804305,7.561436672967865,2.0,1.1637349700927722,22.183242256026496
2025-01-10 12:00:00,1.8919215970463523,7.142857142857142,2.0,1.40485626220703,22.428442706331577
2025-01-10 13:00:00,1.590880358223346,7.142857142857142,20.0,1.3606782531738268,22.382006145591493
2025-01-10 14:00:00,1.6853945745418162,7.142857142857142,2.0,1.0593648529052722,22.086435033119127
2025-01-10 15:00:00,1.6899172651526908,7.561436672967865,26.0,0.5629277801513659,21.58239114365302
2025-01-10 16:00:00,1.5143897186450284,6.768189509306261,20.0,-0.03109687805175909,20.98344749764457
2025-01-10 17:00:00,1.6425065589154366,7.561436672967865,32.0,-0.5820555114746107,20.442145059749922
2025-01-10 18:00:00,1.2380194997755296,6.768189509306261,22.0,-0.972514572143556,20.050384018891897
2025-01-10 19:00:00,1.1877265221796764,6.430868167202571,20.0,-1.098164978027345,19.92806136282438
2025-01-10 20:00:00,1.08236870866382,6.768189509306261,42.0,-0.9224371337890638,20.09494920062793
2025-01-10 21:00:00,0.9557191128569505,6.430868167202571,36.0,-0.57677215576172,20.4381025942164
2025-01-10 22:00:00,0.9499445600964962,6.125574272588055,40.0,-0.0882124328613294,20.92365129592139
2025-01-10 23:00:00,1.1111365181594626,5.594405594405594,2.0,0.43407684326171747,21.44311999316681
2025-01-11 00:00:00,1.0002860852552364,5.594405594405594,32.0,0.8433385467529284,21.849498322688266
2025-01-11 01:00:00,0.8390060153745171,6.125574272588055,42.0,1.024078903198241,22.033385077574724
2025-01-11 02:00:00,0.9723262068006351,5.594405594405594,38.0,0.9372773742675768,21.939579191351715
2025-01-11 03:00:00,0.8142927112284074,5.847953216374269,56.0,0.6398034667968737,21.643540010482912
2025-01-11 04:00:00,0.7404770460703973,6.430868167202571,70.0,0.19820457458495966,21.207344628926172
2025-01-11 05:00:00,0.7678168203981289,6.125574272588055,70.0,-0.2617964172363294,20.74246599723971
2025-01-11 06:00:00,0.7541514491173725,6.125574272588055,64.0,-0.6167654418945325,20.394720964939765
2025-01-11 07:00:00,0.7755568714067138,5.847953216374269,56.0,-0.7394976043701185,20.278187623829364
2025-01-11 08:00:00,0.8102410916088898,5.361930294906166,54.0,-0.5935739898681653,20.418814379296517
2025-01-11 09:00:00,0.7685787502794137,5.847953216374269,46.0,-0.21706336975097784,20.789928773877865
2025-01-11 10:00:00,0.7789888536342671,5.847953216374269,32.0,0.3090520477294909,21.311859485177553
2025-01-11 11:00:00,0.6478215690452253,5.847953216374269,62.0,0.8923173522949206,21.89763820095659
2025-01-11 12:00:00,0.6475198179113699,5.847953216374269,66.0,1.33503204345703,22.340109128155557
2025-01-11 13:00:00,0.6429322424518374,6.125574272588055,72.0,1.5777192687988268,22.578255492247916
2025-01-11 14:00:00,0.6430375015127543,5.594405594405594,70.0,1.5247140502929675,22.536325188878344
2025-01-11 15:00:00,0.6730697549369143,5.847953216374269,68.0,1.2518277740478503,22.24912939858746
2025-01-11 16:00:00,0.5365475927437731,6.125574272588055,78.0,0.7115808105468737,21.7162706403259
2025-01-11 17:00:00,0.5695199088507932,5.594405594405594,78.0,0.11097198486327997,21.119991317497718
2025-01-11 18:00:00,0.5606847447592292,5.594405594405594,66.0,-0.49728912353515753,20.523466236689035
2025-01-11 19:00:00,0.573135138829951,5.847953216374269,80.0,-0.8744291687011732,20.14767346937171
2025-01-11 20:00:00,0.5656955683893021,5.847953216374269,76.0,-0.9988016510009778,20.020984841223594
2025-01-11 21:00:00,0.46592685429629194,14.234875444839856,86.0,-0.842967453002931,20.17534033964565
2025-01-11 22:00:00,1.079429752030733,4.291845493562232,2.0,-0.4659437561035169,20.55401964843719
2025-01-11 23:00:00,1.441952851505741,5.148005148005149,2.0,0.06772857666015497,21.08715953644923
2025-01-12 00:00:00,1.7633591114482328,5.847953216374269,2.0,0.559040603637694,21.591093349045206
2025-01-12 01:00:00,1.7938766119455358,6.125574272588055,2.0,0.9544587707519518,21.987311751881894
2025-01-12 02:00:00,1.656417236388091,6.125574272588055,2.0,1.114958343505858,22.13502464056958
2025-01-12 03:00:00,1.678989845320513,5.847953216374269,14.0,1.0239472961425768,22.041704085211208
2025-01-12 04:00:00,1.6779542912689462,6.125574272588055,2.0,0.6767907714843737,21.699120269188025
2025-01-12 05:00:00,1.522049218614035,5.847953216374269,2.0,0.19410377502441278,21.21350754255445
2025-01-12 06:00:00,1.5346862068757927,6.125574272588055,2.0,-0.3271803283691419,20.69778504987839
2025-01-12 07:00:00,1.6833167735881571,6.125574272588055,20.0,-0.6971487426757825,20.332002246950843
2025-01-12 08:00:00,1.6475759701612653,6.430868167202571,2.0,-0.8359922790527357,20.193035097784268
2025-01-12 09:00:00,1.7608725316131146,6.430868167202571,18.0,-0.6882757568359388,20.340967516967652
2025-01-12 10:00:00,1.6762268993608689,6.430868167202571,2.0,-0.28267425537109503,20.740622443846938
2025-01-12 11:00:00,1.8251958647641602,6.430868167202571,14.0,0.2807927703857409,21.303061781660944
2025-01-12 12:00:00,1.8032973801028924,7.142857142857142,2.0,0.8694291687011706,21.883852874551124
2025-01-12 13:00:00,1.8094472701397837,6.768189509306261,18.0,1.3418622589111315,22.362373650348612
2025-01-12 14:00:00,1.6227027017293256,6.768189509306261,18.0,1.5861058807373034,22.60020444303115
2025-01-12 15:00:00,1.5503008991187173,7.142857142857142,26.0,1.5299554443359362,22.542462628061926
2025-01-12 16:00:00,1.540514602315918,6.768189509306261,26.0,1.1783300018310534,22.198978949481592
2025-01-12 17:00:00,1.5358772636167697,6.430868167202571,34.0,0.61933380126953,21.6370163886622
2025-01-12 18:00:00,1.3089473611479978,6.430868167202571,34.0,-0.05157989501953253,20.97028820747126
2025-01-12 19:00:00,1.3274176990480302,6.430868167202571,50.0,-0.6508173370361341,20.362222832496784
2025-01-12 20:00:00,1.3137909156543792,6.768189509306261,64.0,-1.0533670806884778,19.96904742208896
2025-01-12 21:00:00,1.2699261525117413,6.430868167202571,62.0,-1.1867327117919935,19.831796775693768
2025-01-12 22:00:00,1.3512831382763495,6.768189509306261,56.0,-0.9998793029785169,20.00730482211594
2025-01-12 23:00:00,1.3563363048241628,6.768189509306261,72.0,-0.589641036987306,20.407978124332438
2025-01-13 00:00:00,1.2253384933208074,6.125574272588055,62.0,-0.03136962890625128,20.965927424191438
2025-01-13 01:00:00,1.2042004534849928,6.768189509306261,76.0,0.5379930114746081,21.518189917340038
2025-01-13 02:00:00,1.1847800157872648,6.768189509306261,78.0,0.9377599334716784,21.917187918275676
2025-01-13 03:00:00,1.2136449455218263,6.768189509306261,74.0,1.1169610595703112,22.09726840039269
2025-01-13 04:00:00,1.227308690609754,6.430868167202571,70.0,0.9994474029541003,21.98699332636321
2025-01-13 05:00:00,1.0584750573025299,6.768189509306261,76.0,0.646534500122069,21.640855418899505
2025-01-13 06:00:00,1.1367044120367185,6.768189509306261,86.0,0.12790161132812372,21.133139702273066
2025-01-13 07:00:00,1.0774034997548005,11.661807580174926,102.0,-0.4046606445312513,20.603269888168587
2025-01-13 08:00:00,1.020764438687367,7.561436672967865,88.0,-0.7462705993652357,20.2402371311087
2025-01-13 09:00:00,1.0529203882201206,10.695187165775401,96.0,-0.8883108520507825,20.1058107304169
2025-01-13 10:00:00,1.122845886655821,10.695187165775401,96.0,-0.7053923034667982,20.289309742048026
2025-01-13 11:00:00,1.0963548054349745,9.876543209876544,94.0,-0.3095278167724622,20.69378282690685
2025-01-13 12:00:00,1.2808188151763427,9.876543209876544,94.0,0.2940488433837878,21.282770656501775
2025-01-13 13:00:00,1.28542406916629,9.876543209876544,102.0,0.8820634460449206,21.86966311002532
2025-01-13 14:00:00,1.2012688255972674,9.876543209876544,98.0,1.3500333404541003,22.338161730521655
2025-01-13 15:00:00,1.1050192426587844,10.695187165775401,98.0,1.5696225738525378,22.562671901245487
2025-01-13 16:00:00,1.2168501731763397,11.661807580174926,98.0,1.4867787933349597,22.47312429309229
2025-01-13 17:00:00,1.0708211917128885,11.661807580174926,102.0,1.1099362945556628,22.107749316866197
2025-01-13 18:00:00,0.9974410449549325,9.174311926605505,82.0,0.4943509674072253,21.49859817550663
2025-01-13 19:00:00,1.0790528904520709,11.661807580174926,100.0,-0.18044418334961065,20.823694157506974
2025-01-13 20:00:00,0.9471696085767433,11.661807580174926,88.0,-0.7804445648193372,20.226082758746227
2025-01-13 21:00:00,0.9673947493811866,11.661807580174926,92.0,-1.1826147460937513,19.823647603891285
2025-01-13 22:00:00,0.8631810569398961,11.661807580174926,92.0,-1.2758020782470716,19.73207606354379
2025-01-13 23:00:00,0.9569822294902954,11.661807580174926,88.0,-1.0719522857666028,19.932268947431442
2025-01-14 00:00:00,1.0000868183930696,10.695187165775401,90.0,-0.6246694946289075,20.37589853589236
2025-01-14 01:00:00,1.076433385455221,10.695187165775401,92.0,-0.047311248779298154,20.95124554152526
2025-01-14 02:00:00,1.1116609877322008,11.661807580174926,92.0,0.5076337432861315,21.514813871624366
2025-01-14 03:00:00,1.057467120333439,11.661807580174926,92.0,0.9103818511962878,21.911317801550187
2025-01-14 04:00:00,1.2259394662183583,11.661807580174926,84.0,1.0630345916748034,22.067010666417694
2025-01-14 05:00:00,1.1064580801749748,11.661807580174926,88.0,0.9307885742187487,21.926471833512405
2025-01-14 06:00:00,1.1051753068307453,10.695187165775401,86.0,0.5387731170654284,21.540976419071885
2025-01-14 07:00:00,1.0211190465054403,11.661807580174926,84.0,0.019703445434569034,21.03741263538092
2025-01-14 08:00:00,1.036491675680782,11.661807580174926,80.0,-0.4966902160644544,20.52029024123243
2025-01-14 09:00:00,0.9188286861713585,11.661807580174926,84.0,-0.8681463623046888,20.15375397989707
2025-01-14 10:00:00,0.8983763733276692,12.820512820512821,84.0,-0.9574064636230482,20.064631609522035
2025-01-14 11:00:00,0.8311444970571416,11.661807580174926,88.0,-0.7339624786376966,20.276467093489494
2025-01-14 12:00:00,0.8769497421573347,11.661807580174926,80.0,-0.28319686889648565,20.72535520058516
2025-01-14 13:00:00,1.0296664971676446,11.661807580174926,82.0,0.32034927368163935,21.324084972163806
2025-01-14 14:00:00,1.0355240830089723,11.661807580174926,84.0,0.916828689575194,21.91664286729955
2025-01-14 15:00:00,1.0803466994074107,11.661807580174926,90.0,1.3700681304931628,22.365866160051652
2025-01-14 16:00:00,0.9404722108961986,9.876543209876544,98.0,1.5515561676025378,22.55523677623822
2025-01-14 17:00:00,0.9342572700802413,11.661807580174926,86.0,1.409330902099608,22.419511482261772
2025-01-14 18:00:00,0.8018538327395826,9.876543209876544,90.0,0.9883351898193347,21.999177696672206
2025-01-14 19:00:00,0.7655116491008588,9.876543209876544,80.0,0.3695207214355456,21.38583037837409
2025-01-14 20:00:00,0.7841811736628912,11.661807580174926,92.0,-0.2937654876708997,20.72525973017765
2025-01-14 21:00:00,0.6433321544073706,10.695187165775401,88.0,-0.8723902130126966,20.15137599936559
2025-01-14 22:00:00,0.6156985626551474,10.695187165775401,84.0,-1.2217478179931653,19.799428269925766
2025-01-14 23:00:00,0.753594699070804,11.661807580174926,94.0,-1.2507910156250013,19.775228378892646
2025-01-15 00:00:00,0.8754419070142065,5.594405594405594,2.0,-0.993968429565431,20.02753550928684
2025-01-15 01:00:00,0.9525393085609729,4.0241448692152915,356.0,-0.518025817871095,20.500741499163535
2025-01-15 02:00:00,1.106475158133749,5.594405594405594,358.0,0.07160621643066278,21.090205063749334
2025-01-15 03:00:00,1.009030415890746,5.148005148005149,356.0,0.6199651336669909,21.63606761395831
2025-01-15 04:00:00,0.9640234679490504,6.125574272588055,356.0,0.9828363037109362,21.995690094993442
2025-01-15 05:00:00,0.9095757241567961,5.847953216374269,2.0,1.0811524963378893,22.089726824677918
2025-01-15 06:00:00,0.8054054999340187,6.125574272588055,2.0,0.8872991180419909,21.895603504314813
2025-01-15 07:00:00,0.7997657717,5.847953216374269,2.0,0.45771080017089716,21.47417344359623
2025-01-15 08:00:00,0.889396802325662,5.847953216374269,2.0,-0.07371086120605597,20.94402687030325
2025-01-15 09:00:00,0.9265587806525718,5.594405594405594,358.0,-0.580058517456056,20.441607181903894
2025-01-15 10:00:00,0.9592752453042351,5.847953216374269,2.0,-0.9006819152832044,20.124808590209582
2025-01-15 11:00:00,0.8969337716291991,5.847953216374269,2.0,-0.930797042846681,20.091465993289514
2025-01-15 12:00:00,0.8572351881841249,6.125574272588055,2.0,-0.6724981689453138,20.351567732366842
2025-01-15 13:00:00,1.20049930981591,6.125574272588055,2.0,-0.19292015075683722,20.825871859128505
2025-01-15 14:00:00,1.222594710197097,6.430868167202571,16.0,0.39653640747070185,21.419595157680465
2025-01-15 15:00:00,1.1721259003638795,5.847953216374269,2.0,0.9794087982177722,21.993289883308478
2025-01-15 16:00:00,1.2036738559773248,6.125574272588055,2.0,1.377533493041991,22.390871422242572
2025-01-15 17:00:00,1.1432329156337662,6.430868167202571,16.0,1.498106536865233,22.511451383086936
2025-01-15 18:00:00,1.031626146262783,5.847953216374269,24.0,1.2868161773681628,22.299569031804783
2025-01-15 19:00:00,1.0947393196895745,5.594405594405594,2.0,0.8360982513427722,21.851620203934356
2025-01-15 20:00:00,1.1096021281093502,6.125574272588055,22.0,0.20290428161620966,21.218245569470145
2025-01-15 21:00:00,1.1673489476601144,6.125574272588055,2.0,-0.4560865783691419,20.56864096615091
2025-01-15 22:00:00,1.226460446998323,6.125574272588055,16.0,-0.9801248931884778,20.043662109767137
2025-01-15 23:00:00,1.0367053740878136,6.430868167202571,22.0,-1.2467989349365247,19.7778764811726
2025-01-16 00:00:00,1.0787249432085075,5.847953216374269,2.0,-1.2002729797363294,19.83193531901855
2025-01-16 01:00:00,1.2769757506049213,6.430868167202571,28.0,-0.8868936920166028,20.145899951343676
2025-01-16 02:00:00,1.1310154130316974,6.125574272588055,2.0,-0.3726934814453138,20.644390396400468
2025-01-16 03:00:00,1.17456786617257,6.430868167202571,2.0,0.22673660278320185,21.235697252498543
2025-01-16 04:00:00,1.0760858662676818,6.125574272588055,2.0,0.7663846588134753,21.7508999092297
2025-01-16 05:00:00,0.9588251173145603,5.847953216374269,2.0,1.0648847198486315,22.046725876448132
2025-01-16 06:00:00,0.8081642088937506,5.594405594405594,2.0,1.0762372589111315,22.068156511275483
2025-01-16 07:00:00,0.7402209142354492,5.847953216374269,38.0,0.819935379028319,21.83033889153895
2025-01-16 08:00:00,0.7919958849551195,5.594405594405594,28.0,0.3616605377197253,21.378375977980035
2025-01-16 09:00:00,0.866524828765623,5.361930294906166,2.0,-0.1843256378173841,20.833397242691053
2025-01-16 10:00:00,0.9281414008833994,5.361930294906166,20.0,-0.6719240570068372,20.35470539739639
2025-01-16 11:00:00,0.7544528484598337,5.847953216374269,44.0,-0.9205889129638685,20.103084010448082
2025-01-16 12:00:00,0.6753482780929155,5.594405594405594,44.0,-0.8968290710449232,20.124870115822436
2025-01-16 13:00:00,0.6362738683974585,5.361930294906166,36.0,-0.5995745086669935,20.419526440419194
2025-01-16 14:00:00,0.5226707725054065,6.125574272588055,66.0,-0.09005683898925909,20.90167493603357
2025-01-16 15:00:00,0.5698515392804339,5.594405594405594,56.0,0.5024953460693347,21.494427366968306
2025-01-16 16:00:00,0.49276023661817225,5.361930294906166,58.0,1.0340924835205065,22.020345556404372
2025-01-16 17:00:00,0.422840591440401,5.361930294906166,50.0,1.3638845062255847,22.348118416718744
2025-01-16 18:00:00,0.44312455766609177,5.361930294906166,62.0,1.389799652099608,22.38672891704989
2025-01-16 19:00:00,0.4960265182981856,4.153686396677051,22.0,1.1352086639404284,22.157201535352222
2025-01-16 20:00:00,0.46673442667434845,4.597701149425287,64.0,0.685230789184569,21.70704944538465
2025-01-16 21:00:00,0.41180071265300205,4.767580452920143,70.0,0.07701927185058466,21.09307387335429
2025-01-16 22:00:00,0.39303587516548233,5.594405594405594,84.0,-0.5103277587890638,20.504596204079565
2025-01-16 23:00:00,0.3756217788931788,4.9504950495049505,84.0,-0.9527887725830091,20.071768797361734
2025-01-17 00:00:00,0.34700007876467653,5.361930294906166,90.0,-1.1208109283447278,19.91575853589836
2025-01-17 01:00:00,0.34081290242072715,5.148005148005149,90.0,-1.0084471130371107,20.023697173422917
2025-01-17 02:00:00,0.3328898820568316,10.695187165775401,96.0,-0.6508974456787122,20.37522563863239
2025-01-17 03:00:00,0.3140613724713408,10.695187165775401,90.0,-0.11539596557617315,20.893059888831676
2025-01-17 04:00:00,0.3168794675936677,10.695187165775401,90.0,0.44022422790527216,21.449149508155816
2025-01-17 05:00:00,0.2931550267333616,7.561436672967865,110.0,0.8760858154296862,21.884326008326664
2025-01-17 06:00:00,0.3302481943806013,9.876543209876544,108.0,1.0944390869140612,22.106277912608476
2025-01-17 07:00:00,0.35294630978500524,11.661807580174926,88.0,1.0396333312988268,22.043889442585073
2025-01-17 08:00:00,0.3643082877186084,11.661807580174926,98.0,0.735310134887694,21.74493918854871
2025-01-17 09:00:00,0.34307480402667123,10.695187165775401,82.0,0.24828010559081903,21.259055973354176
2025-01-17 10:00:00,0.34131736069852575,11.661807580174926,82.0,-0.2780317687988294,20.736834201367156
2025-01-17 11:00:00,0.31746721922510696,10.695187165775401,98.0,-0.6847204589843763,20.332466473048637
2025-01-17 12:00:00,0.32798781104535324,9.174311926605505,88.0,-0.8559088134765638,20.163336976570633
2025-01-17 13:00:00,0.39304322013260445,10.695187165775401,80.0,-0.7714800262451185,20.248503514827974
2025-01-17 14:00:00,0.30040823952022794,10.695187165775401,96.0,-0.4326452636718763,20.58460167786105
2025-01-17 15:00:00,0.8917067628415076,4.439511653718091,356.0,0.05323081970214716,21.07597353283597
2025-01-17 16:00:00,1.0977650081516919,4.9504950495049505,358.0,0.5993371582031237,21.620421582367708
2025-01-17 17:00:00,1.2461487210150357,5.847953216374269,356.0,1.036366043090819,22.057708502467204
2025-01-17 18:00:00,1.171548086789521,5.847953216374269,358.0,1.2615876770019518,22.282221238139975
2025-01-17 19:00:00,1.145573975460882,5.594405594405594,2.0,1.216032562255858,22.232008759916177
2025-01-17 20:00:00,1.313995972967392,5.594405594405594,2.0,0.9312158203124987,21.94864895134433
2025-01-17 21:00:00,1.0256628050240866,5.594405594405594,18.0,0.4276414489746081,21.447880691337875
2025-01-17 22:00:00,0.8716144342110985,5.361930294906166,24.0,-0.16966575622558722,20.85027602275184
2025-01-17 23:00:00,0.7645541216547379,5.148005148005149,36.0,-0.6921934509277357,20.33377124316233
2025-01-18 00:00:00,0.6409125610712191,5.148005148005149,46.0,-1.0229124450683607,19.995132425331615
2025-01-18 01:00:00,0.4999095757681353,5.148005148005149,62.0,-1.0944666290283216,19.926225675955354
2025-01-18 02:00:00,0.5811165643690136,4.767580452920143,54.0,-0.8988413238525403,20.1140926667126
2025-01-18 03:00:00,0.5244166233244638,4.9504950495049505,74.0,-0.5065054321289075,20.509511906523645
2025-01-18 04:00:00,0.5107276927474999,4.439511653718091,62.0,0.015989837646483096,21.03226016475798
2025-01-18 05:00:00,0.3943071273939145,8.565310492505352,114.0,0.5310807800292956,21.545438092408094
2025-01-18 06:00:00,0.4080680613249688,10.695187165775401,102.0,0.8868241882324206,21.89851100945388
2025-01-18 07:00:00,0.4138141954821185,7.561436672967865,118.0,1.0112939453124987,22.030810141983736
2025-01-18 08:00:00,0.4104771390343428,7.561436672967865,120.0,0.8803029632568347,21.89642819140526
2025-01-18 09:00:00,0.42584507592967646,7.561436672967865,116.0,0.5253205871582018,21.54691033337979
2025-01-18 10:00:00,0.44860597338437036,11.661807580174926,96.0,0.02607780456542841,21.04594318850971
2025-01-18 11:00:00,0.42614578234224876,10.695187165775401,90.0,-0.4508947753906263,20.57602061393614
2025-01-18 12:00:00,0.45582252398158024,5.361930294906166,118.0,-0.80760711669922,20.221331128462325
2025-01-18 13:00:00,0.49396269450707814,5.361930294906166,122.0,-0.9248403930664075,20.099915486996828
2025-01-18 14:00:00,0.5381376567006024,5.361930294906166,130.0,-0.7888159179687513,20.23931871974684
2025-01-18 15:00:00,0.8442274883000387,4.597701149425287,142.0,-0.4145082855224622,20.6066239607613
2025-01-18 16:00:00,0.8598448355898078,4.291845493562232,156.0,0.06548362731933466,21.086494314637715
2025-01-18 17:00:00,0.9980429119274856,4.767580452920143,164.0,0.5721898651123034,21.592973346820347
2025-01-18 18:00:00,0.9606205140333132,4.9504950495049505,164.0,0.9338098144531237,21.956566012978662
2025-01-18 19:00:00,0.9568165294414858,4.9504950495049505,154.0,1.1246171569824206,22.14441361420629
2025-01-18 20:00:00,0.9688826071888064,5.361930294906166,150.0,1.037230072021483,22.06056321878236
2025-01-18 21:00:00,1.0212938046944864,5.594405594405594,144.0,0.7177816009521472,21.73967925974192
2025-01-18 22:00:00,1.2042641725746237,5.594405594405594,144.0,0.2420182800292956,21.27066014605279
2025-01-18 23:00:00,1.2257899116359643,5.847953216374269,132.0,-0.2762941741943372,20.748412132500377
2025-01-19 00:00:00,1.5641084022879836,6.125574272588055,128.0,-0.7049002075195325,20.32344240107443
2025-01-19 01:00:00,1.6097469938790525,6.125574272588055,134.0,-0.9373316192626966,20.093459271369408
2025-01-19 02:00:00,1.6698007952739486,6.430868167202571,130.0,-0.9397863769531263,20.091158149494888
2025-01-19 03:00:00,1.5977656134250198,6.768189509306261,124.0,-0.6719545745849622,20.35723097982185
2025-01-19 04:00:00,1.4459826248067484,5.847953216374269,130.0,-0.24155944824218878,20.787837589995497
2025-01-19 05:00:00,1.4857023473674387,5.847953216374269,128.0,0.2823472595214831,21.308467786658582
2025-01-19 06:00:00,1.1391301347291676,5.847953216374269,130.0,0.7316804504394518,21.74982686903055
2025-01-19 07:00:00,1.1071466170418716,7.561436672967865,114.0,1.0336442565917956,22.04965629396074
2025-01-19 08:00:00,1.0371625956138368,7.561436672967865,112.0,1.0955434417724597,22.102854142233927
2025-01-19 09:00:00,1.1453459887269462,7.561436672967865,114.0,0.8998475646972643,21.90384669996123
2025-01-19 10:00:00,1.0058552165455543,7.561436672967865,114.0,0.5174127197265612,21.525082556869656
2025-01-19 11:00:00,0.9789146613140083,7.561436672967865,116.0,0.025074539184569034,21.03637854877438
2025-01-19 12:00:00,1.0461036830136923,7.142857142857142,112.0,-0.41767448425293097,20.600216795625762
2025-01-19 13:00:00,1.007772140993945,7.142857142857142,108.0,-0.7140497589111341,20.302260093777978
2025-01-19 14:00:00,0.9041530125300079,6.768189509306261,110.0,-0.8092722320556653,20.210984408294383
2025-01-19 15:00:00,0.9625188721208777,6.430868167202571,110.0,-0.621928634643556,20.399345595885936
2025-01-19 16:00:00,0.8017773258983356,6.768189509306261,118.0,-0.28192848205566534,20.738617413257764
2025-01-19 17:00:00,0.7584958590477521,6.430868167202571,106.0,0.17482810974120966,21.191761882728564
2025-01-19 18:00:00,0.8133124799238755,6.768189509306261,112.0,0.612965164184569,21.62402330954783
2025-01-19 19:00:00,0.86095254073824,6.430868167202571,114.0,0.93470245361328,21.93997022385484
2025-01-19 20:00:00,0.7827176707609079,9.876543209876544,114.0,1.0427938079833972,22.048793515466965
2025-01-19 21:00:00,0.8659370232906303,9.174311926605505,126.0,0.9056096649169909,21.916132428956935
2025-01-19 22:00:00,1.1003627127439202,9.876543209876544,122.0,0.5723519897460925,21.59236963961117
2025-01-19 23:00:00,1.0110132169958057,9.876543209876544,108.0,0.13285118103027216,21.15118699887771
2025-01-20 00:00:00,1.0571383231434968,9.174311926605505,110.0,-0.31148284912109503,20.713462853098253
2025-01-20 01:00:00,1.0722505786589251,9.174311926605505,102.0,-0.6591181182861341,20.367900283663918
2025-01-20 02:00:00,1.239630741829519,9.876543209876544,106.0,-0.7939142608642591,20.2383646534849
2025-01-20 03:00:00,1.232597254505661,10.695187165775401,108.0,-0.687337341308595,20.345883956038218
2025-01-20 04:00:00,1.513228186988089,9.876543209876544,104.0,-0.38898605346679815,20.636011774463284
2025-01-20 05:00:00,1.6739616671458066,4.597701149425287,30.0,0.05074554443359247,21.08889436999246
2025-01-20 06:00:00,2.05223074627145,10.695187165775401,112.0,0.5073323822021472,21.544638168072108
2025-01-20 07:00:00,2.868567703967361,5.594405594405594,20.0,0.8761220550537097,21.917336381327353
2025-01-20 08:00:00,2.438905904258725,7.142857142857142,32.0,1.0540986633300768,22.101087738184646
2025-01-20 09:00:00,2.3321847024444518,7.561436672967865,34.0,1.0253720855712878,22.064880413435617
2025-01-20 10:00:00,2.205742535492754,8.032128514056225,42.0,0.7506433105468737,21.78332094522736
2025-01-20 11:00:00,2.142986917005539,8.032128514056225,38.0,0.3286882019042956,21.361612297683823
2025-01-20 12:00:00,2.1146215349034363,8.032128514056225,40.0,-0.1885237121582044,20.84649760248849
2025-01-20 13:00:00,2.240538482222157,8.032128514056225,36.0,-0.6039595031738294,20.437366405356027
2025-01-20 14:00:00,2.2678342812583914,8.032128514056225,38.0,-0.8584875488281263,20.18013997725756
2025-01-20 15:00:00,2.156975330162598,7.561436672967865,38.0,-0.9097818756103528,20.13901388863899
2025-01-20 16:00:00,1.9986738967971855,8.032128514056225,46.0,-0.7081655883789075,20.331899256782368
2025-01-20 17:00:00,2.0071370746370634,8.032128514056225,44.0,-0.3829187774658216,20.64757547442889
2025-01-20 18:00:00,2.067796505459843,8.565310492505352,60.0,0.006647644042967471,21.041682072340087
2025-01-20 19:00:00,2.042223993916602,7.561436672967865,40.0,0.38477378845214716,21.42689961474661
2025-01-20 20:00:00,1.7385874195359903,8.032128514056225,56.0,0.6184640502929675,21.64679632577196
2025-01-20 21:00:00,1.6106136837458878,7.561436672967865,60.0,0.6492868041992175,21.679818731492947
2025-01-20 22:00:00,1.4680720709308412,8.032128514056225,66.0,0.4711785888671862,21.497880738753526
2025-01-20 23:00:00,1.2919104169656923,8.032128514056225,72.0,0.11665016174316278,21.143221328917697
2025-01-21 00:00:00,1.255332516689184,6.768189509306261,44.0,-0.32735389709472784,20.703513401768227
2025-01-21 01:00:00,1.1079475765811673,8.032128514056225,78.0,-0.7485346221923841,20.27846870268713
2025-01-21 02:00:00,1.0512957113489634,10.695187165775401,94.0,-1.058238449096681,19.97173358479417
2025-01-21 03:00:00,0.9771745066308363,10.695187165775401,92.0,-1.1746916198730482,19.84819474607376
2025-01-21 04:00:00,0.9664727658822533,10.695187165775401,90.0,-1.0362810516357435,19.986420575300734
2025-01-21 05:00:00,1.0037582034970582,10.695187165775401,98.0,-0.766795578002931,20.248912456793413
2025-01-21 06:00:00,0.9590538913988357,10.695187165775401,98.0,-0.3525423431396497,20.668258210307226
2025-01-21 07:00:00,0.8854843045735336,9.876543209876544,106.0,0.08575874328613153,21.109660451963105
2025-01-21 08:00:00,0.8790373795920229,10.695187165775401,100.0,0.4126134490966784,21.4303160188047
2025-01-21 09:00:00,0.8648035247952202,9.876543209876544,112.0,0.5840306854248034,21.604743658507935
2025-01-21 10:00:00,0.7965163412756235,10.695187165775401,100.0,0.5432115173339831,21.56354063289194
2025-01-21 11:00:00,0.7062712865755618,9.876543209876544,98.0,0.3072496032714831,21.323382725523647
2025-01-21 12:00:00,0.6255521952681962,10.695187165775401,92.0,-0.04287475585937628,20.97612013534107
2025-01-21 13:00:00,0.6702349611927805,10.695187165775401,92.0,-0.4443220520019544,20.577691941106785
2025-01-21 14:00:00,0.5987478808782329,9.876543209876544,94.0,-0.7717470550537122,20.25266430565845
2025-01-21 15:00:00,0.47131639488807137,10.695187165775401,92.0,-0.9220556640625013,20.10137037134013
2025-01-21 16:00:00,0.5264709356315567,9.876543209876544,102.0,-0.9095491790771497,20.11795525940442
2025-01-21 17:00:00,0.3875803991745536,10.695187165775401,92.0,-0.7117857360839857,20.31185799924048
2025-01-21 18:00:00,0.3648786931847373,9.876543209876544,102.0,-0.40060943603515753,20.625625744601127
2025-01-21 19:00:00,0.3949730070350998,10.695187165775401,96.0,-0.034303131103516904,20.98566582681997
2025-01-21 20:00:00,0.405622431739577,9.174311926605505,124.0,0.2992234802246081,21.321940358338807
2025-01-21 21:00:00,0.42992986396104443,9.174311926605505,114.0,0.4902349090576159,21.506020217100232
2025-01-21 22:00:00,0.40585485414519135,9.876543209876544,106.0,0.48898750305175653,21.507726062337365
2025-01-21 23:00:00,0.4656243748203001,9.876543209876544,106.0,0.31927925109863153,21.338728506615773
2025-01-22 00:00:00,0.4434440626769955,9.174311926605505,116.0,0.020191726684569034,21.039881463874185
2025-01-22 01:00:00,0.44073241533664925,9.174311926605505,106.0,-0.3570074462890638,20.663692327431946
2025-01-22 02:00:00,0.44251365799548664,9.876543209876544,96.0,-0.6835932159423841,20.342056194084304
2025-01-22 03:00:00,0.40901242642664115,9.174311926605505,104.0,-0.9212278747558607,20.100610159385546
2025-01-22 04:00:00,0.4046806072967545,9.876543209876544,102.0,-0.9277300262451185,20.090837411825824
2025-01-22 05:00:00,0.4256952181717965,9.876543209876544,102.0,-0.7783026123046888,20.245128537280447
2025-01-22 06:00:00,0.2863507478518288,9.174311926605505,96.0,-0.4662298583984388,20.555244645327562
2025-01-22 07:00:00,0.30108475445065735,9.876543209876544,94.0,-0.09564918518066534,20.926339753885465
2025-01-22 08:00:00,0.6407761835343997,4.0241448692152915,356.0,0.3135839080810534,21.336210172920428
2025-01-22 09:00:00,0.29439792660888076,9.174311926605505,114.0,0.5787282562255847,21.603563693430743
2025-01-22 10:00:00,0.3064412363054233,9.876543209876544,98.0,0.6996484374999987,21.719531030566195
2025-01-22 11:00:00,0.7414952313213254,4.291845493562232,356.0,0.6169801330566393,21.64018313504654
2025-01-22 12:00:00,0.7948631980595667,4.439511653718091,356.0,0.35409980773925653,21.376817965607536
2025-01-22 13:00:00,0.9476606845721715,4.291845493562232,356.0,-0.022981109619141904,21.003914646744818
2025-01-22 14:00:00,0.6802968498335545,5.148005148005149,2.0,-0.3895716094970716,20.638330862400444
2025-01-22 15:00:00,0.7928932546502558,5.361930294906166,2.0,-0.7125181579589857,20.32369971163593
2025-01-22 16:00:00,0.7969265940550841,5.361930294906166,2.0,-0.8382143402099622,20.192396336860288
2025-01-22 17:00:00,0.8550299846377688,5.594405594405594,26.0,-0.7929472351074232,20.241019669554387
2025-01-22 18:00:00,0.9730478919541715,5.361930294906166,2.0,-0.6063017272949232,20.422366830080563
2025-01-22 19:00:00,0.8475147006606539,5.361930294906166,2.0,-0.3222174072265638,20.708747485109114
2025-01-22 20:00:00,0.7027042096188673,5.361930294906166,2.0,0.036587295532225284,21.06197864418928
2025-01-22 21:00:00,0.6704880627299759,5.361930294906166,34.0,0.32864814758300653,21.355259743495875
2025-01-22 22:00:00,0.8077052654686279,6.125574272588055,64.0,0.4808068847656237,21.5004025913477
2025-01-22 23:00:00,0.8690544533903732,5.847953216374269,62.0,0.47129112243652216,21.490134493363353
2025-01-23 00:00:00,0.9324867859847573,6.125574272588055,74.0,0.2948327636718737,21.317125152577127
2025-01-23 01:00:00,0.8534596323208236,5.594405594405594,62.0,-0.009566726684571591,21.012674320126358
2025-01-23 02:00:00,0.7824659158833758,5.847953216374269,70.0,-0.38327545166015753,20.639595531715063
2025-01-23 03:00:00,0.7826709378580151,5.361930294906166,70.0,-0.6736120605468763,20.35351102649987
2025-01-23 04:00:00,0.7338003160867544,5.847953216374269,74.0,-0.839803161621095,20.178795861686712
2025-01-23 05:00:00,0.6836091937726937,6.125574272588055,80.0,-0.8298258209228528,20.19446277400909
2025-01-23 06:00:00,0.6411953315143736,6.125574272588055,80.0,-0.6502012634277357,20.373848594209335
2025-01-23 07:00:00,0.6529511402276547,5.594405594405594,78.0,-0.3080934906005872,20.71309406864695
2025-01-23 08:00:00,0.7100407735852823,5.361930294906166,68.0,0.07317787170410028,21.095029565743168
2025-01-23 09:00:00,0.6744834042788127,7.142857142857142,92.0,0.4426866149902331,21.463124808954166
2025-01-23 10:00:00,0.7022615742410008,6.768189509306261,84.0,0.677235183715819,21.692534034601458
2025-01-23 11:00:00,0.7392014962656944,7.142857142857142,92.0,0.7271676635742175,21.74063017270945
2025-01-23 12:00:00,0.7355717169268117,8.032128514056225,98.0,0.6010575866699206,21.615784836135752
2025-01-23 13:00:00,0.7422317308299519,7.142857142857142,90.0,0.3175778961181628,21.334469567323104
2025-01-23 14:00:00,0.7794265981058109,7.561436672967865,94.0,-0.07710212707519659,20.939220803539527
2025-01-23 15:00:00,0.6717975833800719,7.561436672967865,88.0,-0.47095436096191534,20.54501903813969
2025-01-23 16:00:00,0.7054723419718301,7.561436672967865,90.0,-0.76872772216797,20.251409374290844
2025-01-23 17:00:00,0.6506630986146733,7.142857142857142,92.0,-0.9279798889160169,20.09682133728975
2025-01-23 18:00:00,0.673032540666616,7.142857142857142,84.0,-0.8860315704345716,20.13535902025336
2025-01-23 19:00:00,0.731890612758724,6.430868167202571,90.0,-0.6849665069580091,20.334832237748625
2025-01-23 20:00:00,0.7958249973747021,5.148005148005149,104.0,-0.37298149108886847,20.647799820786165
2025-01-23 21:00:00,0.8371095630921346,5.847953216374269,112.0,-0.007092895507813779,21.01405315199772
2025-01-23 22:00:00,0.9251494829946089,6.125574272588055,102.0,0.27330833435058466,21.298677289147044
2025-01-23 23:00:00,0.9153326136651629,6.125574272588055,104.0,0.4458642578124987,21.468089657396828
2025-01-24 00:00:00,0.8872116756187625,5.847953216374269,112.0,0.47293525695800653,21.493830702421782
2025-01-24 01:00:00,0.8063351668035943,5.847953216374269,112.0,0.30112129211425653,21.322823582481558
2025-01-24 02:00:00,0.7263471864809289,5.594405594405594,108.0,0.02079826354980341,21.03972908693195
2025-01-24 03:00:00,0.6679347210835677,5.847953216374269,114.0,-0.3348211669921888,20.689292749171404
2025-01-24 04:00:00,0.6690596039774186,5.594405594405594,116.0,-0.5954412841796888,20.424249458598762
2025-01-24 05:00:00,0.6026195286501996,6.125574272588055,100.0,-0.7494329833984388,20.276256124214733
2025-01-24 06:00:00,0.6013127585581393,5.361930294906166,112.0,-0.7116064453125013,20.314347672142144
2025-01-24 07:00:00,0.5819299992389451,5.361930294906166,86.0,-0.5052179718017591,20.51836484337804
2025-01-24 08:00:00,0.6392405926203283,5.361930294906166,32.0,-0.19090980529785284,20.83053071197195
2025-01-24 09:00:00,0.6134011911978534,5.361930294906166,2.0,0.19513755798339716,21.21942605814516
2025-01-24 10:00:00,0.6099208651073438,11.661807580174926,90.0,0.5301728820800768,21.55240716635533
2025-01-24 11:00:00,0.6352456387132653,5.594405594405594,2.0,0.73841339111328,21.762686087245168
2025-01-24 12:00:00,0.7879146752326284,5.361930294906166,2.0,0.7813420867919909,21.799536936348513
2025-01-24 13:00:00,0.765934910085975,5.361930294906166,2.0,0.6321874237060534,21.65253842184963
2025-01-24 14:00:00,0.6712433187969971,5.361930294906166,2.0,0.3296228027343737,21.349083607533128
2025-01-24 15:00:00,0.6525633892223313,5.148005148005149,2.0,-0.07632392883300909,20.946916005086816
2025-01-24 16:00:00,0.6054787494506092,5.148005148005149,2.0,-0.46227401733398565,20.56135286633698
2025-01-24 17:00:00,0.5180245797534877,5.148005148005149,2.0,-0.7689489746093763,20.261944704779705
2025-01-24 18:00:00,0.5257425235006616,11.661807580174926,92.0,-0.916463317871095,20.113482253659214
2025-01-24 19:00:00,0.4825422833073327,9.876543209876544,86.0,-0.8848223114013685,20.14479635782897
2025-01-24 20:00:00,0.6007328428875519,9.876543209876544,90.0,-0.6708216094970716,20.354943719050965
2025-01-24 21:00:00,0.5683250016306199,9.876543209876544,102.0,-0.36736053466797003,20.65362234672119
2025-01-24 22:00:00,0.588475799811198,9.876543209876544,94.0,-0.019710006713868466,20.99700952856758
2025-01-24 23:00:00,0.5524755391264539,9.876543209876544,96.0,0.24785667419433466,21.266013620001996
2025-01-25 00:00:00,0.5482360363474679,9.174311926605505,96.0,0.41617256164550653,21.438656220327626
2025-01-25 01:00:00,0.38544925810935515,9.174311926605505,96.0,0.40494590759277216,21.43200931982396
2025-01-25 02:00:00,0.39238034002830574,9.174311926605505,94.0,0.23499542236327997,21.26019589121235
2025-01-25 03:00:00,0.46994706176197576,5.361930294906166,26.0,-0.062081756591798154,20.960569974117554
2025-01-25 04:00:00,0.8695328178853975,5.361930294906166,20.0,-0.3704256439208997,20.65179595799549
2025-01-25 05:00:00,0.7771949958241641,5.594405594405594,16.0,-0.6241583251953138,20.39899487586832
2025-01-25 06:00:00,0.7600189047710547,5.594405594405594,2.0,-0.7484602355957044,20.28117511202403
2025-01-25 07:00:00,0.7431010484183777,5.361930294906166,2.0,-0.6809477233886732,20.343099246871112
2025-01-25 08:00:00,0.7717306544832991,5.594405594405594,24.0,-0.45252365112304815,20.57756585204889
2025-01-25 09:00:00,0.8626229289406021,5.361930294906166,2.0,-0.08355278015136847,20.93948362324163
2025-01-25 10:00:00,0.8608001351312841,5.594405594405594,16.0,0.30809455871581903,21.3360764017373
2025-01-25 11:00:00,0.9107127792684888,5.594405594405594,20.0,0.6565728759765612,21.675451155244776
2025-01-25 12:00:00,0.8293814780653926,5.594405594405594,2.0,0.86280303955078,21.887113111058433
2025-01-25 13:00:00,0.77008964273146,5.361930294906166,2.0,0.8763452148437487,21.895667921399347
2025-01-25 14:00:00,0.7233841496903874,4.9504950495049505,2.0,0.6911588287353503,21.710641921572584
2025-01-25 15:00:00,0.6931523733219365,5.148005148005149,2.0,0.3201718902587878,21.34856531359055
2025-01-25 16:00:00,0.5911083863305665,5.148005148005149,2.0,-0.12427658081054815,20.898409432402094
2025-01-25 17:00:00,0.6058497902431943,5.361930294906166,24.0,-0.5605615997314466,20.462983870265493
2025-01-25 18:00:00,0.5108903358938726,5.361930294906166,2.0,-0.91106170654297,20.114880784911023
2025-01-25 19:00:00,0.46478926541616644,4.597701149425287,2.0,-1.0611700439453138,19.969868818065528
2025-01-25 20:00:00,0.2988223656076558,5.361930294906166,44.0,-0.9910292053222669,20.0368626865922
2025-01-25 21:00:00,0.3976237414102666,4.153686396677051,356.0,-0.7800058746337903,20.248808561423267
2025-01-25 22:00:00,0.4416557324889213,4.153686396677051,356.0,-0.4541487121582044,20.568770373846338
2025-01-25 23:00:00,0.21884327452451463,8.032128514056225,122.0,-0.07059997558593878,20.950642620050402
2025-01-26 00:00:00,0.22496347964149,9.174311926605505,122.0,0.25973945617675653,21.276548697914556
2025-01-26 01:00:00,0.40037484792878736,4.291845493562232,136.0,0.4283586120605456,21.44652472825588
2025-01-26 02:00:00,0.4162962554605695,8.565310492505352,120.0,0.38860565185546747,21.405854619625668
2025-01-26 03:00:00,0.37755825579726654,8.032128514056225,122.0,0.19716316223144403,21.21342102390902
2025-01-26 04:00:00,0.3489539077564358,6.768189509306261,128.0,-0.11906188964843878,20.900808430325117
2025-01-26 05:00:00,0.33193258063189923,10.695187165775401,114.0,-0.47914833068847784,20.547564752277907
2025-01-26 06:00:00,0.17301355208104,9.876543209876544,106.0,-0.7521795654296888,20.26826077496441
2025-01-26 07:00:00,0.17072239498481306,9.876543209876544,114.0,-0.8667368316650403,20.155283201703703
2025-01-26 08:00:00,0.3143412309936662,5.361930294906166,130.0,-0.7739405059814466,20.248739719750162
2025-01-26 09:00:00,0.32160480161362986,5.847953216374269,132.0,-0.4918188476562513,20.527186812011397
2025-01-26 10:00:00,0.2549789640019878,6.125574272588055,138.0,-0.11308616638183722,20.904594439085816
2025-01-26 11:00:00,0.23596377249474892,6.125574272588055,134.0,0.34466987609863153,21.36171816905362
2025-01-26 12:00:00,0.23344812384374264,8.565310492505352,136.0,0.7151227569580065,21.731182600505782
2025-01-26 13:00:00,0.39532356531136575,9.174311926605505,136.0,0.9264817810058581,21.95477162453752
2025-01-26 14:00:00,0.42715867921336004,4.0241448692152915,134.0,0.9248738861083972,21.955702090292032
2025-01-26 15:00:00,0.4754182775496857,4.439511653718091,154.0,0.7083001708984362,21.739648186407294
2025-01-26 16:00:00,0.4396655798449427,5.148005148005149,136.0,0.32247215270995966,21.348051189024158
2025-01-26 17:00:00,0.23831737552519947,7.561436672967865,122.0,-0.1695570373535169,20.85518309385753
2025-01-26 18:00:00,0.23504780012002227,5.361930294906166,120.0,-0.6473612213134778,20.382668272182286
2025-01-26 19:00:00,0.24864300762745545,5.361930294906166,116.0,-0.9959806823730482,20.046123393489136
2025-01-26 20:00:00,0.3579823897926609,5.361930294906166,106.0,-1.127105178833009,19.91357587947013
2025-01-26 21:00:00,0.3433610642297989,5.594405594405594,28.0,-1.0454382324218763,19.98861526345933
2025-01-26 22:00:00,0.395598999837627,5.847953216374269,14.0,-0.78868621826172,20.252599152950403
2025-01-26 23:00:00,0.439463296397684,5.594405594405594,2.0,-0.41586822509765753,20.630212986899235
2025-01-27 00:00:00,0.4223770731192772,5.594405594405594,2.0,-0.003426971435548154,21.02811824420344
2025-01-27 01:00:00,0.660449314324906,5.594405594405594,356.0,0.3215470886230456,21.349110807482706
2025-01-27 02:00:00,0.6126879437277697,6.125574272588055,2.0,0.4792295074462878,21.50223635726245
2025-01-27 03:00:00,0.623114957949587,5.847953216374269,2.0,0.43378311157226435,21.45827862758686
2025-01-27 04:00:00,0.43568532150528994,5.594405594405594,0.0,0.22288948059081903,21.244632539235276
2025-01-27 05:00:00,0.4847380757883864,8.032128514056225,2.0,-0.11906951904297003,20.908558860523755
2025-01-27 06:00:00,0.3480868267173604,5.361930294906166,30.0,-0.4714025878906263,20.55065287825895
2025-01-27 07:00:00,0.3992424957020221,5.148005148005149,2.0,-0.7378858947753919,20.283960050448783
2025-01-27 08:00:00,0.4121952362208944,4.291845493562232,356.0,-0.8123087310791028,20.21350343819116
2025-01-27 09:00:00,0.3108624449413619,5.148005148005149,2.0,-0.6718630218505872,20.352146020892878
2025-01-27 10:00:00,0.4283455816930986,4.767580452920143,356.0,-0.3742250823974622,20.654726920877433
2025-01-27 11:00:00,0.4261865871354656,4.767580452920143,356.0,0.06448036193847528,21.086663053109863
2025-01-27 12:00:00,0.2385980616819851,7.561436672967865,124.0,0.5383458709716784,21.556567808769167
2025-01-27 13:00:00,0.2374235662629186,6.768189509306261,122.0,0.9062619781494128,21.926122865806136
2025-01-27 14:00:00,0.39945583128384005,7.142857142857142,126.0,1.0784116363525378,22.09524932836687
2025-01-27 15:00:00,0.40937577510436235,7.561436672967865,128.0,1.0103364562988268,22.039958819835302
2025-01-27 16:00:00,0.3812137535902265,7.142857142857142,126.0,0.7328343963623034,21.752969166799677
2025-01-27 17:00:00,0.37952738175827916,7.561436672967865,132.0,0.25745254516601435,21.27887093945498
2025-01-27 18:00:00,0.3593269477466132,8.032128514056225,120.0,-0.2930731201171888,20.730789694623354
2025-01-27 19:00:00,0.21107624014519696,8.032128514056225,114.0,-0.7776216888427747,20.246941340516276
2025-01-27 20:00:00,0.23684447456967964,5.148005148005149,126.0,-1.092988433837892,19.932710099981268
2025-01-27 21:00:00,0.5383842980116769,2.9962546816479403,62.0,-1.1564478302001966,19.869735906539262
2025-01-27 22:00:00,0.30167287670107,5.361930294906166,140.0,-1.0119871520996107,20.016658026536124
2025-01-27 23:00:00,0.518470561070898,3.9024390243902443,148.0,-0.6470198059082044,20.376614374484014
2025-01-28 00:00:00,0.6194269029635298,4.291845493562232,146.0,-0.16834396362304815,20.853313340332104
2025-01-28 01:00:00,0.644479944207688,4.597701149425287,152.0,0.28663116455077997,21.31027965077193
2025-01-28 02:00:00,0.6877994731784421,4.767580452920143,146.0,0.5997739410400378,21.62382876259279
2025-01-28 03:00:00,0.6792653349488209,4.767580452920143,142.0,0.7005525207519518,21.72348864197569
2025-01-28 04:00:00,0.8395082548091441,5.361930294906166,150.0,0.5957360839843737,21.621947652081573
2025-01-28 05:00:00,0.9065312036028502,5.594405594405594,142.0,0.2728753662109362,21.299127781204255
2025-01-28 06:00:00,0.8385416928209682,6.768189509306261,136.0,-0.1471094512939466,20.88047694922919
2025-01-28 07:00:00,0.720862415820278,7.142857142857142,128.0,-0.5745558166503919,20.457703906843715
2025-01-28 08:00:00,0.6090409299533132,5.148005148005149,142.0,-0.8410391235351575,20.18815673761811
2025-01-28 09:00:00,0.5167318893436936,5.594405594405594,126.0,-0.8815283203125013,20.14578606651954
2025-01-28 10:00:00,0.47753881552898175,4.439511653718091,140.0,-0.6706690216064466,20.348235279105367
2025-01-28 11:00:00,0.4755835533393296,5.361930294906166,116.0,-0.26605934143066534,20.75603394970331
2025-01-28 12:00:00,0.47173240699115343,4.597701149425287,138.0,0.2531610107421862,21.274257529277232
2025-01-28 13:00:00,0.4596283144459486,5.594405594405594,118.0,0.7706132507324206,21.787714351983638
2025-01-28 14:00:00,0.4822358314636755,5.148005148005149,132.0,1.123961029052733,22.143637599722254
2025-01-28 15:00:00,0.493903578964585,7.561436672967865,122.0,1.2264237976074206,22.244477128830795
2025-01-28 16:00:00,0.5544183082284183,8.565310492505352,118.0,1.0552526092529284,22.081241519029128
2025-01-28 17:00:00,0.6215923444449204,9.174311926605505,108.0,0.6709828948974597,21.69329856934128
2025-01-28 18:00:00,0.7024683757004891,2.386634844868735,50.0,0.07731300354003778,21.101666473705947
2025-01-28 19:00:00,0.7030202902991255,6.430868167202571,2.0,-0.5239042663574232,20.50049166873095
2025-01-28 20:00:00,0.743987541605517,4.439511653718091,356.0,-0.996104660034181,20.03239735072331
2025-01-28 21:00:00,0.7044671986203758,7.142857142857142,22.0,-1.287352981567384,19.742862053523318
2025-01-28 22:00:00,1.0003102814211302,6.768189509306261,14.0,-1.2753366851806653,19.75482567119897
2025-01-28 23:00:00,0.795054324068852,7.142857142857142,22.0,-1.0424856567382825,19.987906854751998
2025-01-29 00:00:00,0.8381976997321287,7.142857142857142,22.0,-0.5911745452880872,20.432122362295264
2025-01-29 01:00:00,0.8655815249583203,7.142857142857142,2.0,-0.06962341308593878,20.957349163239087
2025-01-29 02:00:00,0.7823644122846894,6.768189509306261,20.0,0.40915924072265497,21.434794346943466
2025-01-29 03:00:00,0.8386813744192303,6.125574272588055,10.0,0.7442899322509753,21.762226128623862
2025-01-29 04:00:00,0.9037524330972088,5.847953216374269,2.0,0.8447518920898425,21.851953061153512
2025-01-29 05:00:00,0.8408498340894511,5.594405594405594,2.0,0.6802182769775378,21.698949757870384
2025-01-29 06:00:00,0.614457976799202,5.361930294906166,2.0,0.32619148254394403,21.344625202496793
2025-01-29 07:00:00,0.5933167598311865,5.361930294906166,2.0,-0.12095016479492315,20.902709613719296
2025-01-29 08:00:00,0.7950820363963472,2.9962546816479403,54.0,-0.5341963195800794,20.496760432186093
2025-01-29 09:00:00,0.9938009243909234,3.7878787878787876,158.0,-0.7680124664306653,20.2639042315177
2025-01-29 10:00:00,1.0279469155619558,4.439511653718091,144.0,-0.746846618652345,20.284871400560025
2025-01-29 11:00:00,0.5567821260469931,5.361930294906166,138.0,-0.4662451171875013,20.56581136954057
2025-01-29 12:00:00,0.8639737232246933,4.767580452920143,136.0,-0.000710906982423154,21.02006235959892
2025-01-29 13:00:00,0.7995689850810981,4.767580452920143,140.0,0.5440240478515612,21.566070411402027
2025-01-29 14:00:00,0.6656685282733689,4.9504950495049505,138.0,1.0502839660644518,22.068826657464164
2025-01-29 15:00:00,0.640297005421054,4.9504950495049505,136.0,1.3849416351318347,22.401841759524654
2025-01-29 16:00:00,0.741564565010467,5.594405594405594,126.0,1.4267907714843737,22.44142481718282
2025-01-29 17:00:00,0.6939255730849472,5.594405594405594,134.0,1.1978364562988268,22.21519048839199
2025-01-29 18:00:00,0.7741824501782117,6.768189509306261,134.0,0.7070642089843737,21.727682830433324
2025-01-29 19:00:00,0.7219208147846901,8.032128514056225,118.0,0.07701354980468622,21.105106015584944
2025-01-29 20:00:00,0.6229867212039979,6.768189509306261,120.0,-0.5455870056152357,20.481172607288343
2025-01-29 21:00:00,0.5579780130541263,5.847953216374269,128.0,-1.016154708862306,20.009192319762136
2025-01-29 22:00:00,0.46631781158026503,5.361930294906166,108.0,-1.2458071136474622,19.780334208054434
2025-01-29 23:00:00,0.5496724201801655,9.174311926605505,98.0,-1.1396669769287122,19.88860518030447
2025-01-30 00:00:00,0.6117105739164176,9.876543209876544,108.0,-0.8020796203613294,20.2238747528882
2025-01-30 01:00:00,0.9024219285192874,4.153686396677051,340.0,-0.30847877502441534,20.72080217205735
2025-01-30 02:00:00,0.9410496504083885,6.430868167202571,2.0,0.2611661529541003,21.29373571844281
2025-01-30 03:00:00,0.9302268290090604,7.142857142857142,4.0,0.7302575683593737,21.754494855711062
2025-01-30 04:00:00,0.8362420878372984,7.561436672967865,2.0,0.9481492614746081,21.974026188982165
2025-01-30 05:00:00,0.9118642389905816,6.768189509306261,2.0,0.9298368072509753,21.954236819601373
2025-01-30 06:00:00,1.5113110657298354,6.430868167202571,12.0,0.5590787506103503,21.590700649788698
2025-01-30 07:00:00,2.091696971186004,8.032128514056225,16.0,0.05806976318359247,21.103748596774395
2025-01-30 08:00:00,1.982681687822092,8.032128514056225,24.0,-0.5087408447265638,20.530716055599136
2025-01-30 09:00:00,1.3448880188897676,7.142857142857142,2.0,-0.9530577087402357,20.083430826275233
2025-01-30 10:00:00,1.3873326754730941,7.142857142857142,22.0,-1.1988081359863294,19.834264861839298
2025-01-30 11:00:00,1.3813869079828622,7.142857142857142,20.0,-1.0989107513427747,19.936177090620546
2025-01-30 12:00:00,1.3674711237597426,6.768189509306261,22.0,-0.7542814636230482,20.285408066525505
2025-01-30 13:00:00,1.3725703051750835,6.430868167202571,2.0,-0.1924299621582044,20.836382837049314
2025-01-30 14:00:00,1.3256247165788053,6.768189509306261,16.0,0.42824607849120966,21.458038484200124
2025-01-30 15:00:00,1.1975332214208663,6.768189509306261,18.0,0.9667745208740222,21.993807629306286
2025-01-30 16:00:00,1.0983809875737147,6.430868167202571,12.0,1.271565017700194,22.296789885973105
2025-01-30 17:00:00,0.9417767045222069,6.768189509306261,24.0,1.2614675140380847,22.28885717486349
2025-01-30 18:00:00,0.8571970035193827,6.768189509306261,26.0,0.9478726959228503,21.965054240850975
2025-01-30 19:00:00,0.8601912980801637,6.430868167202571,28.0,0.3883348083496081,21.413503816435693
2025-01-30 20:00:00,0.7917685573017794,6.125574272588055,36.0,-0.2804121398925794,20.744898894547596
2025-01-30 21:00:00,0.7090281311536171,6.125574272588055,26.0,-0.9170202636718763,20.108406137932604
2025-01-30 22:00:00,0.6497218715715927,6.125574272588055,44.0,-1.3434214019775403,19.679843418371007
2025-01-30 23:00:00,0.6318543436242527,5.847953216374269,38.0,-1.467122497558595,19.557474684286532
2025-01-31 00:00:00,0.5364276953930438,5.361930294906166,24.0,-1.3018049621582044,19.717153518455884
2025-01-31 01:00:00,0.5707456152609378,5.148005148005149,2.0,-0.8831133270263685,20.13569372057272
2025-01-31 02:00:00,0.6014753207694896,6.125574272588055,38.0,-0.3246340179443372,20.697127328338187
2025-01-31 03:00:00,0.6465969943433413,5.361930294906166,16.0,0.26097541809081903,21.27673287987955
2025-01-31 04:00:00,0.5553184587761661,5.594405594405594,34.0,0.6881070709228503,21.69905557845228
2025-01-31 05:00:00,0.5119819977555011,5.847953216374269,32.0,0.8699727630615222,21.878019778736046
2025-01-31 06:00:00,0.40455398853117625,9.876543209876544,118.0,0.7384896850585925,21.744343042204534
2025-01-31 07:00:00,0.39404579228483233,7.561436672967865,108.0,0.3670220947265612,21.380423532524524
2025-01-31 08:00:00,0.6849663650852058,3.6798528058877644,116.0,-0.2057489776611341,20.822821493001523
2025-01-31 09:00:00,0.8435569139313838,4.291845493562232,152.0,-0.748210372924806,20.28358276991739
2025-01-31 10:00:00,0.49251499839493806,5.148005148005149,140.0,-1.1727022552490247,19.866539952382176
2025-01-31 11:00:00,0.5826264373629662,5.361930294906166,138.0,-1.299388351440431,19.73682551583896
2025-01-31 12:00:00,0.5529377139161678,5.594405594405594,128.0,-1.1434664154052747,19.887062381825693
2025-01-31 13:00:00,0.744557856717571,4.767580452920143,150.0,-0.6835016632080091,20.34624041317098
2025-01-31 14:00:00,0.7962393340482787,5.594405594405594,138.0,-0.07668251037597784,20.945475300207246
2025-01-31 15:00:00,0.8661375472501425,6.125574272588055,144.0,0.5606351470947253,21.58457837750131
2025-01-31 16:00:00,0.8821294549385755,5.847953216374269,148.0,1.0752912139892565,22.095142465329
2025-01-31 17:00:00,0.9346475119349232,6.430868167202571,144.0,1.3042970275878893,22.317932387705522
2025-01-31 18:00:00,0.9711176229370826,6.125574272588055,150.0,1.1868920898437487,22.19858832175878
2025-01-31 19:00:00,0.800411369319273,6.125574272588055,148.0,0.8022275543212878,21.82264252895258
2025-01-31 20:00:00,0.8488932652502313,6.430868167202571,142.0,0.21946960449218622,21.237514769088598
2025-01-31 21:00:00,0.6730729261546236,6.430868167202571,138.0,-0.4456800842285169,20.57570131607299
2025-01-31 22:00:00,0.7400001304510928,6.430868167202571,126.0,-1.039918365478517,19.984083940929352
2025-01-31 23:00:00,0.6644526401816714,5.594405594405594,130.0,-1.37010711669922,19.650180066049117
2025-02-01 00:00:00,0.70161765005629,6.125574272588055,116.0,-1.3687414550781263,19.648918658496093
2025-02-01 01:00:00,0.5571901076484393,5.847953216374269,124.0,-1.046019973754884,19.979889470529685
2025-02-01 02:00:00,0.4977250164353194,6.125574272588055,122.0,-0.4884066009521497,20.530219645420264
2025-02-01 03:00:00,0.4779748556556272,7.142857142857142,114.0,0.1638036346435534,21.185683823839913
2025-02-01 04:00:00,0.5914911856030135,6.430868167202571,124.0,0.8254418945312487,21.83313273769762
2025-02-01 05:00:00,0.7382709618516778,6.125574272588055,128.0,1.211994705200194,22.23141075748637
2025-02-01 06:00:00,0.8840556325737787,6.430868167202571,120.0,1.2905927276611315,22.313486358223233
2025-02-01 07:00:00,1.0397830517484916,7.142857142857142,116.0,1.0853353118896472,22.11294736588129
2025-02-01 08:00:00,1.1303281121044406,4.0241448692152915,56.0,0.615040359497069,21.648098102364884
2025-02-01 09:00:00,0.8327974034619864,8.565310492505352,108.0,0.002535400390623721,21.040736319255494
2025-02-01 10:00:00,1.308959970746121,4.439511653718091,74.0,-0.6007055664062513,20.439317863361115
2025-02-01 11:00:00,1.5143449742143091,4.597701149425287,60.0,-0.9690164947509778,20.07219523400978
2025-02-01 12:00:00,1.8950994086425994,5.847953216374269,60.0,-1.0333017730712903,20.013879431979507
2025-02-01 13:00:00,2.3702000549270466,6.430868167202571,46.0,-0.8444666290283216,20.216307317905684
2025-02-01 14:00:00,2.8255904042415287,7.142857142857142,42.0,-0.36722892761230597,20.70847684649122
2025-02-01 15:00:00,2.9938014350518833,7.561436672967865,40.0,0.25089126586913935,21.341872787554806
2025-02-01 16:00:00,3.1697191208770454,8.032128514056225,46.0,0.8020158386230456,21.930348799181726
2025-02-01 17:00:00,3.0835161935742046,8.565310492505352,54.0,1.263273773193358,22.38196383822302
2025-02-01 18:00:00,3.2739856734357593,8.565310492505352,52.0,1.3829694366455065,22.496941751148935
2025-02-01 19:00:00,3.001242876471027,8.032128514056225,54.0,1.1926694488525378,22.28319022911015
2025-02-01 20:00:00,2.5369464519746865,8.565310492505352,64.0,0.7902036285400378,21.84402812242094
2025-02-01 21:00:00,2.505958894131347,8.032128514056225,60.0,0.16161399841308466,21.21299521273475
2025-02-01 22:00:00,2.212720482892207,8.565310492505352,68.0,-0.518413009643556,20.53806787830276
2025-02-01 23:00:00,2.390053325777262,8.032128514056225,66.0,-1.0416082763671888,20.011505780671584
2025-02-02 00:00:00,1.954536755528309,8.032128514056225,64.0,-1.2840189361572278,19.760429269444863
2025-02-02 01:00:00,2.205058224670944,8.565310492505352,60.0,-1.224080505371095,19.83456182821566
2025-02-02 02:00:00,2.3925621496431693,8.565310492505352,64.0,-0.8738932037353528,20.18496010801816
2025-02-02 03:00:00,2.283802230472109,8.032128514056225,56.0,-0.3273901367187513,20.718860179286708
2025-02-02 04:00:00,2.3207118372763764,7.561436672967865,60.0,0.32120376586913935,21.36602917552946
2025-02-02 05:00:00,2.0900422157367946,7.142857142857142,40.0,0.8415494537353503,21.89112204276457
2025-02-02 06:00:00,2.096658472090679,7.142857142857142,38.0,1.123871383666991,22.165603492652288
2025-02-02 07:00:00,2.1638900223455013,8.032128514056225,68.0,1.101440963745116,22.139219967680564
2025-02-02 08:00:00,2.0334538707022687,8.032128514056225,68.0,0.791910705566405,21.830378415081135
2025-02-02 09:00:00,1.8934159145567526,7.561436672967865,58.0,0.25585037231445185,21.28487596865122
2025-02-02 10:00:00,1.8292500755598717,7.561436672967865,62.0,-0.3875154876708997,20.65299506515114
2025-02-02 11:00:00,1.8084116261641303,7.561436672967865,68.0,-0.96275848388672,20.074977062398386
2025-02-02 12:00:00,1.5504259041631527,6.768189509306261,52.0,-1.3002180480957044,19.740811811813604
2025-02-02 13:00:00,1.3351541699046905,7.142857142857142,68.0,-1.3402151489257825,19.704426031196512
2025-02-02 14:00:00,1.2247951472012828,6.768189509306261,64.0,-1.0575937652587903,19.97586444903941
2025-02-02 15:00:00,1.205142812283807,6.768189509306261,66.0,-0.5631861114501966,20.479224769364937
2025-02-02 16:00:00,1.260994036774152,7.561436672967865,78.0,0.06273704528808466,21.092754861611887
2025-02-02 17:00:00,1.3199877231936712,7.561436672967865,86.0,0.6352048492431628,21.660212094155415
2025-02-02 18:00:00,1.3024105030588564,6.125574272588055,62.0,1.0204835510253893,22.04731530886667
2025-02-02 19:00:00,1.2386520551874307,8.032128514056225,84.0,1.1215119934082018,22.14729679203305
2025-02-02 20:00:00,1.145375845690004,8.032128514056225,88.0,0.909077224731444,21.93315108859816
2025-02-02 21:00:00,1.0930382012800155,7.561436672967865,70.0,0.4466539001464831,21.47121526060054
2025-02-02 22:00:00,1.0021405910410393,7.561436672967865,74.0,-0.1536421203613294,20.877464825439255
2025-02-02 23:00:00,0.9244530367666849,7.142857142857142,80.0,-0.7814325714111341,20.25458846443751
2025-02-03 00:00:00,0.8780178750590597,6.768189509306261,80.0,-1.211619796752931,19.83128613760437
2025-02-03 01:00:00,0.8685076018795831,6.768189509306261,80.0,-1.3677400970458997,19.674162987598496
2025-02-03 02:00:00,0.8768011963048329,7.561436672967865,84.0,-1.1851972961425794,19.85270376739612
2025-02-03 03:00:00,1.1992725278544951,7.142857142857142,82.0,-0.7732862854003919,20.262314446002964
2025-02-03 04:00:00,1.3374757879706265,4.597701149425287,120.0,-0.17076438903808722,20.86271864191504
2025-02-03 05:00:00,1.3358923527540152,5.361930294906166,110.0,0.43549209594726435,21.471511194516236
2025-02-03 06:00:00,1.3938165458036413,5.594405594405594,102.0,0.9422326660156237,21.97376742037697
2025-02-03 07:00:00,1.3561446907125487,5.847953216374269,102.0,1.192017135620116,22.222615749505167
2025-02-03 08:00:00,1.3097119118920024,6.125574272588055,106.0,1.103516159057616,22.135180094103532
2025-02-03 09:00:00,1.053481275691678,6.125574272588055,110.0,0.766041336059569,21.799709929641665
2025-02-03 10:00:00,1.015833088713818,6.125574272588055,112.0,0.2056260681152331,21.230914213188914
2025-02-03 11:00:00,1.064723666792343,6.430868167202571,108.0,-0.44043678283691534,20.59481747501122
2025-02-03 12:00:00,1.0031575790186191,6.125574272588055,114.0,-0.9673246765136732,20.055737787148274
2025-02-03 13:00:00,0.9293515054004076,6.125574272588055,112.0,-1.2557558441162122,19.77334275790454
2025-02-03 14:00:00,0.8302108338177644,5.847953216374269,108.0,-1.2417578125000013,19.79045625104879
2025-02-03 15:00:00,0.8641647827238643,5.594405594405594,118.0,-0.9396795654296888,20.089561585929484
2025-02-03 16:00:00,0.8600453811624734,5.847953216374269,110.0,-0.44051116943359503,20.583266473807356
2025-02-03 17:00:00,0.6914264621058764,5.594405594405594,104.0,0.1688829040527331,21.184388865917114
2025-02-03 18:00:00,0.6573546424264993,5.847953216374269,108.0,0.7166963195800768,21.730508854859256
2025-02-03 19:00:00,0.6508793558717529,5.847953216374269,110.0,1.05756622314453,22.070654496382804
2025-02-03 20:00:00,0.6750779713440689,5.847953216374269,108.0,1.1271634674072253,22.139334712912305
2025-02-03 21:00:00,0.7732029403606241,5.847953216374269,104.0,0.8856168365478503,21.900037757578254
2025-02-03 22:00:00,0.6666212464921909,5.847953216374269,100.0,0.39021926879882685,21.416650207510806
2025-02-03 23:00:00,0.5845282237374357,5.847953216374269,108.0,-0.1743463897705091,20.858944712211525
2025-02-04 00:00:00,0.755240211668919,6.768189509306261,114.0,-0.7410406494140638,20.29179770205576
2025-02-04 01:00:00,0.7767818530461884,6.768189509306261,108.0,-1.1025137329101575,19.931608971805748
2025-02-04 02:00:00,0.8595004687383212,6.430868167202571,120.0,-1.1789087677001966,19.854614091239494
2025-02-04 03:00:00,0.8624224165092526,7.142857142857142,114.0,-0.9985231781005872,20.030443065302293
2025-02-04 04:00:00,0.7598532691802037,6.768189509306261,110.0,-0.5206446075439466,20.509576081215492
2025-02-04 05:00:00,0.7573637345531086,6.430868167202571,108.0,0.07766967773437372,21.10431452010179
2025-02-04 06:00:00,0.7597387730229052,6.768189509306261,118.0,0.676868972778319,21.70274560144219
2025-02-04 07:00:00,0.7063662911155277,6.430868167202571,120.0,1.1414361572265612,22.162352548417747
2025-02-04 08:00:00,0.7154871030334724,6.430868167202571,126.0,1.3197351074218737,22.341121010239867
2025-02-04 09:00:00,0.679449366195014,6.430868167202571,114.0,1.2094197845458972,22.224719622786825
2025-02-04 10:00:00,0.6103594162547583,6.430868167202571,116.0,0.7968278503417956,21.813052752888765
2025-02-04 11:00:00,0.6167706296076886,6.125574272588055,126.0,0.23050170898437372,21.254898477428398
2025-02-04 12:00:00,0.5000787870057161,6.430868167202571,110.0,-0.39803642272949347,20.627616519408576
2025-02-04 13:00:00,0.5029449617658333,10.695187165775401,96.0,-0.8926100158691419,20.137012109836416
2025-02-04 14:00:00,1.0448924259801888,4.767580452920143,2.0,-1.196269454956056,19.840568888609436
2025-02-04 15:00:00,1.3110808240690777,5.594405594405594,22.0,-1.1761927032470716,19.861213212012217
2025-02-04 16:00:00,1.1924240676607465,5.847953216374269,18.0,-0.8996157073974622,20.142405989705853
2025-02-04 17:00:00,1.2587797097997728,6.125574272588055,18.0,-0.4078516387939466,20.63031937185343
2025-02-04 18:00:00,1.2009629269925985,5.847953216374269,2.0,0.16283660888671747,21.192232520261523
2025-02-04 19:00:00,1.1276587502090996,5.361930294906166,2.0,0.6400533294677722,21.67034135689821
2025-02-04 20:00:00,1.3184408916409809,5.847953216374269,2.0,0.9295335388183581,21.967502325730955
2025-02-04 21:00:00,1.6090208406729765,6.125574272588055,2.0,0.9625192260742175,21.99815769501963
2025-02-04 22:00:00,1.5375484235285966,7.142857142857142,2.0,0.7104955291748034,21.740562695023776
2025-02-04 23:00:00,1.4500943959572328,6.768189509306261,2.0,0.2650151824951159,21.297153449918515
2025-02-05 00:00:00,1.32524913498146,6.768189509306261,18.0,-0.3029493713378919,20.73005660285009
2025-02-05 01:00:00,1.4172526410738067,6.768189509306261,2.0,-0.816905441284181,20.222451577171018
2025-02-05 02:00:00,1.7712981387949152,8.032128514056225,22.0,-1.1404165649414075,19.899466584886845
2025-02-05 03:00:00,1.9484147255290138,8.032128514056225,18.0,-1.2147402191162122,19.832905364262945
2025-02-05 04:00:00,1.7690715119342988,8.032128514056225,22.0,-0.9864954376220716,20.05484702630305
2025-02-05 05:00:00,1.6024348868449796,8.032128514056225,28.0,-0.5252775573730482,20.521538467404216
2025-02-05 06:00:00,1.4348196816688459,7.142857142857142,20.0,0.030293045043944034,21.061779776575953
2025-02-05 07:00:00,1.3075312969034771,7.142857142857142,2.0,0.6061406707763659,21.639102132236818
2025-02-05 08:00:00,1.117900640687916,6.125574272588055,2.0,1.0179353332519518,22.047744549461644
2025-02-05 09:00:00,1.0801902688117988,6.125574272588055,2.0,1.190897521972655,22.219364733342264
2025-02-05 10:00:00,1.0950450254138957,6.430868167202571,2.0,1.0769315338134753,22.10381546344525
2025-02-05 11:00:00,1.0509784382742409,6.430868167202571,20.0,0.7034783935546862,21.72908059249365
2025-02-05 12:00:00,1.0372964619393086,6.125574272588055,20.0,0.16214233398437372,21.186915268074884
2025-02-05 13:00:00,0.9591970240726552,6.125574272588055,26.0,-0.41970199584961065,20.611519910287566
2025-02-05 14:00:00,1.0937249395477278,5.594405594405594,2.0,-0.9027494812011732,20.132948076764094
2025-02-05 15:00:00,1.0922779447623445,5.594405594405594,2.0,-1.167907180786134,19.869633129331497
2025-02-05 16:00:00,1.2086747212360562,5.847953216374269,2.0,-1.1716398620605482,19.863102889984592
2025-02-05 17:00:00,1.142223361242105,5.594405594405594,2.0,-0.9371065521240247,20.097278029920318
2025-02-05 18:00:00,1.2629236858057455,5.148005148005149,2.0,-0.5489153289794935,20.482897756533745
2025-02-05 19:00:00,1.1785093213196356,5.594405594405594,2.0,-0.04758209228515753,20.986175800702533
2025-02-05 20:00:00,1.002860084864702,4.9504950495049505,356.0,0.3838372802734362,21.423447105427595
2025-02-05 21:00:00,0.9233341971546911,5.847953216374269,2.0,0.6756978607177722,21.699766777715812
2025-02-05 22:00:00,0.9420461174872637,5.594405594405594,2.0,0.7171674346923815,21.74682284909437
2025-02-05 23:00:00,0.8747892233154622,5.594405594405594,358.0,0.5412240600585925,21.562485921004313
2025-02-06 00:00:00,0.8140778576150779,5.361930294906166,2.0,0.17958503723144403,21.202800816830734
2025-02-06 01:00:00,0.811298886690811,5.361930294906166,36.0,-0.2815546417236341,20.741529865602274
2025-02-06 02:00:00,0.8816168670849858,5.594405594405594,32.0,-0.7107881927490247,20.316278258655974
2025-02-06 03:00:00,0.6301332920258365,5.361930294906166,36.0,-0.9683012390136732,20.057758346189754
2025-02-06 04:00:00,0.6209593217215257,5.594405594405594,50.0,-0.9932321929931653,20.033479075456196
2025-02-06 05:00:00,0.5800386483353552,5.594405594405594,54.0,-0.7788690948486341,20.24603436800611
2025-02-06 06:00:00,0.5633802593970387,5.361930294906166,38.0,-0.38055938720703253,20.638605579024546
2025-02-06 07:00:00,0.529127677540318,4.767580452920143,26.0,0.1360917663574206,21.15628892545109
2025-02-06 08:00:00,0.5450593540115828,4.9504950495049505,38.0,0.635233459472655,21.656915905370347
2025-02-06 09:00:00,0.5302271775897934,4.9504950495049505,36.0,0.9952455139160143,22.01137316686869
2025-02-06 10:00:00,0.461880674664178,4.9504950495049505,52.0,1.1226449584960925,22.138087072901968
2025-02-06 11:00:00,0.41462802726099707,4.0241448692152915,28.0,1.0077272033691393,22.020209240667313
2025-02-06 12:00:00,0.611083967155047,3.3898305084745757,88.0,0.6350675201416003,21.65687621015859
2025-02-06 13:00:00,0.7917060074265005,3.7878787878787876,142.0,0.12784057617187372,21.152326302255396
2025-02-06 14:00:00,0.944335279099012,4.0241448692152915,156.0,-0.42707389831543097,20.6030145688235
2025-02-06 15:00:00,1.13740240240102,4.597701149425287,148.0,-0.8726515197753919,20.16404885624574
2025-02-06 16:00:00,1.2580758756213437,4.9504950495049505,140.0,-1.1218809509277357,19.913776367918445
2025-02-06 17:00:00,1.3588418387086534,4.9504950495049505,142.0,-1.105775299072267,19.93475907772655
2025-02-06 18:00:00,1.793657008613961,6.125574272588055,132.0,-0.8918852233886732,20.15090896721608
2025-02-06 19:00:00,1.8003204336276142,6.125574272588055,132.0,-0.45226425170898565,20.589303451881268
2025-02-06 20:00:00,1.9145179175144222,6.768189509306261,126.0,0.05198150634765497,21.092816542125412
2025-02-06 21:00:00,1.836332576468419,6.768189509306261,120.0,0.5154767608642565,21.552111642651997
2025-02-06 22:00:00,1.8164202615798835,7.561436672967865,124.0,0.8250966644287097,21.853445166849898
2025-02-06 23:00:00,1.7408340189318312,8.032128514056225,120.0,0.9174371337890612,21.958834785415092
2025-02-07 00:00:00,1.4502628449929054,7.561436672967865,124.0,0.7343583679199206,21.771415225750395
2025-02-07 01:00:00,1.4266583868305778,8.032128514056225,122.0,0.3710179901123034,21.41497489793734
2025-02-07 02:00:00,1.27290704364071,7.561436672967865,122.0,-0.10105842590332159,20.93446026913952
2025-02-07 03:00:00,1.3160471740113358,8.032128514056225,112.0,-0.5515264892578138,20.479540012301673
2025-02-07 04:00:00,1.1612876774873258,7.561436672967865,114.0,-0.8501963043212903,20.1873118241083
2025-02-07 05:00:00,1.0579573944924503,7.561436672967865,112.0,-0.9268946075439466,20.110191717373738
2025-02-07 06:00:00,0.8883138103882399,7.142857142857142,106.0,-0.7572721862792982,20.27146752675551
2025-02-07 07:00:00,0.7684559272243657,7.142857142857142,114.0,-0.37145370483398565,20.6530636612685
2025-02-07 08:00:00,0.7191888523590096,6.768189509306261,110.0,0.10621315002441278,21.12911861239333
2025-02-07 09:00:00,0.7183505063287354,7.142857142857142,112.0,0.62012725830078,21.639845079663093
2025-02-07 10:00:00,0.7800703259161442,8.032128514056225,114.0,1.0090699768066393,22.031900541275668
2025-02-07 11:00:00,0.9056545464478944,8.032128514056225,122.0,1.196714935302733,22.220015825774937
2025-02-07 12:00:00,1.102478765479045,8.032128514056225,120.0,1.1270394897460925,22.14832581369242
2025-02-07 13:00:00,1.1719821991947397,8.565310492505352,114.0,0.8207860565185534,21.846505824254105
2025-02-07 14:00:00,1.1843464750728043,9.876543209876544,116.0,0.30251365661620966,21.32786851637036
2025-02-07 15:00:00,1.1659414444081606,8.565310492505352,106.0,-0.21964019775390753,20.80714353508721
2025-02-07 16:00:00,1.1268626402832982,9.876543209876544,100.0,-0.7099604034423841,20.320196947603012
2025-02-07 17:00:00,0.9709680271704783,10.695187165775401,102.0,-1.0644144439697278,19.9673444037766
2025-02-07 18:00:00,1.0655346257143405,10.695187165775401,100.0,-1.1472143554687513,19.88852445816902
2025-02-07 19:00:00,0.9730781270828076,10.695187165775401,106.0,-1.0052370452880872,20.025470287293732
2025-02-07 20:00:00,0.9285258761832782,9.876543209876544,102.0,-0.6762422943115247,20.352934321642042
2025-02-07 21:00:00,0.8431075067327937,10.695187165775401,106.0,-0.22493499755859503,20.8032833050619
2025-02-07 22:00:00,0.8777869068938599,9.876543209876544,112.0,0.1765275573730456,21.20227153812657
2025-02-07 23:00:00,0.9081672629353125,9.876543209876544,116.0,0.4522672271728503,21.481750817264142
2025-02-08 00:00:00,0.841048836975862,9.876543209876544,120.0,0.5605760192871081,21.585734401309438
2025-02-08 01:00:00,0.99731505625047,9.876543209876544,108.0,0.43912750244140497,21.46164602217609
2025-02-08 02:00:00,0.8692643939816748,9.876543209876544,98.0,0.10837226867675653,21.13381215242299
2025-02-08 03:00:00,0.7839412823943187,10.695187165775401,98.0,-0.2927412414550794,20.74021709292754
2025-02-08 04:00:00,0.7518567214027183,10.695187165775401,94.0,-0.6823515319824232,20.35173996869347
2025-02-08 05:00:00,0.7985274351198381,5.361930294906166,2.0,-0.9286875152587903,20.101936360722338
2025-02-08 06:00:00,0.77500207570051,5.594405594405594,2.0,-0.9615797424316419,20.06733920805077
2025-02-08 07:00:00,0.7242454463477955,5.847953216374269,24.0,-0.77605194091797,20.256230341669845
2025-02-08 08:00:00,0.6750175897089262,5.594405594405594,14.0,-0.3843092346191419,20.64190578796291
2025-02-08 09:00:00,0.8114591720184314,5.594405594405594,2.0,0.08202796936035028,21.110969380793897
2025-02-08 10:00:00,0.8361306651472152,5.361930294906166,18.0,0.5684171295166003,21.59320081821035
2025-02-08 11:00:00,0.818554360703644,5.847953216374269,2.0,0.9345059967041003,21.958517641978386
2025-02-08 12:00:00,0.8626180219642556,5.148005148005149,2.0,1.1116605377197253,22.131149505093607
2025-02-08 13:00:00,0.7230457364453439,9.876543209876544,118.0,1.0244298553466784,22.047293721672066
2025-02-08 14:00:00,0.6486359641936034,9.876543209876544,108.0,0.7047067260742175,21.722879627202374
2025-02-08 15:00:00,0.49149827476051905,8.565310492505352,100.0,0.20103126525878778,21.229507358177845
2025-02-08 16:00:00,0.5102483870352538,9.876543209876544,98.0,-0.34995216369629034,20.674559908339376
2025-02-08 17:00:00,0.4559996050667524,9.174311926605505,100.0,-0.8380789184570325,20.195211001138425
2025-02-08 18:00:00,0.5178746787808614,9.876543209876544,94.0,-1.1697821044921888,19.860975532074164
2025-02-08 19:00:00,0.4139678301204091,9.876543209876544,84.0,-1.2597517395019544,19.762508702579765
2025-02-08 20:00:00,0.39672418173268026,9.174311926605505,98.0,-1.09587615966797,19.926072346714427
2025-02-08 21:00:00,0.39843304910568117,9.174311926605505,100.0,-0.7280535125732435,20.28577458901653
2025-02-08 22:00:00,0.38535569493102523,8.565310492505352,110.0,-0.28895133972168097,20.731301074344557
2025-02-08 23:00:00,0.5195637595144738,8.565310492505352,110.0,0.19433074951171747,21.209351879091216
2025-02-09 00:00:00,0.40345522604518685,9.876543209876544,96.0,0.54670196533203,21.557011312442942
2025-02-09 01:00:00,0.4044515496941446,9.174311926605505,112.0,0.7037778472900378,21.713290465866308
2025-02-09 02:00:00,0.43603406771538766,9.174311926605505,106.0,0.6282125091552722,21.639858266073617
2025-02-09 03:00:00,0.39298281290185844,8.565310492505352,114.0,0.33191543579101435,21.34333312250514
2025-02-09 04:00:00,0.49260387860115135,9.174311926605505,114.0,-0.052257003784180966,20.961959198816558
2025-02-09 05:00:00,0.3656733482791655,7.561436672967865,104.0,-0.47241729736328253,20.548851581111148
2025-02-09 06:00:00,0.3482068812815332,9.876543209876544,96.0,-0.7509455108642591,20.278221154385392
2025-02-09 07:00:00,0.3546710019933766,10.695187165775401,100.0,-0.8345255279541028,20.197814399644294
2025-02-09 08:00:00,0.36282830953761586,10.695187165775401,98.0,-0.6201929473876966,20.409951029522546
2025-02-09 09:00:00,0.7824001001587153,3.6798528058877644,102.0,-0.2212671661376966,20.80422066408573
2025-02-09 10:00:00,0.8947971479265973,3.9024390243902443,90.0,0.2600675201416003,21.286648566100283
2025-02-09 11:00:00,0.4221891353965435,5.361930294906166,108.0,0.8442559814453112,21.874668208115843
2025-02-09 12:00:00,0.9879570560237535,4.597701149425287,96.0,1.2747750854492175,22.295064591251247
2025-02-09 13:00:00,1.049189957742457,4.9504950495049505,100.0,1.4980416870117175,22.5220248185026
2025-02-09 14:00:00,1.1283512254242343,5.594405594405594,110.0,1.4181943511962878,22.441725797639357
2025-02-09 15:00:00,1.0933426329716684,5.594405594405594,102.0,1.1328511810302722,22.155752765939013
2025-02-09 16:00:00,1.135374130649807,6.125574272588055,112.0,0.6117826080322253,21.647064399758797
2025-02-09 17:00:00,1.3906780099115563,6.430868167202571,94.0,0.014549789428709659,21.05442984019565
2025-02-09 18:00:00,1.8169147253704654,6.430868167202571,36.0,-0.575643005371095,20.470655283695496
2025-02-09 19:00:00,1.9333958499324202,5.847953216374269,52.0,-0.9549173736572278,20.096842236458635
2025-02-09 20:00:00,1.827637030636162,7.142857142857142,52.0,-1.0807356262207044,19.96563532657834
2025-02-09 21:00:00,1.9454472499796205,7.142857142857142,50.0,-0.9536089324951185,20.100998079375184
2025-02-09 22:00:00,2.0478608541765038,7.142857142857142,56.0,-0.6335520172119153,20.409046259271882
2025-02-09 23:00:00,1.8224171417187163,7.142857142857142,54.0,-0.13618034362793097,20.908151022034197
2025-02-10 00:00:00,1.8351845459476983,6.768189509306261,54.0,0.35011726379394403,21.381150844322637
2025-02-10 01:00:00,1.979979486426199,6.768189509306261,58.0,0.7163320159912097,21.746412429461934
2025-02-10 02:00:00,1.8242574914813017,6.768189509306261,60.0,0.8798490142822253,21.909055936217747
2025-02-10 03:00:00,1.6157905719264027,7.142857142857142,66.0,0.7901483154296862,21.823742011796853
2025-02-10 04:00:00,1.4888193918000687,6.768189509306261,72.0,0.47901016235351435,21.51691401372733
2025-02-10 05:00:00,1.3679539383093886,6.768189509306261,68.0,0.034939346313475284,21.067779287953194
2025-02-10 06:00:00,1.3692005899910207,7.142857142857142,70.0,-0.43695777893066534,20.592752828002947
2025-02-10 07:00:00,1.3568312908095281,7.142857142857142,74.0,-0.7676615142822278,20.26642393915947
2025-02-10 08:00:00,1.296294052757416,7.142857142857142,74.0,-0.8945707702636732,20.13641193270307
2025-02-10 09:00:00,1.120769918371867,7.561436672967865,84.0,-0.7627272033691419,20.262223582756274
2025-02-10 10:00:00,1.2035343757412498,7.142857142857142,80.0,-0.4172357940673841,20.611092237142245
2025-02-10 11:00:00,1.1838438133643703,7.561436672967865,82.0,0.06387001037597528,21.09171142289495
2025-02-10 12:00:00,1.2411859722839202,7.142857142857142,82.0,0.6007466888427722,21.6308783493181
2025-02-10 13:00:00,1.0899435264729016,8.032128514056225,88.0,1.0201535797119128,22.0449231342349
2025-02-10 14:00:00,1.2157213187709106,7.561436672967865,84.0,1.2273374176025378,22.258548179632566
2025-02-10 15:00:00,1.194765403197075,7.561436672967865,80.0,1.1786885833740222,22.20302492417589
2025-02-10 16:00:00,1.209189021397619,8.032128514056225,88.0,0.8661714172363268,21.89591557313764
2025-02-10 17:00:00,1.1879944969156278,8.032128514056225,92.0,0.3645787811279284,21.394065869939215
2025-02-10 18:00:00,1.116800118942615,8.565310492505352,88.0,-0.24306816101074347,20.787639641215733
2025-02-10 19:00:00,1.1310986859632701,8.565310492505352,92.0,-0.7820486450195325,20.24670614762388
2025-02-10 20:00:00,1.106392176763524,9.174311926605505,94.0,-1.1642794036865247,19.868695197555592
2025-02-10 21:00:00,0.8769389836049519,8.565310492505352,86.0,-1.2787565612792982,19.759075503150388
2025-02-10 22:00:00,0.9653776379097398,8.565310492505352,88.0,-1.1393579864501966,19.897538815479603
2025-02-10 23:00:00,0.9540789840364252,9.174311926605505,84.0,-0.7787947082519544,20.253028408879235
2025-02-11 00:00:00,0.928954107714215,9.174311926605505,90.0,-0.2839216613769544,20.74429518140688
2025-02-11 01:00:00,1.126382757670522,9.174311926605505,84.0,0.18938690185546747,21.21839416959375
2025-02-11 02:00:00,1.1163859555150724,8.032128514056225,84.0,0.5363584136962878,21.566249903663515
2025-02-11 03:00:00,1.2501243222066905,5.847953216374269,2.0,0.6622167205810534,21.692883255022547
2025-02-11 04:00:00,1.1576841794979316,5.847953216374269,2.0,0.5413156127929675,21.57481083155159
2025-02-11 05:00:00,1.261768742467269,6.125574272588055,2.0,0.2131639099121081,21.24855577570513
2025-02-11 06:00:00,1.3606038110341063,5.847953216374269,2.0,-0.23712867736816534,20.792088434312596
2025-02-11 07:00:00,1.2505571172240686,6.430868167202571,22.0,-0.691548767089845,20.341888230858157
2025-02-11 08:00:00,1.0840148113457229,6.125574272588055,2.0,-1.016084136962892,20.01785416701945
2025-02-11 09:00:00,0.98679440471664,6.430868167202571,26.0,-1.097331466674806,19.935812828132597
2025-02-11 10:00:00,0.9062407453521124,6.125574272588055,26.0,-0.906392517089845,20.12517165739377
2025-02-11 11:00:00,0.7746463253274272,6.125574272588055,20.0,-0.4822267913818372,20.5507373337455
2025-02-11 12:00:00,0.7058874344271976,5.847953216374269,2.0,0.058521804809569034,21.085312863316734
2025-02-11 13:00:00,0.7169958349224048,5.594405594405594,20.0,0.6146150207519518,21.640954636870696
2025-02-11 14:00:00,0.6866317780108286,5.148005148005149,2.0,1.0677037811279284,22.090803752975223
2025-02-11 15:00:00,0.629300849208469,5.148005148005149,32.0,1.2672601318359362,22.29428735927185
2025-02-11 16:00:00,0.5997809207563981,4.597701149425287,20.0,1.1682363128662097,22.18914082448418
2025-02-11 17:00:00,0.5629272739232984,5.847953216374269,56.0,0.81788116455078,21.83806308956749
2025-02-11 18:00:00,0.4627002370721193,5.594405594405594,58.0,0.24384170532226435,21.269157807936466
2025-02-11 19:00:00,0.44330315160083694,9.876543209876544,92.0,-0.3711103820800794,20.658122311430997
2025-02-11 20:00:00,0.355958645785989,9.876543209876544,86.0,-0.8994020843505872,20.127245053979305
2025-02-11 21:00:00,0.3829766287068924,9.174311926605505,94.0,-1.234008255004884,19.793253873132432
2025-02-11 22:00:00,0.2967038217687717,9.174311926605505,88.0,-1.2752508544921888,19.757152607050326
2025-02-11 23:00:00,0.2784441734590389,9.174311926605505,88.0,-1.056102218627931,19.976866178036705
2025-02-12 00:00:00,0.28830107923382386,9.876543209876544,88.0,-0.6310648345947278,20.39919824252921
2025-02-12 01:00:00,0.2951011965803433,9.174311926605505,96.0,-0.0802626037597669,20.951471489441936
2025-02-12 02:00:00,0.40344782695721776,9.174311926605505,104.0,0.41512542724609247,21.443231257886993
2025-02-12 03:00:00,0.39914131749209536,9.174311926605505,106.0,0.73078399658203,21.754787135399507
2025-02-12 04:00:00,0.36942366099769763,9.876543209876544,100.0,0.8128800964355456,21.836635265469315
2025-02-12 05:00:00,0.25675303524073767,9.876543209876544,100.0,0.6220746612548815,21.640918429051275
2025-02-12 06:00:00,0.32655155387156876,9.174311926605505,104.0,0.25836997985839716,21.279834082595592
2025-02-12 07:00:00,0.3479381727493819,9.174311926605505,98.0,-0.25128692626953253,20.77350041374831
2025-02-12 08:00:00,0.3362520543664534,9.174311926605505,100.0,-0.7137903594970716,20.30641789844454
2025-02-12 09:00:00,0.2080424927445045,9.876543209876544,100.0,-1.0250620269775403,19.99631654773304
2025-02-12 10:00:00,0.22881735774037668,10.695187165775401,100.0,-1.0719694519042982,19.953374181767497
2025-02-12 11:00:00,0.24005054624009808,10.695187165775401,102.0,-0.8069929504394544,20.21011729072275
2025-02-12 12:00:00,0.27229878834431975,9.876543209876544,102.0,-0.3592104339599622,20.665196043498913
2025-02-12 13:00:00,0.29192983112066334,9.174311926605505,118.0,0.23978286743163935,21.260871617257518
2025-02-12 14:00:00,0.4759203361582468,10.695187165775401,114.0,0.787577209472655,21.81596248081544
2025-02-12 15:00:00,0.9910341070131262,3.9024390243902443,72.0,1.1854367828369128,22.234832672052097
2025-02-12 16:00:00,1.6285265396482427,5.361930294906166,44.0,1.2869687652587878,22.351675770099742
2025-02-12 17:00:00,1.7965392473496424,5.361930294906166,52.0,1.1326165771484362,22.19130013006693
2025-02-12 18:00:00,1.8690547300523497,6.430868167202571,48.0,0.6986756896972643,21.747885142980007
2025-02-12 19:00:00,1.838602533091758,6.125574272588055,52.0,0.10113197326660028,21.153006011323708
2025-02-12 20:00:00,1.8035760568817618,6.430868167202571,58.0,-0.5167803192138685,20.536612926693287
2025-02-12 21:00:00,1.5994710905397556,6.768189509306261,58.0,-1.0131258392333997,20.044924251395717
2025-02-12 22:00:00,1.628468450215248,6.430868167202571,64.0,-1.25432342529297,19.796268321633136
2025-02-12 23:00:00,1.363098157110365,6.430868167202571,66.0,-1.214610519409181,19.840274271420622
2025-02-13 00:00:00,1.6173298486957262,6.430868167202571,74.0,-0.8807424926757825,20.172370097016433
2025-02-13 01:00:00,1.6341997215826982,5.847953216374269,68.0,-0.37601608276367315,20.675531912606438
2025-02-13 02:00:00,1.5646537406614642,5.361930294906166,78.0,0.18922668457031122,21.243627080656115
2025-02-13 03:00:00,1.750697676306029,5.847953216374269,76.0,0.6648545837402331,21.720778570023
2025-02-13 04:00:00,2.1982559228692686,5.847953216374269,74.0,0.975086746215819,22.03433283548675
2025-02-13 05:00:00,1.9863704279027459,5.847953216374269,84.0,0.9975438690185534,22.063991578563837
2025-02-13 06:00:00,1.97791550122258,6.125574272588055,82.0,0.7576032257080065,21.829676163840883
2025-02-13 07:00:00,2.066351937789391,6.430868167202571,94.0,0.3272557830810534,21.40050364137907
2025-02-13 08:00:00,2.1892301861552417,6.768189509306261,96.0,-0.1815637969970716,20.890048966092007
2025-02-13 09:00:00,2.5190368798860088,7.142857142857142,94.0,-0.6266950988769544,20.446002488496312
2025-02-13 10:00:00,2.4661273069822505,7.142857142857142,96.0,-0.86424774169922,20.21182610161543
2025-02-13 11:00:00,2.6512662279757913,7.561436672967865,104.0,-0.804789962768556,20.266409292932348
2025-02-13 12:00:00,2.810192770959013,7.561436672967865,98.0,-0.5147337341308607,20.569224021182748
2025-02-13 13:00:00,3.055633982918514,7.561436672967865,102.0,-0.04075569152832159,21.062058326153732
2025-02-13 14:00:00,2.9705226081856457,8.032128514056225,106.0,0.5427175140380847,21.641240425544332
2025-02-13 15:00:00,2.961958513144666,8.032128514056225,102.0,1.0857091522216784,22.172415407948463
2025-02-13 16:00:00,2.846326426433626,8.565310492505352,102.0,1.3909230804443347,22.46564751378923
2025-02-13 17:00:00,2.66823840474921,9.174311926605505,102.0,1.4440065002441393,22.51025573760626
2025-02-13 18:00:00,2.71316785909004,8.565310492505352,106.0,1.1766419982910143,22.24066701411877
2025-02-13 19:00:00,2.4377942464535947,8.565310492505352,94.0,0.7108617401123034,21.75767501745462
2025-02-13 20:00:00,2.1289112670045083,8.565310492505352,94.0,0.12096267700195185,21.15266788317087
2025-02-13 21:00:00,1.8806185867816974,8.565310492505352,90.0,-0.4677137756347669,20.557649966592216
2025-02-13 22:00:00,1.8073262439559306,8.032128514056225,92.0,-0.9223818206787122,20.10587284381318
2025-02-13 23:00:00,1.5895232905416508,9.174311926605505,90.0,-1.0791277313232435,19.940644413642563
2025-02-14 00:00:00,1.575615504857257,8.565310492505352,90.0,-0.9516825103759778,20.072161530976054
2025-02-14 01:00:00,1.3679775994545353,8.565310492505352,94.0,-0.5936808013916028,20.43622792489373
2025-02-14 02:00:00,1.5195682015005036,8.565310492505352,90.0,-0.07696098327636847,20.951059608321106
2025-02-14 03:00:00,1.2290977428028895,8.565310492505352,92.0,0.42096382141113153,21.443377249132222
2025-02-14 04:00:00,1.263747571297932,8.032128514056225,88.0,0.8281007385253893,21.85491458197146
2025-02-14 05:00:00,1.2047073967434305,8.565310492505352,90.0,0.9588571166992175,21.984039826735028
2025-02-14 06:00:00,1.0257286909920362,9.174311926605505,86.0,0.8106103515624987,21.840030346640592
2025-02-14 07:00:00,0.9274658678308411,9.174311926605505,86.0,0.4706559753417956,21.494763395637282
2025-02-14 08:00:00,0.8880817764252529,8.565310492505352,86.0,-0.05119270324707159,20.97389512856313
2025-02-14 09:00:00,0.9037393780738956,9.174311926605505,82.0,-0.6005873107910169,20.426277024638225
2025-02-14 10:00:00,0.8911819107437903,9.876543209876544,90.0,-1.0487722778320325,19.98193940254028
2025-02-14 11:00:00,1.0916615681853845,5.847953216374269,0.0,-1.26457733154297,19.76791525395452
2025-02-14 12:00:00,1.235635870425347,6.768189509306261,16.0,-1.1910051727294935,19.84539995906742
2025-02-14 13:00:00,1.2978732395850996,7.142857142857142,2.0,-0.8579439544677747,20.175751373478196
2025-02-14 14:00:00,1.3803664839090897,6.768189509306261,2.0,-0.37525123596191534,20.661030974157423
2025-02-14 15:00:00,1.4611662390746551,6.768189509306261,14.0,0.1660771942138659,21.206660309392237
2025-02-14 16:00:00,1.309482978399603,6.768189509306261,2.0,0.5889039611816393,21.627095304147943
2025-02-14 17:00:00,1.2786406228594431,6.768189509306261,2.0,0.7980962371826159,21.82864538214224
2025-02-14 18:00:00,1.1329586710393993,6.430868167202571,0.0,0.7142015075683581,21.737450806303936
2025-02-14 19:00:00,1.0577170921405668,6.430868167202571,14.0,0.38867813110351435,21.41195312598082
2025-02-14 20:00:00,1.0823233782895434,7.561436672967865,30.0,-0.13493865966797003,20.89039588739017
2025-02-14 21:00:00,0.9533124124469786,7.142857142857142,26.0,-0.7002024078369153,20.329037257486377
2025-02-14 22:00:00,0.9141223897285912,7.561436672967865,34.0,-1.222981872558595,19.81164443086088
2025-02-14 23:00:00,0.8826080600795442,7.142857142857142,30.0,-1.5144285583496107,19.518557338108884
2025-02-15 00:00:00,0.7988363488229294,6.768189509306261,20.0,-1.5236277008056653,19.509456402299843
2025-02-15 01:00:00,0.8671399550530093,7.142857142857142,26.0,-1.2407774353027357,19.79196678569411
2025-02-15 02:00:00,0.8990406859323904,6.125574272588055,16.0,-0.8192724609375013,20.209848077953463
2025-02-15 03:00:00,1.202811281166193,7.142857142857142,28.0,-0.2876772308349622,20.742870143753642
2025-02-15 04:00:00,1.1737459553337144,6.125574272588055,16.0,0.21035247802734247,21.241978964320207
2025-02-15 05:00:00,1.1615640481967624,6.430868167202571,12.0,0.5778623199462878,21.604133073317737
2025-02-15 06:00:00,0.9952203313224374,6.768189509306261,20.0,0.6631856536865222,21.68479637550271
2025-02-15 07:00:00,1.0277517033426515,6.125574272588055,2.0,0.503498611450194,21.529436211750497
2025-02-15 08:00:00,0.8163451821474998,6.430868167202571,30.0,0.09921699523925653,21.123573620902715
2025-02-15 09:00:00,1.035465643675394,5.594405594405594,14.0,-0.40016693115234503,20.628304323693484
2025-02-15 10:00:00,0.8924005705174156,6.125574272588055,14.0,-0.8919615173339857,20.13900732969961
2025-02-15 11:00:00,0.7265176559269181,5.847953216374269,26.0,-1.204804840087892,19.830192671597086
2025-02-15 12:00:00,0.7233187475842178,6.125574272588055,28.0,-1.2845682525634778,19.75065707199771
2025-02-15 13:00:00,0.7367796598418006,5.594405594405594,18.0,-1.1003374481201185,19.935510272222672
2025-02-15 14:00:00,0.6197853652322802,5.361930294906166,2.0,-0.7285246276855482,20.309557839869758
2025-02-15 15:00:00,0.6869494602385339,5.847953216374269,22.0,-0.22449249267578253,20.807944758180323
2025-02-15 16:00:00,0.6576514296929912,5.594405594405594,2.0,0.27101951599120966,21.310432105829076
2025-02-15 17:00:00,0.529687470101674,5.594405594405594,26.0,0.6373582458496081,21.672615268459698
2025-02-15 18:00:00,0.6319910743122358,4.767580452920143,2.0,0.747599182128905,21.779845839738037
2025-02-15 19:00:00,0.3835184625784991,5.361930294906166,22.0,0.6079316711425768,21.633329866862855
2025-02-15 20:00:00,0.36013439279635384,5.361930294906166,54.0,0.2596002197265612,21.27573311155196
2025-02-15 21:00:00,0.35405308636267335,5.594405594405594,82.0,-0.25695365905761847,20.7709317227565
2025-02-15 22:00:00,0.40799247413981204,4.439511653718091,36.0,-0.7543424987792982,20.277769175512496
2025-02-15 23:00:00,0.3866047442789875,4.153686396677051,30.0,-1.1682314300537122,19.86456360491897
2025-02-16 00:00:00,0.3072052801000074,5.594405594405594,86.0,-1.3144583129882825,19.71294539692676
2025-02-16 01:00:00,0.30331705541872434,5.361930294906166,84.0,-1.2016138458251966,19.822808629730183
2025-02-16 02:00:00,0.2927390132326567,7.142857142857142,80.0,-0.8632120513916028,20.151859738500423
2025-02-16 03:00:00,0.2755908443229293,6.768189509306261,90.0,-0.38581222534179815,20.63895767542681
2025-02-16 04:00:00,0.45465182216229644,7.142857142857142,82.0,0.1655259704589831,21.191071589773387
2025-02-16 05:00:00,0.5588212283145805,2.801120448179272,70.0,0.6109090423583972,21.63754003178149
2025-02-16 06:00:00,0.6636005253639512,3.4812880765883376,118.0,0.8724885559082018,21.895964118139364
2025-02-16 07:00:00,0.8366856805750995,4.0241448692152915,98.0,0.854420242309569,21.88150250133842
2025-02-16 08:00:00,1.0387500981146847,4.439511653718091,106.0,0.6366696929931628,21.669048257851717
2025-02-16 09:00:00,1.3719932210098502,4.767580452920143,106.0,0.20747047424316278,21.244714258424587
2025-02-16 10:00:00,1.4990925991428603,4.9504950495049505,108.0,-0.27486175537109503,20.77417371348949
2025-02-16 11:00:00,1.7963913209984024,5.594405594405594,112.0,-0.6969446563720716,20.35414365292055
2025-02-16 12:00:00,1.7793121337695257,6.125574272588055,110.0,-0.9044851684570325,20.154283664709354
2025-02-16 13:00:00,2.5624827660962315,5.847953216374269,112.0,-0.8823255920410169,20.181871559649654
2025-02-16 14:00:00,2.779774377064812,6.430868167202571,108.0,-0.595662536621095,20.487373522843203
2025-02-16 15:00:00,2.8433536818987024,6.768189509306261,110.0,-0.1662134552001966,20.919397527451917
2025-02-16 16:00:00,3.157764726886121,7.142857142857142,104.0,0.38990074157714716,21.48615503286909
2025-02-16 17:00:00,2.590183158299491,7.142857142857142,98.0,0.8821321105957018,21.947782408468257
2025-02-16 18:00:00,2.429645639617119,7.561436672967865,94.0,1.19404083251953,22.247498118438706
2025-02-16 19:00:00,2.5052633011561225,8.032128514056225,92.0,1.2316194152832018,22.291277081561407
2025-02-16 20:00:00,2.2769537457365643,7.561436672967865,96.0,1.032286224365233,22.128752903629646
2025-02-16 21:00:00,1.9406619689014926,7.561436672967865,94.0,0.6255441284179675,21.741132947417025
2025-02-16 22:00:00,2.17995294996561,8.032128514056225,88.0,0.15758186340331903,21.235467893647346
2025-02-16 23:00:00,1.977969825300609,8.032128514056225,94.0,-0.2654413604736341,20.78358173346241
2025-02-17 00:00:00,1.63185547623694,7.142857142857142,96.0,-0.5897135162353528,20.450752339435603
2025-02-17 01:00:00,1.5513292762526878,7.561436672967865,94.0,-0.6493467712402357,20.384919885783784
2025-02-17 02:00:00,1.4854940009549618,8.032128514056225,94.0,-0.4853052520751966,20.542999333174674
2025-02-17 03:00:00,1.2534214383028166,8.032128514056225,88.0,-0.11865753173828253,20.912639011781245
2025-02-17 04:00:00,1.1785383375904397,7.561436672967865,84.0,0.30688911437988153,21.33429905130657
2025-02-17 05:00:00,1.115074708193369,8.032128514056225,82.0,0.6901326751708972,21.717005330843666
2025-02-17 06:00:00,1.0219821548300267,9.174311926605505,98.0,0.9954228973388659,22.025471296523328
2025-02-17 07:00:00,1.137602475748711,9.174311926605505,88.0,1.0657125091552722,22.102725421090057
2025-02-17 08:00:00,1.0969741573644112,9.174311926605505,98.0,0.8629212951660143,21.899556390512238
2025-02-17 09:00:00,1.0729369365234611,10.695187165775401,102.0,0.48333030700683466,21.51723520774499
2025-02-17 10:00:00,1.12383117371402,12.820512820512821,112.0,-0.02722877502441534,21.006039615609552
2025-02-17 11:00:00,1.0393474094959727,12.820512820512821,110.0,-0.5602163696289075,20.4682908619849
2025-02-17 12:00:00,1.0831052361600397,12.820512820512821,108.0,-0.9583467864990247,20.07348363792801
2025-02-17 13:00:00,1.1912359632651868,12.820512820512821,106.0,-1.1597074890136732,19.879067020577065
2025-02-17 14:00:00,1.107305164826815,12.820512820512821,102.0,-1.0738920593261732,19.95966027338456
2025-02-17 15:00:00,0.897148342313627,11.661807580174926,98.0,-0.756062927246095,20.27786634959065
2025-02-17 16:00:00,1.0007607596516952,11.661807580174926,104.0,-0.4200453186035169,20.620534436827576
2025-02-17 17:00:00,1.123762687569933,11.661807580174926,104.0,0.02701812744140497,21.064839334836588
2025-02-17 18:00:00,1.0752676640597203,11.661807580174926,106.0,0.3423886871337878,21.387185889061612
2025-02-17 19:00:00,0.9767605360538685,12.820512820512821,116.0,0.49544578552245966,21.5409876852589
2025-02-17 20:00:00,1.032940203237909,11.661807580174926,110.0,0.3869767761230456,21.43075696464294
2025-02-17 21:00:00,1.1606923452711193,12.820512820512821,104.0,0.14029937744140497,21.172796473970944
2025-02-17 22:00:00,1.0541593993371894,11.661807580174926,102.0,-0.30482048034668097,20.724848280604565
2025-02-17 23:00:00,1.0708504853021226,11.661807580174926,96.0,-0.7826818847656263,20.249026720104272
2025-02-18 00:00:00,1.062124129941275,12.820512820512821,100.0,-1.2086119079589857,19.827613730819905
2025-02-18 01:00:00,1.0527277448879462,12.820512820512821,94.0,-1.40990203857422,19.627311951948684
2025-02-18 02:00:00,0.994857068197603,11.661807580174926,94.0,-1.4258207702636732,19.610732788507118
2025-02-18 03:00:00,1.1446236900767321,5.148005148005149,2.0,-1.2303938293457044,19.80970050669138
2025-02-18 04:00:00,1.1667196210426607,10.695187165775401,98.0,-0.8742460632324232,20.16810531765416
2025-02-18 05:00:00,1.1911300670343075,7.561436672967865,12.0,-0.42550033569336065,20.614196263442874
2025-02-18 06:00:00,1.0336203628940692,5.594405594405594,356.0,-0.02223152160644659,21.015946136396824
2025-02-18 07:00:00,1.022395932350337,10.695187165775401,110.0,0.24106269836425653,21.274546503800888
2025-02-18 08:00:00,0.8546792427740436,6.430868167202571,2.0,0.28357940673827997,21.316445789914773
2025-02-18 09:00:00,0.9763757615982491,5.847953216374269,10.0,0.11960083007812372,21.155169746857972
2025-02-18 10:00:00,0.9765307001285264,5.594405594405594,2.0,-0.21422142028808722,20.81406820073376
2025-02-18 11:00:00,0.9890992513666959,6.430868167202571,358.0,-0.626546325683595,20.407503312341905
2025-02-18 12:00:00,0.9468084388331843,6.430868167202571,14.0,-1.0246233367919935,20.00811967097818
2025-02-18 13:00:00,0.9861201222442947,6.768189509306261,18.0,-1.2878984832763685,19.745952988235558
2025-02-18 14:00:00,1.0699530883097814,4.9504950495049505,2.0,-1.3492674255371107,19.68462291611826
2025-02-18 15:00:00,1.02434536127022,4.291845493562232,356.0,-1.2114500427246107,19.822797610900558
2025-02-18 16:00:00,1.0323982928160278,5.361930294906166,356.0,-0.9152368927001966,20.122354628923457
2025-02-18 17:00:00,0.9992696576958299,6.768189509306261,2.0,-0.5125555419921888,20.523798118538988
2025-02-18 18:00:00,0.9827010222463821,6.125574272588055,0.0,-0.11910003662109503,20.912742175992967
2025-02-18 19:00:00,0.94119222930173,6.430868167202571,2.0,0.17218452453613153,21.204355817515417
2025-02-18 20:00:00,0.8880328075860594,6.430868167202571,8.0,0.3088956451416003,21.339112765846156
2025-02-18 21:00:00,0.8564201447712175,6.430868167202571,16.0,0.24029212951660028,21.268605808184418
2025-02-18 22:00:00,0.8006009896992969,6.430868167202571,12.0,-0.015504302978516904,21.013376920451734
2025-02-18 23:00:00,0.8205558542362527,6.430868167202571,14.0,-0.36977333068847784,20.66007419533331
2025-02-19 00:00:00,0.930922539630738,6.125574272588055,0.0,-0.7196287536621107,20.313150411261187
2025-02-19 01:00:00,0.9491215334809625,6.430868167202571,10.0,-0.9711756134033216,20.062087508747474
2025-02-19 02:00:00,0.9875903686893328,5.594405594405594,2.0,-1.0264810943603528,20.00473790041543
2025-02-19 03:00:00,0.9453089258114904,6.125574272588055,2.0,-0.9218229675292982,20.11137794987055
2025-02-19 04:00:00,0.9907968991807753,6.768189509306261,2.0,-0.6359209442138685,20.39152394023912
2025-02-19 05:00:00,1.0465112463695423,6.430868167202571,0.0,-0.2662500762939466,20.759335225866508
2025-02-19 06:00:00,1.1009944381855845,8.032128514056225,26.0,0.15626770019531122,21.180931741288287
2025-02-19 07:00:00,1.1541215419390463,6.430868167202571,2.0,0.5173669433593737,21.541019546569196
2025-02-19 08:00:00,1.073370934816584,6.430868167202571,2.0,0.7054734802246081,21.731918919244098
2025-02-19 09:00:00,1.0973419328051868,6.768189509306261,2.0,0.6737638092041003,21.702032269513538
2025-02-19 10:00:00,1.0393325533569757,7.561436672967865,22.0,0.4800897216796862,21.506739075181454
2025-02-19 11:00:00,0.93361550848874,6.430868167202571,2.0,0.1290727233886706,21.15285319320216
2025-02-19 12:00:00,0.9356778318739178,7.561436672967865,26.0,-0.2571730041503919,20.774029661901338
2025-02-19 13:00:00,0.9943495812491716,7.142857142857142,22.0,-0.6014704132080091,20.430896755015215
2025-02-19 14:00:00,0.9691417775278305,6.125574272588055,16.0,-0.79668182373047,20.23716259782058
2025-02-19 15:00:00,0.8519317400423473,5.847953216374269,2.0,-0.8052839660644544,20.229254240242167
2025-02-19 16:00:00,0.7961081786109344,5.847953216374269,2.0,-0.6562055969238294,20.37723788982147
2025-02-19 17:00:00,0.7519375793653871,5.361930294906166,22.0,-0.3641981506347669,20.66531580603423
2025-02-19 18:00:00,0.7318038856296939,5.361930294906166,2.0,-0.014380874633790341,21.019017075414535
2025-02-19 19:00:00,0.7353401887893556,4.767580452920143,356.0,0.3074803924560534,21.337348613770704
2025-02-19 20:00:00,0.5687070115577035,5.361930294906166,2.0,0.5227571105957018,21.54645373770897
2025-02-19 21:00:00,0.43156564126119396,5.361930294906166,16.0,0.5796495056152331,21.585151771572786
2025-02-19 22:00:00,0.31895532563439044,5.361930294906166,36.0,0.4291387176513659,21.436328065990885
2025-02-19 23:00:00,0.30653989411876315,8.032128514056225,114.0,0.14856773376464716,21.15500541302679
2025-02-20 00:00:00,0.401544501522014,4.291845493562232,22.0,-0.2067102813720716,20.802880819361025
2025-02-20 01:00:00,0.375837218159847,4.291845493562232,24.0,-0.53587860107422,20.48030152381583
2025-02-20 02:00:00,0.3266959641492445,4.291845493562232,46.0,-0.7477564239501966,20.26942600225885
2025-02-20 03:00:00,0.33118424379711153,4.153686396677051,36.0,-0.7863783264160169,20.231858557681615
2025-02-20 04:00:00,0.3269166307839505,4.291845493562232,50.0,-0.616832199096681,20.404930171596707
2025-02-20 05:00:00,0.22826931091915256,5.594405594405594,82.0,-0.28476470947265753,20.73589435411462
2025-02-20 06:00:00,0.2765189747712725,5.361930294906166,52.0,0.09970718383788935,21.116882091095917
2025-02-20 07:00:00,0.23440573833325715,9.174311926605505,104.0,0.5062203979492175,21.522922637407436
2025-02-20 08:00:00,0.2563469415887983,9.174311926605505,106.0,0.7908101654052722,21.80748290234687
2025-02-20 09:00:00,0.42187791509595274,4.153686396677051,2.0,0.8998571014404284,21.911109203384918
2025-02-20 10:00:00,0.21116762474192385,16.0,86.0,0.7998376464843737,21.80418104991262
2025-02-20 11:00:00,0.21926300350140066,16.0,100.0,0.5402989959716784,21.549924405101716
2025-02-20 12:00:00,0.2239513538961532,16.0,86.0,0.1473985290527331,21.16062877497009
2025-02-20 13:00:00,0.23794018490388097,16.0,86.0,-0.2623896026611341,20.75424046936175
2025-02-20 14:00:00,0.34493822634400717,3.9024390243902443,36.0,-0.5747866058349622,20.43725866647396
2025-02-20 15:00:00,0.24592055659687903,16.0,90.0,-0.7369341278076185,20.28096008227239
2025-02-20 16:00:00,0.2505639185189426,16.0,96.0,-0.7193731689453138,20.296462561402215
2025-02-20 17:00:00,0.30609379810532883,5.148005148005149,48.0,-0.5268473052978528,20.489142180561537
2025-02-20 18:00:00,0.42387892077881245,4.597701149425287,50.0,-0.22871154785156378,20.787981962087244
2025-02-20 19:00:00,0.23325858948242978,16.0,84.0,0.15667205810546747,21.17719370648805
2025-02-20 20:00:00,0.6572111894936243,2.9962546816479403,88.0,0.4525781249999987,21.474721585057388
2025-02-20 21:00:00,0.8154736813063254,3.577817531305903,14.0,0.6395135498046862,21.666659139599368
2025-02-20 22:00:00,0.9459579831410674,4.291845493562232,2.0,0.6565881347656237,21.681607916111027
2025-02-20 23:00:00,0.9518811344420175,4.597701149425287,2.0,0.5053964233398425,21.528142455860188
2025-02-21 00:00:00,0.9153128199843978,4.597701149425287,20.0,0.20907073974609247,21.231360185390688
2025-02-21 01:00:00,0.8727364417019545,4.597701149425287,26.0,-0.13172477722168097,20.889193525621675
2025-02-21 02:00:00,0.2642606809993786,16.0,42.0,-0.4352144622802747,20.58800256369583
2025-02-21 03:00:00,0.27051726284461136,16.0,94.0,-0.6003698730468763,20.425351718409996
2025-02-21 04:00:00,0.5937769666674826,4.291845493562232,30.0,-0.5836653137207044,20.441666800207337
2025-02-21 05:00:00,0.6296694740881921,4.153686396677051,34.0,-0.4122614288330091,20.612764892433923
2025-02-21 06:00:00,0.7951214620497785,4.153686396677051,356.0,-0.08393615722656378,20.94373107980956
2025-02-21 07:00:00,0.9039852964533294,4.767580452920143,0.0,0.31733184814452997,21.337874443383416
2025-02-21 08:00:00,1.0655574745117669,4.9504950495049505,356.0,0.6764226531982409,21.696973000348645
2025-02-21 09:00:00,1.0873452015859157,5.847953216374269,2.0,0.9112420654296862,21.936592909973484
2025-02-21 10:00:00,1.0506226368053313,5.847953216374269,2.0,0.9879747009277331,22.010186137414603
2025-02-21 11:00:00,1.049218723167121,5.594405594405594,2.0,0.8545442199707018,21.88004089182202
2025-02-21 12:00:00,1.1970784540781605,5.847953216374269,2.0,0.5396066284179675,21.56625063638366
2025-02-21 13:00:00,1.3811002059695452,6.768189509306261,2.0,0.12942749023437372,21.163514335092696
2025-02-21 14:00:00,1.4756411878789157,7.142857142857142,2.0,-0.27512115478515753,20.75860384944217
2025-02-21 15:00:00,1.5475753503691188,7.142857142857142,2.0,-0.5956701660156263,20.43913449515637
2025-02-21 16:00:00,1.5703301792113236,7.142857142857142,22.0,-0.7569536590576185,20.273462683089424
2025-02-21 17:00:00,1.3684274580308629,7.142857142857142,22.0,-0.7453760528564466,20.288017885351195
2025-02-21 18:00:00,1.423459502631479,6.430868167202571,2.0,-0.558116378784181,20.472423982755952
2025-02-21 19:00:00,1.435919459337415,6.768189509306261,18.0,-0.2574018859863294,20.77491986013033
2025-02-21 20:00:00,1.3403114366338853,6.430868167202571,18.0,0.09956985473632685,21.125916473367514
2025-02-21 21:00:00,1.3346855512462388,5.594405594405594,14.0,0.3988805389404284,21.425613253340522
2025-02-21 22:00:00,1.3158858630316772,6.125574272588055,18.0,0.5697084045410143,21.596995657719937
2025-02-21 23:00:00,1.2194651226449251,6.430868167202571,22.0,0.5731473541259753,21.602708260588773
2025-02-22 00:00:00,1.216668781769353,6.125574272588055,2.0,0.40894371032714716,21.434545977743237
2025-02-22 01:00:00,1.1638457242587288,6.125574272588055,14.0,0.11894660949706903,21.151220390960603
2025-02-22 02:00:00,1.2191709263223522,6.125574272588055,2.0,-0.22011131286621222,20.80936991891571
2025-02-22 03:00:00,1.2642070968106593,6.125574272588055,2.0,-0.502604904174806,20.5302771856445
2025-02-22 04:00:00,1.5227088007961136,6.430868167202571,2.0,-0.647166671752931,20.385526782113278
2025-02-22 05:00:00,1.5164455813103255,6.768189509306261,2.0,-0.6446527862548841,20.392792262974922
2025-02-22 06:00:00,1.4444980310611206,6.768189509306261,20.0,-0.4429754638671888,20.587964730232624
2025-02-22 07:00:00,1.331784901977677,6.768189509306261,2.0,-0.12320274353027472,20.905419387156577
2025-02-22 08:00:00,1.4215708723919243,6.768189509306261,2.0,0.25524383544921747,21.289076763422074
2025-02-22 09:00:00,1.3772485078885848,6.768189509306261,14.0,0.5950971221923815,21.629094267947938
2025-02-22 10:00:00,1.3214967014417998,6.125574272588055,2.0,0.8327260589599597,21.86468862028707
2025-02-22 11:00:00,1.1808444582204594,6.430868167202571,2.0,0.8886399841308581,21.913151560376928
2025-02-22 12:00:00,1.066274997788735,6.430868167202571,18.0,0.7405782318115222,21.762217848213563
2025-02-22 13:00:00,1.0450037106988819,6.125574272588055,16.0,0.43734222412109247,21.46165792105676
2025-02-22 14:00:00,0.8770922692796376,6.125574272588055,26.0,0.02992492675781122,21.051732734636598
2025-02-22 15:00:00,0.8000773449458778,6.125574272588055,18.0,-0.3850531005859388,20.64109012046785
2025-02-22 16:00:00,0.8003631187488947,5.361930294906166,18.0,-0.7251638793945325,20.300485607533258
2025-02-22 17:00:00,0.6956396341756549,5.594405594405594,24.0,-0.9015325927734388,20.12057302567246
2025-02-22 18:00:00,0.6290425461133297,9.876543209876544,88.0,-0.8916544342041028,20.130723860507523
2025-02-22 19:00:00,0.5795884736602661,9.876543209876544,90.0,-0.7172369384765638,20.30003918184012
2025-02-22 20:00:00,0.6191921371832632,9.876543209876544,92.0,-0.40817970275879034,20.612681364088832
2025-02-22 21:00:00,0.6843014641596676,5.594405594405594,42.0,-0.03288978576660284,20.970238797683745
2025-02-22 22:00:00,0.6559460125702313,9.174311926605505,90.0,0.29962783813476435,21.300451428998496
2025-02-22 23:00:00,0.6432421607358513,9.876543209876544,94.0,0.5062070465087878,21.504498915759086
2025-02-23 00:00:00,0.5846119547233222,9.174311926605505,88.0,0.537434158325194,21.53977016525482
2025-02-23 01:00:00,0.5354204188859178,9.876543209876544,94.0,0.40546089172363153,21.409929887031414
2025-02-23 02:00:00,0.5201726269169661,9.174311926605505,90.0,0.15335899353027216,21.151759450141817
2025-02-23 03:00:00,0.40121002886167173,8.565310492505352,86.0,-0.16853660583496222,20.822829529465924
2025-02-23 04:00:00,0.37756586729115493,9.174311926605505,86.0,-0.44486373901367315,20.54289680911811
2025-02-23 05:00:00,0.34318374952798525,9.174311926605505,90.0,-0.6038431549072278,20.38381378828379
2025-02-23 06:00:00,0.3673802653726576,9.876543209876544,86.0,-0.58940643310547,20.395689337746198
2025-02-23 07:00:00,0.32944844849024724,9.174311926605505,84.0,-0.38721794128418097,20.585293172209028
2025-02-23 08:00:00,0.31749690447229945,9.876543209876544,88.0,-0.06913322448730597,20.905081666381292
2025-02-23 09:00:00,0.4082567196315178,9.876543209876544,96.0,0.32597976684570185,21.291714648641083
2025-02-23 10:00:00,0.42384553265823804,9.876543209876544,100.0,0.6940274810791003,21.64778259296717
2025-02-23 11:00:00,0.3788296605742755,9.876543209876544,98.0,0.9437013244628893,21.897775020814972
2025-02-23 12:00:00,0.3794766359026283,10.695187165775401,86.0,0.9949040985107409,21.971338348474976
2025-02-23 13:00:00,0.412868023363561,9.876543209876544,84.0,0.85468536376953,21.837475638407295
2025-02-23 14:00:00,0.3164812971888739,9.174311926605505,100.0,0.546427307128905,21.534014152029293
2025-02-23 15:00:00,0.46227744725683717,9.876543209876544,80.0,0.11807304382324091,21.111295864065596
2025-02-23 16:00:00,0.4370154344883482,9.876543209876544,82.0,-0.3150362396240247,20.68772753231905
2025-02-23 17:00:00,0.2858288334833713,9.876543209876544,82.0,-0.6596750640869153,20.346987051325062
2025-02-23 18:00:00,0.3150505701238126,9.174311926605505,84.0,-0.8557123565673841,20.15996466321129
2025-02-23 19:00:00,0.33164504580278004,9.174311926605505,90.0,-0.8594812774658216,20.148600347405456
2025-02-23 20:00:00,0.33422467114766574,9.174311926605505,90.0,-0.6836714172363294,20.320128729271065
2025-02-23 21:00:00,0.35463473959072694,9.174311926605505,84.0,-0.37531036376953253,20.631902953251878
2025-02-23 22:00:00,0.32999326747212604,9.876543209876544,94.0,0.0074468231201159085,21.012162600279694
2025-02-23 23:00:00,0.33854022042061677,9.876543209876544,90.0,0.3348508453369128,21.32491545750859
2025-02-24 00:00:00,0.36494708972167583,9.876543209876544,94.0,0.5485005950927722,21.535189596514197
2025-02-24 01:00:00,0.34064635648742747,9.876543209876544,96.0,0.5711007690429675,21.561892233165455
2025-02-24 02:00:00,0.32257559331551794,9.174311926605505,98.0,0.42430740356445185,21.416441635034403
2025-02-24 03:00:00,0.41848291665428217,9.876543209876544,88.0,0.11954170227050653,21.123928846048255
2025-02-24 04:00:00,0.3419129718197803,9.876543209876544,96.0,-0.22781890869140753,20.782450296965497
2025-02-24 05:00:00,0.42150884289014007,10.695187165775401,90.0,-0.5118193054199232,20.500715166280195
2025-02-24 06:00:00,0.34909335270095543,10.695187165775401,96.0,-0.6888498687744153,20.330192074889286
2025-02-24 07:00:00,0.5950230975884249,4.153686396677051,2.0,-0.6605486297607435,20.356099131011415
2025-02-24 08:00:00,0.432047973945618,5.148005148005149,54.0,-0.4512037658691419,20.55482356954008
2025-02-24 09:00:00,0.3484651603175538,10.695187165775401,98.0,-0.08732551574707159,20.920903147493842
2025-02-24 10:00:00,0.3184162054587982,10.695187165775401,102.0,0.33816009521484247,21.337348784459834
2025-02-24 11:00:00,0.349821018321699,11.661807580174926,98.0,0.7463918304443347,21.7388861563091
2025-02-24 12:00:00,0.3282540830464291,9.876543209876544,96.0,1.010721740722655,21.996437909392462
2025-02-24 13:00:00,0.3267837388767167,9.876543209876544,102.0,1.0723329162597643,22.059793314746052
2025-02-24 14:00:00,0.32426377414609536,10.695187165775401,102.0,0.9172368621826159,21.912686860310835
2025-02-24 15:00:00,0.30533357324641675,10.695187165775401,96.0,0.5571027374267565,21.56813084552125
2025-02-24 16:00:00,0.3148809854283489,10.695187165775401,94.0,0.08614593505859247,21.099805940234866
2025-02-24 17:00:00,0.40910254168928273,11.661807580174926,90.0,-0.3919653320312513,20.628574643410865
2025-02-24 18:00:00,0.3000719131872619,10.695187165775401,88.0,-0.768016281127931,20.257241943792014
2025-02-24 19:00:00,0.2883065308233486,9.876543209876544,88.0,-0.9735025787353528,20.054423625132394
2025-02-24 20:00:00,0.2886701489320051,11.661807580174926,92.0,-0.9391569519042982,20.090768927302
2025-02-24 21:00:00,0.3079896290205661,10.695187165775401,102.0,-0.7172560119628919,20.314393084356183
2025-02-24 22:00:00,0.3193253539728637,11.661807580174926,98.0,-0.3075842285156263,20.708147922528816
2025-02-24 23:00:00,0.29068748244346354,11.661807580174926,98.0,0.11520057678222528,21.130999404292783
2025-02-25 00:00:00,0.5880931092790062,3.6798528058877644,116.0,0.5024839019775378,21.517645924912298
2025-02-25 01:00:00,0.6360592014473128,3.4812880765883376,126.0,0.7337976074218737,21.749868442723585
2025-02-25 02:00:00,0.6453914460179486,3.9024390243902443,144.0,0.7516542053222643,21.768093271302487
2025-02-25 03:00:00,0.7112825036797704,3.9024390243902443,162.0,0.5701070404052722,21.59435793110846
2025-02-25 04:00:00,0.8279583693093269,4.439511653718091,160.0,0.22379547119140497,21.25060640825104
2025-02-25 05:00:00,0.8441340148977144,4.153686396677051,176.0,-0.20184082031250128,20.827008497199124
2025-02-25 06:00:00,0.7291824022068625,4.439511653718091,164.0,-0.5579237365722669,20.474381706147714
2025-02-25 07:00:00,0.4964853347741654,5.148005148005149,132.0,-0.7555460357666028,20.27899771428804
2025-02-25 08:00:00,0.6821697488122067,4.9504950495049505,132.0,-0.7132563018798841,20.313526373322386
2025-02-25 09:00:00,0.6911679983005908,4.439511653718091,154.0,-0.45815414428711065,20.567054691965676
2025-02-25 10:00:00,0.7282751736730545,4.767580452920143,144.0,-0.04073280334472784,20.977047424213684
2025-02-25 11:00:00,0.6980248692838348,4.767580452920143,140.0,0.4438615417480456,21.463387665684305
2025-02-25 12:00:00,0.6612480724810679,4.767580452920143,142.0,0.88068634033203,21.90234431088936
2025-02-25 13:00:00,0.6754749253080743,4.9504950495049505,136.0,1.1596284484863268,22.174151730061254
2025-02-25 14:00:00,0.7170744059958561,4.9504950495049505,138.0,1.2112851715087878,22.22309291084647
2025-02-25 15:00:00,0.6235098860603367,5.148005148005149,144.0,1.003204879760741,22.019920851789433
2025-02-25 16:00:00,0.6378175940896705,4.9504950495049505,138.0,0.5772653198242175,21.59880547444776
2025-02-25 17:00:00,0.5378428770190732,5.361930294906166,128.0,0.054913101196287784,21.08466351579062
2025-02-25 18:00:00,0.5259695331536712,5.148005148005149,140.0,-0.4962648773193372,20.53128345634101
2025-02-25 19:00:00,0.4562019843350139,11.661807580174926,88.0,-0.9054655456542982,20.12713789432606
2025-02-25 20:00:00,0.41577782784893874,9.876543209876544,90.0,-1.073821487426759,19.961991235537962
2025-02-25 21:00:00,0.37991111542501943,11.661807580174926,90.0,-0.9788050079345716,20.0502342687601
2025-02-25 22:00:00,0.3563851638103506,11.661807580174926,94.0,-0.6873049163818372,20.338968441065173
2025-02-25 23:00:00,0.3426978256375153,11.661807580174926,108.0,-0.22215026855468878,20.800075696505385
2025-02-26 00:00:00,0.3598737632354887,10.695187165775401,106.0,0.2963853454589831,21.320167931511328
2025-02-26 01:00:00,0.3426664528431128,10.695187165775401,104.0,0.6886334991455065,21.718456188542078
2025-02-26 02:00:00,0.35233359260117747,12.820512820512821,88.0,0.9067655181884753,21.92621234699519
2025-02-26 03:00:00,0.5241914351103593,11.661807580174926,104.0,0.902933654785155,21.92158017029645
2025-02-26 04:00:00,0.48097600042831357,11.661807580174926,92.0,0.6233659362792956,21.636772074188215
2025-02-26 05:00:00,0.3868943238887895,11.661807580174926,92.0,0.21113258361816278,21.231436602920468
2025-02-26 06:00:00,0.37815519383104546,11.661807580174926,88.0,-0.2727655792236341,20.749184019222856
2025-02-26 07:00:00,0.4506855080022429,11.661807580174926,92.0,-0.6717752838134778,20.34823833426475
2025-02-26 08:00:00,0.41148050854284185,11.661807580174926,90.0,-0.8230375671386732,20.198049369235115
2025-02-26 09:00:00,0.3806466826077136,12.820512820512821,90.0,-0.7504972839355482,20.27113829901794
2025-02-26 10:00:00,0.33584624618704756,11.661807580174926,94.0,-0.4251093292236341,20.596250104484636
2025-02-26 11:00:00,0.3760788530567874,11.661807580174926,100.0,0.08022743225097528,21.10057174185472
2025-02-26 12:00:00,0.5436228018067558,11.661807580174926,102.0,0.6468549346923815,21.66219232558246
2025-02-26 13:00:00,0.7068884109409116,3.3898305084745757,312.0,1.1198373413085925,22.136834154406234
2025-02-26 14:00:00,0.7174571741023634,3.9024390243902443,356.0,1.39271026611328,22.413243467449735
2025-02-26 15:00:00,0.7135921398730535,11.661807580174926,96.0,1.3783326721191393,22.397647764530603
2025-02-26 16:00:00,0.7291957848354096,4.9504950495049505,2.0,1.1009164428710925,22.122256031064964
2025-02-26 17:00:00,0.6618267639419907,4.9504950495049505,2.0,0.5895829772949206,21.608101960873782
2025-02-26 18:00:00,0.5002808681145084,5.148005148005149,2.0,-0.03691810607910284,20.98864522279118
2025-02-26 19:00:00,0.38082147397848154,11.661807580174926,86.0,-0.630748214721681,20.395358059696683
2025-02-26 20:00:00,0.32367304380469397,10.695187165775401,90.0,-1.030852737426759,19.99641137962068
2025-02-26 21:00:00,0.2985990723260169,11.661807580174926,86.0,-1.1827062988281263,19.847609976636736
2025-02-26 22:00:00,0.2903750711675632,11.661807580174926,88.0,-1.0264753723144544,20.001997891187774
2025-02-26 23:00:00,0.3048499832767384,11.661807580174926,96.0,-0.6508821868896497,20.373009508480134
2025-02-27 00:00:00,0.45301406603984434,9.876543209876544,100.0,-0.09781974792480597,20.924364911701346
2025-02-27 01:00:00,0.3792370943863224,9.876543209876544,122.0,0.44570404052734247,21.463094684867812
2025-02-27 02:00:00,0.479810325652981,8.032128514056225,128.0,0.8551545715332018,21.86703448143125
2025-02-27 03:00:00,0.5069356634528515,8.032128514056225,132.0,1.0173802947998034,22.03239388324568
2025-02-27 04:00:00,0.6138593448968065,9.876543209876544,120.0,0.8911653137207018,21.90716773318397
2025-02-27 05:00:00,0.6719365578658482,8.565310492505352,124.0,0.5342050170898425,21.550260240498922
2025-02-27 06:00:00,0.6641707523134324,12.820512820512821,114.0,0.0017057037353502835,21.034132081216462
2025-02-27 07:00:00,0.7775009148525077,12.820512820512821,102.0,-0.5435346984863294,20.491145696808942
2025-02-27 08:00:00,0.8576860023469762,11.661807580174926,98.0,-0.9385027313232435,20.091312652596876
2025-02-27 09:00:00,0.876876066359899,11.661807580174926,100.0,-1.0701631927490247,19.9448836986948
2025-02-27 10:00:00,0.8279846718605528,11.661807580174926,98.0,-0.9075712585449232,20.109425785376853
2025-02-27 11:00:00,0.8532807593712188,10.695187165775401,102.0,-0.4623598480224622,20.560315301265316
2025-02-27 12:00:00,0.9513963444451865,10.695187165775401,112.0,0.12604766845702997,21.14225741937598
2025-02-27 13:00:00,1.001765715635742,10.695187165775401,120.0,0.7628656005859362,21.78552606578277
2025-02-27 14:00:00,1.2006488926710543,10.695187165775401,114.0,1.267546234130858,22.292327819919656
2025-02-27 15:00:00,1.1276328993138023,10.695187165775401,124.0,1.5112557983398425,22.537553719631443
2025-02-27 16:00:00,1.248893951461306,10.695187165775401,116.0,1.4348912811279284,22.471374218234587
2025-02-27 17:00:00,1.5068527359196893,11.661807580174926,108.0,1.0488420104980456,22.086136591598837
2025-02-27 18:00:00,1.5731493648318366,5.847953216374269,138.0,0.43358283996581903,21.478035453582255
2025-02-27 19:00:00,1.6468897720234978,5.847953216374269,146.0,-0.25698226928711065,20.788146626208604
2025-02-27 20:00:00,1.5689277880942532,6.125574272588055,136.0,-0.85936492919922,20.17874759307828
2025-02-27 21:00:00,1.6512984321717594,6.430868167202571,140.0,-1.2346472167968763,19.803424683739713
2025-02-27 22:00:00,1.3858851882822534,6.768189509306261,132.0,-1.2844671630859388,19.74425599288996
2025-02-27 23:00:00,1.316116892126121,9.876543209876544,102.0,-1.0099100494384778,20.0210923710375
2025-02-28 00:00:00,1.178855925158497,8.032128514056225,120.0,-0.5007776641845716,20.530125695929836
2025-02-28 01:00:00,1.1668285298054055,9.174311926605505,116.0,0.13155418395995966,21.15857022638035
2025-02-28 02:00:00,1.1583950591651524,9.174311926605505,116.0,0.7055726623535143,21.73314999207056
2025-02-28 03:00:00,1.2324051410553416,8.032128514056225,120.0,1.0982118225097643,22.121957808992263
2025-02-28 04:00:00,1.203112949147602,9.174311926605505,120.0,1.21454864501953,22.240998543806768
2025-02-28 05:00:00,1.224336474035612,9.876543209876544,118.0,1.0113874053955065,22.042876690303167
2025-02-28 06:00:00,1.1633734585499411,7.561436672967865,124.0,0.5626206970214831,21.59383371732262
2025-02-28 07:00:00,0.9210146774640747,7.561436672967865,116.0,-0.014769973754884091,21.016888369596547
2025-02-28 08:00:00,0.9881600427013312,7.142857142857142,118.0,-0.6439203643798841,20.390058120998518
2025-02-28 09:00:00,0.9634146235479686,10.695187165775401,96.0,-1.0417322540283216,19.98833889952722
2025-02-28 10:00:00,0.8634246783471213,9.876543209876544,100.0,-1.158894958496095,19.868945938574544
2025-02-28 11:00:00,0.9455004467457142,6.768189509306261,114.0,-0.9138178253173841,20.116951154456345
2025-02-28 12:00:00,0.8297888347897484,9.876543209876544,98.0,-0.4019445800781263,20.62681516912943
2025-02-28 13:00:00,0.8174471638474728,9.876543209876544,112.0,0.23512893676757685,21.26633125374394
2025-02-28 14:00:00,0.8626596825009503,9.876543209876544,116.0,0.9009271240234362,21.923619495491327
2025-02-28 15:00:00,0.7979189197449609,8.565310492505352,130.0,1.3737645721435534,22.395621322865797
2025-02-28 16:00:00,0.8648571400332565,9.876543209876544,126.0,1.549345550537108,22.574681535296367
2025-02-28 17:00:00,0.8925025363798299,9.174311926605505,126.0,1.3770166015624987,22.40264954072724
2025-02-28 18:00:00,0.9008185381191441,9.174311926605505,114.0,0.8992524719238268,21.92644350885654
2025-02-28 19:00:00,0.9606685725066783,10.695187165775401,114.0,0.23745208740234247,21.263245579709313
2025-02-28 20:00:00,0.8467839887406876,9.174311926605505,102.0,-0.47397369384765753,20.556942728201438
2025-02-28 21:00:00,0.647643746563963,9.876543209876544,98.0,-1.0597376251220716,19.97106470232391
2025-02-28 22:00:00,0.7242951665586778,9.174311926605505,96.0,-1.3424314880371107,19.687594532872748
2025-02-28 23:00:00,0.7815164104037136,9.876543209876544,96.0,-1.2851538085937513,19.743864510302163
2025-03-01 00:00:00,0.9250239659952141,9.174311926605505,98.0,-0.9164099121093763,20.11421577879945
2025-03-01 01:00:00,0.8880757446121673,6.125574272588055,30.0,-0.3184942626953138,20.707864666592215
2025-03-01 02:00:00,0.9453330487346835,8.032128514056225,112.0,0.3502317047119128,21.37459118897379
2025-03-01 03:00:00,0.946719085513953,8.565310492505352,122.0,0.9360356903076159,21.960275913550305
2025-03-01 04:00:00,1.089059343915727,9.174311926605505,124.0,1.2595048522949206,22.282554830696608
2025-03-01 05:00:00,1.1241090921693055,8.565310492505352,124.0,1.2694955444335925,22.29234203952451
2025-03-01 06:00:00,1.1656732960252219,9.174311926605505,120.0,0.9375997161865222,21.96810018912555
2025-03-01 07:00:00,1.1298168044491788,9.876543209876544,112.0,0.4036393737792956,21.432887251827786
2025-03-01 08:00:00,1.102357719752874,9.876543209876544,100.0,-0.26727813720703253,20.768015040796996
2025-03-01 09:00:00,0.803258483156128,9.174311926605505,94.0,-0.8686594390869153,20.17007379318635
2025-03-01 10:00:00,0.8114960564024163,9.876543209876544,100.0,-1.2442278289794935,19.797003031664552
2025-03-01 11:00:00,0.8452132334081044,5.361930294906166,114.0,-1.248677673339845,19.785920799560515
2025-03-01 12:00:00,1.097830259528028,4.439511653718091,142.0,-0.9329542541503919,20.10467841829606
2025-03-01 13:00:00,1.0182213667042568,4.9504950495049505,124.0,-0.3565992736816419,20.67571688607313
2025-03-01 14:00:00,1.127842161088277,4.767580452920143,148.0,0.3662992095947253,21.403399136648297
2025-03-01 15:00:00,1.351662497579267,5.361930294906166,148.0,1.0195890045166003,22.05589152614871
2025-03-01 16:00:00,1.4637861748379775,5.594405594405594,146.0,1.4696813201904284,22.50647167196294
2025-03-01 17:00:00,1.4504475112326156,6.125574272588055,130.0,1.5964532470703112,22.64191419757191
2025-03-01 18:00:00,1.4843612228224838,6.768189509306261,132.0,1.3590303039550768,22.405216562873974
2025-03-01 19:00:00,1.5026938142764275,6.768189509306261,128.0,0.8670049285888659,21.90518561495504
2025-03-01 20:00:00,1.4111858110966238,7.142857142857142,130.0,0.18960052490234247,21.226342202877685
2025-03-01 21:00:00,1.2007576548888201,7.142857142857142,128.0,-0.5030779266357435,20.532202225697933
2025-03-01 22:00:00,1.2691441504373164,6.768189509306261,124.0,-0.9981130981445325,20.041240077750864
2025-03-01 23:00:00,1.1162713349804283,7.142857142857142,118.0,-1.1921514892578138,19.851831897629594
2025-03-02 00:00:00,0.9033662892255343,7.561436672967865,104.0,-1.0318216705322278,20.008093643293428
2025-03-02 01:00:00,1.0262412675750865,4.291845493562232,356.0,-0.5993627929687513,20.436514888741236
2025-03-02 02:00:00,0.9726771235342849,6.430868167202571,108.0,0.042425689697264346,21.07438353121487
2025-03-02 03:00:00,1.0964706933319184,4.439511653718091,356.0,0.6959825134277331,21.726729997028055
2025-03-02 04:00:00,1.0442394913957054,7.561436672967865,92.0,1.2442288970947253,22.277404687331654
2025-03-02 05:00:00,1.0254154649653864,7.561436672967865,92.0,1.4801354980468737,22.511635235142702
2025-03-02 06:00:00,0.9326090534562209,6.125574272588055,22.0,1.3609490966796862,22.383822943041533
2025-03-02 07:00:00,1.0131084450756893,6.125574272588055,24.0,0.9367223358154284,21.962750100459044
2025-03-02 08:00:00,0.8697902680415476,6.430868167202571,28.0,0.3035874938964831,21.328828802972716
2025-03-02 09:00:00,0.9502293213855383,6.430868167202571,34.0,-0.42048210144043097,20.60994563809754
2025-03-02 10:00:00,0.9431674299716581,6.768189509306261,30.0,-1.0430139923095716,19.99167658889709
2025-03-02 11:00:00,0.900420550891579,6.768189509306261,40.0,-1.3991655731201185,19.63857539026465
2025-03-02 12:00:00,1.0961875556585892,7.142857142857142,32.0,-1.366862716674806,19.66870367409138
2025-03-02 13:00:00,1.1969570539453822,6.430868167202571,16.0,-1.0096487426757825,20.026245817866613
2025-03-02 14:00:00,1.2878018585735063,7.142857142857142,18.0,-0.42064994812011847,20.614853478552952
2025-03-02 15:00:00,1.2460209763748133,7.142857142857142,24.0,0.26351409912109247,21.300996387634083
2025-03-02 16:00:00,1.2363959007096808,6.768189509306261,358.0,0.8710904693603503,21.91109023309757
2025-03-02 17:00:00,1.1072716022916211,6.430868167202571,2.0,1.2532201385498034,22.286747030757734
2025-03-02 18:00:00,1.0824738190961782,9.876543209876544,118.0,1.2690892791748034,22.297904009304464
2025-03-02 19:00:00,0.9688170571012703,5.594405594405594,2.0,0.97333770751953,21.99968002455387
2025-03-02 20:00:00,0.9081696014038179,9.876543209876544,114.0,0.41576438903808466,21.44283558348583
2025-03-02 21:00:00,0.8350838846666285,5.361930294906166,2.0,-0.2759737396240247,20.75443359918326
2025-03-02 22:00:00,0.7503972422027698,5.361930294906166,12.0,-0.9367918395996107,20.098500685476385
2025-03-02 23:00:00,0.629478255902496,9.876543209876544,94.0,-1.3655962371826185,19.670915340255597
2025-03-03 00:00:00,0.5933389156469916,5.594405594405594,32.0,-1.4542326354980482,19.578274654017726
2025-03-03 01:00:00,0.6802769152473085,5.361930294906166,34.0,-1.1987146759033216,19.832018007807203
2025-03-03 02:00:00,0.7567727486279445,5.594405594405594,20.0,-0.6890215301513685,20.34680699680949
2025-03-03 03:00:00,0.9023094881925067,5.847953216374269,20.0,-0.02679199218750128,21.006430310419407
2025-03-03 04:00:00,1.0690547799347052,5.594405594405594,0.0,0.6252160644531237,21.65744639220721
2025-03-03 05:00:00,1.1052922826056235,6.125574272588055,2.0,1.1034074401855456,22.132414289741845
2025-03-03 06:00:00,1.0570030515411837,6.125574272588055,14.0,1.2692037200927722,22.29357727194093
2025-03-03 07:00:00,0.9808875245051529,5.847953216374269,14.0,1.0780282592773425,22.105296817978648
2025-03-03 08:00:00,0.981634449802142,5.361930294906166,2.0,0.6058335876464831,21.634850854763517
2025-03-03 09:00:00,1.0730041209268466,6.430868167202571,26.0,-0.06273406982422003,20.967247187675053
2025-03-03 10:00:00,0.9875398405916199,5.847953216374269,18.0,-0.7752470397949232,20.257857633732034
2025-03-03 11:00:00,0.8070911123436167,5.847953216374269,2.0,-1.3068994903564466,19.728806463710985
2025-03-03 12:00:00,0.6267901403458527,5.847953216374269,32.0,-1.5605501556396497,19.478075332936278
2025-03-03 13:00:00,0.5197610022989447,5.361930294906166,26.0,-1.4403433227539075,19.588596170970963
2025-03-03 14:00:00,0.5136010643393462,5.148005148005149,2.0,-1.033019485473634,19.998988078180517
2025-03-03 15:00:00,0.592538669301105,5.847953216374269,50.0,-0.40831703186035284,20.624812126538583
2025-03-03 16:00:00,0.9826497921662889,4.9504950495049505,2.0,0.2785306549072253,21.312775496933156
2025-03-03 17:00:00,1.0746551506814062,4.767580452920143,2.0,0.8527455902099597,21.88276029133995
2025-03-03 18:00:00,1.0038288532028112,5.594405594405594,32.0,1.1906858062744128,22.217705000344857
2025-03-03 19:00:00,0.8815683205266432,5.148005148005149,26.0,1.1766782379150378,22.199487015060036
2025-03-03 20:00:00,0.9829172090922045,5.361930294906166,2.0,0.8629136657714831,21.88766433739471
2025-03-03 21:00:00,0.7752078552027164,5.594405594405594,26.0,0.32136970520019403,21.345690744563107
2025-03-03 22:00:00,0.6209886605553053,5.361930294906166,40.0,-0.3247408294677747,20.704804160704224
2025-03-03 23:00:00,0.5925771057188576,5.148005148005149,38.0,-0.9011186981201185,20.124279269984086
2025-03-04 00:00:00,0.5007452455248546,4.9504950495049505,40.0,-1.2365145111083997,19.793632433079278
2025-03-04 01:00:00,0.43193631236377994,5.148005148005149,56.0,-1.2543672943115247,19.77887855438045
2025-03-04 02:00:00,0.4062554495512299,4.9504950495049505,40.0,-0.9400419616699232,20.09110561251513
2025-03-04 03:00:00,0.3579334420812095,4.597701149425287,38.0,-0.4101728820800794,20.611884379791206
2025-03-04 04:00:00,0.2886205035617262,9.174311926605505,104.0,0.2523332214355456,21.272890718889936
2025-03-04 05:00:00,0.2886566866055649,9.174311926605505,100.0,0.8768334960937487,21.894322431447605
2025-03-04 06:00:00,0.37456524498212884,9.174311926605505,116.0,1.272491989135741,22.28667342582862
2025-03-04 07:00:00,0.2776431014949759,8.565310492505352,126.0,1.3648515319824206,22.385381625684968
2025-03-04 08:00:00,0.3448503895067562,9.174311926605505,124.0,1.1308103179931628,22.152214129067517
2025-03-04 09:00:00,0.33363631702754865,9.174311926605505,116.0,0.6218610382080065,21.644527135557407
2025-03-04 10:00:00,0.22113173810991682,9.174311926605505,108.0,-0.05543464660644659,20.968224530039823
2025-03-04 11:00:00,0.22530799989368988,9.876543209876544,94.0,-0.7352537536621107,20.293808392512354
2025-03-04 12:00:00,0.2878705465734481,9.174311926605505,92.0,-1.253478469848634,19.779060788855144
2025-03-04 13:00:00,0.19619780159396488,9.876543209876544,86.0,-1.485625686645509,19.549307421522744
2025-03-04 14:00:00,0.17964218166014637,9.174311926605505,88.0,-1.3888468170166028,19.64466927377157
2025-03-04 15:00:00,0.17333930269178655,9.174311926605505,94.0,-1.0118173980712903,20.020072402495575
2025-03-04 16:00:00,0.3972330819871359,9.174311926605505,104.0,-0.4476446533203138,20.58544184317259
2025-03-04 17:00:00,0.4902778279817942,3.2206119162640903,108.0,0.20083099365234247,21.229570718739815
2025-03-04 18:00:00,0.5606321755596056,3.4812880765883376,116.0,0.6902604675292956,21.72186769835562
2025-03-04 19:00:00,0.6457364356344201,4.291845493562232,152.0,0.957996902465819,21.99128674115419
2025-03-04 20:00:00,0.7352786790130079,4.9504950495049505,158.0,0.9170251464843737,21.949510070749866
2025-03-04 21:00:00,0.7834691330456636,4.9504950495049505,158.0,0.5964894866943347,21.626125196212087
2025-03-04 22:00:00,0.797810822238234,4.0241448692152915,162.0,0.07152610778808466,21.101377895752098
2025-03-04 23:00:00,0.7143764078558822,4.9504950495049505,154.0,-0.5198377990722669,20.51469839294367
2025-03-05 00:00:00,0.7502167743207179,5.361930294906166,142.0,-1.0356592559814466,20.000001682782592
2025-03-05 01:00:00,0.6716022401108627,5.847953216374269,134.0,-1.298116149902345,19.73769195620469
2025-03-05 02:00:00,0.6397802471484592,5.361930294906166,138.0,-1.273173751831056,19.75741165682053
2025-03-05 03:00:00,0.5712088288682814,5.594405594405594,130.0,-0.9352259063720716,20.096557165389633
2025-03-05 04:00:00,0.6384948965146563,5.148005148005149,138.0,-0.39873641967773565,20.629044814596433
2025-03-05 05:00:00,0.6273569543256751,5.361930294906166,144.0,0.23032814025878778,21.25730430530453
2025-03-05 06:00:00,0.6599152150545332,5.594405594405594,144.0,0.8107152557373034,21.836671735693088
2025-03-05 07:00:00,0.6808352057253814,5.361930294906166,146.0,1.1608930206298815,22.1905596658195
2025-03-05 08:00:00,0.6578349600658213,6.125574272588055,154.0,1.2200189208984362,22.242600298464264
2025-03-05 09:00:00,0.7177654301998798,5.847953216374269,144.0,0.9849801635742175,22.01131919644382
2025-03-05 10:00:00,0.8073069653537407,6.125574272588055,138.0,0.48545318603515497,21.51314740543699
2025-03-05 11:00:00,0.7839914337440073,6.125574272588055,138.0,-0.14145606994629034,20.888290823062803
2025-03-05 12:00:00,0.7441185760455789,5.594405594405594,140.0,-0.7680525207519544,20.265764234263354
2025-03-05 13:00:00,0.7428987599814196,5.594405594405594,134.0,-1.2213186645507825,19.816345062411425
2025-03-05 14:00:00,0.7314956737985671,5.148005148005149,140.0,-1.4299387359619153,19.60645126043977
2025-03-05 15:00:00,0.7211945632424547,5.148005148005149,140.0,-1.295817794799806,19.738749498298034
2025-03-05 16:00:00,0.7093120416382184,5.361930294906166,126.0,-0.9408945465087903,20.093062291906072
2025-03-05 17:00:00,0.7094471473658294,5.148005148005149,126.0,-0.39389556884765753,20.637766645861998
2025-03-05 18:00:00,0.7531640924097363,4.439511653718091,158.0,0.20109039306640497,21.231046306390077
2025-03-05 19:00:00,0.8056686363900378,4.767580452920143,140.0,0.6709867095947253,21.703151366222347
2025-03-05 20:00:00,0.9474503069573251,4.9504950495049505,156.0,0.9298768615722643,21.958501796722178
2025-03-05 21:00:00,0.9782890576391906,5.361930294906166,140.0,0.9167790985107409,21.94580233676593
2025-03-05 22:00:00,1.0799762750985982,5.847953216374269,136.0,0.6487680053710925,21.68183237689336
2025-03-05 23:00:00,1.2390080404551238,5.594405594405594,130.0,0.18918472290038935,21.22329621280811
2025-03-06 00:00:00,1.128222914560554,5.361930294906166,138.0,-0.31426567077636847,20.725458699198523
2025-03-06 01:00:00,0.9930402773272868,5.594405594405594,130.0,-0.7328447723388685,20.30479057692768
2025-03-06 02:00:00,0.9170143824373117,5.847953216374269,124.0,-0.9354032897949232,20.102989167227015
2025-03-06 03:00:00,1.0789632555081234,5.361930294906166,130.0,-0.8624739074707044,20.178496695734562
2025-03-06 04:00:00,1.3106322740642369,5.361930294906166,132.0,-0.5211271667480482,20.517678567188888
2025-03-06 05:00:00,1.4321536373685808,5.148005148005149,132.0,-0.02219909667968878,21.01848840976726
2025-03-06 06:00:00,1.5402946950551357,5.847953216374269,132.0,0.5531735992431628,21.589824210004522
2025-03-06 07:00:00,1.8398308150104374,6.430868167202571,130.0,1.06659942626953,22.122066465176268
2025-03-06 08:00:00,1.8951398404524131,6.768189509306261,132.0,1.3944001770019518,22.450039896629242
2025-03-06 09:00:00,1.9465911265690703,6.768189509306261,126.0,1.4263787841796862,22.491449102404005
2025-03-06 10:00:00,1.9275622620089572,7.142857142857142,134.0,1.21772247314453,22.276262470667472
2025-03-06 11:00:00,1.9827870697422505,7.561436672967865,128.0,0.7546048736572253,21.82656998303789
2025-03-06 12:00:00,2.0003364302397273,7.561436672967865,120.0,0.1941667175292956,21.23850794542977
2025-03-06 13:00:00,1.847836563761548,7.561436672967865,120.0,-0.38759559631347784,20.653986909802818
2025-03-06 14:00:00,1.7059051186096112,6.768189509306261,128.0,-0.7993330383300794,20.247349426376584
2025-03-06 15:00:00,1.4923593195764244,7.142857142857142,116.0,-0.9998049163818372,20.041194464725454
2025-03-06 16:00:00,1.4947091233541177,7.561436672967865,112.0,-0.9144415283203138,20.11948826305388
2025-03-06 17:00:00,1.5003531276705102,6.768189509306261,116.0,-0.6152643585205091,20.422383268602914
2025-03-06 18:00:00,1.5561443960034136,11.661807580174926,116.0,-0.14540618896484503,20.88799889477937
2025-03-06 19:00:00,1.5400517674249685,11.661807580174926,120.0,0.35126358032226435,21.386707170445725
2025-03-06 20:00:00,1.4723186829952442,11.661807580174926,110.0,0.7724080657958972,21.802153164927162
2025-03-06 21:00:00,1.443038973792561,11.661807580174926,120.0,0.9977441406249987,22.02022184164083
2025-03-06 22:00:00,1.456643551912191,7.142857142857142,118.0,0.9889054870605456,22.01469086730295
2025-03-06 23:00:00,1.4033152544932006,8.032128514056225,110.0,0.7483220672607409,21.77269387317675
2025-03-07 00:00:00,1.5396271643345876,11.661807580174926,108.0,0.34608894348144403,21.375768261006527
2025-03-07 01:00:00,1.5430892966026655,11.661807580174926,102.0,-0.13136619567871222,20.9140240680896
2025-03-07 02:00:00,1.5433675242682283,12.820512820512821,102.0,-0.5118688964843763,20.529489109060982
2025-03-07 03:00:00,1.4748006584139066,11.661807580174926,106.0,-0.7242922210693372,20.310351477580358
2025-03-07 04:00:00,1.41656211204986,12.820512820512821,104.0,-0.6533159637451185,20.38344098656517
2025-03-07 05:00:00,1.3956222243630179,11.661807580174926,100.0,-0.3893255615234388,20.63977953372973
2025-03-07 06:00:00,1.4292764779631761,11.661807580174926,102.0,0.05115753173827997,21.0871372177756
2025-03-07 07:00:00,1.299031341167282,11.661807580174926,106.0,0.5739350891113268,21.605847248592514
2025-03-07 08:00:00,1.4206944761913176,11.661807580174926,108.0,1.0079484558105456,22.048555882677984
2025-03-07 09:00:00,1.3587685125433178,11.661807580174926,106.0,1.275114593505858,22.318499973024394
2025-03-07 10:00:00,1.3377582807743522,12.820512820512821,104.0,1.2811666107177722,22.330133577514005
2025-03-07 11:00:00,1.4916821713325203,11.661807580174926,112.0,1.0363908386230456,22.08995893627563
2025-03-07 12:00:00,1.3932613100527085,12.820512820512821,104.0,0.590677795410155,21.63403406494492
2025-03-07 13:00:00,1.4751035956095018,11.661807580174926,96.0,0.02174430847167841,21.075176981555163
2025-03-07 14:00:00,1.3961694518225123,11.661807580174926,94.0,-0.5390409851074232,20.50629833941633
2025-03-07 15:00:00,1.432945988529106,11.661807580174926,90.0,-0.9563154602050794,20.089443181840895
2025-03-07 16:00:00,1.3532082517205515,11.661807580174926,88.0,-1.1735357666015638,19.86843899022157
2025-03-07 17:00:00,1.4569988446443185,7.561436672967865,16.0,-1.1199259185791028,19.920475558503313
2025-03-07 18:00:00,1.386037733446811,11.661807580174926,88.0,-0.8681692504882825,20.174228863261543
2025-03-07 19:00:00,1.3305831827381358,10.695187165775401,86.0,-0.46353858947754034,20.577633613956927
2025-03-07 20:00:00,1.2831150056852112,9.174311926605505,54.0,-0.012334289550782529,21.033157977313774
2025-03-07 21:00:00,1.20729502107674,10.695187165775401,94.0,0.37428718566894403,21.413325863123774
2025-03-07 22:00:00,1.1105153602612938,10.695187165775401,96.0,0.6140504455566393,21.648568247518774
2025-03-07 23:00:00,1.0471564143648953,11.661807580174926,100.0,0.6107659912109362,21.64006952063816
2025-03-08 00:00:00,0.9896887945791509,11.661807580174926,98.0,0.38162666320800653,21.409880499967848
2025-03-08 01:00:00,0.8754624385174695,11.661807580174926,100.0,0.000689086914061221,21.02672734556144
2025-03-08 02:00:00,0.8316369348525445,11.661807580174926,98.0,-0.4243196868896497,20.60743981086381
2025-03-08 03:00:00,0.8385856071842909,11.661807580174926,102.0,-0.812510910034181,20.220086023291564
2025-03-08 04:00:00,0.9592181331991387,11.661807580174926,96.0,-1.009980621337892,20.023900079915272
2025-03-08 05:00:00,0.8807795167947197,6.430868167202571,18.0,-1.003297271728517,20.031654197070118
2025-03-08 06:00:00,0.796347850956475,10.695187165775401,12.0,-0.778361740112306,20.250361276607343
2025-03-08 07:00:00,0.8790825838766507,5.594405594405594,2.0,-0.3780073547363294,20.65440397882083
2025-03-08 08:00:00,0.8677405628687517,6.125574272588055,2.0,0.1307206726074206,21.15811349720806
2025-03-08 09:00:00,0.8801437318195697,5.847953216374269,2.0,0.5754132843017565,21.600636300418227
2025-03-08 10:00:00,0.7843955823055578,5.847953216374269,356.0,0.8903813934326159,21.912649189756145
2025-03-08 11:00:00,0.6553218892360482,9.876543209876544,118.0,0.9878926849365222,22.011005071880625
2025-03-08 12:00:00,0.6059224064897564,9.876543209876544,122.0,0.8613095855712878,21.88025878087724
2025-03-08 13:00:00,0.5548200735521267,10.695187165775401,116.0,0.5002275085449206,21.522626190513048
2025-03-08 14:00:00,0.5656080098838518,11.661807580174926,104.0,0.02800994873046747,21.056092451582746
2025-03-08 15:00:00,0.5354515124723801,10.695187165775401,114.0,-0.4687532806396497,20.56427503279599
2025-03-08 16:00:00,0.5103941554136424,9.876543209876544,106.0,-0.8410906219482435,20.192849713363834
2025-03-08 17:00:00,0.5498375650153104,12.820512820512821,92.0,-1.0614179992675794,19.973432902035036
2025-03-08 18:00:00,0.6749977034944128,11.661807580174926,96.0,-1.0388521575927747,19.99310731841594
2025-03-08 19:00:00,0.9172437478687269,4.439511653718091,358.0,-0.8370108032226575,20.194165618197705
2025-03-08 20:00:00,0.9339327687066088,5.148005148005149,0.0,-0.48499244689941534,20.55012901806288
2025-03-08 21:00:00,0.9964557579420117,4.9504950495049505,358.0,-0.06776756286621222,20.965508133933206
2025-03-08 22:00:00,0.8906360075069942,6.768189509306261,2.0,0.29089790344238153,21.322005388941566
2025-03-08 23:00:00,0.8087772667858575,4.439511653718091,2.0,0.5070100402832018,21.534713505837743
2025-03-09 00:00:00,1.1562295353909995,6.768189509306261,2.0,0.5079923248291003,21.543708984895776
2025-03-09 01:00:00,1.4738597416393169,7.142857142857142,16.0,0.3120446777343737,21.34856717689712
2025-03-09 02:00:00,1.351565961742877,7.142857142857142,22.0,-0.01708168029785284,21.016102868842275
2025-03-09 03:00:00,1.2645922016347682,6.768189509306261,20.0,-0.40961402893066534,20.62631009044827
2025-03-09 04:00:00,1.3093200960673044,8.032128514056225,24.0,-0.7528700256347669,20.283824627752832
2025-03-09 05:00:00,1.3478495677085311,8.032128514056225,24.0,-0.9553369903564466,20.079291674726257
2025-03-09 06:00:00,1.309362497017782,7.142857142857142,18.0,-0.9408964538574232,20.095055809036367
2025-03-09 07:00:00,1.1736054577175539,6.430868167202571,2.0,-0.7154669189453138,20.31457964902927
2025-03-09 08:00:00,1.1927722992493144,6.768189509306261,2.0,-0.34797233581543097,20.685077302320863
2025-03-09 09:00:00,1.0706805400749004,6.430868167202571,16.0,0.11454826354980341,21.144251366695602
2025-03-09 10:00:00,0.9871411480876958,6.430868167202571,2.0,0.5746293640136706,21.603817471783003
2025-03-09 11:00:00,0.947245308614564,5.847953216374269,2.0,0.8797689056396472,21.909486994366958
2025-03-09 12:00:00,0.8246796993635644,5.594405594405594,2.0,1.001200256347655,22.026792360154605
2025-03-09 13:00:00,0.7082721750389818,5.594405594405594,2.0,0.8747544860839831,21.89854579189901
2025-03-09 14:00:00,0.610326636487454,5.361930294906166,10.0,0.5435033416748034,21.56687918494465
2025-03-09 15:00:00,0.5845960161666517,4.9504950495049505,0.0,0.0785050964355456,21.1085075691388
2025-03-09 16:00:00,0.48969593070331785,4.767580452920143,2.0,-0.42846054077148565,20.599962463388916
2025-03-09 17:00:00,0.46924914024486164,5.148005148005149,2.0,-0.8386301422119153,20.193614632911057
2025-03-09 18:00:00,0.4377720246612206,4.767580452920143,24.0,-1.0734037780761732,19.96377670648175
2025-03-09 19:00:00,0.42066124675141964,11.661807580174926,90.0,-1.087169113159181,19.94384503284142
2025-03-09 20:00:00,0.4373136778794017,9.876543209876544,94.0,-0.8943647766113294,20.136221337084127
2025-03-09 21:00:00,0.4433565578833269,4.291845493562232,332.0,-0.4933332824707044,20.536234351837006
2025-03-09 22:00:00,0.4456878769442021,4.0241448692152915,326.0,-0.049729766845704404,20.974321643148716
2025-03-09 23:00:00,0.4803188893195246,11.661807580174926,90.0,0.3774552917480456,21.39795198091774
2025-03-10 00:00:00,0.3439804272040848,10.695187165775401,104.0,0.6605821228027331,21.681640311182907
2025-03-10 01:00:00,0.38633930302432345,5.594405594405594,130.0,0.7279286956787097,21.743689012446175
2025-03-10 02:00:00,0.3543378549806657,9.174311926605505,114.0,0.577961502075194,21.59747635725214
2025-03-10 03:00:00,0.3936905985199983,6.430868167202571,130.0,0.23582893371581903,21.263190491546787
2025-03-10 04:00:00,0.45054791562174085,7.142857142857142,126.0,-0.18678802490234503,20.836571816959516
2025-03-10 05:00:00,0.3615625530644747,6.430868167202571,110.0,-0.5573667907714857,20.466247150433876
2025-03-10 06:00:00,0.3363988507707283,11.661807580174926,86.0,-0.8299269104003919,20.19255918432976
2025-03-10 07:00:00,0.3182473351254382,10.695187165775401,94.0,-0.8682398223876966,20.15038167009077
2025-03-10 08:00:00,0.36037023137318724,11.661807580174926,92.0,-0.6754393005371107,20.349703234613663
2025-03-10 09:00:00,0.28682270158407047,6.430868167202571,120.0,-0.31093925476074347,20.713186448417094
2025-03-10 10:00:00,0.46228447376210413,10.695187165775401,102.0,0.18837791442870966,21.215217241596726
2025-03-10 11:00:00,0.48729674908545606,10.695187165775401,100.0,0.6855149841308581,21.711143535792598
2025-03-10 12:00:00,0.46203335333612083,9.876543209876544,112.0,1.0387750244140612,22.061255202448052
2025-03-10 13:00:00,0.46368825341252445,9.174311926605505,110.0,1.1908898925781237,22.211176092988214
2025-03-10 14:00:00,0.42518602610399936,7.561436672967865,132.0,1.0894685363769518,22.11395610300146
2025-03-10 15:00:00,0.43850938738299666,11.661807580174926,100.0,0.7532868957519518,21.776591915764797
